[Sun Sep 21 18:42:28 2025] PHP 8.4.12 Development Server (http://localhost:2525) started
[Sun Sep 21 18:42:44 2025] [::1]:50300 Accepted
[Sun Sep 21 18:42:44 2025] [::1]:50300 [302]: GET /
[Sun Sep 21 18:42:44 2025] [::1]:50300 Closing
[Sun Sep 21 18:42:44 2025] [::1]:61833 Accepted
[Sun Sep 21 18:42:44 2025] [::1]:61833 [200]: GET /login.php
[Sun Sep 21 18:42:44 2025] [::1]:61833 Closing
[Sun Sep 21 18:42:44 2025] [::1]:61579 Accepted
[Sun Sep 21 18:42:44 2025] [::1]:55904 Accepted
[Sun Sep 21 18:42:44 2025] [::1]:61579 [200]: GET /assets/css/bootstrap.min.css
[Sun Sep 21 18:42:44 2025] [::1]:55904 [200]: GET /assets/css/style.css
[Sun Sep 21 18:42:44 2025] [::1]:61579 Closing
[Sun Sep 21 18:42:44 2025] [::1]:55904 Closing
[Sun Sep 21 18:42:44 2025] [::1]:61668 Accepted
[Sun Sep 21 18:42:44 2025] [::1]:61668 [302]: GET /favicon.ico
[Sun Sep 21 18:42:44 2025] [::1]:61668 Closing
[Sun Sep 21 18:42:44 2025] [::1]:62824 Accepted
[Sun Sep 21 18:42:44 2025] [::1]:62824 [200]: GET /login.php
[Sun Sep 21 18:42:44 2025] [::1]:62824 Closing
[Sun Sep 21 18:43:32 2025] [::1]:51991 Accepted
[Sun Sep 21 18:43:32 2025] [::1]:51991 [200]: POST /login.php
[Sun Sep 21 18:43:32 2025] [::1]:51991 Closing
[Sun Sep 21 18:43:32 2025] [::1]:49376 Accepted
[Sun Sep 21 18:43:32 2025] [::1]:49376 [200]: GET /assets/css/bootstrap.min.css
[Sun Sep 21 18:43:32 2025] [::1]:54521 Accepted
[Sun Sep 21 18:43:32 2025] [::1]:49376 Closing
[Sun Sep 21 18:43:32 2025] [::1]:54521 [200]: GET /assets/css/style.css
[Sun Sep 21 18:43:32 2025] [::1]:54521 Closing
[Sun Sep 21 18:43:32 2025] [::1]:53309 Accepted
[Sun Sep 21 18:43:32 2025] [::1]:53309 [302]: GET /favicon.ico
[Sun Sep 21 18:43:32 2025] [::1]:53309 Closing
[Sun Sep 21 18:43:33 2025] [::1]:54209 Accepted
[Sun Sep 21 18:43:33 2025] [::1]:54209 [200]: GET /login.php
[Sun Sep 21 18:43:33 2025] [::1]:54209 Closing
[Sun Sep 21 18:43:49 2025] [::1]:61954 Accepted
[Sun Sep 21 18:43:49 2025] [::1]:61954 [302]: GET /panel.php
[Sun Sep 21 18:43:49 2025] [::1]:61954 Closing
[Sun Sep 21 18:43:49 2025] [::1]:49423 Accepted
[Sun Sep 21 18:43:49 2025] [::1]:51669 Accepted
[Sun Sep 21 18:43:49 2025] [::1]:49423 [200]: GET /login.php
[Sun Sep 21 18:43:49 2025] [::1]:49423 Closing
[Sun Sep 21 18:43:49 2025] [::1]:51669 [200]: GET /assets/css/bootstrap.min.css
[Sun Sep 21 18:43:49 2025] [::1]:51669 Closing
[Sun Sep 21 18:43:49 2025] [::1]:51046 Accepted
[Sun Sep 21 18:43:49 2025] [::1]:51046 [200]: GET /assets/css/style.css
[Sun Sep 21 18:43:49 2025] [::1]:51046 Closing
[Sun Sep 21 18:43:49 2025] [::1]:57482 Accepted
[Sun Sep 21 18:43:49 2025] [::1]:57482 [302]: GET /favicon.ico
[Sun Sep 21 18:43:49 2025] [::1]:57482 Closing
[Sun Sep 21 18:43:49 2025] [::1]:54446 Accepted
[Sun Sep 21 18:43:49 2025] [::1]:54446 [200]: GET /login.php
[Sun Sep 21 18:43:49 2025] [::1]:54446 Closing
[Sun Sep 21 18:44:18 2025] [::1]:60696 Accepted
[Sun Sep 21 18:44:18 2025] [::1]:60696 [302]: GET /
[Sun Sep 21 18:44:18 2025] [::1]:60696 Closing
[Sun Sep 21 18:44:18 2025] [::1]:63934 Accepted
[Sun Sep 21 18:44:18 2025] [::1]:63934 [200]: GET /login.php
[Sun Sep 21 18:44:18 2025] [::1]:63934 Closing
[Sun Sep 21 18:44:18 2025] [::1]:61211 Accepted
[Sun Sep 21 18:44:18 2025] [::1]:61211 [200]: GET /assets/css/bootstrap.min.css
[Sun Sep 21 18:44:18 2025] [::1]:49482 Accepted
[Sun Sep 21 18:44:18 2025] [::1]:61211 Closing
[Sun Sep 21 18:44:18 2025] [::1]:49482 [200]: GET /assets/css/style.css
[Sun Sep 21 18:44:18 2025] [::1]:49482 Closing
[Sun Sep 21 18:44:18 2025] [::1]:55939 Accepted
[Sun Sep 21 18:44:18 2025] [::1]:55939 [302]: GET /favicon.ico
[Sun Sep 21 18:44:18 2025] [::1]:55939 Closing
[Sun Sep 21 18:44:18 2025] [::1]:59046 Accepted
[Sun Sep 21 18:44:18 2025] [::1]:59046 [200]: GET /login.php
[Sun Sep 21 18:44:18 2025] [::1]:59046 Closing
[Sun Sep 21 18:47:24 2025] [::1]:53408 Accepted
[Sun Sep 21 18:47:24 2025] [::1]:64169 Accepted
[Sun Sep 21 18:47:24 2025] [::1]:53408 [200]: GET /assets/css/bootstrap.min.css
[Sun Sep 21 18:47:24 2025] [::1]:64169 [200]: GET /assets/css/style.css
[Sun Sep 21 18:47:24 2025] [::1]:53408 Closing
[Sun Sep 21 18:47:24 2025] [::1]:64169 Closing
[Sun Sep 21 18:47:25 2025] [::1]:58428 Accepted
[Sun Sep 21 18:47:25 2025] [::1]:58428 [302]: GET /.well-known/appspecific/com.chrome.devtools.json
[Sun Sep 21 18:47:25 2025] [::1]:58428 Closing
[Sun Sep 21 18:47:25 2025] [::1]:52046 Accepted
[Sun Sep 21 18:47:25 2025] [::1]:52046 [302]: GET /.well-known/appspecific/login.php
[Sun Sep 21 18:47:25 2025] [::1]:52046 Closing
[Sun Sep 21 18:47:25 2025] [::1]:65415 Accepted
[Sun Sep 21 18:47:25 2025] [::1]:65415 [302]: GET /.well-known/appspecific/login.php
[Sun Sep 21 18:47:25 2025] [::1]:65415 Closing
[Sun Sep 21 18:47:25 2025] [::1]:63989 Accepted
[Sun Sep 21 18:47:25 2025] [::1]:63989 [302]: GET /.well-known/appspecific/login.php
[Sun Sep 21 18:47:25 2025] [::1]:63989 Closing
[Sun Sep 21 18:47:25 2025] [::1]:56780 Accepted
[Sun Sep 21 18:47:25 2025] [::1]:56780 [302]: GET /.well-known/appspecific/login.php
[Sun Sep 21 18:47:25 2025] [::1]:56780 Closing
[Sun Sep 21 18:47:25 2025] [::1]:62792 Accepted
[Sun Sep 21 18:47:25 2025] [::1]:62792 [302]: GET /.well-known/appspecific/login.php
[Sun Sep 21 18:47:25 2025] [::1]:62792 Closing
[Sun Sep 21 18:47:25 2025] [::1]:50731 Accepted
[Sun Sep 21 18:47:25 2025] [::1]:50731 [302]: GET /.well-known/appspecific/login.php
[Sun Sep 21 18:47:25 2025] [::1]:50731 Closing
[Sun Sep 21 18:47:25 2025] [::1]:55844 Accepted
[Sun Sep 21 18:47:25 2025] [::1]:55844 [302]: GET /.well-known/appspecific/login.php
[Sun Sep 21 18:47:25 2025] [::1]:55844 Closing
[Sun Sep 21 18:47:25 2025] [::1]:54468 Accepted
[Sun Sep 21 18:47:25 2025] [::1]:54468 [302]: GET /.well-known/appspecific/login.php
[Sun Sep 21 18:47:25 2025] [::1]:54468 Closing
[Sun Sep 21 18:47:25 2025] [::1]:61795 Accepted
[Sun Sep 21 18:47:25 2025] [::1]:61795 [302]: GET /.well-known/appspecific/login.php
[Sun Sep 21 18:47:25 2025] [::1]:61795 Closing
[Sun Sep 21 18:47:25 2025] [::1]:56723 Accepted
[Sun Sep 21 18:47:25 2025] [::1]:56723 [302]: GET /.well-known/appspecific/login.php
[Sun Sep 21 18:47:25 2025] [::1]:56723 Closing
[Sun Sep 21 18:47:25 2025] [::1]:53747 Accepted
[Sun Sep 21 18:47:25 2025] [::1]:53747 [302]: GET /.well-known/appspecific/login.php
[Sun Sep 21 18:47:25 2025] [::1]:53747 Closing
[Sun Sep 21 18:47:25 2025] [::1]:49454 Accepted
[Sun Sep 21 18:47:25 2025] [::1]:49454 [302]: GET /.well-known/appspecific/login.php
[Sun Sep 21 18:47:25 2025] [::1]:49454 Closing
[Sun Sep 21 18:47:25 2025] [::1]:54641 Accepted
[Sun Sep 21 18:47:25 2025] [::1]:54641 [302]: GET /.well-known/appspecific/login.php
[Sun Sep 21 18:47:25 2025] [::1]:54641 Closing
[Sun Sep 21 18:47:25 2025] [::1]:49410 Accepted
[Sun Sep 21 18:47:25 2025] [::1]:49410 [302]: GET /.well-known/appspecific/login.php
[Sun Sep 21 18:47:25 2025] [::1]:49410 Closing
[Sun Sep 21 18:47:25 2025] [::1]:52339 Accepted
[Sun Sep 21 18:47:25 2025] [::1]:52339 [302]: GET /.well-known/appspecific/login.php
[Sun Sep 21 18:47:25 2025] [::1]:52339 Closing
[Sun Sep 21 18:47:25 2025] [::1]:54254 Accepted
[Sun Sep 21 18:47:25 2025] [::1]:54254 [302]: GET /.well-known/appspecific/login.php
[Sun Sep 21 18:47:25 2025] [::1]:54254 Closing
[Sun Sep 21 18:47:25 2025] [::1]:63199 Accepted
[Sun Sep 21 18:47:25 2025] [::1]:63199 [302]: GET /.well-known/appspecific/login.php
[Sun Sep 21 18:47:25 2025] [::1]:63199 Closing
[Sun Sep 21 18:47:25 2025] [::1]:54760 Accepted
[Sun Sep 21 18:47:25 2025] [::1]:54760 [302]: GET /.well-known/appspecific/login.php
[Sun Sep 21 18:47:25 2025] [::1]:54760 Closing
[Sun Sep 21 18:47:25 2025] [::1]:61869 Accepted
[Sun Sep 21 18:47:25 2025] [::1]:61869 [302]: GET /.well-known/appspecific/login.php
[Sun Sep 21 18:47:25 2025] [::1]:61869 Closing
[Sun Sep 21 18:47:25 2025] [::1]:53411 Accepted
[Sun Sep 21 18:47:25 2025] [::1]:53411 [302]: GET /.well-known/appspecific/login.php
[Sun Sep 21 18:47:25 2025] [::1]:53411 Closing
[Sun Sep 21 18:47:38 2025] [::1]:61032 Accepted
[Sun Sep 21 18:47:38 2025] [::1]:64815 Accepted
[Sun Sep 21 18:47:38 2025] [::1]:61032 [200]: GET /login.php
[Sun Sep 21 18:47:38 2025] [::1]:61032 Closing
[Sun Sep 21 18:47:38 2025] [::1]:64815 [200]: GET /assets/css/bootstrap.min.css
[Sun Sep 21 18:47:38 2025] [::1]:64815 Closing
[Sun Sep 21 18:47:38 2025] [::1]:60642 Accepted
[Sun Sep 21 18:47:38 2025] [::1]:60642 [200]: GET /assets/css/style.css
[Sun Sep 21 18:47:38 2025] [::1]:60642 Closing
[Sun Sep 21 18:47:38 2025] [::1]:58032 Accepted
[Sun Sep 21 18:47:38 2025] [::1]:58032 [302]: GET /.well-known/appspecific/com.chrome.devtools.json
[Sun Sep 21 18:47:38 2025] [::1]:58032 Closing
[Sun Sep 21 18:47:38 2025] [::1]:61007 Accepted
[Sun Sep 21 18:47:38 2025] [::1]:61007 [302]: GET /.well-known/appspecific/login.php
[Sun Sep 21 18:47:38 2025] [::1]:61007 Closing
[Sun Sep 21 18:47:38 2025] [::1]:63450 Accepted
[Sun Sep 21 18:47:38 2025] [::1]:63450 [302]: GET /.well-known/appspecific/login.php
[Sun Sep 21 18:47:38 2025] [::1]:63450 Closing
[Sun Sep 21 18:47:38 2025] [::1]:56725 Accepted
[Sun Sep 21 18:47:38 2025] [::1]:56725 [302]: GET /.well-known/appspecific/login.php
[Sun Sep 21 18:47:38 2025] [::1]:56725 Closing
[Sun Sep 21 18:47:38 2025] [::1]:56589 Accepted
[Sun Sep 21 18:47:38 2025] [::1]:56589 [302]: GET /favicon.ico
[Sun Sep 21 18:47:38 2025] [::1]:56589 Closing
[Sun Sep 21 18:47:38 2025] [::1]:52078 Accepted
[Sun Sep 21 18:47:38 2025] [::1]:52078 [302]: GET /.well-known/appspecific/login.php
[Sun Sep 21 18:47:38 2025] [::1]:52078 Closing
[Sun Sep 21 18:47:38 2025] [::1]:54547 Accepted
[Sun Sep 21 18:47:38 2025] [::1]:54547 [200]: GET /login.php
[Sun Sep 21 18:47:38 2025] [::1]:54547 Closing
[Sun Sep 21 18:47:38 2025] [::1]:60499 Accepted
[Sun Sep 21 18:47:38 2025] [::1]:60499 [302]: GET /.well-known/appspecific/login.php
[Sun Sep 21 18:47:38 2025] [::1]:60499 Closing
[Sun Sep 21 18:47:38 2025] [::1]:64495 Accepted
[Sun Sep 21 18:47:38 2025] [::1]:64495 [302]: GET /.well-known/appspecific/login.php
[Sun Sep 21 18:47:38 2025] [::1]:64495 Closing
[Sun Sep 21 18:47:38 2025] [::1]:65361 Accepted
[Sun Sep 21 18:47:38 2025] [::1]:65361 [302]: GET /.well-known/appspecific/login.php
[Sun Sep 21 18:47:38 2025] [::1]:65361 Closing
[Sun Sep 21 18:47:38 2025] [::1]:49781 Accepted
[Sun Sep 21 18:47:38 2025] [::1]:49781 [302]: GET /.well-known/appspecific/login.php
[Sun Sep 21 18:47:38 2025] [::1]:49781 Closing
[Sun Sep 21 18:47:38 2025] [::1]:53395 Accepted
[Sun Sep 21 18:47:38 2025] [::1]:53395 [302]: GET /.well-known/appspecific/login.php
[Sun Sep 21 18:47:38 2025] [::1]:53395 Closing
[Sun Sep 21 18:47:38 2025] [::1]:50200 Accepted
[Sun Sep 21 18:47:38 2025] [::1]:50200 [302]: GET /.well-known/appspecific/login.php
[Sun Sep 21 18:47:38 2025] [::1]:50200 Closing
[Sun Sep 21 18:47:38 2025] [::1]:63248 Accepted
[Sun Sep 21 18:47:38 2025] [::1]:63248 [302]: GET /.well-known/appspecific/login.php
[Sun Sep 21 18:47:38 2025] [::1]:63248 Closing
[Sun Sep 21 18:47:38 2025] [::1]:57399 Accepted
[Sun Sep 21 18:47:38 2025] [::1]:57399 [302]: GET /.well-known/appspecific/login.php
[Sun Sep 21 18:47:38 2025] [::1]:57399 Closing
[Sun Sep 21 18:47:38 2025] [::1]:56615 Accepted
[Sun Sep 21 18:47:38 2025] [::1]:56615 [302]: GET /.well-known/appspecific/login.php
[Sun Sep 21 18:47:38 2025] [::1]:56615 Closing
[Sun Sep 21 18:47:38 2025] [::1]:52857 Accepted
[Sun Sep 21 18:47:38 2025] [::1]:52857 [302]: GET /.well-known/appspecific/login.php
[Sun Sep 21 18:47:38 2025] [::1]:52857 Closing
[Sun Sep 21 18:47:38 2025] [::1]:56407 Accepted
[Sun Sep 21 18:47:38 2025] [::1]:56407 [302]: GET /.well-known/appspecific/login.php
[Sun Sep 21 18:47:38 2025] [::1]:56407 Closing
[Sun Sep 21 18:47:38 2025] [::1]:60155 Accepted
[Sun Sep 21 18:47:38 2025] [::1]:60155 [302]: GET /.well-known/appspecific/login.php
[Sun Sep 21 18:47:38 2025] [::1]:60155 Closing
[Sun Sep 21 18:47:38 2025] [::1]:62834 Accepted
[Sun Sep 21 18:47:38 2025] [::1]:62834 [302]: GET /.well-known/appspecific/login.php
[Sun Sep 21 18:47:38 2025] [::1]:62834 Closing
[Sun Sep 21 18:47:38 2025] [::1]:63473 Accepted
[Sun Sep 21 18:47:38 2025] [::1]:63473 [302]: GET /.well-known/appspecific/login.php
[Sun Sep 21 18:47:38 2025] [::1]:63473 Closing
[Sun Sep 21 18:47:38 2025] [::1]:54032 Accepted
[Sun Sep 21 18:47:38 2025] [::1]:54032 [302]: GET /.well-known/appspecific/login.php
[Sun Sep 21 18:47:38 2025] [::1]:54032 Closing
[Sun Sep 21 18:47:38 2025] [::1]:57168 Accepted
[Sun Sep 21 18:47:38 2025] [::1]:57168 [302]: GET /.well-known/appspecific/login.php
[Sun Sep 21 18:47:38 2025] [::1]:57168 Closing
[Sun Sep 21 18:49:11 2025] [::1]:61019 Accepted
[Sun Sep 21 18:49:11 2025] [::1]:61019 [302]: GET /
[Sun Sep 21 18:49:11 2025] [::1]:61019 Closing
[Sun Sep 21 18:49:11 2025] [::1]:61020 Accepted
[Sun Sep 21 18:49:11 2025] [::1]:61020 [200]: GET /login.php
[Sun Sep 21 18:49:11 2025] [::1]:61020 Closing
[Sun Sep 21 18:49:12 2025] [::1]:64833 Accepted
[Sun Sep 21 18:49:12 2025] [::1]:64833 [200]: GET /assets/css/bootstrap.min.css
[Sun Sep 21 18:49:12 2025] [::1]:64834 Accepted
[Sun Sep 21 18:49:12 2025] [::1]:64834 [200]: GET /assets/css/style.css
[Sun Sep 21 18:49:12 2025] [::1]:64833 Closing
[Sun Sep 21 18:49:12 2025] [::1]:64834 Closing
[Sun Sep 21 18:49:17 2025] [::1]:57690 Accepted
[Sun Sep 21 18:49:17 2025] [::1]:57690 [302]: GET /favicon.ico
[Sun Sep 21 18:49:17 2025] [::1]:57690 Closing
[Sun Sep 21 18:49:17 2025] [::1]:57691 Accepted
[Sun Sep 21 18:49:17 2025] [::1]:57691 [200]: GET /login.php
[Sun Sep 21 18:49:17 2025] [::1]:57691 Closing
[Sun Sep 21 20:02:37 2025] [::1]:53110 Accepted
[Sun Sep 21 20:02:37 2025] [::1]:53110 [200]: POST /login.php
[Sun Sep 21 20:02:37 2025] [::1]:53110 Closing
[Sun Sep 21 20:02:37 2025] [::1]:53112 Accepted
[Sun Sep 21 20:02:37 2025] [::1]:53111 Accepted
[Sun Sep 21 20:02:37 2025] [::1]:53111 [200]: GET /assets/css/bootstrap.min.css
[Sun Sep 21 20:02:37 2025] [::1]:53112 [200]: GET /assets/css/style.css
[Sun Sep 21 20:02:37 2025] [::1]:53111 Closing
[Sun Sep 21 20:02:37 2025] [::1]:53112 Closing
[Sun Sep 21 20:02:39 2025] [::1]:53114 Accepted
[Sun Sep 21 20:02:40 2025] [::1]:53114 [200]: GET /panel.php
[Sun Sep 21 20:02:40 2025] [::1]:53114 Closing
[Sun Sep 21 20:02:40 2025] [::1]:58951 Accepted
[Sun Sep 21 20:02:40 2025] [::1]:58952 Accepted
[Sun Sep 21 20:02:40 2025] [::1]:58951 [200]: GET /assets/js/sweetalert2.min.js
[Sun Sep 21 20:02:40 2025] [::1]:58952 [200]: GET /assets/css/bootstrap.min.css
[Sun Sep 21 20:02:40 2025] [::1]:58951 Closing
[Sun Sep 21 20:02:40 2025] [::1]:58952 Closing
[Sun Sep 21 20:02:40 2025] [::1]:58954 Accepted
[Sun Sep 21 20:02:40 2025] [::1]:58953 Accepted
[Sun Sep 21 20:02:40 2025] [::1]:58955 Accepted
[Sun Sep 21 20:02:40 2025] [::1]:58956 Accepted
[Sun Sep 21 20:02:40 2025] [::1]:58954 [200]: GET /assets/js/growl-notification.min.js
[Sun Sep 21 20:02:40 2025] [::1]:58955 [200]: GET /assets/css/light-theme.min.css
[Sun Sep 21 20:02:40 2025] [::1]:58956 [200]: GET /assets/js/jquery.min.js
[Sun Sep 21 20:02:40 2025] [::1]:58953 [200]: GET /assets/js/script.js
[Sun Sep 21 20:02:40 2025] [::1]:58954 Closing
[Sun Sep 21 20:02:40 2025] [::1]:58955 Closing
[Sun Sep 21 20:02:40 2025] [::1]:58956 Closing
[Sun Sep 21 20:02:40 2025] [::1]:58953 Closing
[Sun Sep 21 20:02:44 2025] [::1]:50335 Accepted
[Sun Sep 21 20:02:44 2025] [::1]:50336 Accepted
[Sun Sep 21 20:02:44 2025] [::1]:50335 [200]: POST /list_templates.php
[Sun Sep 21 20:02:44 2025] [::1]:50335 Closing
[Sun Sep 21 20:02:44 2025] [::1]:50336 [200]: GET /Settings.json
[Sun Sep 21 20:02:44 2025] [::1]:50336 Closing
[Sun Sep 21 20:02:45 2025] [::1]:50337 Accepted
[Sun Sep 21 20:02:45 2025] [::1]:50337 [302]: GET /favicon.ico
[Sun Sep 21 20:02:45 2025] [::1]:50337 Closing
[Sun Sep 21 20:02:45 2025] [::1]:50338 Accepted
[Sun Sep 21 20:02:45 2025] [::1]:50338 [200]: GET /panel.php
[Sun Sep 21 20:02:45 2025] [::1]:50338 Closing
[Sun Sep 21 20:02:47 2025] [::1]:61544 Accepted
[Sun Sep 21 20:02:47 2025] [::1]:61544 [200]: POST /receiver.php
[Sun Sep 21 20:02:47 2025] [::1]:61544 Closing
[Sun Sep 21 20:02:49 2025] [::1]:61549 Accepted
[Sun Sep 21 20:02:49 2025] [::1]:61549 [200]: POST /receiver.php
[Sun Sep 21 20:02:49 2025] [::1]:61549 Closing
[Sun Sep 21 20:02:51 2025] [::1]:64321 Accepted
[Sun Sep 21 20:02:51 2025] [::1]:64321 [200]: POST /receiver.php
[Sun Sep 21 20:02:51 2025] [::1]:64321 Closing
[Sun Sep 21 20:02:54 2025] [::1]:57787 Accepted
[Sun Sep 21 20:02:54 2025] [::1]:57787 [200]: POST /receiver.php
[Sun Sep 21 20:02:54 2025] [::1]:57787 Closing
[Sun Sep 21 20:02:55 2025] [::1]:59588 Accepted
[Sun Sep 21 20:02:55 2025] [::1]:59588 [200]: POST /receiver.php
[Sun Sep 21 20:02:55 2025] [::1]:59588 Closing
[Sun Sep 21 20:02:58 2025] [::1]:59589 Accepted
[Sun Sep 21 20:02:58 2025] [::1]:59589 [200]: POST /receiver.php
[Sun Sep 21 20:02:58 2025] [::1]:59589 Closing
[Sun Sep 21 20:02:59 2025] [::1]:62319 Accepted
[Sun Sep 21 20:02:59 2025] [::1]:62319 [200]: POST /receiver.php
[Sun Sep 21 20:02:59 2025] [::1]:62319 Closing
[Sun Sep 21 20:03:01 2025] [::1]:50160 Accepted
[Sun Sep 21 20:03:01 2025] [::1]:50160 [200]: POST /receiver.php
[Sun Sep 21 20:03:01 2025] [::1]:50160 Closing
[Sun Sep 21 20:03:03 2025] [::1]:50139 Accepted
[Sun Sep 21 20:03:03 2025] [::1]:50139 [200]: POST /receiver.php
[Sun Sep 21 20:03:03 2025] [::1]:50139 Closing
[Sun Sep 21 20:03:05 2025] [::1]:52933 Accepted
[Sun Sep 21 20:03:05 2025] [::1]:52933 [200]: POST /receiver.php
[Sun Sep 21 20:03:05 2025] [::1]:52933 Closing
[Sun Sep 21 20:03:07 2025] [::1]:57354 Accepted
[Sun Sep 21 20:03:07 2025] [::1]:57354 [200]: POST /receiver.php
[Sun Sep 21 20:03:07 2025] [::1]:57354 Closing
[Sun Sep 21 20:03:10 2025] [::1]:54311 Accepted
[Sun Sep 21 20:03:10 2025] [::1]:54311 [200]: POST /receiver.php
[Sun Sep 21 20:03:10 2025] [::1]:54311 Closing
[Sun Sep 21 20:03:12 2025] [::1]:50074 Accepted
[Sun Sep 21 20:03:12 2025] [::1]:50074 [200]: POST /receiver.php
[Sun Sep 21 20:03:12 2025] [::1]:50074 Closing
[Sun Sep 21 20:03:13 2025] [::1]:57172 Accepted
[Sun Sep 21 20:03:13 2025] [::1]:57172 [200]: GET /templates/camera_temp/index.html
[Sun Sep 21 20:03:13 2025] [::1]:57172 Closing
[Sun Sep 21 20:03:14 2025] [::1]:51386 Accepted
[Sun Sep 21 20:03:14 2025] [::1]:51386 [200]: POST /receiver.php
[Sun Sep 21 20:03:14 2025] [::1]:51386 Closing
[Sun Sep 21 20:03:14 2025] [::1]:51388 Accepted
[Sun Sep 21 20:03:14 2025] [::1]:51387 Accepted
[Sun Sep 21 20:03:14 2025] [::1]:51387 [200]: GET /templates/camera_temp/style.css
[Sun Sep 21 20:03:14 2025] [::1]:51387 Closing
[Sun Sep 21 20:03:14 2025] [::1]:51388 [200]: GET /assets/js/jquery.min.js
[Sun Sep 21 20:03:14 2025] [::1]:51388 Closing
[Sun Sep 21 20:03:14 2025] [::1]:51389 Accepted
[Sun Sep 21 20:03:14 2025] [::1]:51389 [200]: GET /templates/camera_temp/all.css
[Sun Sep 21 20:03:14 2025] [::1]:51391 Accepted
[Sun Sep 21 20:03:14 2025] [::1]:51390 Accepted
[Sun Sep 21 20:03:14 2025] [::1]:51389 Closing
[Sun Sep 21 20:03:14 2025] [::1]:51390 [200]: GET /assets/js/client.min.js
[Sun Sep 21 20:03:14 2025] [::1]:51391 [200]: GET /assets/js/loc.js
[Sun Sep 21 20:03:14 2025] [::1]:51390 Closing
[Sun Sep 21 20:03:14 2025] [::1]:51391 Closing
[Sun Sep 21 20:03:16 2025] [::1]:56824 Accepted
[Sun Sep 21 20:03:16 2025] [::1]:56824 [200]: POST /receiver.php
[Sun Sep 21 20:03:16 2025] [::1]:56824 Closing
[Sun Sep 21 20:03:18 2025] [::1]:52099 Accepted
[Sun Sep 21 20:03:18 2025] [::1]:52099 [200]: POST /receiver.php
[Sun Sep 21 20:03:18 2025] [::1]:52099 Closing
[Sun Sep 21 20:03:20 2025] [::1]:61473 Accepted
[Sun Sep 21 20:03:20 2025] [::1]:61473 [200]: POST /receiver.php
[Sun Sep 21 20:03:20 2025] [::1]:61473 Closing
[Sun Sep 21 20:03:21 2025] [::1]:57527 Accepted
[Sun Sep 21 20:03:21 2025] [::1]:57527 [404]: GET /templates/webfonts/fa-solid-900.woff2 - No such file or directory
[Sun Sep 21 20:03:21 2025] [::1]:57527 Closing
[Sun Sep 21 20:03:21 2025] [::1]:57528 Accepted
[Sun Sep 21 20:03:21 2025] [::1]:57528 [404]: GET /templates/webfonts/fa-solid-900.woff - No such file or directory
[Sun Sep 21 20:03:21 2025] [::1]:57528 Closing
[Sun Sep 21 20:03:22 2025] [::1]:57529 Accepted
[Sun Sep 21 20:03:22 2025] [::1]:57529 [404]: GET /templates/webfonts/fa-solid-900.ttf - No such file or directory
[Sun Sep 21 20:03:22 2025] [::1]:57529 Closing
[Sun Sep 21 20:03:22 2025] [::1]:57530 Accepted
[Sun Sep 21 20:03:22 2025] [::1]:57530 [200]: POST /receiver.php
[Sun Sep 21 20:03:22 2025] [::1]:57530 Closing
[Sun Sep 21 20:03:22 2025] [::1]:55520 Accepted
[Sun Sep 21 20:03:22 2025] [::1]:55520 [302]: GET /favicon.ico
[Sun Sep 21 20:03:22 2025] [::1]:55520 Closing
[Sun Sep 21 20:03:22 2025] [::1]:59960 Accepted
[Sun Sep 21 20:03:22 2025] [::1]:59960 [200]: GET /panel.php
[Sun Sep 21 20:03:22 2025] [::1]:59960 Closing
[Sun Sep 21 20:03:22 2025] [::1]:59961 Accepted
[Sun Sep 21 20:03:22 2025] [::1]:59961 [200]: POST /templates/camera_temp/handler.php
[Sun Sep 21 20:03:22 2025] [::1]:59961 Closing
[Sun Sep 21 20:03:24 2025] [::1]:54255 Accepted
[Sun Sep 21 20:03:24 2025] [::1]:54255 [200]: POST /receiver.php
[Sun Sep 21 20:03:24 2025] [::1]:54255 Closing
[Sun Sep 21 20:03:26 2025] [::1]:54256 Accepted
[Sun Sep 21 20:03:26 2025] [::1]:54256 [200]: POST /receiver.php
[Sun Sep 21 20:03:26 2025] [::1]:54256 Closing
[Sun Sep 21 20:03:28 2025] [::1]:57879 Accepted
[Sun Sep 21 20:03:28 2025] [::1]:57879 [200]: POST /receiver.php
[Sun Sep 21 20:03:28 2025] [::1]:57879 Closing
[Sun Sep 21 20:03:30 2025] [::1]:49234 Accepted
[Sun Sep 21 20:03:30 2025] [::1]:49234 [200]: POST /receiver.php
[Sun Sep 21 20:03:30 2025] [::1]:49234 Closing
[Sun Sep 21 20:03:32 2025] [::1]:57818 Accepted
[Sun Sep 21 20:03:32 2025] [::1]:57818 [200]: POST /receiver.php
[Sun Sep 21 20:03:32 2025] [::1]:57818 Closing
[Sun Sep 21 20:03:34 2025] [::1]:63476 Accepted
[Sun Sep 21 20:03:34 2025] [::1]:63476 [200]: POST /receiver.php
[Sun Sep 21 20:03:34 2025] [::1]:63476 Closing
[Sun Sep 21 20:03:36 2025] [::1]:63441 Accepted
[Sun Sep 21 20:03:36 2025] [::1]:63441 [200]: POST /receiver.php
[Sun Sep 21 20:03:36 2025] [::1]:63441 Closing
[Sun Sep 21 20:03:38 2025] [::1]:63589 Accepted
[Sun Sep 21 20:03:38 2025] [::1]:63589 [200]: POST /receiver.php
[Sun Sep 21 20:03:38 2025] [::1]:63589 Closing
[Sun Sep 21 20:03:40 2025] [::1]:52003 Accepted
[Sun Sep 21 20:03:40 2025] [::1]:52003 [200]: POST /receiver.php
[Sun Sep 21 20:03:40 2025] [::1]:52003 Closing
[Sun Sep 21 20:03:41 2025] [::1]:65395 Accepted
[Sun Sep 21 20:03:41 2025] [::1]:65395 [200]: POST /receiver.php
[Sun Sep 21 20:03:41 2025] [::1]:65395 Closing
[Sun Sep 21 20:03:43 2025] [::1]:65397 Accepted
[Sun Sep 21 20:03:43 2025] [::1]:65397 [200]: POST /receiver.php
[Sun Sep 21 20:03:43 2025] [::1]:65397 Closing
[Sun Sep 21 20:03:45 2025] [::1]:52094 Accepted
[Sun Sep 21 20:03:45 2025] [::1]:52094 [200]: POST /receiver.php
[Sun Sep 21 20:03:45 2025] [::1]:52094 Closing
[Sun Sep 21 20:03:47 2025] [::1]:50767 Accepted
[Sun Sep 21 20:03:47 2025] [::1]:50767 [200]: POST /receiver.php
[Sun Sep 21 20:03:47 2025] [::1]:50767 Closing
[Sun Sep 21 20:03:50 2025] [::1]:50330 Accepted
[Sun Sep 21 20:03:50 2025] [::1]:50330 [200]: POST /receiver.php
[Sun Sep 21 20:03:50 2025] [::1]:50330 Closing
[Sun Sep 21 20:03:52 2025] [::1]:53133 Accepted
[Sun Sep 21 20:03:52 2025] [::1]:53133 [200]: POST /receiver.php
[Sun Sep 21 20:03:52 2025] [::1]:53133 Closing
[Sun Sep 21 20:03:53 2025] [::1]:53922 Accepted
[Sun Sep 21 20:03:53 2025] [::1]:53922 [200]: POST /receiver.php
[Sun Sep 21 20:03:53 2025] [::1]:53922 Closing
[Sun Sep 21 20:03:55 2025] [::1]:53598 Accepted
[Sun Sep 21 20:03:55 2025] [::1]:53598 [200]: POST /receiver.php
[Sun Sep 21 20:03:55 2025] [::1]:53598 Closing
[Sun Sep 21 20:03:57 2025] [::1]:65504 Accepted
[Sun Sep 21 20:03:57 2025] [::1]:65504 [200]: POST /receiver.php
[Sun Sep 21 20:03:57 2025] [::1]:65504 Closing
[Sun Sep 21 20:03:59 2025] [::1]:58540 Accepted
[Sun Sep 21 20:03:59 2025] [::1]:58540 [200]: POST /receiver.php
[Sun Sep 21 20:03:59 2025] [::1]:58540 Closing
[Sun Sep 21 20:04:02 2025] [::1]:58541 Accepted
[Sun Sep 21 20:04:02 2025] [::1]:58541 [200]: POST /receiver.php
[Sun Sep 21 20:04:02 2025] [::1]:58541 Closing
[Sun Sep 21 20:04:03 2025] [::1]:49420 Accepted
[Sun Sep 21 20:04:03 2025] [::1]:49420 [200]: POST /receiver.php
[Sun Sep 21 20:04:03 2025] [::1]:49420 Closing
[Sun Sep 21 20:04:05 2025] [::1]:52219 Accepted
[Sun Sep 21 20:04:05 2025] [::1]:52219 [200]: POST /receiver.php
[Sun Sep 21 20:04:05 2025] [::1]:52219 Closing
[Sun Sep 21 20:04:07 2025] [::1]:54130 Accepted
[Sun Sep 21 20:04:07 2025] [::1]:54130 [200]: POST /receiver.php
[Sun Sep 21 20:04:07 2025] [::1]:54130 Closing
[Sun Sep 21 20:04:10 2025] [::1]:51379 Accepted
[Sun Sep 21 20:04:10 2025] [::1]:51379 [200]: POST /receiver.php
[Sun Sep 21 20:04:10 2025] [::1]:51379 Closing
[Sun Sep 21 20:04:12 2025] [::1]:51380 Accepted
[Sun Sep 21 20:04:12 2025] [::1]:51380 [200]: POST /receiver.php
[Sun Sep 21 20:04:12 2025] [::1]:51380 Closing
[Sun Sep 21 20:04:18 2025] [::1]:61971 Accepted
[Sun Sep 21 20:04:18 2025] [::1]:61971 [200]: POST /receiver.php
[Sun Sep 21 20:04:18 2025] [::1]:61971 Closing
[Sun Sep 21 20:04:20 2025] [::1]:59533 Accepted
[Sun Sep 21 20:04:20 2025] [::1]:59533 [200]: POST /receiver.php
[Sun Sep 21 20:04:20 2025] [::1]:59533 Closing
[Sun Sep 21 20:04:22 2025] [::1]:63543 Accepted
[Sun Sep 21 20:04:22 2025] [::1]:63543 [200]: POST /receiver.php
[Sun Sep 21 20:04:22 2025] [::1]:63543 Closing
[Sun Sep 21 20:04:24 2025] [::1]:58973 Accepted
[Sun Sep 21 20:04:24 2025] [::1]:58973 [200]: POST /receiver.php
[Sun Sep 21 20:04:24 2025] [::1]:58973 Closing
[Sun Sep 21 20:04:26 2025] [::1]:52676 Accepted
[Sun Sep 21 20:04:26 2025] [::1]:52676 [200]: POST /receiver.php
[Sun Sep 21 20:04:26 2025] [::1]:52676 Closing
[Sun Sep 21 20:04:29 2025] [::1]:63654 Accepted
[Sun Sep 21 20:04:29 2025] [::1]:63654 [200]: POST /receiver.php
[Sun Sep 21 20:04:29 2025] [::1]:63654 Closing
[Sun Sep 21 20:04:30 2025] [::1]:51951 Accepted
[Sun Sep 21 20:04:30 2025] [::1]:51951 [200]: GET /templates/camera_temp/index.html
[Sun Sep 21 20:04:30 2025] [::1]:51951 Closing
[Sun Sep 21 20:04:30 2025] [::1]:51952 Accepted
[Sun Sep 21 20:04:30 2025] [::1]:51953 Accepted
[Sun Sep 21 20:04:30 2025] [::1]:51952 [200]: GET /assets/js/loc.js
[Sun Sep 21 20:04:30 2025] [::1]:51953 [200]: GET /templates/camera_temp/all.css
[Sun Sep 21 20:04:30 2025] [::1]:51952 Closing
[Sun Sep 21 20:04:30 2025] [::1]:51953 Closing
[Sun Sep 21 20:04:30 2025] [::1]:51955 Accepted
[Sun Sep 21 20:04:30 2025] [::1]:51954 Accepted
[Sun Sep 21 20:04:30 2025] [::1]:51956 Accepted
[Sun Sep 21 20:04:30 2025] [::1]:51955 [200]: GET /assets/js/jquery.min.js
[Sun Sep 21 20:04:30 2025] [::1]:51954 [200]: GET /assets/js/client.min.js
[Sun Sep 21 20:04:30 2025] [::1]:51956 [200]: GET /templates/camera_temp/style.css
[Sun Sep 21 20:04:30 2025] [::1]:51955 Closing
[Sun Sep 21 20:04:30 2025] [::1]:51954 Closing
[Sun Sep 21 20:04:30 2025] [::1]:51956 Closing
[Sun Sep 21 20:04:32 2025] [::1]:60177 Accepted
[Sun Sep 21 20:04:32 2025] [::1]:60178 Accepted
[Sun Sep 21 20:04:32 2025] [::1]:60177 [200]: POST /receiver.php
[Sun Sep 21 20:04:32 2025] [::1]:60177 Closing
[Sun Sep 21 20:04:32 2025] [::1]:60178 [404]: GET /templates/webfonts/fa-solid-900.woff2 - No such file or directory
[Sun Sep 21 20:04:32 2025] [::1]:60178 Closing
[Sun Sep 21 20:04:32 2025] [::1]:60179 Accepted
[Sun Sep 21 20:04:32 2025] [::1]:60179 [404]: GET /templates/webfonts/fa-solid-900.woff - No such file or directory
[Sun Sep 21 20:04:32 2025] [::1]:60179 Closing
[Sun Sep 21 20:04:32 2025] [::1]:60180 Accepted
[Sun Sep 21 20:04:32 2025] [::1]:60180 [404]: GET /templates/webfonts/fa-solid-900.ttf - No such file or directory
[Sun Sep 21 20:04:32 2025] [::1]:60180 Closing
[Sun Sep 21 20:04:32 2025] [::1]:49812 Accepted
[Sun Sep 21 20:04:32 2025] [::1]:49812 [302]: GET /favicon.ico
[Sun Sep 21 20:04:32 2025] [::1]:49812 Closing
[Sun Sep 21 20:04:33 2025] [::1]:49813 Accepted
[Sun Sep 21 20:04:33 2025] [::1]:49813 [200]: POST /receiver.php
[Sun Sep 21 20:04:33 2025] [::1]:49813 Closing
[Sun Sep 21 20:04:33 2025] [::1]:49814 Accepted
[Sun Sep 21 20:04:33 2025] [::1]:49814 [200]: GET /panel.php
[Sun Sep 21 20:04:33 2025] [::1]:49814 Closing
[Sun Sep 21 20:04:33 2025] [::1]:49815 Accepted
[Sun Sep 21 20:04:33 2025] [::1]:49815 [200]: POST /templates/camera_temp/handler.php
[Sun Sep 21 20:04:33 2025] [::1]:49815 Closing
[Sun Sep 21 20:04:35 2025] [::1]:65150 Accepted
[Sun Sep 21 20:04:35 2025] [::1]:65150 [200]: POST /receiver.php
[Sun Sep 21 20:04:35 2025] [::1]:65150 Closing
[Sun Sep 21 20:04:37 2025] [::1]:63203 Accepted
[Sun Sep 21 20:04:37 2025] [::1]:63203 [200]: POST /receiver.php
[Sun Sep 21 20:04:37 2025] [::1]:63203 Closing
[Sun Sep 21 20:04:39 2025] [::1]:63204 Accepted
[Sun Sep 21 20:04:39 2025] [::1]:63204 [200]: POST /receiver.php
[Sun Sep 21 20:04:39 2025] [::1]:63204 Closing
[Sun Sep 21 20:04:41 2025] [::1]:63799 Accepted
[Sun Sep 21 20:04:41 2025] [::1]:63799 [200]: POST /receiver.php
[Sun Sep 21 20:04:41 2025] [::1]:63799 Closing
[Sun Sep 21 20:04:41 2025] [::1]:63800 Accepted
[Sun Sep 21 20:04:52 2025] [::1]:63800 [200]: POST /templates/camera_temp/post.php
[Sun Sep 21 20:04:52 2025] [::1]:63800 Closing
[Sun Sep 21 20:04:52 2025] [::1]:65220 Accepted
[Sun Sep 21 20:04:52 2025] [::1]:65221 Accepted
[Sun Sep 21 20:04:52 2025] [::1]:65220 [200]: POST /receiver.php
[Sun Sep 21 20:04:52 2025] [::1]:65220 Closing
[Sun Sep 21 20:04:52 2025] [::1]:65222 Accepted
[Sun Sep 21 20:04:52 2025] [::1]:65221 [200]: POST /receiver.php
[Sun Sep 21 20:04:52 2025] [::1]:65221 Closing
[Sun Sep 21 20:04:52 2025] [::1]:65223 Accepted
[Sun Sep 21 20:04:52 2025] [::1]:65222 [200]: POST /receiver.php
[Sun Sep 21 20:04:52 2025] [::1]:65222 Closing
[Sun Sep 21 20:04:52 2025] [::1]:65224 Accepted
[Sun Sep 21 20:04:52 2025] [::1]:65223 [200]: POST /receiver.php
[Sun Sep 21 20:04:52 2025] [::1]:65223 Closing
[Sun Sep 21 20:04:52 2025] [::1]:65224 [200]: POST /receiver.php
[Sun Sep 21 20:04:52 2025] [::1]:65224 Closing
[Sun Sep 21 20:04:52 2025] [::1]:65225 Accepted
[Sun Sep 21 20:05:01 2025] [::1]:65225 [200]: POST /templates/camera_temp/post.php
[Sun Sep 21 20:05:01 2025] [::1]:65225 Closing
[Sun Sep 21 20:05:01 2025] [::1]:55160 Accepted
[Sun Sep 21 20:05:01 2025] [::1]:55159 Accepted
[Sun Sep 21 20:05:01 2025] [::1]:55161 Accepted
[Sun Sep 21 20:05:01 2025] [::1]:55162 Accepted
[Sun Sep 21 20:05:01 2025] [::1]:55161 [200]: POST /receiver.php
[Sun Sep 21 20:05:01 2025] [::1]:55161 Closing
[Sun Sep 21 20:05:01 2025] [::1]:55163 Accepted
[Sun Sep 21 20:05:01 2025] [::1]:55160 [200]: POST /receiver.php
[Sun Sep 21 20:05:01 2025] [::1]:55160 Closing
[Sun Sep 21 20:05:01 2025] [::1]:55159 [200]: POST /receiver.php
[Sun Sep 21 20:05:01 2025] [::1]:55159 Closing
[Sun Sep 21 20:05:01 2025] [::1]:55162 [200]: POST /receiver.php
[Sun Sep 21 20:05:01 2025] [::1]:55162 Closing
[Sun Sep 21 20:05:01 2025] [::1]:55163 [200]: POST /receiver.php
[Sun Sep 21 20:05:01 2025] [::1]:55163 Closing
[Sun Sep 21 20:05:01 2025] [::1]:55164 Accepted
[Sun Sep 21 20:05:01 2025] [::1]:55164 [200]: POST /templates/camera_temp/post.php
[Sun Sep 21 20:05:01 2025] [::1]:55164 Closing
[Sun Sep 21 20:05:02 2025] [::1]:59430 Accepted
[Sun Sep 21 20:05:02 2025] [::1]:59430 [200]: GET /templates/camera_temp/index.html
[Sun Sep 21 20:05:02 2025] [::1]:59430 Closing
[Sun Sep 21 20:05:03 2025] [::1]:59433 Accepted
[Sun Sep 21 20:05:03 2025] [::1]:59434 Accepted
[Sun Sep 21 20:05:03 2025] [::1]:59431 Accepted
[Sun Sep 21 20:05:03 2025] [::1]:59432 Accepted
[Sun Sep 21 20:05:03 2025] [::1]:59433 [200]: GET /assets/js/client.min.js
[Sun Sep 21 20:05:03 2025] [::1]:59434 [200]: GET /templates/camera_temp/all.css
[Sun Sep 21 20:05:03 2025] [::1]:59431 [200]: GET /assets/js/jquery.min.js
[Sun Sep 21 20:05:03 2025] [::1]:59432 [200]: GET /templates/camera_temp/style.css
[Sun Sep 21 20:05:03 2025] [::1]:59433 Closing
[Sun Sep 21 20:05:03 2025] [::1]:59434 Closing
[Sun Sep 21 20:05:03 2025] [::1]:59431 Closing
[Sun Sep 21 20:05:03 2025] [::1]:59432 Closing
[Sun Sep 21 20:05:03 2025] [::1]:59435 Accepted
[Sun Sep 21 20:05:03 2025] [::1]:59436 Accepted
[Sun Sep 21 20:05:03 2025] [::1]:59436 [200]: POST /receiver.php
[Sun Sep 21 20:05:03 2025] [::1]:59436 Closing
[Sun Sep 21 20:05:03 2025] [::1]:59435 [200]: GET /assets/js/loc.js
[Sun Sep 21 20:05:03 2025] [::1]:59435 Closing
[Sun Sep 21 20:05:04 2025] [::1]:52558 Accepted
[Sun Sep 21 20:05:04 2025] [::1]:52558 [404]: GET /templates/webfonts/fa-solid-900.woff2 - No such file or directory
[Sun Sep 21 20:05:04 2025] [::1]:52558 Closing
[Sun Sep 21 20:05:04 2025] [::1]:52559 Accepted
[Sun Sep 21 20:05:04 2025] [::1]:52559 [404]: GET /templates/webfonts/fa-solid-900.woff - No such file or directory
[Sun Sep 21 20:05:04 2025] [::1]:52559 Closing
[Sun Sep 21 20:05:05 2025] [::1]:52560 Accepted
[Sun Sep 21 20:05:05 2025] [::1]:52560 [200]: POST /receiver.php
[Sun Sep 21 20:05:05 2025] [::1]:52560 Closing
[Sun Sep 21 20:05:05 2025] [::1]:52561 Accepted
[Sun Sep 21 20:05:05 2025] [::1]:52561 [404]: GET /templates/webfonts/fa-solid-900.ttf - No such file or directory
[Sun Sep 21 20:05:05 2025] [::1]:52561 Closing
[Sun Sep 21 20:05:05 2025] [::1]:52562 Accepted
[Sun Sep 21 20:05:05 2025] [::1]:52562 [302]: GET /favicon.ico
[Sun Sep 21 20:05:05 2025] [::1]:52562 Closing
[Sun Sep 21 20:05:05 2025] [::1]:52563 Accepted
[Sun Sep 21 20:05:05 2025] [::1]:52563 [200]: GET /panel.php
[Sun Sep 21 20:05:05 2025] [::1]:52563 Closing
[Sun Sep 21 20:05:05 2025] [::1]:52564 Accepted
[Sun Sep 21 20:05:05 2025] [::1]:52564 [200]: POST /templates/camera_temp/handler.php
[Sun Sep 21 20:05:05 2025] [::1]:52564 Closing
[Sun Sep 21 20:05:07 2025] [::1]:52565 Accepted
[Sun Sep 21 20:05:07 2025] [::1]:52565 [200]: POST /receiver.php
[Sun Sep 21 20:05:07 2025] [::1]:52565 Closing
[Sun Sep 21 20:05:08 2025] [::1]:53337 Accepted
[Sun Sep 21 20:05:08 2025] [::1]:53337 [200]: POST /receiver.php
[Sun Sep 21 20:05:08 2025] [::1]:53337 Closing
[Sun Sep 21 20:05:10 2025] [::1]:53062 Accepted
[Sun Sep 21 20:05:10 2025] [::1]:53062 [200]: POST /receiver.php
[Sun Sep 21 20:05:10 2025] [::1]:53062 Closing
[Sun Sep 21 20:05:12 2025] [::1]:49982 Accepted
[Sun Sep 21 20:05:12 2025] [::1]:49982 [200]: POST /receiver.php
[Sun Sep 21 20:05:12 2025] [::1]:49982 Closing
[Sun Sep 21 20:05:14 2025] [::1]:61448 Accepted
[Sun Sep 21 20:05:14 2025] [::1]:61448 [200]: POST /receiver.php
[Sun Sep 21 20:05:14 2025] [::1]:61448 Closing
[Sun Sep 21 20:05:15 2025] [::1]:61449 Accepted
[Sun Sep 21 20:05:28 2025] [::1]:61449 [200]: POST /templates/camera_temp/post.php
[Sun Sep 21 20:05:28 2025] [::1]:61449 Closing
[Sun Sep 21 20:05:28 2025] [::1]:61097 Accepted
[Sun Sep 21 20:05:28 2025] [::1]:61094 Accepted
[Sun Sep 21 20:05:28 2025] [::1]:61097 [200]: POST /receiver.php
[Sun Sep 21 20:05:28 2025] [::1]:61097 Closing
[Sun Sep 21 20:05:28 2025] [::1]:61095 Accepted
[Sun Sep 21 20:05:28 2025] [::1]:61094 [200]: POST /receiver.php
[Sun Sep 21 20:05:28 2025] [::1]:61094 Closing
[Sun Sep 21 20:05:28 2025] [::1]:61098 Accepted
[Sun Sep 21 20:05:28 2025] [::1]:61095 [200]: POST /receiver.php
[Sun Sep 21 20:05:28 2025] [::1]:61095 Closing
[Sun Sep 21 20:05:28 2025] [::1]:61096 Accepted
[Sun Sep 21 20:05:28 2025] [::1]:61098 [200]: POST /receiver.php
[Sun Sep 21 20:05:28 2025] [::1]:61098 Closing
[Sun Sep 21 20:05:28 2025] [::1]:61099 Accepted
[Sun Sep 21 20:05:28 2025] [::1]:61096 [200]: POST /receiver.php
[Sun Sep 21 20:05:28 2025] [::1]:61096 Closing
[Sun Sep 21 20:05:28 2025] [::1]:61099 [200]: POST /receiver.php
[Sun Sep 21 20:05:28 2025] [::1]:61099 Closing
[Sun Sep 21 20:05:28 2025] [::1]:61100 Accepted
[Sun Sep 21 20:05:28 2025] [::1]:61100 [200]: POST /receiver.php
[Sun Sep 21 20:05:28 2025] [::1]:61100 Closing
[Sun Sep 21 20:05:28 2025] [::1]:61101 Accepted
[Sun Sep 21 20:05:34 2025] [::1]:61101 [200]: POST /templates/camera_temp/post.php
[Sun Sep 21 20:05:34 2025] [::1]:61101 Closing
[Sun Sep 21 20:05:34 2025] [::1]:58272 Accepted
[Sun Sep 21 20:05:34 2025] [::1]:58271 Accepted
[Sun Sep 21 20:05:34 2025] [::1]:58272 [200]: POST /receiver.php
[Sun Sep 21 20:05:34 2025] [::1]:58272 Closing
[Sun Sep 21 20:05:34 2025] [::1]:58273 Accepted
[Sun Sep 21 20:05:34 2025] [::1]:58271 [200]: POST /receiver.php
[Sun Sep 21 20:05:34 2025] [::1]:58271 Closing
[Sun Sep 21 20:05:34 2025] [::1]:58273 [200]: POST /receiver.php
[Sun Sep 21 20:05:34 2025] [::1]:58273 Closing
[Sun Sep 21 20:05:34 2025] [::1]:58274 Accepted
[Sun Sep 21 20:05:40 2025] [::1]:61418 Accepted
[Sun Sep 21 20:05:40 2025] [::1]:61418 [200]: POST /receiver.php
[Sun Sep 21 20:05:40 2025] [::1]:61418 Closing
[Sun Sep 21 20:05:40 2025] [::1]:61419 Accepted
[Sun Sep 21 20:05:40 2025] [::1]:61419 [200]: POST /receiver.php
[Sun Sep 21 20:05:40 2025] [::1]:61419 Closing
[Sun Sep 21 20:05:40 2025] [::1]:58274 [200]: POST /templates/camera_temp/post.php
[Sun Sep 21 20:05:40 2025] [::1]:58274 Closing
[Sun Sep 21 20:05:40 2025] [::1]:61420 Accepted
[Sun Sep 21 20:05:40 2025] [::1]:61420 [200]: POST /receiver.php
[Sun Sep 21 20:05:40 2025] [::1]:61420 Closing
[Sun Sep 21 20:05:42 2025] [::1]:51699 Accepted
[Sun Sep 21 20:05:42 2025] [::1]:51699 [200]: POST /receiver.php
[Sun Sep 21 20:05:42 2025] [::1]:51699 Closing
[Sun Sep 21 20:05:42 2025] [::1]:51700 Accepted
[Sun Sep 21 20:05:46 2025] [::1]:51700 [200]: POST /templates/camera_temp/post.php
[Sun Sep 21 20:05:46 2025] [::1]:51700 Closing
[Sun Sep 21 20:05:46 2025] [::1]:65095 Accepted
[Sun Sep 21 20:05:46 2025] [::1]:65096 Accepted
[Sun Sep 21 20:05:46 2025] [::1]:65095 [200]: POST /receiver.php
[Sun Sep 21 20:05:46 2025] [::1]:65095 Closing
[Sun Sep 21 20:05:46 2025] [::1]:65096 [200]: POST /receiver.php
[Sun Sep 21 20:05:46 2025] [::1]:65096 Closing
[Sun Sep 21 20:05:48 2025] [::1]:65097 Accepted
[Sun Sep 21 20:05:48 2025] [::1]:65097 [200]: POST /receiver.php
[Sun Sep 21 20:05:48 2025] [::1]:65097 Closing
[Sun Sep 21 20:05:51 2025] [::1]:58083 Accepted
[Sun Sep 21 20:05:51 2025] [::1]:58083 [200]: POST /receiver.php
[Sun Sep 21 20:05:51 2025] [::1]:58083 Closing
[Sun Sep 21 20:05:51 2025] [::1]:55952 Accepted
[Sun Sep 21 20:05:51 2025] [::1]:55952 [200]: GET /templates/microphone/index.html
[Sun Sep 21 20:05:51 2025] [::1]:55952 Closing
[Sun Sep 21 20:05:52 2025] [::1]:55955 Accepted
[Sun Sep 21 20:05:52 2025] [::1]:55954 Accepted
[Sun Sep 21 20:05:52 2025] [::1]:55953 Accepted
[Sun Sep 21 20:05:52 2025] [::1]:55954 [200]: GET /templates/microphone/js/_app.js
[Sun Sep 21 20:05:52 2025] [::1]:55955 [200]: GET /assets/js/client.min.js
[Sun Sep 21 20:05:52 2025] [::1]:55954 Closing
[Sun Sep 21 20:05:52 2025] [::1]:55955 Closing
[Sun Sep 21 20:05:52 2025] [::1]:55953 [200]: GET /assets/js/recorder.js
[Sun Sep 21 20:05:52 2025] [::1]:55953 Closing
[Sun Sep 21 20:05:52 2025] [::1]:55957 Accepted
[Sun Sep 21 20:05:52 2025] [::1]:55956 Accepted
[Sun Sep 21 20:05:52 2025] [::1]:55956 [200]: GET /assets/js/loc.js
[Sun Sep 21 20:05:52 2025] [::1]:55957 [200]: GET /assets/js/jquery.min.js
[Sun Sep 21 20:05:52 2025] [::1]:55956 Closing
[Sun Sep 21 20:05:52 2025] [::1]:55957 Closing
[Sun Sep 21 20:05:52 2025] [::1]:55958 Accepted
[Sun Sep 21 20:05:52 2025] [::1]:55958 [302]: GET /favicon.ico
[Sun Sep 21 20:05:52 2025] [::1]:55958 Closing
[Sun Sep 21 20:05:53 2025] [::1]:55959 Accepted
[Sun Sep 21 20:05:53 2025] [::1]:55959 [200]: POST /receiver.php
[Sun Sep 21 20:05:53 2025] [::1]:55959 Closing
[Sun Sep 21 20:05:53 2025] [::1]:55960 Accepted
[Sun Sep 21 20:05:53 2025] [::1]:55960 [200]: GET /panel.php
[Sun Sep 21 20:05:53 2025] [::1]:55960 Closing
[Sun Sep 21 20:05:53 2025] [::1]:56973 Accepted
[Sun Sep 21 20:05:53 2025] [::1]:56973 [200]: POST /templates/microphone/handler.php
[Sun Sep 21 20:05:53 2025] [::1]:56973 Closing
[Sun Sep 21 20:05:55 2025] [::1]:56974 Accepted
[Sun Sep 21 20:05:55 2025] [::1]:56974 [200]: POST /receiver.php
[Sun Sep 21 20:05:55 2025] [::1]:56974 Closing
[Sun Sep 21 20:05:57 2025] [::1]:50273 Accepted
[Sun Sep 21 20:05:57 2025] [::1]:50273 [200]: POST /receiver.php
[Sun Sep 21 20:05:57 2025] [::1]:50273 Closing
[Sun Sep 21 20:05:58 2025] [::1]:62866 Accepted
[Sun Sep 21 20:06:00 2025] [::1]:51524 Accepted
[Sun Sep 21 20:06:00 2025] [::1]:62866 [200]: POST /templates/microphone/upload.php
[Sun Sep 21 20:06:00 2025] [::1]:62866 Closing
[Sun Sep 21 20:06:00 2025] [::1]:51524 [200]: POST /receiver.php
[Sun Sep 21 20:06:00 2025] [::1]:51524 Closing
[Sun Sep 21 20:06:01 2025] [::1]:53350 Accepted
[Sun Sep 21 20:06:01 2025] [::1]:53350 [200]: POST /receiver.php
[Sun Sep 21 20:06:01 2025] [::1]:53350 Closing
[Sun Sep 21 20:06:03 2025] [::1]:63494 Accepted
[Sun Sep 21 20:06:03 2025] [::1]:63494 [200]: POST /receiver.php
[Sun Sep 21 20:06:03 2025] [::1]:63494 Closing
[Sun Sep 21 20:06:05 2025] [::1]:62906 Accepted
[Sun Sep 21 20:06:05 2025] [::1]:62906 [200]: POST /receiver.php
[Sun Sep 21 20:06:05 2025] [::1]:62906 Closing
[Sun Sep 21 20:06:05 2025] [::1]:62907 Accepted
[Sun Sep 21 20:06:08 2025] [::1]:62907 [200]: POST /templates/microphone/upload.php
[Sun Sep 21 20:06:08 2025] [::1]:62907 Closing
[Sun Sep 21 20:06:08 2025] [::1]:53361 Accepted
[Sun Sep 21 20:06:08 2025] [::1]:53361 [200]: POST /receiver.php
[Sun Sep 21 20:06:08 2025] [::1]:53361 Closing
[Sun Sep 21 20:06:11 2025] [::1]:50677 Accepted
[Sun Sep 21 20:06:11 2025] [::1]:50677 [200]: POST /receiver.php
[Sun Sep 21 20:06:11 2025] [::1]:50677 Closing
[Sun Sep 21 20:06:11 2025] [::1]:50678 Accepted
[Sun Sep 21 20:06:11 2025] [::1]:50678 [200]: POST /receiver.php
[Sun Sep 21 20:06:11 2025] [::1]:50678 Closing
[Sun Sep 21 20:06:11 2025] [::1]:50679 Accepted
[Sun Sep 21 20:06:13 2025] [::1]:50679 [200]: POST /templates/microphone/upload.php
[Sun Sep 21 20:06:13 2025] [::1]:50679 Closing
[Sun Sep 21 20:06:13 2025] [::1]:59144 Accepted
[Sun Sep 21 20:06:13 2025] [::1]:59144 [200]: POST /receiver.php
[Sun Sep 21 20:06:13 2025] [::1]:59144 Closing
[Sun Sep 21 20:06:15 2025] [::1]:60880 Accepted
[Sun Sep 21 20:06:15 2025] [::1]:60880 [200]: POST /receiver.php
[Sun Sep 21 20:06:15 2025] [::1]:60880 Closing
[Sun Sep 21 20:06:16 2025] [::1]:58814 Accepted
[Sun Sep 21 20:06:18 2025] [::1]:59788 Accepted
[Sun Sep 21 20:06:18 2025] [::1]:59788 [200]: POST /receiver.php
[Sun Sep 21 20:06:18 2025] [::1]:59788 Closing
[Sun Sep 21 20:06:18 2025] [::1]:58814 [200]: POST /templates/microphone/upload.php
[Sun Sep 21 20:06:18 2025] [::1]:58814 Closing
[Sun Sep 21 20:06:19 2025] [::1]:59793 Accepted
[Sun Sep 21 20:06:19 2025] [::1]:59793 [200]: POST /receiver.php
[Sun Sep 21 20:06:19 2025] [::1]:59793 Closing
[Sun Sep 21 20:06:21 2025] [::1]:60947 Accepted
[Sun Sep 21 20:06:21 2025] [::1]:60947 [200]: POST /receiver.php
[Sun Sep 21 20:06:21 2025] [::1]:60947 Closing
[Sun Sep 21 20:06:22 2025] [::1]:60948 Accepted
[Sun Sep 21 20:06:22 2025] [::1]:60948 [200]: POST /receiver.php
[Sun Sep 21 20:06:22 2025] [::1]:60948 Closing
[Sun Sep 21 20:06:23 2025] [::1]:51086 Accepted
[Sun Sep 21 20:06:25 2025] [::1]:58530 Accepted
[Sun Sep 21 20:06:25 2025] [::1]:58530 [200]: POST /receiver.php
[Sun Sep 21 20:06:25 2025] [::1]:58530 Closing
[Sun Sep 21 20:06:25 2025] [::1]:51086 [200]: POST /templates/microphone/upload.php
[Sun Sep 21 20:06:25 2025] [::1]:51086 Closing
[Sun Sep 21 20:06:26 2025] [::1]:58531 Accepted
[Sun Sep 21 20:06:26 2025] [::1]:58531 [200]: POST /receiver.php
[Sun Sep 21 20:06:26 2025] [::1]:58531 Closing
[Sun Sep 21 20:06:28 2025] [::1]:53804 Accepted
[Sun Sep 21 20:06:28 2025] [::1]:53804 [200]: POST /receiver.php
[Sun Sep 21 20:06:28 2025] [::1]:53804 Closing
[Sun Sep 21 20:06:29 2025] [::1]:53812 Accepted
[Sun Sep 21 20:06:31 2025] [::1]:53812 [200]: POST /templates/microphone/upload.php
[Sun Sep 21 20:06:31 2025] [::1]:53812 Closing
[Sun Sep 21 20:06:31 2025] [::1]:60929 Accepted
[Sun Sep 21 20:06:31 2025] [::1]:60929 [200]: POST /receiver.php
[Sun Sep 21 20:06:31 2025] [::1]:60929 Closing
[Sun Sep 21 20:06:32 2025] [::1]:65102 Accepted
[Sun Sep 21 20:06:32 2025] [::1]:65102 [200]: POST /receiver.php
[Sun Sep 21 20:06:32 2025] [::1]:65102 Closing
[Sun Sep 21 20:06:34 2025] [::1]:57522 Accepted
[Sun Sep 21 20:06:34 2025] [::1]:57522 [200]: POST /receiver.php
[Sun Sep 21 20:06:34 2025] [::1]:57522 Closing
[Sun Sep 21 20:06:35 2025] [::1]:57523 Accepted
[Sun Sep 21 20:06:36 2025] [::1]:54678 Accepted
[Sun Sep 21 20:06:36 2025] [::1]:54678 [200]: POST /receiver.php
[Sun Sep 21 20:06:36 2025] [::1]:54678 Closing
[Sun Sep 21 20:06:36 2025] [::1]:57523 [200]: POST /templates/microphone/upload.php
[Sun Sep 21 20:06:36 2025] [::1]:57523 Closing
[Sun Sep 21 20:06:38 2025] [::1]:54681 Accepted
[Sun Sep 21 20:06:38 2025] [::1]:54681 [200]: POST /receiver.php
[Sun Sep 21 20:06:38 2025] [::1]:54681 Closing
[Sun Sep 21 20:06:40 2025] [::1]:52220 Accepted
[Sun Sep 21 20:06:40 2025] [::1]:52220 [200]: POST /receiver.php
[Sun Sep 21 20:06:40 2025] [::1]:52220 Closing
[Sun Sep 21 20:06:41 2025] [::1]:61356 Accepted
[Sun Sep 21 20:06:43 2025] [::1]:61356 [200]: POST /templates/microphone/upload.php
[Sun Sep 21 20:06:43 2025] [::1]:61356 Closing
[Sun Sep 21 20:06:43 2025] [::1]:54068 Accepted
[Sun Sep 21 20:06:43 2025] [::1]:54068 [200]: POST /receiver.php
[Sun Sep 21 20:06:43 2025] [::1]:54068 Closing
[Sun Sep 21 20:06:44 2025] [::1]:54069 Accepted
[Sun Sep 21 20:06:44 2025] [::1]:54069 [200]: POST /receiver.php
[Sun Sep 21 20:06:44 2025] [::1]:54069 Closing
[Sun Sep 21 20:06:46 2025] [::1]:59799 Accepted
[Sun Sep 21 20:06:46 2025] [::1]:59799 [200]: POST /receiver.php
[Sun Sep 21 20:06:46 2025] [::1]:59799 Closing
[Sun Sep 21 20:06:47 2025] [::1]:59800 Accepted
[Sun Sep 21 20:06:49 2025] [::1]:65293 Accepted
[Sun Sep 21 20:06:49 2025] [::1]:65293 [200]: POST /receiver.php
[Sun Sep 21 20:06:49 2025] [::1]:65293 Closing
[Sun Sep 21 20:06:49 2025] [::1]:59800 [200]: POST /templates/microphone/upload.php
[Sun Sep 21 20:06:49 2025] [::1]:59800 Closing
[Sun Sep 21 20:06:50 2025] [::1]:65294 Accepted
[Sun Sep 21 20:06:50 2025] [::1]:65294 [200]: POST /receiver.php
[Sun Sep 21 20:06:50 2025] [::1]:65294 Closing
[Sun Sep 21 20:06:52 2025] [::1]:64087 Accepted
[Sun Sep 21 20:06:52 2025] [::1]:64087 [200]: POST /receiver.php
[Sun Sep 21 20:06:52 2025] [::1]:64087 Closing
[Sun Sep 21 20:06:53 2025] [::1]:52417 Accepted
[Sun Sep 21 20:06:54 2025] [::1]:52417 [200]: POST /templates/microphone/upload.php
[Sun Sep 21 20:06:54 2025] [::1]:52417 Closing
[Sun Sep 21 20:06:54 2025] [::1]:62107 Accepted
[Sun Sep 21 20:06:54 2025] [::1]:62107 [200]: POST /receiver.php
[Sun Sep 21 20:06:54 2025] [::1]:62107 Closing
[Sun Sep 21 20:06:56 2025] [::1]:62108 Accepted
[Sun Sep 21 20:06:56 2025] [::1]:62108 [200]: POST /receiver.php
[Sun Sep 21 20:06:56 2025] [::1]:62108 Closing
[Sun Sep 21 20:06:58 2025] [::1]:60416 Accepted
[Sun Sep 21 20:06:58 2025] [::1]:60416 [200]: POST /receiver.php
[Sun Sep 21 20:06:58 2025] [::1]:60416 Closing
[Sun Sep 21 20:06:59 2025] [::1]:60417 Accepted
[Sun Sep 21 20:07:00 2025] [::1]:60417 [200]: POST /templates/microphone/upload.php
[Sun Sep 21 20:07:00 2025] [::1]:60417 Closing
[Sun Sep 21 20:07:00 2025] [::1]:50815 Accepted
[Sun Sep 21 20:07:00 2025] [::1]:50815 [200]: POST /receiver.php
[Sun Sep 21 20:07:00 2025] [::1]:50815 Closing
[Sun Sep 21 20:07:02 2025] [::1]:65282 Accepted
[Sun Sep 21 20:07:02 2025] [::1]:65282 [200]: POST /receiver.php
[Sun Sep 21 20:07:02 2025] [::1]:65282 Closing
[Sun Sep 21 20:07:04 2025] [::1]:60329 Accepted
[Sun Sep 21 20:07:04 2025] [::1]:60329 [200]: POST /receiver.php
[Sun Sep 21 20:07:04 2025] [::1]:60329 Closing
[Sun Sep 21 20:07:05 2025] [::1]:60330 Accepted
[Sun Sep 21 20:07:07 2025] [::1]:60330 [200]: POST /templates/microphone/upload.php
[Sun Sep 21 20:07:07 2025] [::1]:60330 Closing
[Sun Sep 21 20:07:07 2025] [::1]:49176 Accepted
[Sun Sep 21 20:07:07 2025] [::1]:49176 [200]: POST /receiver.php
[Sun Sep 21 20:07:07 2025] [::1]:49176 Closing
[Sun Sep 21 20:07:09 2025] [::1]:61374 Accepted
[Sun Sep 21 20:07:09 2025] [::1]:61374 [200]: POST /receiver.php
[Sun Sep 21 20:07:09 2025] [::1]:61374 Closing
[Sun Sep 21 20:07:10 2025] [::1]:65325 Accepted
[Sun Sep 21 20:07:13 2025] [::1]:57811 Accepted
[Sun Sep 21 20:07:13 2025] [::1]:57811 [200]: POST /receiver.php
[Sun Sep 21 20:07:13 2025] [::1]:57811 Closing
[Sun Sep 21 20:07:13 2025] [::1]:57812 Accepted
[Sun Sep 21 20:07:13 2025] [::1]:57812 [200]: POST /receiver.php
[Sun Sep 21 20:07:13 2025] [::1]:57812 Closing
[Sun Sep 21 20:07:13 2025] [::1]:65325 [200]: POST /templates/microphone/upload.php
[Sun Sep 21 20:07:13 2025] [::1]:65325 Closing
[Sun Sep 21 20:07:15 2025] [::1]:57813 Accepted
[Sun Sep 21 20:07:15 2025] [::1]:57813 [200]: POST /receiver.php
[Sun Sep 21 20:07:15 2025] [::1]:57813 Closing
[Sun Sep 21 20:07:17 2025] [::1]:52214 Accepted
[Sun Sep 21 20:07:17 2025] [::1]:52214 [200]: POST /receiver.php
[Sun Sep 21 20:07:17 2025] [::1]:52214 Closing
[Sun Sep 21 20:07:17 2025] [::1]:59736 Accepted
[Sun Sep 21 20:07:17 2025] [::1]:59736 [200]: GET /templates/microphone/index.html
[Sun Sep 21 20:07:17 2025] [::1]:59736 Closing
[Sun Sep 21 20:07:17 2025] [::1]:62415 Accepted
[Sun Sep 21 20:07:17 2025] [::1]:62414 Accepted
[Sun Sep 21 20:07:17 2025] [::1]:62415 [200]: GET /assets/js/loc.js
[Sun Sep 21 20:07:17 2025] [::1]:62413 Accepted
[Sun Sep 21 20:07:17 2025] [::1]:62414 [200]: GET /assets/js/recorder.js
[Sun Sep 21 20:07:17 2025] [::1]:62412 Accepted
[Sun Sep 21 20:07:17 2025] [::1]:62413 [200]: GET /assets/js/client.min.js
[Sun Sep 21 20:07:17 2025] [::1]:62416 Accepted
[Sun Sep 21 20:07:17 2025] [::1]:62412 [200]: GET /templates/microphone/js/_app.js
[Sun Sep 21 20:07:17 2025] [::1]:62415 Closing
[Sun Sep 21 20:07:17 2025] [::1]:62416 [200]: GET /assets/js/jquery.min.js
[Sun Sep 21 20:07:17 2025] [::1]:62414 Closing
[Sun Sep 21 20:07:17 2025] [::1]:62413 Closing
[Sun Sep 21 20:07:17 2025] [::1]:62412 Closing
[Sun Sep 21 20:07:17 2025] [::1]:62416 Closing
[Sun Sep 21 20:07:19 2025] [::1]:62422 Accepted
[Sun Sep 21 20:07:19 2025] [::1]:62422 [200]: POST /receiver.php
[Sun Sep 21 20:07:19 2025] [::1]:62422 Closing
[Sun Sep 21 20:07:19 2025] [::1]:64426 Accepted
[Sun Sep 21 20:07:19 2025] [::1]:64426 [302]: GET /favicon.ico
[Sun Sep 21 20:07:19 2025] [::1]:64426 Closing
[Sun Sep 21 20:07:19 2025] [::1]:64088 Accepted
[Sun Sep 21 20:07:19 2025] [::1]:64088 [200]: GET /panel.php
[Sun Sep 21 20:07:19 2025] [::1]:64088 Closing
[Sun Sep 21 20:07:20 2025] [::1]:64089 Accepted
[Sun Sep 21 20:07:20 2025] [::1]:64089 [200]: POST /templates/microphone/handler.php
[Sun Sep 21 20:07:20 2025] [::1]:64089 Closing
[Sun Sep 21 20:07:21 2025] [::1]:64090 Accepted
[Sun Sep 21 20:07:21 2025] [::1]:64090 [200]: POST /receiver.php
[Sun Sep 21 20:07:21 2025] [::1]:64090 Closing
[Sun Sep 21 20:07:23 2025] [::1]:61464 Accepted
[Sun Sep 21 20:07:23 2025] [::1]:61464 [200]: POST /receiver.php
[Sun Sep 21 20:07:23 2025] [::1]:61464 Closing
[Sun Sep 21 20:07:25 2025] [::1]:53001 Accepted
[Sun Sep 21 20:07:25 2025] [::1]:53001 [200]: POST /receiver.php
[Sun Sep 21 20:07:25 2025] [::1]:53001 Closing
[Sun Sep 21 20:07:25 2025] [::1]:53002 Accepted
[Sun Sep 21 20:07:28 2025] [::1]:53002 [200]: POST /templates/microphone/upload.php
[Sun Sep 21 20:07:28 2025] [::1]:53002 Closing
[Sun Sep 21 20:07:28 2025] [::1]:63807 Accepted
[Sun Sep 21 20:07:28 2025] [::1]:63807 [200]: POST /receiver.php
[Sun Sep 21 20:07:28 2025] [::1]:63807 Closing
[Sun Sep 21 20:07:29 2025] [::1]:60350 Accepted
[Sun Sep 21 20:07:29 2025] [::1]:60350 [200]: POST /receiver.php
[Sun Sep 21 20:07:29 2025] [::1]:60350 Closing
[Sun Sep 21 20:07:31 2025] [::1]:62137 Accepted
[Sun Sep 21 20:07:31 2025] [::1]:62137 [200]: POST /receiver.php
[Sun Sep 21 20:07:31 2025] [::1]:62137 Closing
[Sun Sep 21 20:07:31 2025] [::1]:62142 Accepted
[Sun Sep 21 20:07:37 2025] [::1]:62142 [200]: POST /templates/microphone/upload.php
[Sun Sep 21 20:07:37 2025] [::1]:62142 Closing
[Sun Sep 21 20:07:37 2025] [::1]:56674 Accepted
[Sun Sep 21 20:07:37 2025] [::1]:56673 Accepted
[Sun Sep 21 20:07:37 2025] [::1]:56674 [200]: POST /receiver.php
[Sun Sep 21 20:07:37 2025] [::1]:56674 Closing
[Sun Sep 21 20:07:37 2025] [::1]:56672 Accepted
[Sun Sep 21 20:07:37 2025] [::1]:56673 [200]: POST /receiver.php
[Sun Sep 21 20:07:37 2025] [::1]:56673 Closing
[Sun Sep 21 20:07:37 2025] [::1]:56672 [200]: POST /receiver.php
[Sun Sep 21 20:07:37 2025] [::1]:56672 Closing
[Sun Sep 21 20:07:38 2025] [::1]:56675 Accepted
[Sun Sep 21 20:07:44 2025] [::1]:59737 Accepted
[Sun Sep 21 20:07:44 2025] [::1]:59737 [200]: POST /receiver.php
[Sun Sep 21 20:07:44 2025] [::1]:59737 Closing
[Sun Sep 21 20:07:44 2025] [::1]:56675 [200]: POST /templates/microphone/upload.php
[Sun Sep 21 20:07:44 2025] [::1]:56675 Closing
[Sun Sep 21 20:07:44 2025] [::1]:59738 Accepted
[Sun Sep 21 20:07:44 2025] [::1]:59739 Accepted
[Sun Sep 21 20:07:44 2025] [::1]:59738 [200]: POST /receiver.php
[Sun Sep 21 20:07:44 2025] [::1]:59738 Closing
[Sun Sep 21 20:07:44 2025] [::1]:59740 Accepted
[Sun Sep 21 20:07:44 2025] [::1]:59739 [200]: POST /receiver.php
[Sun Sep 21 20:07:44 2025] [::1]:59739 Closing
[Sun Sep 21 20:07:53 2025] [::1]:54495 Accepted
[Sun Sep 21 20:07:53 2025] [::1]:54495 [200]: POST /receiver.php
[Sun Sep 21 20:07:53 2025] [::1]:54495 Closing
[Sun Sep 21 20:07:53 2025] [::1]:54497 Accepted
[Sun Sep 21 20:07:53 2025] [::1]:59740 [200]: POST /templates/microphone/upload.php
[Sun Sep 21 20:07:53 2025] [::1]:59740 Closing
[Sun Sep 21 20:07:53 2025] [::1]:54498 Accepted
[Sun Sep 21 20:07:53 2025] [::1]:54500 Accepted
[Sun Sep 21 20:07:53 2025] [::1]:54498 [200]: POST /receiver.php
[Sun Sep 21 20:07:53 2025] [::1]:54498 Closing
[Sun Sep 21 20:07:53 2025] [::1]:54500 [200]: POST /receiver.php
[Sun Sep 21 20:07:53 2025] [::1]:54500 Closing
[Sun Sep 21 20:07:59 2025] [::1]:59205 Accepted
[Sun Sep 21 20:07:59 2025] [::1]:59205 [200]: POST /receiver.php
[Sun Sep 21 20:07:59 2025] [::1]:59205 Closing
[Sun Sep 21 20:07:59 2025] [::1]:59206 Accepted
[Sun Sep 21 20:07:59 2025] [::1]:59206 [200]: POST /receiver.php
[Sun Sep 21 20:07:59 2025] [::1]:59206 Closing
[Sun Sep 21 20:07:59 2025] [::1]:59208 Accepted
[Sun Sep 21 20:07:59 2025] [::1]:59207 Accepted
[Sun Sep 21 20:07:59 2025] [::1]:59208 [200]: POST /receiver.php
[Sun Sep 21 20:07:59 2025] [::1]:59208 Closing
[Sun Sep 21 20:07:59 2025] [::1]:54497 [200]: POST /templates/microphone/upload.php
[Sun Sep 21 20:07:59 2025] [::1]:54497 Closing
[Sun Sep 21 20:08:02 2025] [::1]:51581 Accepted
[Sun Sep 21 20:08:02 2025] [::1]:51581 [200]: POST /receiver.php
[Sun Sep 21 20:08:02 2025] [::1]:51581 Closing
[Sun Sep 21 20:08:03 2025] [::1]:53531 Accepted
[Sun Sep 21 20:08:03 2025] [::1]:53531 [200]: POST /receiver.php
[Sun Sep 21 20:08:03 2025] [::1]:53531 Closing
[Sun Sep 21 20:08:04 2025] [::1]:53532 Accepted
[Sun Sep 21 20:08:04 2025] [::1]:53533 Accepted
[Sun Sep 21 20:08:04 2025] [::1]:53532 [200]: POST /receiver.php
[Sun Sep 21 20:08:04 2025] [::1]:53532 Closing
[Sun Sep 21 20:08:04 2025] [::1]:59207 [200]: POST /templates/microphone/upload.php
[Sun Sep 21 20:08:04 2025] [::1]:59207 Closing
[Sun Sep 21 20:08:05 2025] [::1]:53534 Accepted
[Sun Sep 21 20:08:05 2025] [::1]:53534 [200]: POST /receiver.php
[Sun Sep 21 20:08:05 2025] [::1]:53534 Closing
[Sun Sep 21 20:08:06 2025] [::1]:55679 Accepted
[Sun Sep 21 20:08:06 2025] [::1]:55679 [200]: POST /receiver.php
[Sun Sep 21 20:08:06 2025] [::1]:55679 Closing
[Sun Sep 21 20:08:06 2025] [::1]:55680 Accepted
[Sun Sep 21 20:08:06 2025] [::1]:55680 [200]: POST /receiver.php
[Sun Sep 21 20:08:06 2025] [::1]:55680 Closing
[Sun Sep 21 20:08:06 2025] [::1]:53533 [200]: POST /templates/microphone/upload.php
[Sun Sep 21 20:08:06 2025] [::1]:53533 Closing
[Sun Sep 21 20:08:08 2025] [::1]:53101 Accepted
[Sun Sep 21 20:08:11 2025] [::1]:53101 [200]: POST /templates/microphone/upload.php
[Sun Sep 21 20:08:11 2025] [::1]:53101 Closing
[Sun Sep 21 20:08:11 2025] [::1]:59114 Accepted
[Sun Sep 21 20:08:11 2025] [::1]:59115 Accepted
[Sun Sep 21 20:08:11 2025] [::1]:59114 [200]: POST /receiver.php
[Sun Sep 21 20:08:11 2025] [::1]:59114 Closing
[Sun Sep 21 20:08:11 2025] [::1]:59115 [200]: POST /receiver.php
[Sun Sep 21 20:08:11 2025] [::1]:59115 Closing
[Sun Sep 21 20:08:12 2025] [::1]:59116 Accepted
[Sun Sep 21 20:08:12 2025] [::1]:59116 [200]: POST /receiver.php
[Sun Sep 21 20:08:12 2025] [::1]:59116 Closing
[Sun Sep 21 20:08:14 2025] [::1]:56798 Accepted
[Sun Sep 21 20:08:17 2025] [::1]:56798 [200]: POST /templates/microphone/upload.php
[Sun Sep 21 20:08:17 2025] [::1]:56798 Closing
[Sun Sep 21 20:08:17 2025] [::1]:65466 Accepted
[Sun Sep 21 20:08:17 2025] [::1]:65467 Accepted
[Sun Sep 21 20:08:17 2025] [::1]:65466 [200]: POST /receiver.php
[Sun Sep 21 20:08:17 2025] [::1]:65466 Closing
[Sun Sep 21 20:08:17 2025] [::1]:65467 [200]: POST /receiver.php
[Sun Sep 21 20:08:17 2025] [::1]:65467 Closing
[Sun Sep 21 20:08:18 2025] [::1]:65469 Accepted
[Sun Sep 21 20:08:18 2025] [::1]:65469 [200]: POST /receiver.php
[Sun Sep 21 20:08:18 2025] [::1]:65469 Closing
[Sun Sep 21 20:08:20 2025] [::1]:61986 Accepted
[Sun Sep 21 20:08:22 2025] [::1]:61986 [200]: POST /templates/microphone/upload.php
[Sun Sep 21 20:08:22 2025] [::1]:61986 Closing
[Sun Sep 21 20:08:22 2025] [::1]:64606 Accepted
[Sun Sep 21 20:08:22 2025] [::1]:64607 Accepted
[Sun Sep 21 20:08:22 2025] [::1]:64606 [200]: POST /receiver.php
[Sun Sep 21 20:08:22 2025] [::1]:64606 Closing
[Sun Sep 21 20:08:22 2025] [::1]:64607 [200]: POST /receiver.php
[Sun Sep 21 20:08:22 2025] [::1]:64607 Closing
[Sun Sep 21 20:08:25 2025] [::1]:62496 Accepted
[Sun Sep 21 20:08:25 2025] [::1]:62496 [200]: POST /receiver.php
[Sun Sep 21 20:08:25 2025] [::1]:62496 Closing
[Sun Sep 21 20:08:25 2025] [::1]:62497 Accepted
[Sun Sep 21 20:08:31 2025] [::1]:62497 [200]: POST /templates/microphone/upload.php
[Sun Sep 21 20:08:31 2025] [::1]:62497 Closing
[Sun Sep 21 20:08:31 2025] [::1]:65272 Accepted
[Sun Sep 21 20:08:31 2025] [::1]:65272 [200]: POST /receiver.php
[Sun Sep 21 20:08:31 2025] [::1]:65272 Closing
[Sun Sep 21 20:08:31 2025] [::1]:65275 Accepted
[Sun Sep 21 20:08:31 2025] [::1]:65273 Accepted
[Sun Sep 21 20:08:31 2025] [::1]:65274 Accepted
[Sun Sep 21 20:08:31 2025] [::1]:65274 [200]: GET /templates/microphone/index.html
[Sun Sep 21 20:08:31 2025] [::1]:65275 [200]: POST /receiver.php
[Sun Sep 21 20:08:31 2025] [::1]:65275 Closing
[Sun Sep 21 20:08:31 2025] [::1]:65273 [200]: POST /receiver.php
[Sun Sep 21 20:08:31 2025] [::1]:65273 Closing
[Sun Sep 21 20:08:31 2025] [::1]:65274 Closing
[Sun Sep 21 20:08:31 2025] [::1]:65276 Accepted
[Sun Sep 21 20:08:39 2025] [::1]:65276 [200]: POST /templates/microphone/upload.php
[Sun Sep 21 20:08:39 2025] [::1]:65276 Closing
[Sun Sep 21 20:08:39 2025] [::1]:52640 Accepted
[Sun Sep 21 20:08:39 2025] [::1]:52638 Accepted
[Sun Sep 21 20:08:39 2025] [::1]:52640 [200]: POST /receiver.php
[Sun Sep 21 20:08:39 2025] [::1]:52640 Closing
[Sun Sep 21 20:08:39 2025] [::1]:52639 Accepted
[Sun Sep 21 20:08:39 2025] [::1]:52638 [200]: GET /templates/microphone/js/_app.js
[Sun Sep 21 20:08:39 2025] [::1]:52642 Accepted
[Sun Sep 21 20:08:39 2025] [::1]:52639 [200]: GET /assets/js/jquery.min.js
[Sun Sep 21 20:08:39 2025] [::1]:52641 Accepted
[Sun Sep 21 20:08:39 2025] [::1]:52642 [200]: POST /receiver.php
[Sun Sep 21 20:08:39 2025] [::1]:52642 Closing
[Sun Sep 21 20:08:39 2025] [::1]:52643 Accepted
[Sun Sep 21 20:08:39 2025] [::1]:52641 [200]: GET /assets/js/loc.js
[Sun Sep 21 20:08:39 2025] [::1]:52638 Closing
[Sun Sep 21 20:08:39 2025] [::1]:52644 Accepted
[Sun Sep 21 20:08:39 2025] [::1]:52643 [200]: GET /assets/js/client.min.js
[Sun Sep 21 20:08:39 2025] [::1]:52639 Closing
[Sun Sep 21 20:08:39 2025] [::1]:52644 [200]: GET /assets/js/recorder.js
[Sun Sep 21 20:08:39 2025] [::1]:52641 Closing
[Sun Sep 21 20:08:39 2025] [::1]:52643 Closing
[Sun Sep 21 20:08:39 2025] [::1]:52644 Closing
[Sun Sep 21 20:08:39 2025] [::1]:52645 Accepted
[Sun Sep 21 20:08:39 2025] [::1]:52645 [200]: POST /receiver.php
[Sun Sep 21 20:08:39 2025] [::1]:52645 Closing
[Sun Sep 21 20:08:39 2025] [::1]:52646 Accepted
[Sun Sep 21 20:08:39 2025] [::1]:52646 [200]: POST /receiver.php
[Sun Sep 21 20:08:39 2025] [::1]:52646 Closing
[Sun Sep 21 20:08:41 2025] [::1]:62539 Accepted
[Sun Sep 21 20:08:41 2025] [::1]:62539 [200]: POST /receiver.php
[Sun Sep 21 20:08:41 2025] [::1]:62539 Closing
[Sun Sep 21 20:08:42 2025] [::1]:62540 Accepted
[Sun Sep 21 20:08:42 2025] [::1]:62540 [200]: POST /receiver.php
[Sun Sep 21 20:08:42 2025] [::1]:62540 Closing
[Sun Sep 21 20:08:43 2025] [::1]:61743 Accepted
[Sun Sep 21 20:08:43 2025] [::1]:61743 [302]: GET /favicon.ico
[Sun Sep 21 20:08:43 2025] [::1]:61743 Closing
[Sun Sep 21 20:08:43 2025] [::1]:61744 Accepted
[Sun Sep 21 20:08:43 2025] [::1]:61744 [200]: GET /panel.php
[Sun Sep 21 20:08:43 2025] [::1]:61744 Closing
[Sun Sep 21 20:08:43 2025] [::1]:61745 Accepted
[Sun Sep 21 20:08:43 2025] [::1]:61745 [200]: POST /templates/microphone/handler.php
[Sun Sep 21 20:08:43 2025] [::1]:61745 Closing
[Sun Sep 21 20:08:44 2025] [::1]:61746 Accepted
[Sun Sep 21 20:08:44 2025] [::1]:61746 [200]: POST /receiver.php
[Sun Sep 21 20:08:44 2025] [::1]:61746 Closing
[Sun Sep 21 20:08:46 2025] [::1]:62096 Accepted
[Sun Sep 21 20:08:46 2025] [::1]:62096 [200]: POST /receiver.php
[Sun Sep 21 20:08:46 2025] [::1]:62096 Closing
[Sun Sep 21 20:08:49 2025] [::1]:59862 Accepted
[Sun Sep 21 20:08:49 2025] [::1]:59862 [200]: POST /receiver.php
[Sun Sep 21 20:08:49 2025] [::1]:59862 Closing
[Sun Sep 21 20:08:49 2025] [::1]:59863 Accepted
[Sun Sep 21 20:08:51 2025] [::1]:59863 [200]: POST /templates/microphone/upload.php
[Sun Sep 21 20:08:51 2025] [::1]:59863 Closing
[Sun Sep 21 20:08:51 2025] [::1]:52559 Accepted
[Sun Sep 21 20:08:51 2025] [::1]:52559 [200]: POST /receiver.php
[Sun Sep 21 20:08:51 2025] [::1]:52559 Closing
[Sun Sep 21 20:08:52 2025] [::1]:62786 Accepted
[Sun Sep 21 20:08:52 2025] [::1]:62786 [200]: POST /receiver.php
[Sun Sep 21 20:08:52 2025] [::1]:62786 Closing
[Sun Sep 21 20:08:54 2025] [::1]:59936 Accepted
[Sun Sep 21 20:08:54 2025] [::1]:59936 [200]: POST /receiver.php
[Sun Sep 21 20:08:54 2025] [::1]:59936 Closing
[Sun Sep 21 20:08:56 2025] [::1]:59937 Accepted
[Sun Sep 21 20:08:56 2025] [::1]:50787 Accepted
[Sun Sep 21 20:08:57 2025] [::1]:50787 [200]: POST /receiver.php
[Sun Sep 21 20:08:57 2025] [::1]:50787 Closing
[Sun Sep 21 20:08:58 2025] [::1]:57631 Accepted
[Sun Sep 21 20:08:58 2025] [::1]:57631 [200]: POST /receiver.php
[Sun Sep 21 20:08:58 2025] [::1]:57631 Closing
[Sun Sep 21 20:08:59 2025] [::1]:59937 [200]: POST /templates/microphone/upload.php
[Sun Sep 21 20:08:59 2025] [::1]:59937 Closing
[Sun Sep 21 20:09:00 2025] [::1]:57632 Accepted
[Sun Sep 21 20:09:00 2025] [::1]:57632 [200]: POST /receiver.php
[Sun Sep 21 20:09:00 2025] [::1]:57632 Closing
[Sun Sep 21 20:09:02 2025] [::1]:59492 Accepted
[Sun Sep 21 20:09:03 2025] [::1]:65531 Accepted
[Sun Sep 21 20:09:03 2025] [::1]:65531 [200]: POST /receiver.php
[Sun Sep 21 20:09:03 2025] [::1]:65531 Closing
[Sun Sep 21 20:09:05 2025] [::1]:59492 [200]: POST /templates/microphone/upload.php
[Sun Sep 21 20:09:05 2025] [::1]:59492 Closing
[Sun Sep 21 20:09:05 2025] [::1]:65532 Accepted
[Sun Sep 21 20:09:05 2025] [::1]:65532 [200]: POST /receiver.php
[Sun Sep 21 20:09:05 2025] [::1]:65532 Closing
[Sun Sep 21 20:09:06 2025] [::1]:55662 Accepted
[Sun Sep 21 20:09:06 2025] [::1]:55662 [200]: POST /receiver.php
[Sun Sep 21 20:09:06 2025] [::1]:55662 Closing
[Sun Sep 21 20:09:08 2025] [::1]:62055 Accepted
[Sun Sep 21 20:09:09 2025] [::1]:59915 Accepted
[Sun Sep 21 20:09:10 2025] [::1]:59915 [200]: POST /receiver.php
[Sun Sep 21 20:09:10 2025] [::1]:59915 Closing
[Sun Sep 21 20:09:11 2025] [::1]:62055 [200]: POST /templates/microphone/upload.php
[Sun Sep 21 20:09:11 2025] [::1]:62055 Closing
[Sun Sep 21 20:09:11 2025] [::1]:59916 Accepted
[Sun Sep 21 20:09:11 2025] [::1]:59916 [200]: POST /receiver.php
[Sun Sep 21 20:09:11 2025] [::1]:59916 Closing
[Sun Sep 21 20:09:12 2025] [::1]:50688 Accepted
[Sun Sep 21 20:09:12 2025] [::1]:50688 [200]: POST /receiver.php
[Sun Sep 21 20:09:12 2025] [::1]:50688 Closing
[Sun Sep 21 20:09:14 2025] [::1]:50689 Accepted
[Sun Sep 21 20:09:16 2025] [::1]:51958 Accepted
[Sun Sep 21 20:09:16 2025] [::1]:51958 [200]: POST /receiver.php
[Sun Sep 21 20:09:16 2025] [::1]:51958 Closing
[Sun Sep 21 20:09:17 2025] [::1]:51959 Accepted
[Sun Sep 21 20:09:17 2025] [::1]:51959 [200]: POST /receiver.php
[Sun Sep 21 20:09:17 2025] [::1]:51959 Closing
[Sun Sep 21 20:09:18 2025] [::1]:50689 [200]: POST /templates/microphone/upload.php
[Sun Sep 21 20:09:18 2025] [::1]:50689 Closing
[Sun Sep 21 20:09:18 2025] [::1]:51960 Accepted
[Sun Sep 21 20:09:18 2025] [::1]:51960 [200]: POST /receiver.php
[Sun Sep 21 20:09:18 2025] [::1]:51960 Closing
[Sun Sep 21 20:09:20 2025] [::1]:59361 Accepted
[Sun Sep 21 20:09:23 2025] [::1]:58141 Accepted
[Sun Sep 21 20:09:23 2025] [::1]:58141 [200]: POST /receiver.php
[Sun Sep 21 20:09:23 2025] [::1]:58141 Closing
[Sun Sep 21 20:09:26 2025] [::1]:59361 [200]: POST /templates/microphone/upload.php
[Sun Sep 21 20:09:26 2025] [::1]:59361 Closing
[Sun Sep 21 20:09:26 2025] [::1]:59717 Accepted
[Sun Sep 21 20:09:26 2025] [::1]:59718 Accepted
[Sun Sep 21 20:09:26 2025] [::1]:59718 [200]: POST /receiver.php
[Sun Sep 21 20:09:26 2025] [::1]:59718 Closing
[Sun Sep 21 20:09:27 2025] [::1]:59719 Accepted
[Sun Sep 21 20:09:27 2025] [::1]:59719 [200]: POST /receiver.php
[Sun Sep 21 20:09:27 2025] [::1]:59719 Closing
[Sun Sep 21 20:09:30 2025] [::1]:62615 Accepted
[Sun Sep 21 20:09:30 2025] [::1]:62615 [200]: POST /receiver.php
[Sun Sep 21 20:09:30 2025] [::1]:62615 Closing
[Sun Sep 21 20:09:31 2025] [::1]:62616 Accepted
[Sun Sep 21 20:09:32 2025] [::1]:62616 [200]: POST /receiver.php
[Sun Sep 21 20:09:32 2025] [::1]:62616 Closing
[Sun Sep 21 20:09:35 2025] [::1]:59717 [200]: POST /templates/microphone/upload.php
[Sun Sep 21 20:09:35 2025] [::1]:59717 Closing
[Sun Sep 21 20:09:35 2025] [::1]:62836 Accepted
[Sun Sep 21 20:09:35 2025] [::1]:62837 Accepted
[Sun Sep 21 20:09:35 2025] [::1]:62837 [200]: POST /receiver.php
[Sun Sep 21 20:09:35 2025] [::1]:62837 Closing
[Sun Sep 21 20:09:39 2025] [::1]:60252 Accepted
[Sun Sep 21 20:09:40 2025] [::1]:60252 [200]: POST /receiver.php
[Sun Sep 21 20:09:40 2025] [::1]:60252 Closing
[Sun Sep 21 20:09:40 2025] [::1]:62836 Invalid request (Unexpected EOF)
[Sun Sep 21 20:09:40 2025] [::1]:62836 Closing
[Sun Sep 21 20:09:40 2025] [::1]:62192 Accepted
[Sun Sep 21 20:09:40 2025] [::1]:62191 Accepted
[Sun Sep 21 20:09:40 2025] [::1]:62190 Accepted
[Sun Sep 21 20:09:40 2025] [::1]:62192 [200]: POST /receiver.php
[Sun Sep 21 20:09:40 2025] [::1]:62192 Closing
[Sun Sep 21 20:09:40 2025] [::1]:62191 [200]: POST /receiver.php
[Sun Sep 21 20:09:40 2025] [::1]:62191 Closing
[Sun Sep 21 20:09:40 2025] [::1]:62190 [200]: POST /receiver.php
[Sun Sep 21 20:09:40 2025] [::1]:62190 Closing
[Sun Sep 21 20:09:40 2025] [::1]:62193 Accepted
[Sun Sep 21 20:09:40 2025] [::1]:62193 [200]: POST /receiver.php
[Sun Sep 21 20:09:40 2025] [::1]:62193 Closing
[Sun Sep 21 20:09:42 2025] [::1]:62194 Accepted
[Sun Sep 21 20:09:42 2025] [::1]:62194 [200]: POST /receiver.php
[Sun Sep 21 20:09:42 2025] [::1]:62194 Closing
[Sun Sep 21 20:09:44 2025] [::1]:54408 Accepted
[Sun Sep 21 20:09:44 2025] [::1]:54408 [200]: POST /receiver.php
[Sun Sep 21 20:09:44 2025] [::1]:54408 Closing
[Sun Sep 21 20:09:59 2025] [::1]:60214 Accepted
[Sun Sep 21 20:09:59 2025] [::1]:60214 [200]: POST /login.php
[Sun Sep 21 20:09:59 2025] [::1]:60214 Closing
[Sun Sep 21 20:09:59 2025] [::1]:50392 Accepted
[Sun Sep 21 20:09:59 2025] [::1]:51549 Accepted
[Sun Sep 21 20:09:59 2025] [::1]:50392 [200]: GET /assets/css/bootstrap.min.css
[Sun Sep 21 20:09:59 2025] [::1]:50392 Closing
[Sun Sep 21 20:09:59 2025] [::1]:51549 [200]: GET /assets/css/style.css
[Sun Sep 21 20:09:59 2025] [::1]:51549 Closing
[Sun Sep 21 20:09:59 2025] [::1]:54650 Accepted
[Sun Sep 21 20:09:59 2025] [::1]:54650 [302]: GET /.well-known/appspecific/com.chrome.devtools.json
[Sun Sep 21 20:09:59 2025] [::1]:54650 Closing
[Sun Sep 21 20:09:59 2025] [::1]:49700 Accepted
[Sun Sep 21 20:09:59 2025] [::1]:49700 [200]: GET /panel.php
[Sun Sep 21 20:09:59 2025] [::1]:49700 Closing
[Sun Sep 21 20:09:59 2025] [::1]:61455 Accepted
[Sun Sep 21 20:09:59 2025] [::1]:61455 [302]: GET /.well-known/appspecific/panel.php
[Sun Sep 21 20:09:59 2025] [::1]:61455 Closing
[Sun Sep 21 20:09:59 2025] [::1]:52280 Accepted
[Sun Sep 21 20:09:59 2025] [::1]:52280 [200]: GET /assets/css/bootstrap.min.css
[Sun Sep 21 20:09:59 2025] [::1]:52280 Closing
[Sun Sep 21 20:09:59 2025] [::1]:55757 Accepted
[Sun Sep 21 20:09:59 2025] [::1]:63562 Accepted
[Sun Sep 21 20:09:59 2025] [::1]:57522 Accepted
[Sun Sep 21 20:09:59 2025] [::1]:55757 [200]: GET /assets/css/light-theme.min.css
[Sun Sep 21 20:09:59 2025] [::1]:63562 [200]: GET /assets/js/jquery.min.js
[Sun Sep 21 20:09:59 2025] [::1]:57522 [200]: GET /assets/js/script.js
[Sun Sep 21 20:09:59 2025] [::1]:55757 Closing
[Sun Sep 21 20:09:59 2025] [::1]:63562 Closing
[Sun Sep 21 20:09:59 2025] [::1]:57522 Closing
[Sun Sep 21 20:09:59 2025] [::1]:61646 Accepted
[Sun Sep 21 20:09:59 2025] [::1]:61646 [200]: GET /assets/js/sweetalert2.min.js
[Sun Sep 21 20:09:59 2025] [::1]:61646 Closing
[Sun Sep 21 20:09:59 2025] [::1]:61094 Accepted
[Sun Sep 21 20:09:59 2025] [::1]:62814 Accepted
[Sun Sep 21 20:09:59 2025] [::1]:61094 [200]: GET /assets/js/growl-notification.min.js
[Sun Sep 21 20:09:59 2025] [::1]:62814 [302]: GET /.well-known/appspecific/panel.php
[Sun Sep 21 20:09:59 2025] [::1]:62814 Closing
[Sun Sep 21 20:09:59 2025] [::1]:61094 Closing
[Sun Sep 21 20:09:59 2025] [::1]:63666 Accepted
[Sun Sep 21 20:09:59 2025] [::1]:63666 [302]: GET /.well-known/appspecific/panel.php
[Sun Sep 21 20:09:59 2025] [::1]:63666 Closing
[Sun Sep 21 20:09:59 2025] [::1]:65402 Accepted
[Sun Sep 21 20:09:59 2025] [::1]:65402 [302]: GET /.well-known/appspecific/panel.php
[Sun Sep 21 20:09:59 2025] [::1]:65402 Closing
[Sun Sep 21 20:09:59 2025] [::1]:49834 Accepted
[Sun Sep 21 20:09:59 2025] [::1]:49834 [302]: GET /.well-known/appspecific/panel.php
[Sun Sep 21 20:09:59 2025] [::1]:49834 Closing
[Sun Sep 21 20:09:59 2025] [::1]:52722 Accepted
[Sun Sep 21 20:09:59 2025] [::1]:52722 [302]: GET /.well-known/appspecific/panel.php
[Sun Sep 21 20:09:59 2025] [::1]:52722 Closing
[Sun Sep 21 20:09:59 2025] [::1]:57135 Accepted
[Sun Sep 21 20:09:59 2025] [::1]:57135 [302]: GET /.well-known/appspecific/panel.php
[Sun Sep 21 20:09:59 2025] [::1]:57135 Closing
[Sun Sep 21 20:09:59 2025] [::1]:60365 Accepted
[Sun Sep 21 20:09:59 2025] [::1]:60365 [302]: GET /.well-known/appspecific/panel.php
[Sun Sep 21 20:09:59 2025] [::1]:60365 Closing
[Sun Sep 21 20:09:59 2025] [::1]:53180 Accepted
[Sun Sep 21 20:09:59 2025] [::1]:53180 [302]: GET /.well-known/appspecific/panel.php
[Sun Sep 21 20:09:59 2025] [::1]:53180 Closing
[Sun Sep 21 20:09:59 2025] [::1]:50194 Accepted
[Sun Sep 21 20:09:59 2025] [::1]:50194 [302]: GET /.well-known/appspecific/panel.php
[Sun Sep 21 20:09:59 2025] [::1]:50194 Closing
[Sun Sep 21 20:09:59 2025] [::1]:65293 Accepted
[Sun Sep 21 20:09:59 2025] [::1]:65293 [200]: GET /Settings.json
[Sun Sep 21 20:09:59 2025] [::1]:65293 Closing
[Sun Sep 21 20:09:59 2025] [::1]:55461 Accepted
[Sun Sep 21 20:09:59 2025] [::1]:50767 Accepted
[Sun Sep 21 20:09:59 2025] [::1]:55461 [200]: POST /list_templates.php
[Sun Sep 21 20:09:59 2025] [::1]:55461 Closing
[Sun Sep 21 20:09:59 2025] [::1]:50767 [302]: GET /.well-known/appspecific/panel.php
[Sun Sep 21 20:09:59 2025] [::1]:50767 Closing
[Sun Sep 21 20:09:59 2025] [::1]:58210 Accepted
[Sun Sep 21 20:09:59 2025] [::1]:58210 [302]: GET /favicon.ico
[Sun Sep 21 20:09:59 2025] [::1]:58210 Closing
[Sun Sep 21 20:09:59 2025] [::1]:54286 Accepted
[Sun Sep 21 20:09:59 2025] [::1]:54286 [302]: GET /.well-known/appspecific/panel.php
[Sun Sep 21 20:09:59 2025] [::1]:54286 Closing
[Sun Sep 21 20:09:59 2025] [::1]:53369 Accepted
[Sun Sep 21 20:09:59 2025] [::1]:53369 [200]: GET /panel.php
[Sun Sep 21 20:09:59 2025] [::1]:53369 Closing
[Sun Sep 21 20:09:59 2025] [::1]:53688 Accepted
[Sun Sep 21 20:09:59 2025] [::1]:53688 [302]: GET /.well-known/appspecific/panel.php
[Sun Sep 21 20:09:59 2025] [::1]:53688 Closing
[Sun Sep 21 20:09:59 2025] [::1]:63883 Accepted
[Sun Sep 21 20:09:59 2025] [::1]:63883 [302]: GET /.well-known/appspecific/panel.php
[Sun Sep 21 20:09:59 2025] [::1]:63883 Closing
[Sun Sep 21 20:09:59 2025] [::1]:61515 Accepted
[Sun Sep 21 20:09:59 2025] [::1]:61515 [302]: GET /.well-known/appspecific/panel.php
[Sun Sep 21 20:09:59 2025] [::1]:61515 Closing
[Sun Sep 21 20:09:59 2025] [::1]:64107 Accepted
[Sun Sep 21 20:09:59 2025] [::1]:64107 [302]: GET /.well-known/appspecific/panel.php
[Sun Sep 21 20:09:59 2025] [::1]:64107 Closing
[Sun Sep 21 20:09:59 2025] [::1]:62623 Accepted
[Sun Sep 21 20:09:59 2025] [::1]:62623 [302]: GET /.well-known/appspecific/panel.php
[Sun Sep 21 20:09:59 2025] [::1]:62623 Closing
[Sun Sep 21 20:09:59 2025] [::1]:49508 Accepted
[Sun Sep 21 20:09:59 2025] [::1]:49508 [302]: GET /.well-known/appspecific/panel.php
[Sun Sep 21 20:09:59 2025] [::1]:49508 Closing
[Sun Sep 21 20:09:59 2025] [::1]:60847 Accepted
[Sun Sep 21 20:09:59 2025] [::1]:60847 [302]: GET /.well-known/appspecific/panel.php
[Sun Sep 21 20:09:59 2025] [::1]:60847 Closing
[Sun Sep 21 20:09:59 2025] [::1]:63361 Accepted
[Sun Sep 21 20:09:59 2025] [::1]:63361 [302]: GET /.well-known/appspecific/panel.php
[Sun Sep 21 20:09:59 2025] [::1]:63361 Closing
[Sun Sep 21 20:09:59 2025] [::1]:56903 Accepted
[Sun Sep 21 20:09:59 2025] [::1]:56903 [302]: GET /.well-known/appspecific/com.chrome.devtools.json
[Sun Sep 21 20:09:59 2025] [::1]:56903 Closing
[Sun Sep 21 20:09:59 2025] [::1]:53527 Accepted
[Sun Sep 21 20:09:59 2025] [::1]:53527 [302]: GET /.well-known/appspecific/panel.php
[Sun Sep 21 20:09:59 2025] [::1]:53527 Closing
[Sun Sep 21 20:09:59 2025] [::1]:63225 Accepted
[Sun Sep 21 20:09:59 2025] [::1]:63225 [302]: GET /.well-known/appspecific/panel.php
[Sun Sep 21 20:09:59 2025] [::1]:63225 Closing
[Sun Sep 21 20:09:59 2025] [::1]:61377 Accepted
[Sun Sep 21 20:09:59 2025] [::1]:61377 [302]: GET /.well-known/appspecific/panel.php
[Sun Sep 21 20:09:59 2025] [::1]:61377 Closing
[Sun Sep 21 20:09:59 2025] [::1]:50609 Accepted
[Sun Sep 21 20:09:59 2025] [::1]:50609 [302]: GET /.well-known/appspecific/panel.php
[Sun Sep 21 20:09:59 2025] [::1]:50609 Closing
[Sun Sep 21 20:09:59 2025] [::1]:61645 Accepted
[Sun Sep 21 20:09:59 2025] [::1]:61645 [302]: GET /.well-known/appspecific/panel.php
[Sun Sep 21 20:09:59 2025] [::1]:61645 Closing
[Sun Sep 21 20:09:59 2025] [::1]:59549 Accepted
[Sun Sep 21 20:09:59 2025] [::1]:59549 [302]: GET /.well-known/appspecific/panel.php
[Sun Sep 21 20:09:59 2025] [::1]:59549 Closing
[Sun Sep 21 20:09:59 2025] [::1]:61845 Accepted
[Sun Sep 21 20:09:59 2025] [::1]:61845 [302]: GET /.well-known/appspecific/panel.php
[Sun Sep 21 20:09:59 2025] [::1]:61845 Closing
[Sun Sep 21 20:09:59 2025] [::1]:53212 Accepted
[Sun Sep 21 20:09:59 2025] [::1]:53212 [302]: GET /.well-known/appspecific/panel.php
[Sun Sep 21 20:09:59 2025] [::1]:53212 Closing
[Sun Sep 21 20:09:59 2025] [::1]:56987 Accepted
[Sun Sep 21 20:09:59 2025] [::1]:56987 [302]: GET /.well-known/appspecific/panel.php
[Sun Sep 21 20:09:59 2025] [::1]:56987 Closing
[Sun Sep 21 20:09:59 2025] [::1]:62623 Accepted
[Sun Sep 21 20:09:59 2025] [::1]:62623 [302]: GET /.well-known/appspecific/panel.php
[Sun Sep 21 20:09:59 2025] [::1]:62623 Closing
[Sun Sep 21 20:09:59 2025] [::1]:62972 Accepted
[Sun Sep 21 20:09:59 2025] [::1]:62972 [302]: GET /.well-known/appspecific/panel.php
[Sun Sep 21 20:09:59 2025] [::1]:62972 Closing
[Sun Sep 21 20:09:59 2025] [::1]:59600 Accepted
[Sun Sep 21 20:09:59 2025] [::1]:59600 [302]: GET /.well-known/appspecific/panel.php
[Sun Sep 21 20:09:59 2025] [::1]:59600 Closing
[Sun Sep 21 20:09:59 2025] [::1]:56725 Accepted
[Sun Sep 21 20:09:59 2025] [::1]:56725 [302]: GET /.well-known/appspecific/panel.php
[Sun Sep 21 20:09:59 2025] [::1]:56725 Closing
[Sun Sep 21 20:09:59 2025] [::1]:64708 Accepted
[Sun Sep 21 20:09:59 2025] [::1]:64708 [302]: GET /.well-known/appspecific/panel.php
[Sun Sep 21 20:09:59 2025] [::1]:64708 Closing
[Sun Sep 21 20:09:59 2025] [::1]:58249 Accepted
[Sun Sep 21 20:09:59 2025] [::1]:58249 [302]: GET /.well-known/appspecific/panel.php
[Sun Sep 21 20:09:59 2025] [::1]:58249 Closing
[Sun Sep 21 20:09:59 2025] [::1]:65300 Accepted
[Sun Sep 21 20:09:59 2025] [::1]:65300 [302]: GET /.well-known/appspecific/panel.php
[Sun Sep 21 20:09:59 2025] [::1]:65300 Closing
[Sun Sep 21 20:09:59 2025] [::1]:60940 Accepted
[Sun Sep 21 20:09:59 2025] [::1]:60940 [302]: GET /.well-known/appspecific/panel.php
[Sun Sep 21 20:09:59 2025] [::1]:60940 Closing
[Sun Sep 21 20:09:59 2025] [::1]:54506 Accepted
[Sun Sep 21 20:09:59 2025] [::1]:54506 [302]: GET /.well-known/appspecific/panel.php
[Sun Sep 21 20:09:59 2025] [::1]:54506 Closing
[Sun Sep 21 20:09:59 2025] [::1]:51488 Accepted
[Sun Sep 21 20:09:59 2025] [::1]:51488 [302]: GET /.well-known/appspecific/panel.php
[Sun Sep 21 20:09:59 2025] [::1]:51488 Closing
[Sun Sep 21 20:09:59 2025] [::1]:59857 Accepted
[Sun Sep 21 20:09:59 2025] [::1]:59857 [302]: GET /.well-known/appspecific/panel.php
[Sun Sep 21 20:09:59 2025] [::1]:59857 Closing
[Sun Sep 21 20:10:02 2025] [::1]:60277 Accepted
[Sun Sep 21 20:10:02 2025] [::1]:60277 [200]: POST /receiver.php
[Sun Sep 21 20:10:02 2025] [::1]:60277 Closing
[Sun Sep 21 20:10:04 2025] [::1]:62625 Accepted
[Sun Sep 21 20:10:04 2025] [::1]:62625 [200]: POST /receiver.php
[Sun Sep 21 20:10:04 2025] [::1]:62625 Closing
[Sun Sep 21 20:10:05 2025] [::1]:51231 Accepted
[Sun Sep 21 20:10:05 2025] [::1]:51231 [200]: GET /templates/nearyou/index.html
[Sun Sep 21 20:10:05 2025] [::1]:51231 Closing
[Sun Sep 21 20:10:05 2025] [::1]:58652 Accepted
[Sun Sep 21 20:10:05 2025] [::1]:60474 Accepted
[Sun Sep 21 20:10:05 2025] [::1]:58652 [200]: GET /templates/nearyou/fonts.css
[Sun Sep 21 20:10:05 2025] [::1]:58652 Closing
[Sun Sep 21 20:10:05 2025] [::1]:60474 [200]: GET /templates/nearyou/main.css
[Sun Sep 21 20:10:05 2025] [::1]:60474 Closing
[Sun Sep 21 20:10:05 2025] [::1]:61088 Accepted
[Sun Sep 21 20:10:05 2025] [::1]:58048 Accepted
[Sun Sep 21 20:10:05 2025] [::1]:61088 [200]: GET /assets/js/particles.min.js
[Sun Sep 21 20:10:05 2025] [::1]:61088 Closing
[Sun Sep 21 20:10:05 2025] [::1]:58048 [200]: GET /assets/js/jquery.min.js
[Sun Sep 21 20:10:05 2025] [::1]:58048 Closing
[Sun Sep 21 20:10:05 2025] [::1]:57723 Accepted
[Sun Sep 21 20:10:05 2025] [::1]:57723 [200]: GET /assets/js/location.js
[Sun Sep 21 20:10:05 2025] [::1]:57723 Closing
[Sun Sep 21 20:10:05 2025] [::1]:64320 Accepted
[Sun Sep 21 20:10:05 2025] [::1]:58379 Accepted
[Sun Sep 21 20:10:05 2025] [::1]:62388 Accepted
[Sun Sep 21 20:10:05 2025] [::1]:64320 [200]: GET /assets/js/client.min.js
[Sun Sep 21 20:10:05 2025] [::1]:58379 [200]: GET /assets/js/loc.js
[Sun Sep 21 20:10:05 2025] [::1]:62388 [200]: GET /assets/js/warpspeed.min.js
[Sun Sep 21 20:10:05 2025] [::1]:64320 Closing
[Sun Sep 21 20:10:05 2025] [::1]:58379 Closing
[Sun Sep 21 20:10:05 2025] [::1]:62388 Closing
[Sun Sep 21 20:10:05 2025] [::1]:63666 Accepted
[Sun Sep 21 20:10:05 2025] [::1]:63666 [200]: GET /templates/nearyou/flat-location-logo-152-234349.png
[Sun Sep 21 20:10:05 2025] [::1]:63666 Closing
[Sun Sep 21 20:10:06 2025] [::1]:54705 Accepted
[Sun Sep 21 20:10:06 2025] [::1]:54705 [200]: POST /templates/nearyou/handler.php
[Sun Sep 21 20:10:06 2025] [::1]:54705 Closing
[Sun Sep 21 20:10:06 2025] [::1]:56737 Accepted
[Sun Sep 21 20:10:06 2025] [::1]:56737 [200]: POST /receiver.php
[Sun Sep 21 20:10:06 2025] [::1]:56737 Closing
[Sun Sep 21 20:10:08 2025] [::1]:60591 Accepted
[Sun Sep 21 20:10:08 2025] [::1]:60591 [200]: POST /receiver.php
[Sun Sep 21 20:10:08 2025] [::1]:60591 Closing
[Sun Sep 21 20:10:10 2025] [::1]:58502 Accepted
[Sun Sep 21 20:10:10 2025] [::1]:58502 [200]: POST /receiver.php
[Sun Sep 21 20:10:10 2025] [::1]:58502 Closing
[Sun Sep 21 20:10:12 2025] [::1]:59160 Accepted
[Sun Sep 21 20:10:12 2025] [::1]:59160 [200]: POST /receiver.php
[Sun Sep 21 20:10:12 2025] [::1]:59160 Closing
[Sun Sep 21 20:10:14 2025] [::1]:58984 Accepted
[Sun Sep 21 20:10:14 2025] [::1]:58984 [200]: POST /receiver.php
[Sun Sep 21 20:10:14 2025] [::1]:58984 Closing
[Sun Sep 21 20:10:16 2025] [::1]:54487 Accepted
[Sun Sep 21 20:10:16 2025] [::1]:54487 [200]: POST /receiver.php
[Sun Sep 21 20:10:16 2025] [::1]:54487 Closing
[Sun Sep 21 20:10:18 2025] [::1]:49842 Accepted
[Sun Sep 21 20:10:18 2025] [::1]:49842 [200]: POST /receiver.php
[Sun Sep 21 20:10:18 2025] [::1]:49842 Closing
[Sun Sep 21 20:10:20 2025] [::1]:60562 Accepted
[Sun Sep 21 20:10:20 2025] [::1]:60562 [200]: POST /receiver.php
[Sun Sep 21 20:10:20 2025] [::1]:60562 Closing
[Sun Sep 21 20:10:22 2025] [::1]:61223 Accepted
[Sun Sep 21 20:10:22 2025] [::1]:61223 [200]: POST /templates/nearyou/handler.php
[Sun Sep 21 20:10:22 2025] [::1]:61223 Closing
[Sun Sep 21 20:10:22 2025] [::1]:52438 Accepted
[Sun Sep 21 20:10:22 2025] [::1]:52438 [200]: POST /receiver.php
[Sun Sep 21 20:10:22 2025] [::1]:52438 Closing
[Sun Sep 21 20:10:24 2025] [::1]:52639 Accepted
[Sun Sep 21 20:10:24 2025] [::1]:52639 [200]: POST /receiver.php
[Sun Sep 21 20:10:24 2025] [::1]:52639 Closing
[Sun Sep 21 20:10:26 2025] [::1]:60216 Accepted
[Sun Sep 21 20:10:26 2025] [::1]:60216 [200]: POST /receiver.php
[Sun Sep 21 20:10:26 2025] [::1]:60216 Closing
[Sun Sep 21 20:10:28 2025] [::1]:52268 Accepted
[Sun Sep 21 20:10:28 2025] [::1]:52268 [200]: POST /receiver.php
[Sun Sep 21 20:10:28 2025] [::1]:52268 Closing
[Sun Sep 21 20:10:30 2025] [::1]:61647 Accepted
[Sun Sep 21 20:10:30 2025] [::1]:61647 [200]: POST /receiver.php
[Sun Sep 21 20:10:30 2025] [::1]:61647 Closing
[Sun Sep 21 20:10:31 2025] [::1]:61006 Accepted
[Sun Sep 21 20:10:31 2025] [::1]:61006 [200]: POST /templates/nearyou/handler.php
[Sun Sep 21 20:10:31 2025] [::1]:61006 Closing
[Sun Sep 21 20:10:32 2025] [::1]:58507 Accepted
[Sun Sep 21 20:10:32 2025] [::1]:58507 [200]: POST /receiver.php
[Sun Sep 21 20:10:32 2025] [::1]:58507 Closing
[Sun Sep 21 20:10:34 2025] [::1]:62153 Accepted
[Sun Sep 21 20:10:34 2025] [::1]:62153 [200]: POST /receiver.php
[Sun Sep 21 20:10:34 2025] [::1]:62153 Closing
[Sun Sep 21 20:10:36 2025] [::1]:61664 Accepted
[Sun Sep 21 20:10:36 2025] [::1]:61664 [200]: POST /receiver.php
[Sun Sep 21 20:10:36 2025] [::1]:61664 Closing
[Sun Sep 21 20:10:38 2025] [::1]:53200 Accepted
[Sun Sep 21 20:10:38 2025] [::1]:53200 [200]: POST /receiver.php
[Sun Sep 21 20:10:38 2025] [::1]:53200 Closing
[Sun Sep 21 20:10:40 2025] [::1]:58674 Accepted
[Sun Sep 21 20:10:40 2025] [::1]:58674 [200]: POST /receiver.php
[Sun Sep 21 20:10:40 2025] [::1]:58674 Closing
[Sun Sep 21 20:10:42 2025] [::1]:57823 Accepted
[Sun Sep 21 20:10:42 2025] [::1]:57823 [200]: POST /receiver.php
[Sun Sep 21 20:10:42 2025] [::1]:57823 Closing
[Sun Sep 21 20:10:44 2025] [::1]:57603 Accepted
[Sun Sep 21 20:10:44 2025] [::1]:57603 [200]: POST /receiver.php
[Sun Sep 21 20:10:44 2025] [::1]:57603 Closing
[Sun Sep 21 20:10:46 2025] [::1]:52624 Accepted
[Sun Sep 21 20:10:46 2025] [::1]:52624 [200]: POST /receiver.php
[Sun Sep 21 20:10:46 2025] [::1]:52624 Closing
[Sun Sep 21 20:10:48 2025] [::1]:59326 Accepted
[Sun Sep 21 20:10:48 2025] [::1]:59326 [200]: POST /receiver.php
[Sun Sep 21 20:10:48 2025] [::1]:59326 Closing
[Sun Sep 21 20:10:50 2025] [::1]:64529 Accepted
[Sun Sep 21 20:10:50 2025] [::1]:64529 [200]: POST /receiver.php
[Sun Sep 21 20:10:50 2025] [::1]:64529 Closing
[Sun Sep 21 20:10:52 2025] [::1]:63825 Accepted
[Sun Sep 21 20:10:52 2025] [::1]:63825 [200]: POST /receiver.php
[Sun Sep 21 20:10:52 2025] [::1]:63825 Closing
[Sun Sep 21 20:10:54 2025] [::1]:49243 Accepted
[Sun Sep 21 20:10:54 2025] [::1]:49243 [200]: POST /receiver.php
[Sun Sep 21 20:10:54 2025] [::1]:49243 Closing
[Sun Sep 21 20:10:56 2025] [::1]:64190 Accepted
[Sun Sep 21 20:10:56 2025] [::1]:64190 [200]: POST /receiver.php
[Sun Sep 21 20:10:56 2025] [::1]:64190 Closing
[Sun Sep 21 20:10:58 2025] [::1]:50529 Accepted
[Sun Sep 21 20:10:58 2025] [::1]:50529 [200]: POST /receiver.php
[Sun Sep 21 20:10:58 2025] [::1]:50529 Closing
[Sun Sep 21 20:11:00 2025] [::1]:58584 Accepted
[Sun Sep 21 20:11:00 2025] [::1]:58584 [200]: POST /receiver.php
[Sun Sep 21 20:11:00 2025] [::1]:58584 Closing
[Sun Sep 21 20:11:02 2025] [::1]:61541 Accepted
[Sun Sep 21 20:11:02 2025] [::1]:61541 [200]: POST /receiver.php
[Sun Sep 21 20:11:02 2025] [::1]:61541 Closing
[Sun Sep 21 20:11:04 2025] [::1]:55744 Accepted
[Sun Sep 21 20:11:04 2025] [::1]:55744 [200]: POST /receiver.php
[Sun Sep 21 20:11:04 2025] [::1]:55744 Closing
[Sun Sep 21 20:11:06 2025] [::1]:54790 Accepted
[Sun Sep 21 20:11:06 2025] [::1]:54790 [200]: POST /receiver.php
[Sun Sep 21 20:11:06 2025] [::1]:54790 Closing
[Sun Sep 21 20:11:08 2025] [::1]:61505 Accepted
[Sun Sep 21 20:11:08 2025] [::1]:61505 [200]: POST /receiver.php
[Sun Sep 21 20:11:08 2025] [::1]:61505 Closing
[Sun Sep 21 20:11:10 2025] [::1]:51665 Accepted
[Sun Sep 21 20:11:10 2025] [::1]:51665 [200]: POST /receiver.php
[Sun Sep 21 20:11:10 2025] [::1]:51665 Closing
[Sun Sep 21 20:11:12 2025] [::1]:53196 Accepted
[Sun Sep 21 20:11:12 2025] [::1]:53196 [200]: POST /receiver.php
[Sun Sep 21 20:11:12 2025] [::1]:53196 Closing
[Sun Sep 21 20:11:14 2025] [::1]:54180 Accepted
[Sun Sep 21 20:11:14 2025] [::1]:54180 [200]: POST /receiver.php
[Sun Sep 21 20:11:14 2025] [::1]:54180 Closing
[Sun Sep 21 20:11:16 2025] [::1]:59058 Accepted
[Sun Sep 21 20:11:16 2025] [::1]:59058 [200]: POST /receiver.php
[Sun Sep 21 20:11:16 2025] [::1]:59058 Closing
[Sun Sep 21 20:11:18 2025] [::1]:56369 Accepted
[Sun Sep 21 20:11:18 2025] [::1]:56369 [200]: POST /receiver.php
[Sun Sep 21 20:11:18 2025] [::1]:56369 Closing
[Sun Sep 21 20:11:20 2025] [::1]:53555 Accepted
[Sun Sep 21 20:11:20 2025] [::1]:53555 [200]: POST /receiver.php
[Sun Sep 21 20:11:20 2025] [::1]:53555 Closing
[Sun Sep 21 20:11:22 2025] [::1]:55796 Accepted
[Sun Sep 21 20:11:22 2025] [::1]:55796 [200]: POST /receiver.php
[Sun Sep 21 20:11:22 2025] [::1]:55796 Closing
[Sun Sep 21 20:11:24 2025] [::1]:49763 Accepted
[Sun Sep 21 20:11:24 2025] [::1]:49763 [200]: POST /receiver.php
[Sun Sep 21 20:11:24 2025] [::1]:49763 Closing
[Sun Sep 21 20:11:26 2025] [::1]:62348 Accepted
[Sun Sep 21 20:11:26 2025] [::1]:62348 [200]: POST /receiver.php
[Sun Sep 21 20:11:26 2025] [::1]:62348 Closing
[Sun Sep 21 20:11:28 2025] [::1]:51429 Accepted
[Sun Sep 21 20:11:28 2025] [::1]:51429 [200]: POST /receiver.php
[Sun Sep 21 20:11:28 2025] [::1]:51429 Closing
[Sun Sep 21 20:11:30 2025] [::1]:50442 Accepted
[Sun Sep 21 20:11:30 2025] [::1]:50442 [200]: GET /templates/normal_data/index.html
[Sun Sep 21 20:11:30 2025] [::1]:50442 Closing
[Sun Sep 21 20:11:30 2025] [::1]:56959 Accepted
[Sun Sep 21 20:11:30 2025] [::1]:56959 [200]: GET /assets/js/client.min.js
[Sun Sep 21 20:11:30 2025] [::1]:56959 Closing
[Sun Sep 21 20:11:30 2025] [::1]:52875 Accepted
[Sun Sep 21 20:11:30 2025] [::1]:49175 Accepted
[Sun Sep 21 20:11:30 2025] [::1]:52875 [200]: GET /assets/js/jquery.min.js
[Sun Sep 21 20:11:30 2025] [::1]:49175 [200]: GET /assets/js/loc.js
[Sun Sep 21 20:11:30 2025] [::1]:52875 Closing
[Sun Sep 21 20:11:30 2025] [::1]:49175 Closing
[Sun Sep 21 20:11:30 2025] [::1]:53118 Accepted
[Sun Sep 21 20:11:30 2025] [::1]:53118 [200]: POST /receiver.php
[Sun Sep 21 20:11:30 2025] [::1]:53118 Closing
[Sun Sep 21 20:11:32 2025] [::1]:53270 Accepted
[Sun Sep 21 20:11:32 2025] [::1]:53270 [200]: GET /templates/normal_data/favicon1.ico
[Sun Sep 21 20:11:32 2025] [::1]:53270 Closing
[Sun Sep 21 20:11:32 2025] [::1]:51773 Accepted
[Sun Sep 21 20:11:32 2025] [::1]:51773 [200]: POST /templates/normal_data/handler.php
[Sun Sep 21 20:11:32 2025] [::1]:51773 Closing
[Sun Sep 21 20:11:32 2025] [::1]:63203 Accepted
[Sun Sep 21 20:11:32 2025] [::1]:63203 [200]: POST /receiver.php
[Sun Sep 21 20:11:32 2025] [::1]:63203 Closing
[Sun Sep 21 20:11:34 2025] [::1]:65323 Accepted
[Sun Sep 21 20:11:34 2025] [::1]:65323 [200]: POST /receiver.php
[Sun Sep 21 20:11:34 2025] [::1]:65323 Closing
[Sun Sep 21 20:11:36 2025] [::1]:64566 Accepted
[Sun Sep 21 20:11:36 2025] [::1]:64566 [200]: POST /receiver.php
[Sun Sep 21 20:11:36 2025] [::1]:64566 Closing
[Sun Sep 21 20:11:38 2025] [::1]:56184 Accepted
[Sun Sep 21 20:11:38 2025] [::1]:56184 [200]: POST /receiver.php
[Sun Sep 21 20:11:38 2025] [::1]:56184 Closing
[Sun Sep 21 20:11:40 2025] [::1]:50903 Accepted
[Sun Sep 21 20:11:40 2025] [::1]:50903 [200]: POST /receiver.php
[Sun Sep 21 20:11:40 2025] [::1]:50903 Closing
[Sun Sep 21 20:11:42 2025] [::1]:50454 Accepted
[Sun Sep 21 20:11:42 2025] [::1]:50454 [200]: POST /receiver.php
[Sun Sep 21 20:11:42 2025] [::1]:50454 Closing
[Sun Sep 21 20:11:44 2025] [::1]:57950 Accepted
[Sun Sep 21 20:11:44 2025] [::1]:57950 [200]: POST /receiver.php
[Sun Sep 21 20:11:44 2025] [::1]:57950 Closing
[Sun Sep 21 20:11:46 2025] [::1]:58427 Accepted
[Sun Sep 21 20:11:46 2025] [::1]:58427 [200]: POST /receiver.php
[Sun Sep 21 20:11:46 2025] [::1]:58427 Closing
[Sun Sep 21 20:11:48 2025] [::1]:63317 Accepted
[Sun Sep 21 20:11:48 2025] [::1]:63317 [200]: POST /receiver.php
[Sun Sep 21 20:11:48 2025] [::1]:63317 Closing
[Sun Sep 21 20:11:50 2025] [::1]:59585 Accepted
[Sun Sep 21 20:11:50 2025] [::1]:59585 [200]: POST /receiver.php
[Sun Sep 21 20:11:50 2025] [::1]:59585 Closing
[Sun Sep 21 20:11:52 2025] [::1]:54642 Accepted
[Sun Sep 21 20:11:52 2025] [::1]:54642 [200]: POST /receiver.php
[Sun Sep 21 20:11:52 2025] [::1]:54642 Closing
[Sun Sep 21 20:11:54 2025] [::1]:64258 Accepted
[Sun Sep 21 20:11:54 2025] [::1]:64258 [200]: POST /receiver.php
[Sun Sep 21 20:11:54 2025] [::1]:64258 Closing
[Sun Sep 21 20:11:56 2025] [::1]:54440 Accepted
[Sun Sep 21 20:11:56 2025] [::1]:54440 [200]: POST /receiver.php
[Sun Sep 21 20:11:56 2025] [::1]:54440 Closing
[Sun Sep 21 20:11:58 2025] [::1]:63067 Accepted
[Sun Sep 21 20:11:58 2025] [::1]:63067 [200]: POST /receiver.php
[Sun Sep 21 20:11:58 2025] [::1]:63067 Closing
[Sun Sep 21 20:12:00 2025] [::1]:52743 Accepted
[Sun Sep 21 20:12:00 2025] [::1]:52743 [200]: POST /receiver.php
[Sun Sep 21 20:12:00 2025] [::1]:52743 Closing
[Sun Sep 21 20:12:02 2025] [::1]:49308 Accepted
[Sun Sep 21 20:12:02 2025] [::1]:49308 [200]: POST /receiver.php
[Sun Sep 21 20:12:02 2025] [::1]:49308 Closing
[Sun Sep 21 20:12:04 2025] [::1]:56521 Accepted
[Sun Sep 21 20:12:04 2025] [::1]:56521 [200]: POST /receiver.php
[Sun Sep 21 20:12:04 2025] [::1]:56521 Closing
[Sun Sep 21 20:12:06 2025] [::1]:61411 Accepted
[Sun Sep 21 20:12:06 2025] [::1]:61411 [200]: POST /receiver.php
[Sun Sep 21 20:12:06 2025] [::1]:61411 Closing
[Sun Sep 21 20:12:08 2025] [::1]:59691 Accepted
[Sun Sep 21 20:12:08 2025] [::1]:59691 [200]: POST /receiver.php
[Sun Sep 21 20:12:08 2025] [::1]:59691 Closing
[Sun Sep 21 20:12:10 2025] [::1]:63074 Accepted
[Sun Sep 21 20:12:10 2025] [::1]:63074 [200]: POST /receiver.php
[Sun Sep 21 20:12:10 2025] [::1]:63074 Closing
[Sun Sep 21 20:12:12 2025] [::1]:62965 Accepted
[Sun Sep 21 20:12:12 2025] [::1]:62965 [200]: POST /receiver.php
[Sun Sep 21 20:12:12 2025] [::1]:62965 Closing
[Sun Sep 21 20:12:14 2025] [::1]:51302 Accepted
[Sun Sep 21 20:12:14 2025] [::1]:51302 [200]: POST /receiver.php
[Sun Sep 21 20:12:14 2025] [::1]:51302 Closing
[Sun Sep 21 20:12:16 2025] [::1]:60015 Accepted
[Sun Sep 21 20:12:16 2025] [::1]:60015 [200]: POST /receiver.php
[Sun Sep 21 20:12:16 2025] [::1]:60015 Closing
[Sun Sep 21 20:12:18 2025] [::1]:50398 Accepted
[Sun Sep 21 20:12:18 2025] [::1]:50398 [200]: POST /receiver.php
[Sun Sep 21 20:12:18 2025] [::1]:50398 Closing
[Sun Sep 21 20:12:20 2025] [::1]:61167 Accepted
[Sun Sep 21 20:12:20 2025] [::1]:61167 [200]: POST /receiver.php
[Sun Sep 21 20:12:20 2025] [::1]:61167 Closing
[Sun Sep 21 20:12:22 2025] [::1]:58394 Accepted
[Sun Sep 21 20:12:22 2025] [::1]:58394 [200]: GET /templates/weather/index.html
[Sun Sep 21 20:12:22 2025] [::1]:58394 Closing
[Sun Sep 21 20:12:22 2025] [::1]:54847 Accepted
[Sun Sep 21 20:12:22 2025] [::1]:62403 Accepted
[Sun Sep 21 20:12:22 2025] [::1]:54847 [200]: GET /assets/js/client.min.js
[Sun Sep 21 20:12:22 2025] [::1]:54847 Closing
[Sun Sep 21 20:12:22 2025] [::1]:62403 [200]: GET /assets/js/feather.min.js
[Sun Sep 21 20:12:22 2025] [::1]:62403 Closing
[Sun Sep 21 20:12:22 2025] [::1]:63981 Accepted
[Sun Sep 21 20:12:22 2025] [::1]:55716 Accepted
[Sun Sep 21 20:12:22 2025] [::1]:63981 [200]: GET /assets/js/jquery.min.js
[Sun Sep 21 20:12:22 2025] [::1]:55716 [200]: GET /assets/js/location.js
[Sun Sep 21 20:12:22 2025] [::1]:63981 Closing
[Sun Sep 21 20:12:22 2025] [::1]:55716 Closing
[Sun Sep 21 20:12:22 2025] [::1]:62282 Accepted
[Sun Sep 21 20:12:22 2025] [::1]:62282 [200]: GET /assets/js/loc.js
[Sun Sep 21 20:12:22 2025] [::1]:62282 Closing
[Sun Sep 21 20:12:22 2025] [::1]:56753 Accepted
[Sun Sep 21 20:12:22 2025] [::1]:56753 [200]: POST /templates/weather/handler.php
[Sun Sep 21 20:12:22 2025] [::1]:56753 Closing
[Sun Sep 21 20:12:22 2025] [::1]:55000 Accepted
[Sun Sep 21 20:12:22 2025] [::1]:55000 [200]: POST /receiver.php
[Sun Sep 21 20:12:22 2025] [::1]:55000 Closing
[Sun Sep 21 20:12:23 2025] [::1]:62951 Accepted
[Sun Sep 21 20:12:23 2025] [::1]:62951 [302]: GET /favicon.ico
[Sun Sep 21 20:12:23 2025] [::1]:62951 Closing
[Sun Sep 21 20:12:23 2025] [::1]:58715 Accepted
[Sun Sep 21 20:12:23 2025] [::1]:58715 [200]: GET /panel.php
[Sun Sep 21 20:12:23 2025] [::1]:58715 Closing
[Sun Sep 21 20:12:24 2025] [::1]:55963 Accepted
[Sun Sep 21 20:12:24 2025] [::1]:55963 [200]: POST /receiver.php
[Sun Sep 21 20:12:24 2025] [::1]:55963 Closing
[Sun Sep 21 20:12:26 2025] [::1]:59324 Accepted
[Sun Sep 21 20:12:26 2025] [::1]:59324 [200]: POST /receiver.php
[Sun Sep 21 20:12:26 2025] [::1]:59324 Closing
[Sun Sep 21 20:12:28 2025] [::1]:63476 Accepted
[Sun Sep 21 20:12:28 2025] [::1]:63476 [200]: POST /receiver.php
[Sun Sep 21 20:12:28 2025] [::1]:63476 Closing
[Sun Sep 21 20:12:30 2025] [::1]:58532 Accepted
[Sun Sep 21 20:12:30 2025] [::1]:58532 [200]: POST /receiver.php
[Sun Sep 21 20:12:30 2025] [::1]:58532 Closing
[Sun Sep 21 20:12:32 2025] [::1]:54397 Accepted
[Sun Sep 21 20:12:32 2025] [::1]:54397 [200]: POST /receiver.php
[Sun Sep 21 20:12:32 2025] [::1]:54397 Closing
[Sun Sep 21 20:12:34 2025] [::1]:60671 Accepted
[Sun Sep 21 20:12:34 2025] [::1]:60671 [200]: POST /receiver.php
[Sun Sep 21 20:12:34 2025] [::1]:60671 Closing
[Sun Sep 21 20:12:36 2025] [::1]:56886 Accepted
[Sun Sep 21 20:12:36 2025] [::1]:56886 [200]: POST /receiver.php
[Sun Sep 21 20:12:36 2025] [::1]:56886 Closing
[Sun Sep 21 20:12:38 2025] [::1]:57309 Accepted
[Sun Sep 21 20:12:38 2025] [::1]:57309 [200]: POST /receiver.php
[Sun Sep 21 20:12:38 2025] [::1]:57309 Closing
[Sun Sep 21 20:12:40 2025] [::1]:51671 Accepted
[Sun Sep 21 20:12:40 2025] [::1]:51671 [200]: POST /receiver.php
[Sun Sep 21 20:12:40 2025] [::1]:51671 Closing
[Sun Sep 21 20:12:41 2025] [::1]:63198 Accepted
[Sun Sep 21 20:12:41 2025] [::1]:63198 [200]: POST /templates/weather/handler.php
[Sun Sep 21 20:12:41 2025] [::1]:63198 Closing
[Sun Sep 21 20:12:42 2025] [::1]:52878 Accepted
[Sun Sep 21 20:12:42 2025] [::1]:52878 [200]: POST /receiver.php
[Sun Sep 21 20:12:42 2025] [::1]:52878 Closing
[Sun Sep 21 20:12:44 2025] [::1]:63062 Accepted
[Sun Sep 21 20:12:44 2025] [::1]:63062 [200]: POST /receiver.php
[Sun Sep 21 20:12:44 2025] [::1]:63062 Closing
[Sun Sep 21 20:12:46 2025] [::1]:62594 Accepted
[Sun Sep 21 20:12:46 2025] [::1]:62594 [200]: POST /receiver.php
[Sun Sep 21 20:12:46 2025] [::1]:62594 Closing
[Sun Sep 21 20:12:48 2025] [::1]:60412 Accepted
[Sun Sep 21 20:12:48 2025] [::1]:60412 [200]: POST /receiver.php
[Sun Sep 21 20:12:48 2025] [::1]:60412 Closing
[Sun Sep 21 20:12:50 2025] [::1]:63469 Accepted
[Sun Sep 21 20:12:50 2025] [::1]:63469 [200]: POST /receiver.php
[Sun Sep 21 20:12:50 2025] [::1]:63469 Closing
[Sun Sep 21 20:12:52 2025] [::1]:53286 Accepted
[Sun Sep 21 20:12:52 2025] [::1]:53286 [200]: POST /receiver.php
[Sun Sep 21 20:12:52 2025] [::1]:53286 Closing
[Sun Sep 21 20:12:54 2025] [::1]:56409 Accepted
[Sun Sep 21 20:12:54 2025] [::1]:56409 [200]: POST /receiver.php
[Sun Sep 21 20:12:54 2025] [::1]:56409 Closing
[Sun Sep 21 20:12:56 2025] [::1]:51151 Accepted
[Sun Sep 21 20:12:56 2025] [::1]:51151 [200]: POST /receiver.php
[Sun Sep 21 20:12:56 2025] [::1]:51151 Closing
[Sun Sep 21 20:12:58 2025] [::1]:62957 Accepted
[Sun Sep 21 20:12:58 2025] [::1]:62957 [200]: POST /receiver.php
[Sun Sep 21 20:12:58 2025] [::1]:62957 Closing
[Sun Sep 21 20:13:00 2025] [::1]:65141 Accepted
[Sun Sep 21 20:13:00 2025] [::1]:65141 [200]: POST /receiver.php
[Sun Sep 21 20:13:00 2025] [::1]:65141 Closing
[Sun Sep 21 20:13:02 2025] [::1]:57228 Accepted
[Sun Sep 21 20:13:02 2025] [::1]:57228 [200]: POST /receiver.php
[Sun Sep 21 20:13:02 2025] [::1]:57228 Closing
[Sun Sep 21 20:13:04 2025] [::1]:57333 Accepted
[Sun Sep 21 20:13:04 2025] [::1]:57333 [200]: POST /receiver.php
[Sun Sep 21 20:13:04 2025] [::1]:57333 Closing
[Sun Sep 21 20:13:06 2025] [::1]:49247 Accepted
[Sun Sep 21 20:13:06 2025] [::1]:49247 [200]: POST /receiver.php
[Sun Sep 21 20:13:06 2025] [::1]:49247 Closing
[Sun Sep 21 20:13:08 2025] [::1]:59314 Accepted
[Sun Sep 21 20:13:08 2025] [::1]:59314 [200]: POST /receiver.php
[Sun Sep 21 20:13:08 2025] [::1]:59314 Closing
[Sun Sep 21 20:13:10 2025] [::1]:60289 Accepted
[Sun Sep 21 20:13:10 2025] [::1]:60289 [200]: POST /receiver.php
[Sun Sep 21 20:13:10 2025] [::1]:60289 Closing
[Sun Sep 21 20:13:12 2025] [::1]:57168 Accepted
[Sun Sep 21 20:13:12 2025] [::1]:57168 [200]: POST /receiver.php
[Sun Sep 21 20:13:12 2025] [::1]:57168 Closing
[Sun Sep 21 20:13:14 2025] [::1]:51088 Accepted
[Sun Sep 21 20:13:14 2025] [::1]:51088 [200]: POST /receiver.php
[Sun Sep 21 20:13:14 2025] [::1]:51088 Closing
[Sun Sep 21 20:13:16 2025] [::1]:59880 Accepted
[Sun Sep 21 20:13:16 2025] [::1]:59880 [200]: POST /receiver.php
[Sun Sep 21 20:13:16 2025] [::1]:59880 Closing
[Sun Sep 21 20:13:18 2025] [::1]:55264 Accepted
[Sun Sep 21 20:13:18 2025] [::1]:55264 [200]: POST /receiver.php
[Sun Sep 21 20:13:18 2025] [::1]:55264 Closing
[Sun Sep 21 20:13:20 2025] [::1]:55395 Accepted
[Sun Sep 21 20:13:20 2025] [::1]:55395 [200]: POST /receiver.php
[Sun Sep 21 20:13:20 2025] [::1]:55395 Closing
[Sun Sep 21 20:13:22 2025] [::1]:63579 Accepted
[Sun Sep 21 20:13:22 2025] [::1]:63579 [200]: POST /receiver.php
[Sun Sep 21 20:13:22 2025] [::1]:63579 Closing
[Sun Sep 21 20:13:24 2025] [::1]:54630 Accepted
[Sun Sep 21 20:13:24 2025] [::1]:54630 [200]: POST /receiver.php
[Sun Sep 21 20:13:24 2025] [::1]:54630 Closing
[Sun Sep 21 20:13:26 2025] [::1]:49299 Accepted
[Sun Sep 21 20:13:26 2025] [::1]:49299 [200]: POST /receiver.php
[Sun Sep 21 20:13:26 2025] [::1]:49299 Closing
[Sun Sep 21 20:13:28 2025] [::1]:65137 Accepted
[Sun Sep 21 20:13:28 2025] [::1]:65137 [200]: POST /receiver.php
[Sun Sep 21 20:13:28 2025] [::1]:65137 Closing
[Sun Sep 21 20:13:30 2025] [::1]:58153 Accepted
[Sun Sep 21 20:13:30 2025] [::1]:58153 [200]: POST /receiver.php
[Sun Sep 21 20:13:30 2025] [::1]:58153 Closing
[Sun Sep 21 20:13:32 2025] [::1]:49169 Accepted
[Sun Sep 21 20:13:32 2025] [::1]:49169 [200]: POST /receiver.php
[Sun Sep 21 20:13:32 2025] [::1]:49169 Closing
[Sun Sep 21 20:13:34 2025] [::1]:54739 Accepted
[Sun Sep 21 20:13:34 2025] [::1]:54739 [200]: POST /receiver.php
[Sun Sep 21 20:13:34 2025] [::1]:54739 Closing
[Sun Sep 21 20:13:36 2025] [::1]:61892 Accepted
[Sun Sep 21 20:13:36 2025] [::1]:61892 [200]: POST /receiver.php
[Sun Sep 21 20:13:36 2025] [::1]:61892 Closing
[Sun Sep 21 20:13:38 2025] [::1]:54056 Accepted
[Sun Sep 21 20:13:38 2025] [::1]:54056 [200]: POST /receiver.php
[Sun Sep 21 20:13:38 2025] [::1]:54056 Closing
[Sun Sep 21 20:13:40 2025] [::1]:63632 Accepted
[Sun Sep 21 20:13:40 2025] [::1]:63632 [200]: POST /receiver.php
[Sun Sep 21 20:13:40 2025] [::1]:63632 Closing
[Sun Sep 21 20:13:42 2025] [::1]:59816 Accepted
[Sun Sep 21 20:13:42 2025] [::1]:59816 [200]: POST /receiver.php
[Sun Sep 21 20:13:42 2025] [::1]:59816 Closing
[Sun Sep 21 20:13:44 2025] [::1]:53687 Accepted
[Sun Sep 21 20:13:44 2025] [::1]:53687 [200]: POST /receiver.php
[Sun Sep 21 20:13:44 2025] [::1]:53687 Closing
[Sun Sep 21 20:13:46 2025] [::1]:64887 Accepted
[Sun Sep 21 20:13:46 2025] [::1]:64887 [200]: POST /receiver.php
[Sun Sep 21 20:13:46 2025] [::1]:64887 Closing
[Sun Sep 21 20:13:48 2025] [::1]:54086 Accepted
[Sun Sep 21 20:13:48 2025] [::1]:54086 [200]: POST /receiver.php
[Sun Sep 21 20:13:48 2025] [::1]:54086 Closing
[Sun Sep 21 20:13:50 2025] [::1]:49574 Accepted
[Sun Sep 21 20:13:50 2025] [::1]:49574 [200]: POST /receiver.php
[Sun Sep 21 20:13:50 2025] [::1]:49574 Closing
[Sun Sep 21 20:13:52 2025] [::1]:53058 Accepted
[Sun Sep 21 20:13:52 2025] [::1]:53058 [200]: POST /receiver.php
[Sun Sep 21 20:13:52 2025] [::1]:53058 Closing
[Sun Sep 21 20:13:54 2025] [::1]:65040 Accepted
[Sun Sep 21 20:13:54 2025] [::1]:65040 [200]: POST /receiver.php
[Sun Sep 21 20:13:54 2025] [::1]:65040 Closing
[Sun Sep 21 20:13:56 2025] [::1]:63965 Accepted
[Sun Sep 21 20:13:56 2025] [::1]:63965 [200]: POST /receiver.php
[Sun Sep 21 20:13:56 2025] [::1]:63965 Closing
[Sun Sep 21 20:13:58 2025] [::1]:61115 Accepted
[Sun Sep 21 20:13:58 2025] [::1]:61115 [200]: POST /receiver.php
[Sun Sep 21 20:13:58 2025] [::1]:61115 Closing
[Sun Sep 21 20:14:00 2025] [::1]:55050 Accepted
[Sun Sep 21 20:14:00 2025] [::1]:55050 [200]: POST /receiver.php
[Sun Sep 21 20:14:00 2025] [::1]:55050 Closing
[Sun Sep 21 20:14:02 2025] [::1]:59560 Accepted
[Sun Sep 21 20:14:02 2025] [::1]:59560 [200]: POST /receiver.php
[Sun Sep 21 20:14:02 2025] [::1]:59560 Closing
[Sun Sep 21 20:14:04 2025] [::1]:52031 Accepted
[Sun Sep 21 20:14:04 2025] [::1]:52031 [200]: POST /receiver.php
[Sun Sep 21 20:14:04 2025] [::1]:52031 Closing
[Sun Sep 21 20:14:06 2025] [::1]:56959 Accepted
[Sun Sep 21 20:14:06 2025] [::1]:56959 [200]: POST /receiver.php
[Sun Sep 21 20:14:06 2025] [::1]:56959 Closing
[Sun Sep 21 20:14:08 2025] [::1]:60364 Accepted
[Sun Sep 21 20:14:08 2025] [::1]:60364 [200]: POST /receiver.php
[Sun Sep 21 20:14:08 2025] [::1]:60364 Closing
[Sun Sep 21 20:14:10 2025] [::1]:50583 Accepted
[Sun Sep 21 20:14:10 2025] [::1]:50583 [200]: POST /receiver.php
[Sun Sep 21 20:14:10 2025] [::1]:50583 Closing
[Sun Sep 21 20:14:12 2025] [::1]:57258 Accepted
[Sun Sep 21 20:14:12 2025] [::1]:57258 [200]: POST /receiver.php
[Sun Sep 21 20:14:12 2025] [::1]:57258 Closing
[Sun Sep 21 20:14:14 2025] [::1]:64188 Accepted
[Sun Sep 21 20:14:14 2025] [::1]:64188 [200]: POST /receiver.php
[Sun Sep 21 20:14:14 2025] [::1]:64188 Closing
[Sun Sep 21 20:14:16 2025] [::1]:49386 Accepted
[Sun Sep 21 20:14:16 2025] [::1]:49386 [200]: POST /receiver.php
[Sun Sep 21 20:14:16 2025] [::1]:49386 Closing
[Sun Sep 21 20:14:18 2025] [::1]:49962 Accepted
[Sun Sep 21 20:14:18 2025] [::1]:49962 [200]: POST /receiver.php
[Sun Sep 21 20:14:18 2025] [::1]:49962 Closing
[Sun Sep 21 20:14:20 2025] [::1]:65433 Accepted
[Sun Sep 21 20:14:20 2025] [::1]:65433 [200]: POST /receiver.php
[Sun Sep 21 20:14:20 2025] [::1]:65433 Closing
[Sun Sep 21 20:14:22 2025] [::1]:60346 Accepted
[Sun Sep 21 20:14:22 2025] [::1]:60346 [200]: POST /receiver.php
[Sun Sep 21 20:14:22 2025] [::1]:60346 Closing
[Sun Sep 21 20:14:24 2025] [::1]:53676 Accepted
[Sun Sep 21 20:14:24 2025] [::1]:53676 [200]: POST /receiver.php
[Sun Sep 21 20:14:24 2025] [::1]:53676 Closing
[Sun Sep 21 20:14:26 2025] [::1]:62449 Accepted
[Sun Sep 21 20:14:26 2025] [::1]:62449 [200]: POST /receiver.php
[Sun Sep 21 20:14:26 2025] [::1]:62449 Closing
[Sun Sep 21 20:14:28 2025] [::1]:59269 Accepted
[Sun Sep 21 20:14:28 2025] [::1]:59269 [200]: POST /receiver.php
[Sun Sep 21 20:14:28 2025] [::1]:59269 Closing
[Sun Sep 21 20:14:30 2025] [::1]:63410 Accepted
[Sun Sep 21 20:14:30 2025] [::1]:63410 [200]: POST /receiver.php
[Sun Sep 21 20:14:30 2025] [::1]:63410 Closing
[Sun Sep 21 20:14:32 2025] [::1]:54430 Accepted
[Sun Sep 21 20:14:32 2025] [::1]:54430 [200]: POST /receiver.php
[Sun Sep 21 20:14:32 2025] [::1]:54430 Closing
[Sun Sep 21 20:14:34 2025] [::1]:55929 Accepted
[Sun Sep 21 20:14:34 2025] [::1]:55929 [200]: POST /receiver.php
[Sun Sep 21 20:14:34 2025] [::1]:55929 Closing
[Sun Sep 21 20:14:36 2025] [::1]:51058 Accepted
[Sun Sep 21 20:14:36 2025] [::1]:51058 [200]: POST /receiver.php
[Sun Sep 21 20:14:36 2025] [::1]:51058 Closing
[Sun Sep 21 20:14:38 2025] [::1]:53943 Accepted
[Sun Sep 21 20:14:38 2025] [::1]:53943 [200]: POST /receiver.php
[Sun Sep 21 20:14:38 2025] [::1]:53943 Closing
[Sun Sep 21 20:14:40 2025] [::1]:64364 Accepted
[Sun Sep 21 20:14:40 2025] [::1]:64364 [200]: POST /receiver.php
[Sun Sep 21 20:14:40 2025] [::1]:64364 Closing
[Sun Sep 21 20:14:42 2025] [::1]:62018 Accepted
[Sun Sep 21 20:14:42 2025] [::1]:62018 [200]: POST /receiver.php
[Sun Sep 21 20:14:42 2025] [::1]:62018 Closing
[Sun Sep 21 20:14:44 2025] [::1]:59268 Accepted
[Sun Sep 21 20:14:44 2025] [::1]:59268 [200]: POST /receiver.php
[Sun Sep 21 20:14:44 2025] [::1]:59268 Closing
[Sun Sep 21 20:14:46 2025] [::1]:59372 Accepted
[Sun Sep 21 20:14:46 2025] [::1]:59372 [200]: POST /receiver.php
[Sun Sep 21 20:14:46 2025] [::1]:59372 Closing
[Sun Sep 21 20:14:48 2025] [::1]:52257 Accepted
[Sun Sep 21 20:14:48 2025] [::1]:52257 [200]: POST /receiver.php
[Sun Sep 21 20:14:48 2025] [::1]:52257 Closing
[Sun Sep 21 20:14:50 2025] [::1]:63801 Accepted
[Sun Sep 21 20:14:50 2025] [::1]:63801 [200]: POST /receiver.php
[Sun Sep 21 20:14:50 2025] [::1]:63801 Closing
[Sun Sep 21 20:14:52 2025] [::1]:53270 Accepted
[Sun Sep 21 20:14:52 2025] [::1]:53270 [200]: POST /receiver.php
[Sun Sep 21 20:14:52 2025] [::1]:53270 Closing
[Sun Sep 21 20:14:54 2025] [::1]:62221 Accepted
[Sun Sep 21 20:14:54 2025] [::1]:62221 [200]: POST /receiver.php
[Sun Sep 21 20:14:54 2025] [::1]:62221 Closing
[Sun Sep 21 20:14:56 2025] [::1]:49976 Accepted
[Sun Sep 21 20:14:56 2025] [::1]:49976 [200]: POST /receiver.php
[Sun Sep 21 20:14:56 2025] [::1]:49976 Closing
[Sun Sep 21 20:14:58 2025] [::1]:50519 Accepted
[Sun Sep 21 20:14:58 2025] [::1]:50519 [200]: POST /receiver.php
[Sun Sep 21 20:14:58 2025] [::1]:50519 Closing
[Sun Sep 21 20:15:00 2025] [::1]:57933 Accepted
[Sun Sep 21 20:15:00 2025] [::1]:57933 [200]: POST /receiver.php
[Sun Sep 21 20:15:00 2025] [::1]:57933 Closing
[Sun Sep 21 20:15:02 2025] [::1]:49574 Accepted
[Sun Sep 21 20:15:02 2025] [::1]:49574 [200]: POST /receiver.php
[Sun Sep 21 20:15:02 2025] [::1]:49574 Closing
[Sun Sep 21 20:15:19 2025] [::1]:56485 Accepted
[Sun Sep 21 20:15:19 2025] [::1]:56485 [200]: POST /receiver.php
[Sun Sep 21 20:15:19 2025] [::1]:56485 Closing
[Sun Sep 21 20:16:00 2025] [::1]:59562 Accepted
[Sun Sep 21 20:16:00 2025] [::1]:59562 [200]: POST /receiver.php
[Sun Sep 21 20:16:00 2025] [::1]:59562 Closing
[Sun Sep 21 20:16:00 2025] [::1]:55712 Accepted
[Sun Sep 21 20:16:00 2025] [::1]:55712 [200]: POST /receiver.php
[Sun Sep 21 20:16:00 2025] [::1]:55712 Closing
[Sun Sep 21 20:16:02 2025] [::1]:63955 Accepted
[Sun Sep 21 20:16:02 2025] [::1]:63955 [200]: POST /receiver.php
[Sun Sep 21 20:16:02 2025] [::1]:63955 Closing
[Sun Sep 21 20:16:04 2025] [::1]:62128 Accepted
[Sun Sep 21 20:16:04 2025] [::1]:62128 [200]: POST /receiver.php
[Sun Sep 21 20:16:04 2025] [::1]:62128 Closing
[Sun Sep 21 20:16:06 2025] [::1]:59831 Accepted
[Sun Sep 21 20:16:06 2025] [::1]:59831 [200]: POST /receiver.php
[Sun Sep 21 20:16:06 2025] [::1]:59831 Closing
[Sun Sep 21 20:16:08 2025] [::1]:52147 Accepted
[Sun Sep 21 20:16:08 2025] [::1]:52147 [200]: POST /receiver.php
[Sun Sep 21 20:16:08 2025] [::1]:52147 Closing
[Sun Sep 21 20:16:10 2025] [::1]:62821 Accepted
[Sun Sep 21 20:16:10 2025] [::1]:62821 [200]: POST /receiver.php
[Sun Sep 21 20:16:10 2025] [::1]:62821 Closing
[Sun Sep 21 20:16:12 2025] [::1]:61346 Accepted
[Sun Sep 21 20:16:12 2025] [::1]:61346 [200]: POST /receiver.php
[Sun Sep 21 20:16:12 2025] [::1]:61346 Closing
[Sun Sep 21 20:16:14 2025] [::1]:50400 Accepted
[Sun Sep 21 20:16:14 2025] [::1]:50400 [200]: POST /receiver.php
[Sun Sep 21 20:16:14 2025] [::1]:50400 Closing
[Sun Sep 21 20:16:16 2025] [::1]:57510 Accepted
[Sun Sep 21 20:16:16 2025] [::1]:57510 [200]: POST /receiver.php
[Sun Sep 21 20:16:16 2025] [::1]:57510 Closing
[Sun Sep 21 20:16:18 2025] [::1]:54596 Accepted
[Sun Sep 21 20:16:18 2025] [::1]:54596 [200]: POST /receiver.php
[Sun Sep 21 20:16:18 2025] [::1]:54596 Closing
[Sun Sep 21 20:16:20 2025] [::1]:59861 Accepted
[Sun Sep 21 20:16:20 2025] [::1]:59861 [200]: POST /receiver.php
[Sun Sep 21 20:16:20 2025] [::1]:59861 Closing
[Sun Sep 21 20:16:22 2025] [::1]:62614 Accepted
[Sun Sep 21 20:16:22 2025] [::1]:62614 [200]: POST /receiver.php
[Sun Sep 21 20:16:22 2025] [::1]:62614 Closing
[Sun Sep 21 20:16:24 2025] [::1]:49376 Accepted
[Sun Sep 21 20:16:24 2025] [::1]:49376 [200]: POST /receiver.php
[Sun Sep 21 20:16:24 2025] [::1]:49376 Closing
[Sun Sep 21 20:16:26 2025] [::1]:64329 Accepted
[Sun Sep 21 20:16:26 2025] [::1]:64329 [200]: POST /receiver.php
[Sun Sep 21 20:16:26 2025] [::1]:64329 Closing
[Sun Sep 21 20:16:28 2025] [::1]:49695 Accepted
[Sun Sep 21 20:16:28 2025] [::1]:49695 [200]: POST /receiver.php
[Sun Sep 21 20:16:28 2025] [::1]:49695 Closing
[Sun Sep 21 20:16:30 2025] [::1]:63124 Accepted
[Sun Sep 21 20:16:30 2025] [::1]:63124 [200]: POST /receiver.php
[Sun Sep 21 20:16:30 2025] [::1]:63124 Closing
[Sun Sep 21 20:16:32 2025] [::1]:51976 Accepted
[Sun Sep 21 20:16:32 2025] [::1]:51976 [200]: POST /receiver.php
[Sun Sep 21 20:16:32 2025] [::1]:51976 Closing
[Sun Sep 21 20:16:34 2025] [::1]:50593 Accepted
[Sun Sep 21 20:16:34 2025] [::1]:50593 [200]: POST /receiver.php
[Sun Sep 21 20:16:34 2025] [::1]:50593 Closing
[Sun Sep 21 20:16:36 2025] [::1]:50842 Accepted
[Sun Sep 21 20:16:36 2025] [::1]:50842 [200]: POST /receiver.php
[Sun Sep 21 20:16:36 2025] [::1]:50842 Closing
[Sun Sep 21 20:16:38 2025] [::1]:60883 Accepted
[Sun Sep 21 20:16:38 2025] [::1]:60883 [200]: POST /receiver.php
[Sun Sep 21 20:16:38 2025] [::1]:60883 Closing
[Sun Sep 21 20:16:40 2025] [::1]:57221 Accepted
[Sun Sep 21 20:16:40 2025] [::1]:57221 [200]: POST /receiver.php
[Sun Sep 21 20:16:40 2025] [::1]:57221 Closing
[Sun Sep 21 20:16:42 2025] [::1]:59091 Accepted
[Sun Sep 21 20:16:42 2025] [::1]:59091 [200]: POST /receiver.php
[Sun Sep 21 20:16:42 2025] [::1]:59091 Closing
[Sun Sep 21 20:16:44 2025] [::1]:64274 Accepted
[Sun Sep 21 20:16:44 2025] [::1]:64274 [200]: POST /receiver.php
[Sun Sep 21 20:16:44 2025] [::1]:64274 Closing
[Sun Sep 21 20:16:46 2025] [::1]:59101 Accepted
[Sun Sep 21 20:16:46 2025] [::1]:59101 [200]: POST /receiver.php
[Sun Sep 21 20:16:46 2025] [::1]:59101 Closing
[Sun Sep 21 20:16:48 2025] [::1]:65479 Accepted
[Sun Sep 21 20:16:48 2025] [::1]:65479 [200]: POST /receiver.php
[Sun Sep 21 20:16:48 2025] [::1]:65479 Closing
[Sun Sep 21 20:16:50 2025] [::1]:64767 Accepted
[Sun Sep 21 20:16:50 2025] [::1]:64767 [200]: POST /receiver.php
[Sun Sep 21 20:16:50 2025] [::1]:64767 Closing
[Sun Sep 21 20:16:52 2025] [::1]:59358 Accepted
[Sun Sep 21 20:16:52 2025] [::1]:59358 [200]: POST /receiver.php
[Sun Sep 21 20:16:52 2025] [::1]:59358 Closing
[Sun Sep 21 20:16:54 2025] [::1]:51515 Accepted
[Sun Sep 21 20:16:54 2025] [::1]:51515 [200]: POST /receiver.php
[Sun Sep 21 20:16:54 2025] [::1]:51515 Closing
[Sun Sep 21 20:16:56 2025] [::1]:62768 Accepted
[Sun Sep 21 20:16:56 2025] [::1]:62768 [200]: POST /receiver.php
[Sun Sep 21 20:16:56 2025] [::1]:62768 Closing
[Sun Sep 21 20:16:58 2025] [::1]:53085 Accepted
[Sun Sep 21 20:16:58 2025] [::1]:53085 [200]: POST /receiver.php
[Sun Sep 21 20:16:58 2025] [::1]:53085 Closing
[Sun Sep 21 20:17:00 2025] [::1]:60609 Accepted
[Sun Sep 21 20:17:00 2025] [::1]:60609 [200]: POST /receiver.php
[Sun Sep 21 20:17:00 2025] [::1]:60609 Closing
[Sun Sep 21 20:17:19 2025] [::1]:60689 Accepted
[Sun Sep 21 20:17:19 2025] [::1]:60689 [200]: POST /receiver.php
[Sun Sep 21 20:17:19 2025] [::1]:60689 Closing
[Sun Sep 21 20:18:03 2025] [::1]:55030 Accepted
[Sun Sep 21 20:18:03 2025] [::1]:55030 [200]: POST /receiver.php
[Sun Sep 21 20:18:03 2025] [::1]:55030 Closing
[Sun Sep 21 20:18:04 2025] [::1]:55958 Accepted
[Sun Sep 21 20:18:04 2025] [::1]:55958 [200]: POST /receiver.php
[Sun Sep 21 20:18:04 2025] [::1]:55958 Closing
[Sun Sep 21 20:18:06 2025] [::1]:54904 Accepted
[Sun Sep 21 20:18:06 2025] [::1]:54904 [200]: POST /receiver.php
[Sun Sep 21 20:18:06 2025] [::1]:54904 Closing
[Sun Sep 21 20:18:08 2025] [::1]:59681 Accepted
[Sun Sep 21 20:18:08 2025] [::1]:59681 [200]: POST /receiver.php
[Sun Sep 21 20:18:08 2025] [::1]:59681 Closing
[Sun Sep 21 20:18:10 2025] [::1]:61060 Accepted
[Sun Sep 21 20:18:10 2025] [::1]:61060 [200]: POST /receiver.php
[Sun Sep 21 20:18:10 2025] [::1]:61060 Closing
[Sun Sep 21 20:18:12 2025] [::1]:64171 Accepted
[Sun Sep 21 20:18:12 2025] [::1]:64171 [200]: POST /receiver.php
[Sun Sep 21 20:18:12 2025] [::1]:64171 Closing
[Sun Sep 21 20:18:14 2025] [::1]:64277 Accepted
[Sun Sep 21 20:18:14 2025] [::1]:64277 [200]: POST /receiver.php
[Sun Sep 21 20:18:14 2025] [::1]:64277 Closing
[Sun Sep 21 20:18:16 2025] [::1]:54286 Accepted
[Sun Sep 21 20:18:16 2025] [::1]:54286 [200]: POST /receiver.php
[Sun Sep 21 20:18:16 2025] [::1]:54286 Closing
[Sun Sep 21 20:18:18 2025] [::1]:58432 Accepted
[Sun Sep 21 20:18:18 2025] [::1]:58432 [200]: POST /receiver.php
[Sun Sep 21 20:18:18 2025] [::1]:58432 Closing
[Sun Sep 21 20:18:20 2025] [::1]:60751 Accepted
[Sun Sep 21 20:18:20 2025] [::1]:60751 [200]: POST /receiver.php
[Sun Sep 21 20:18:20 2025] [::1]:60751 Closing
[Sun Sep 21 20:18:22 2025] [::1]:63725 Accepted
[Sun Sep 21 20:18:22 2025] [::1]:63725 [200]: POST /receiver.php
[Sun Sep 21 20:18:22 2025] [::1]:63725 Closing
[Sun Sep 21 20:18:24 2025] [::1]:61455 Accepted
[Sun Sep 21 20:18:24 2025] [::1]:61455 [200]: POST /receiver.php
[Sun Sep 21 20:18:24 2025] [::1]:61455 Closing
[Sun Sep 21 20:18:26 2025] [::1]:56175 Accepted
[Sun Sep 21 20:18:26 2025] [::1]:56175 [200]: POST /receiver.php
[Sun Sep 21 20:18:26 2025] [::1]:56175 Closing
[Sun Sep 21 20:18:28 2025] [::1]:63636 Accepted
[Sun Sep 21 20:18:28 2025] [::1]:63636 [200]: POST /receiver.php
[Sun Sep 21 20:18:28 2025] [::1]:63636 Closing
[Sun Sep 21 20:18:30 2025] [::1]:58544 Accepted
[Sun Sep 21 20:18:30 2025] [::1]:58544 [200]: POST /receiver.php
[Sun Sep 21 20:18:30 2025] [::1]:58544 Closing
[Sun Sep 21 20:18:32 2025] [::1]:54095 Accepted
[Sun Sep 21 20:18:32 2025] [::1]:54095 [200]: POST /receiver.php
[Sun Sep 21 20:18:32 2025] [::1]:54095 Closing
[Sun Sep 21 20:18:34 2025] [::1]:56993 Accepted
[Sun Sep 21 20:18:34 2025] [::1]:56993 [200]: POST /receiver.php
[Sun Sep 21 20:18:34 2025] [::1]:56993 Closing
[Sun Sep 21 20:18:36 2025] [::1]:50898 Accepted
[Sun Sep 21 20:18:36 2025] [::1]:50898 [200]: POST /receiver.php
[Sun Sep 21 20:18:36 2025] [::1]:50898 Closing
[Sun Sep 21 20:18:38 2025] [::1]:56536 Accepted
[Sun Sep 21 20:18:38 2025] [::1]:56536 [200]: POST /receiver.php
[Sun Sep 21 20:18:38 2025] [::1]:56536 Closing
[Sun Sep 21 20:18:40 2025] [::1]:65202 Accepted
[Sun Sep 21 20:18:40 2025] [::1]:65202 [200]: POST /receiver.php
[Sun Sep 21 20:18:40 2025] [::1]:65202 Closing
[Sun Sep 21 20:18:42 2025] [::1]:53905 Accepted
[Sun Sep 21 20:18:42 2025] [::1]:53905 [200]: POST /receiver.php
[Sun Sep 21 20:18:42 2025] [::1]:53905 Closing
[Sun Sep 21 20:18:44 2025] [::1]:56937 Accepted
[Sun Sep 21 20:18:44 2025] [::1]:56937 [200]: POST /receiver.php
[Sun Sep 21 20:18:44 2025] [::1]:56937 Closing
[Sun Sep 21 20:18:46 2025] [::1]:59675 Accepted
[Sun Sep 21 20:18:46 2025] [::1]:59675 [200]: POST /receiver.php
[Sun Sep 21 20:18:46 2025] [::1]:59675 Closing
[Sun Sep 21 20:18:48 2025] [::1]:61099 Accepted
[Sun Sep 21 20:18:48 2025] [::1]:61099 [200]: POST /receiver.php
[Sun Sep 21 20:18:48 2025] [::1]:61099 Closing
[Sun Sep 21 20:18:50 2025] [::1]:50590 Accepted
[Sun Sep 21 20:18:50 2025] [::1]:50590 [200]: POST /receiver.php
[Sun Sep 21 20:18:50 2025] [::1]:50590 Closing
[Sun Sep 21 20:18:52 2025] [::1]:61272 Accepted
[Sun Sep 21 20:18:52 2025] [::1]:61272 [200]: POST /receiver.php
[Sun Sep 21 20:18:52 2025] [::1]:61272 Closing
[Sun Sep 21 20:18:54 2025] [::1]:52023 Accepted
[Sun Sep 21 20:18:54 2025] [::1]:52023 [200]: POST /receiver.php
[Sun Sep 21 20:18:54 2025] [::1]:52023 Closing
[Sun Sep 21 20:18:56 2025] [::1]:64543 Accepted
[Sun Sep 21 20:18:56 2025] [::1]:64543 [200]: POST /receiver.php
[Sun Sep 21 20:18:56 2025] [::1]:64543 Closing
[Sun Sep 21 20:18:58 2025] [::1]:51621 Accepted
[Sun Sep 21 20:18:58 2025] [::1]:51621 [200]: POST /receiver.php
[Sun Sep 21 20:18:58 2025] [::1]:51621 Closing
[Sun Sep 21 20:19:00 2025] [::1]:50093 Accepted
[Sun Sep 21 20:19:00 2025] [::1]:50093 [200]: POST /receiver.php
[Sun Sep 21 20:19:00 2025] [::1]:50093 Closing
[Sun Sep 21 20:19:02 2025] [::1]:63190 Accepted
[Sun Sep 21 20:19:02 2025] [::1]:63190 [200]: POST /receiver.php
[Sun Sep 21 20:19:02 2025] [::1]:63190 Closing
[Sun Sep 21 20:19:02 2025] [::1]:63191 Accepted
[Sun Sep 21 20:19:02 2025] [::1]:63191 [302]: GET /
[Sun Sep 21 20:19:02 2025] [::1]:63191 Closing
[Sun Sep 21 20:19:03 2025] [::1]:63192 Accepted
[Sun Sep 21 20:19:03 2025] [::1]:63192 [200]: GET /panel.php
[Sun Sep 21 20:19:03 2025] [::1]:63192 Closing
[Sun Sep 21 20:19:03 2025] [::1]:63194 Accepted
[Sun Sep 21 20:19:03 2025] [::1]:63193 Accepted
[Sun Sep 21 20:19:03 2025] [::1]:63194 [200]: GET /assets/css/light-theme.min.css
[Sun Sep 21 20:19:03 2025] [::1]:63193 [200]: GET /assets/css/bootstrap.min.css
[Sun Sep 21 20:19:03 2025] [::1]:63195 Accepted
[Sun Sep 21 20:19:03 2025] [::1]:63194 Closing
[Sun Sep 21 20:19:03 2025] [::1]:63193 Closing
[Sun Sep 21 20:19:03 2025] [::1]:63195 [200]: GET /assets/js/growl-notification.min.js
[Sun Sep 21 20:19:03 2025] [::1]:63195 Closing
[Sun Sep 21 20:19:03 2025] [::1]:63196 Accepted
[Sun Sep 21 20:19:03 2025] [::1]:63196 [200]: GET /assets/js/script.js
[Sun Sep 21 20:19:03 2025] [::1]:63196 Closing
[Sun Sep 21 20:19:03 2025] [::1]:63197 Accepted
[Sun Sep 21 20:19:03 2025] [::1]:63198 Accepted
[Sun Sep 21 20:19:03 2025] [::1]:63197 [200]: GET /assets/js/sweetalert2.min.js
[Sun Sep 21 20:19:03 2025] [::1]:63198 [200]: GET /assets/js/jquery.min.js
[Sun Sep 21 20:19:03 2025] [::1]:63197 Closing
[Sun Sep 21 20:19:03 2025] [::1]:63198 Closing
[Sun Sep 21 20:19:04 2025] [::1]:58900 Accepted
[Sun Sep 21 20:19:04 2025] [::1]:58900 [200]: POST /receiver.php
[Sun Sep 21 20:19:04 2025] [::1]:58900 Closing
[Sun Sep 21 20:19:06 2025] [::1]:64144 Accepted
[Sun Sep 21 20:19:06 2025] [::1]:64144 [200]: POST /receiver.php
[Sun Sep 21 20:19:06 2025] [::1]:64144 Closing
[Sun Sep 21 20:19:08 2025] [::1]:64145 Accepted
[Sun Sep 21 20:19:08 2025] [::1]:64146 Accepted
[Sun Sep 21 20:19:08 2025] [::1]:64145 [200]: GET /Settings.json
[Sun Sep 21 20:19:08 2025] [::1]:64145 Closing
[Sun Sep 21 20:19:08 2025] [::1]:64146 [200]: POST /list_templates.php
[Sun Sep 21 20:19:08 2025] [::1]:64146 Closing
[Sun Sep 21 20:19:08 2025] [::1]:64147 Accepted
[Sun Sep 21 20:19:08 2025] [::1]:64147 [302]: GET /favicon.ico
[Sun Sep 21 20:19:08 2025] [::1]:64147 Closing
[Sun Sep 21 20:19:08 2025] [::1]:64148 Accepted
[Sun Sep 21 20:19:08 2025] [::1]:64148 [200]: GET /panel.php
[Sun Sep 21 20:19:08 2025] [::1]:64148 Closing
[Sun Sep 21 20:19:08 2025] [::1]:65052 Accepted
[Sun Sep 21 20:19:08 2025] [::1]:65052 [200]: POST /receiver.php
[Sun Sep 21 20:19:08 2025] [::1]:65052 Closing
[Sun Sep 21 20:19:10 2025] [::1]:63784 Accepted
[Sun Sep 21 20:19:10 2025] [::1]:63784 [200]: POST /receiver.php
[Sun Sep 21 20:19:10 2025] [::1]:63784 Closing
[Sun Sep 21 20:19:11 2025] [::1]:63785 Accepted
[Sun Sep 21 20:19:11 2025] [::1]:63785 [200]: POST /receiver.php
[Sun Sep 21 20:19:11 2025] [::1]:63785 Closing
[Sun Sep 21 20:19:12 2025] [::1]:53272 Accepted
[Sun Sep 21 20:19:12 2025] [::1]:53272 [200]: POST /receiver.php
[Sun Sep 21 20:19:12 2025] [::1]:53272 Closing
[Sun Sep 21 20:19:13 2025] [::1]:53273 Accepted
[Sun Sep 21 20:19:13 2025] [::1]:53273 [200]: POST /receiver.php
[Sun Sep 21 20:19:13 2025] [::1]:53273 Closing
[Sun Sep 21 20:19:14 2025] [::1]:62189 Accepted
[Sun Sep 21 20:19:14 2025] [::1]:62189 [200]: POST /receiver.php
[Sun Sep 21 20:19:14 2025] [::1]:62189 Closing
[Sun Sep 21 20:19:15 2025] [::1]:62190 Accepted
[Sun Sep 21 20:19:15 2025] [::1]:62190 [200]: POST /receiver.php
[Sun Sep 21 20:19:15 2025] [::1]:62190 Closing
[Sun Sep 21 20:19:16 2025] [::1]:57762 Accepted
[Sun Sep 21 20:19:16 2025] [::1]:57762 [200]: POST /receiver.php
[Sun Sep 21 20:19:16 2025] [::1]:57762 Closing
[Sun Sep 21 20:19:18 2025] [::1]:57765 Accepted
[Sun Sep 21 20:19:18 2025] [::1]:57765 [200]: POST /receiver.php
[Sun Sep 21 20:19:18 2025] [::1]:57765 Closing
[Sun Sep 21 20:19:18 2025] [::1]:59105 Accepted
[Sun Sep 21 20:19:18 2025] [::1]:59105 [200]: POST /receiver.php
[Sun Sep 21 20:19:18 2025] [::1]:59105 Closing
[Sun Sep 21 20:19:20 2025] [::1]:59109 Accepted
[Sun Sep 21 20:19:20 2025] [::1]:59109 [200]: POST /receiver.php
[Sun Sep 21 20:19:20 2025] [::1]:59109 Closing
[Sun Sep 21 20:19:20 2025] [::1]:59110 Accepted
[Sun Sep 21 20:19:20 2025] [::1]:59110 [200]: GET /templates/camera_temp/index.html
[Sun Sep 21 20:19:20 2025] [::1]:59110 Closing
[Sun Sep 21 20:19:20 2025] [::1]:58202 Accepted
[Sun Sep 21 20:19:20 2025] [::1]:58202 [200]: POST /receiver.php
[Sun Sep 21 20:19:20 2025] [::1]:58202 Closing
[Sun Sep 21 20:19:22 2025] [::1]:58203 Accepted
[Sun Sep 21 20:19:22 2025] [::1]:58203 [200]: POST /receiver.php
[Sun Sep 21 20:19:22 2025] [::1]:58203 Closing
[Sun Sep 21 20:19:22 2025] [::1]:63707 Accepted
[Sun Sep 21 20:19:22 2025] [::1]:63707 [200]: POST /receiver.php
[Sun Sep 21 20:19:22 2025] [::1]:63707 Closing
[Sun Sep 21 20:19:24 2025] [::1]:63708 Accepted
[Sun Sep 21 20:19:24 2025] [::1]:63708 [200]: POST /receiver.php
[Sun Sep 21 20:19:24 2025] [::1]:63708 Closing
[Sun Sep 21 20:19:24 2025] [::1]:53925 Accepted
[Sun Sep 21 20:19:24 2025] [::1]:53925 [200]: POST /receiver.php
[Sun Sep 21 20:19:24 2025] [::1]:53925 Closing
[Sun Sep 21 20:19:26 2025] [::1]:53926 Accepted
[Sun Sep 21 20:19:26 2025] [::1]:53926 [200]: POST /receiver.php
[Sun Sep 21 20:19:26 2025] [::1]:53926 Closing
[Sun Sep 21 20:19:26 2025] [::1]:58751 Accepted
[Sun Sep 21 20:19:26 2025] [::1]:58751 [200]: POST /receiver.php
[Sun Sep 21 20:19:26 2025] [::1]:58751 Closing
[Sun Sep 21 20:19:27 2025] [::1]:58752 Accepted
[Sun Sep 21 20:19:27 2025] [::1]:58752 [200]: POST /receiver.php
[Sun Sep 21 20:19:27 2025] [::1]:58752 Closing
[Sun Sep 21 20:19:28 2025] [::1]:61641 Accepted
[Sun Sep 21 20:19:28 2025] [::1]:61641 [200]: POST /receiver.php
[Sun Sep 21 20:19:28 2025] [::1]:61641 Closing
[Sun Sep 21 20:19:29 2025] [::1]:61642 Accepted
[Sun Sep 21 20:19:29 2025] [::1]:61642 [200]: POST /receiver.php
[Sun Sep 21 20:19:29 2025] [::1]:61642 Closing
[Sun Sep 21 20:19:30 2025] [::1]:58333 Accepted
[Sun Sep 21 20:19:30 2025] [::1]:58333 [200]: POST /receiver.php
[Sun Sep 21 20:19:30 2025] [::1]:58333 Closing
[Sun Sep 21 20:19:31 2025] [::1]:58334 Accepted
[Sun Sep 21 20:19:31 2025] [::1]:58334 [200]: POST /receiver.php
[Sun Sep 21 20:19:31 2025] [::1]:58334 Closing
[Sun Sep 21 20:19:32 2025] [::1]:54119 Accepted
[Sun Sep 21 20:19:32 2025] [::1]:54119 [200]: POST /receiver.php
[Sun Sep 21 20:19:32 2025] [::1]:54119 Closing
[Sun Sep 21 20:19:33 2025] [::1]:54120 Accepted
[Sun Sep 21 20:19:33 2025] [::1]:54120 [200]: POST /receiver.php
[Sun Sep 21 20:19:33 2025] [::1]:54120 Closing
[Sun Sep 21 20:19:34 2025] [::1]:54121 Accepted
[Sun Sep 21 20:19:34 2025] [::1]:54121 [200]: GET /templates/camera_temp/index.html
[Sun Sep 21 20:19:34 2025] [::1]:54121 Closing
[Sun Sep 21 20:19:34 2025] [::1]:54126 Accepted
[Sun Sep 21 20:19:34 2025] [::1]:54122 Accepted
[Sun Sep 21 20:19:34 2025] [::1]:54123 Accepted
[Sun Sep 21 20:19:34 2025] [::1]:54126 [200]: GET /templates/camera_temp/all.css
[Sun Sep 21 20:19:34 2025] [::1]:54125 Accepted
[Sun Sep 21 20:19:34 2025] [::1]:54122 [200]: GET /templates/camera_temp/style.css
[Sun Sep 21 20:19:34 2025] [::1]:54123 [200]: GET /assets/js/jquery.min.js
[Sun Sep 21 20:19:34 2025] [::1]:54124 Accepted
[Sun Sep 21 20:19:34 2025] [::1]:54125 [200]: GET /assets/js/client.min.js
[Sun Sep 21 20:19:34 2025] [::1]:54124 [200]: GET /assets/js/loc.js
[Sun Sep 21 20:19:34 2025] [::1]:54126 Closing
[Sun Sep 21 20:19:34 2025] [::1]:54122 Closing
[Sun Sep 21 20:19:34 2025] [::1]:54123 Closing
[Sun Sep 21 20:19:34 2025] [::1]:54125 Closing
[Sun Sep 21 20:19:34 2025] [::1]:54124 Closing
[Sun Sep 21 20:19:34 2025] [::1]:57535 Accepted
[Sun Sep 21 20:19:34 2025] [::1]:57535 [200]: POST /receiver.php
[Sun Sep 21 20:19:34 2025] [::1]:57535 Closing
[Sun Sep 21 20:19:36 2025] [::1]:57536 Accepted
[Sun Sep 21 20:19:36 2025] [::1]:57536 [200]: POST /receiver.php
[Sun Sep 21 20:19:36 2025] [::1]:57536 Closing
[Sun Sep 21 20:19:36 2025] [::1]:51167 Accepted
[Sun Sep 21 20:19:36 2025] [::1]:51167 [200]: POST /receiver.php
[Sun Sep 21 20:19:36 2025] [::1]:51167 Closing
[Sun Sep 21 20:19:37 2025] [::1]:51168 Accepted
[Sun Sep 21 20:19:37 2025] [::1]:51168 [200]: GET /templates/camera_temp/index.html
[Sun Sep 21 20:19:37 2025] [::1]:51168 Closing
[Sun Sep 21 20:19:38 2025] [::1]:51169 Accepted
[Sun Sep 21 20:19:38 2025] [::1]:51169 [200]: POST /receiver.php
[Sun Sep 21 20:19:38 2025] [::1]:51169 Closing
[Sun Sep 21 20:19:38 2025] [::1]:59512 Accepted
[Sun Sep 21 20:19:38 2025] [::1]:59512 [200]: POST /receiver.php
[Sun Sep 21 20:19:38 2025] [::1]:59512 Closing
[Sun Sep 21 20:19:40 2025] [::1]:59513 Accepted
[Sun Sep 21 20:19:40 2025] [::1]:59513 [200]: POST /receiver.php
[Sun Sep 21 20:19:40 2025] [::1]:59513 Closing
[Sun Sep 21 20:19:40 2025] [::1]:59514 Accepted
[Sun Sep 21 20:19:40 2025] [::1]:59514 [404]: GET /templates/webfonts/fa-solid-900.woff2 - No such file or directory
[Sun Sep 21 20:19:40 2025] [::1]:59514 Closing
[Sun Sep 21 20:19:40 2025] [::1]:59515 Accepted
[Sun Sep 21 20:19:40 2025] [::1]:59515 [404]: GET /templates/webfonts/fa-solid-900.woff - No such file or directory
[Sun Sep 21 20:19:40 2025] [::1]:59515 Closing
[Sun Sep 21 20:19:41 2025] [::1]:59516 Accepted
[Sun Sep 21 20:19:41 2025] [::1]:59516 [404]: GET /templates/webfonts/fa-solid-900.ttf - No such file or directory
[Sun Sep 21 20:19:41 2025] [::1]:59516 Closing
[Sun Sep 21 20:19:41 2025] [::1]:59517 Accepted
[Sun Sep 21 20:19:41 2025] [::1]:59517 [200]: POST /receiver.php
[Sun Sep 21 20:19:41 2025] [::1]:59517 Closing
[Sun Sep 21 20:19:43 2025] [::1]:59518 Accepted
[Sun Sep 21 20:19:43 2025] [::1]:59518 [200]: POST /receiver.php
[Sun Sep 21 20:19:43 2025] [::1]:59518 Closing
[Sun Sep 21 20:19:44 2025] [::1]:59519 Accepted
[Sun Sep 21 20:19:44 2025] [::1]:59519 [302]: GET /favicon.ico
[Sun Sep 21 20:19:44 2025] [::1]:59519 Closing
[Sun Sep 21 20:19:44 2025] [::1]:59520 Accepted
[Sun Sep 21 20:19:44 2025] [::1]:59520 [200]: GET /login.php
[Sun Sep 21 20:19:44 2025] [::1]:59520 Closing
[Sun Sep 21 20:19:44 2025] [::1]:59521 Accepted
[Sun Sep 21 20:19:44 2025] [::1]:59521 [200]: POST /templates/camera_temp/handler.php
[Sun Sep 21 20:19:44 2025] [::1]:59521 Closing
[Sun Sep 21 20:19:45 2025] [::1]:59522 Accepted
[Sun Sep 21 20:19:45 2025] [::1]:59522 [200]: POST /receiver.php
[Sun Sep 21 20:19:45 2025] [::1]:59522 Closing
[Sun Sep 21 20:19:46 2025] [::1]:59043 Accepted
[Sun Sep 21 20:19:46 2025] [::1]:59043 [200]: POST /receiver.php
[Sun Sep 21 20:19:46 2025] [::1]:59043 Closing
[Sun Sep 21 20:19:46 2025] [::1]:56164 Accepted
[Sun Sep 21 20:19:46 2025] [::1]:56164 [200]: POST /receiver.php
[Sun Sep 21 20:19:46 2025] [::1]:56164 Closing
[Sun Sep 21 20:19:48 2025] [::1]:56165 Accepted
[Sun Sep 21 20:19:48 2025] [::1]:56165 [200]: POST /receiver.php
[Sun Sep 21 20:19:48 2025] [::1]:56165 Closing
[Sun Sep 21 20:19:48 2025] [::1]:56922 Accepted
[Sun Sep 21 20:19:48 2025] [::1]:56922 [200]: POST /receiver.php
[Sun Sep 21 20:19:48 2025] [::1]:56922 Closing
[Sun Sep 21 20:19:50 2025] [::1]:56923 Accepted
[Sun Sep 21 20:19:50 2025] [::1]:56923 [200]: POST /receiver.php
[Sun Sep 21 20:19:50 2025] [::1]:56923 Closing
[Sun Sep 21 20:19:50 2025] [::1]:56924 Accepted
[Sun Sep 21 20:19:50 2025] [::1]:56924 [200]: GET /templates/normal_data/index.html
[Sun Sep 21 20:19:50 2025] [::1]:56924 Closing
[Sun Sep 21 20:19:50 2025] [::1]:60304 Accepted
[Sun Sep 21 20:19:50 2025] [::1]:60304 [200]: POST /receiver.php
[Sun Sep 21 20:19:50 2025] [::1]:60304 Closing
[Sun Sep 21 20:19:51 2025] [::1]:60305 Accepted
[Sun Sep 21 20:19:51 2025] [::1]:60305 [200]: POST /receiver.php
[Sun Sep 21 20:19:51 2025] [::1]:60305 Closing
[Sun Sep 21 20:19:52 2025] [::1]:63557 Accepted
[Sun Sep 21 20:19:52 2025] [::1]:63557 [200]: POST /receiver.php
[Sun Sep 21 20:19:52 2025] [::1]:63557 Closing
[Sun Sep 21 20:19:54 2025] [::1]:63558 Accepted
[Sun Sep 21 20:19:54 2025] [::1]:63558 [200]: POST /receiver.php
[Sun Sep 21 20:19:54 2025] [::1]:63558 Closing
[Sun Sep 21 20:19:54 2025] [::1]:63135 Accepted
[Sun Sep 21 20:19:54 2025] [::1]:63135 [200]: POST /receiver.php
[Sun Sep 21 20:19:54 2025] [::1]:63135 Closing
[Sun Sep 21 20:19:56 2025] [::1]:63136 Accepted
[Sun Sep 21 20:19:56 2025] [::1]:63136 [200]: POST /receiver.php
[Sun Sep 21 20:19:56 2025] [::1]:63136 Closing
[Sun Sep 21 20:19:56 2025] [::1]:64389 Accepted
[Sun Sep 21 20:19:56 2025] [::1]:64389 [302]: GET /.well-known/appspecific/com.chrome.devtools.json
[Sun Sep 21 20:19:56 2025] [::1]:64389 Closing
[Sun Sep 21 20:19:56 2025] [::1]:64906 Accepted
[Sun Sep 21 20:19:56 2025] [::1]:64906 [302]: GET /.well-known/appspecific/panel.php
[Sun Sep 21 20:19:56 2025] [::1]:64906 Closing
[Sun Sep 21 20:19:56 2025] [::1]:53350 Accepted
[Sun Sep 21 20:19:56 2025] [::1]:53350 [302]: GET /.well-known/appspecific/panel.php
[Sun Sep 21 20:19:56 2025] [::1]:53350 Closing
[Sun Sep 21 20:19:56 2025] [::1]:53653 Accepted
[Sun Sep 21 20:19:56 2025] [::1]:53653 [302]: GET /.well-known/appspecific/panel.php
[Sun Sep 21 20:19:56 2025] [::1]:53653 Closing
[Sun Sep 21 20:19:56 2025] [::1]:63403 Accepted
[Sun Sep 21 20:19:56 2025] [::1]:63403 [302]: GET /.well-known/appspecific/panel.php
[Sun Sep 21 20:19:56 2025] [::1]:63403 Closing
[Sun Sep 21 20:19:56 2025] [::1]:54911 Accepted
[Sun Sep 21 20:19:56 2025] [::1]:54911 [302]: GET /.well-known/appspecific/panel.php
[Sun Sep 21 20:19:56 2025] [::1]:54911 Closing
[Sun Sep 21 20:19:56 2025] [::1]:55268 Accepted
[Sun Sep 21 20:19:56 2025] [::1]:55268 [302]: GET /.well-known/appspecific/panel.php
[Sun Sep 21 20:19:56 2025] [::1]:55268 Closing
[Sun Sep 21 20:19:56 2025] [::1]:49460 Accepted
[Sun Sep 21 20:19:56 2025] [::1]:49460 [302]: GET /.well-known/appspecific/panel.php
[Sun Sep 21 20:19:56 2025] [::1]:49460 Closing
[Sun Sep 21 20:19:56 2025] [::1]:61543 Accepted
[Sun Sep 21 20:19:56 2025] [::1]:61543 [302]: GET /.well-known/appspecific/panel.php
[Sun Sep 21 20:19:56 2025] [::1]:61543 Closing
[Sun Sep 21 20:19:56 2025] [::1]:59611 Accepted
[Sun Sep 21 20:19:56 2025] [::1]:59611 [302]: GET /.well-known/appspecific/panel.php
[Sun Sep 21 20:19:56 2025] [::1]:59611 Closing
[Sun Sep 21 20:19:56 2025] [::1]:60836 Accepted
[Sun Sep 21 20:19:56 2025] [::1]:60836 [302]: GET /.well-known/appspecific/panel.php
[Sun Sep 21 20:19:56 2025] [::1]:60836 Closing
[Sun Sep 21 20:19:56 2025] [::1]:51303 Accepted
[Sun Sep 21 20:19:56 2025] [::1]:51303 [302]: GET /.well-known/appspecific/panel.php
[Sun Sep 21 20:19:56 2025] [::1]:51303 Closing
[Sun Sep 21 20:19:56 2025] [::1]:62973 Accepted
[Sun Sep 21 20:19:56 2025] [::1]:62973 [302]: GET /.well-known/appspecific/panel.php
[Sun Sep 21 20:19:56 2025] [::1]:62973 Closing
[Sun Sep 21 20:19:56 2025] [::1]:54370 Accepted
[Sun Sep 21 20:19:56 2025] [::1]:54370 [302]: GET /.well-known/appspecific/panel.php
[Sun Sep 21 20:19:56 2025] [::1]:54370 Closing
[Sun Sep 21 20:19:56 2025] [::1]:56961 Accepted
[Sun Sep 21 20:19:56 2025] [::1]:56961 [302]: GET /.well-known/appspecific/panel.php
[Sun Sep 21 20:19:56 2025] [::1]:56961 Closing
[Sun Sep 21 20:19:56 2025] [::1]:57692 Accepted
[Sun Sep 21 20:19:56 2025] [::1]:57692 [302]: GET /.well-known/appspecific/panel.php
[Sun Sep 21 20:19:56 2025] [::1]:57692 Closing
[Sun Sep 21 20:19:56 2025] [::1]:50919 Accepted
[Sun Sep 21 20:19:56 2025] [::1]:50919 [302]: GET /.well-known/appspecific/panel.php
[Sun Sep 21 20:19:56 2025] [::1]:50919 Closing
[Sun Sep 21 20:19:56 2025] [::1]:51465 Accepted
[Sun Sep 21 20:19:56 2025] [::1]:51465 [302]: GET /.well-known/appspecific/panel.php
[Sun Sep 21 20:19:56 2025] [::1]:51465 Closing
[Sun Sep 21 20:19:56 2025] [::1]:59292 Accepted
[Sun Sep 21 20:19:56 2025] [::1]:59292 [302]: GET /.well-known/appspecific/panel.php
[Sun Sep 21 20:19:56 2025] [::1]:59292 Closing
[Sun Sep 21 20:19:56 2025] [::1]:63100 Accepted
[Sun Sep 21 20:19:56 2025] [::1]:63100 [302]: GET /.well-known/appspecific/panel.php
[Sun Sep 21 20:19:56 2025] [::1]:63100 Closing
[Sun Sep 21 20:19:56 2025] [::1]:55378 Accepted
[Sun Sep 21 20:19:56 2025] [::1]:55378 [302]: GET /.well-known/appspecific/panel.php
[Sun Sep 21 20:19:56 2025] [::1]:55378 Closing
[Sun Sep 21 20:19:56 2025] [::1]:61076 Accepted
[Sun Sep 21 20:19:56 2025] [::1]:61076 [200]: POST /receiver.php
[Sun Sep 21 20:19:56 2025] [::1]:61076 Closing
[Sun Sep 21 20:19:58 2025] [::1]:61078 Accepted
[Sun Sep 21 20:19:58 2025] [::1]:61077 Accepted
[Sun Sep 21 20:19:58 2025] [::1]:61078 [200]: POST /receiver.php
[Sun Sep 21 20:19:58 2025] [::1]:61078 Closing
[Sun Sep 21 20:19:58 2025] [::1]:57332 Accepted
[Sun Sep 21 20:19:58 2025] [::1]:57332 [200]: POST /receiver.php
[Sun Sep 21 20:19:58 2025] [::1]:57332 Closing
[Sun Sep 21 20:20:00 2025] [::1]:57333 Accepted
[Sun Sep 21 20:20:00 2025] [::1]:57333 [200]: POST /receiver.php
[Sun Sep 21 20:20:00 2025] [::1]:57333 Closing
[Sun Sep 21 20:20:00 2025] [::1]:52632 Accepted
[Sun Sep 21 20:20:00 2025] [::1]:52632 [200]: POST /receiver.php
[Sun Sep 21 20:20:00 2025] [::1]:52632 Closing
[Sun Sep 21 20:20:02 2025] [::1]:52633 Accepted
[Sun Sep 21 20:20:02 2025] [::1]:52633 [200]: POST /receiver.php
[Sun Sep 21 20:20:02 2025] [::1]:52633 Closing
[Sun Sep 21 20:20:02 2025] [::1]:51086 Accepted
[Sun Sep 21 20:20:02 2025] [::1]:51086 [200]: POST /receiver.php
[Sun Sep 21 20:20:02 2025] [::1]:51086 Closing
[Sun Sep 21 20:20:04 2025] [::1]:51087 Accepted
[Sun Sep 21 20:20:04 2025] [::1]:51087 [200]: POST /receiver.php
[Sun Sep 21 20:20:04 2025] [::1]:51087 Closing
[Sun Sep 21 20:20:04 2025] [::1]:60685 Accepted
[Sun Sep 21 20:20:04 2025] [::1]:60685 [200]: POST /receiver.php
[Sun Sep 21 20:20:04 2025] [::1]:60685 Closing
[Sun Sep 21 20:20:06 2025] [::1]:64638 Accepted
[Sun Sep 21 20:20:06 2025] [::1]:64638 [200]: POST /receiver.php
[Sun Sep 21 20:20:06 2025] [::1]:64638 Closing
[Sun Sep 21 20:20:06 2025] [::1]:61077 [200]: POST /templates/camera_temp/post.php
[Sun Sep 21 20:20:06 2025] [::1]:61077 Closing
[Sun Sep 21 20:20:06 2025] [::1]:63425 Accepted
[Sun Sep 21 20:20:06 2025] [::1]:63425 [200]: POST /receiver.php
[Sun Sep 21 20:20:06 2025] [::1]:63425 Closing
[Sun Sep 21 20:20:07 2025] [::1]:63426 Accepted
[Sun Sep 21 20:20:08 2025] [::1]:65069 Accepted
[Sun Sep 21 20:20:08 2025] [::1]:65069 [200]: POST /receiver.php
[Sun Sep 21 20:20:08 2025] [::1]:65069 Closing
[Sun Sep 21 20:20:08 2025] [::1]:64677 Accepted
[Sun Sep 21 20:20:08 2025] [::1]:64677 [200]: POST /receiver.php
[Sun Sep 21 20:20:08 2025] [::1]:64677 Closing
[Sun Sep 21 20:20:10 2025] [::1]:56995 Accepted
[Sun Sep 21 20:20:10 2025] [::1]:56995 [200]: POST /receiver.php
[Sun Sep 21 20:20:10 2025] [::1]:56995 Closing
[Sun Sep 21 20:20:10 2025] [::1]:55368 Accepted
[Sun Sep 21 20:20:10 2025] [::1]:55368 [200]: POST /receiver.php
[Sun Sep 21 20:20:10 2025] [::1]:55368 Closing
[Sun Sep 21 20:20:12 2025] [::1]:60059 Accepted
[Sun Sep 21 20:20:12 2025] [::1]:60059 [200]: POST /receiver.php
[Sun Sep 21 20:20:12 2025] [::1]:60059 Closing
[Sun Sep 21 20:20:12 2025] [::1]:53146 Accepted
[Sun Sep 21 20:20:12 2025] [::1]:53146 [200]: POST /receiver.php
[Sun Sep 21 20:20:12 2025] [::1]:53146 Closing
[Sun Sep 21 20:20:14 2025] [::1]:53147 Accepted
[Sun Sep 21 20:20:14 2025] [::1]:53147 [200]: POST /receiver.php
[Sun Sep 21 20:20:14 2025] [::1]:53147 Closing
[Sun Sep 21 20:20:14 2025] [::1]:53928 Accepted
[Sun Sep 21 20:20:14 2025] [::1]:53928 [200]: POST /receiver.php
[Sun Sep 21 20:20:14 2025] [::1]:53928 Closing
[Sun Sep 21 20:20:16 2025] [::1]:53929 Accepted
[Sun Sep 21 20:20:16 2025] [::1]:53929 [200]: POST /receiver.php
[Sun Sep 21 20:20:16 2025] [::1]:53929 Closing
[Sun Sep 21 20:20:16 2025] [::1]:63426 [200]: POST /templates/camera_temp/post.php
[Sun Sep 21 20:20:16 2025] [::1]:63426 Closing
[Sun Sep 21 20:20:16 2025] [::1]:61603 Accepted
[Sun Sep 21 20:20:16 2025] [::1]:62809 Accepted
[Sun Sep 21 20:20:16 2025] [::1]:62809 [200]: POST /receiver.php
[Sun Sep 21 20:20:16 2025] [::1]:62809 Closing
[Sun Sep 21 20:20:18 2025] [::1]:62812 Accepted
[Sun Sep 21 20:20:18 2025] [::1]:62812 [200]: POST /receiver.php
[Sun Sep 21 20:20:18 2025] [::1]:62812 Closing
[Sun Sep 21 20:20:18 2025] [::1]:55214 Accepted
[Sun Sep 21 20:20:18 2025] [::1]:55214 [200]: POST /receiver.php
[Sun Sep 21 20:20:18 2025] [::1]:55214 Closing
[Sun Sep 21 20:20:20 2025] [::1]:52538 Accepted
[Sun Sep 21 20:20:20 2025] [::1]:52538 [200]: POST /receiver.php
[Sun Sep 21 20:20:20 2025] [::1]:52538 Closing
[Sun Sep 21 20:20:20 2025] [::1]:53369 Accepted
[Sun Sep 21 20:20:20 2025] [::1]:53369 [200]: POST /receiver.php
[Sun Sep 21 20:20:20 2025] [::1]:53369 Closing
[Sun Sep 21 20:20:22 2025] [::1]:54438 Accepted
[Sun Sep 21 20:20:22 2025] [::1]:54438 [200]: POST /receiver.php
[Sun Sep 21 20:20:22 2025] [::1]:54438 Closing
[Sun Sep 21 20:20:22 2025] [::1]:49616 Accepted
[Sun Sep 21 20:20:22 2025] [::1]:49616 [200]: POST /receiver.php
[Sun Sep 21 20:20:22 2025] [::1]:49616 Closing
[Sun Sep 21 20:20:24 2025] [::1]:49617 Accepted
[Sun Sep 21 20:20:24 2025] [::1]:49617 [200]: POST /receiver.php
[Sun Sep 21 20:20:24 2025] [::1]:49617 Closing
[Sun Sep 21 20:20:24 2025] [::1]:49650 Accepted
[Sun Sep 21 20:20:24 2025] [::1]:49650 [200]: POST /receiver.php
[Sun Sep 21 20:20:24 2025] [::1]:49650 Closing
[Sun Sep 21 20:20:25 2025] [::1]:49651 Accepted
[Sun Sep 21 20:20:25 2025] [::1]:49651 [200]: POST /receiver.php
[Sun Sep 21 20:20:25 2025] [::1]:49651 Closing
[Sun Sep 21 20:20:26 2025] [::1]:61996 Accepted
[Sun Sep 21 20:20:26 2025] [::1]:61996 [200]: POST /receiver.php
[Sun Sep 21 20:20:26 2025] [::1]:61996 Closing
[Sun Sep 21 20:20:27 2025] [::1]:61997 Accepted
[Sun Sep 21 20:20:27 2025] [::1]:61997 [200]: POST /receiver.php
[Sun Sep 21 20:20:27 2025] [::1]:61997 Closing
[Sun Sep 21 20:20:28 2025] [::1]:61603 [200]: POST /templates/camera_temp/post.php
[Sun Sep 21 20:20:28 2025] [::1]:61603 Closing
[Sun Sep 21 20:20:28 2025] [::1]:59302 Accepted
[Sun Sep 21 20:20:28 2025] [::1]:59302 [200]: POST /receiver.php
[Sun Sep 21 20:20:28 2025] [::1]:59302 Closing
[Sun Sep 21 20:20:29 2025] [::1]:59303 Accepted
[Sun Sep 21 20:20:29 2025] [::1]:59303 [200]: POST /receiver.php
[Sun Sep 21 20:20:29 2025] [::1]:59303 Closing
[Sun Sep 21 20:20:30 2025] [::1]:63569 Accepted
[Sun Sep 21 20:20:30 2025] [::1]:63569 [200]: POST /receiver.php
[Sun Sep 21 20:20:30 2025] [::1]:63569 Closing
[Sun Sep 21 20:20:31 2025] [::1]:63570 Accepted
[Sun Sep 21 20:20:31 2025] [::1]:63570 [200]: POST /receiver.php
[Sun Sep 21 20:20:31 2025] [::1]:63570 Closing
[Sun Sep 21 20:20:32 2025] [::1]:58623 Accepted
[Sun Sep 21 20:20:32 2025] [::1]:58623 [200]: POST /receiver.php
[Sun Sep 21 20:20:32 2025] [::1]:58623 Closing
[Sun Sep 21 20:20:33 2025] [::1]:58624 Accepted
[Sun Sep 21 20:20:33 2025] [::1]:58624 [200]: POST /receiver.php
[Sun Sep 21 20:20:33 2025] [::1]:58624 Closing
[Sun Sep 21 20:20:34 2025] [::1]:50096 Accepted
[Sun Sep 21 20:20:34 2025] [::1]:50096 [200]: POST /receiver.php
[Sun Sep 21 20:20:34 2025] [::1]:50096 Closing
[Sun Sep 21 20:20:35 2025] [::1]:50097 Accepted
[Sun Sep 21 20:20:35 2025] [::1]:50097 [200]: POST /receiver.php
[Sun Sep 21 20:20:35 2025] [::1]:50097 Closing
[Sun Sep 21 20:20:36 2025] [::1]:63514 Accepted
[Sun Sep 21 20:20:36 2025] [::1]:63514 [200]: POST /receiver.php
[Sun Sep 21 20:20:36 2025] [::1]:63514 Closing
[Sun Sep 21 20:20:37 2025] [::1]:63515 Accepted
[Sun Sep 21 20:20:37 2025] [::1]:63515 [200]: POST /receiver.php
[Sun Sep 21 20:20:37 2025] [::1]:63515 Closing
[Sun Sep 21 20:20:38 2025] [::1]:55069 Accepted
[Sun Sep 21 20:20:38 2025] [::1]:55069 [200]: POST /receiver.php
[Sun Sep 21 20:20:38 2025] [::1]:55069 Closing
[Sun Sep 21 20:20:39 2025] [::1]:55070 Accepted
[Sun Sep 21 20:20:39 2025] [::1]:55070 [200]: POST /receiver.php
[Sun Sep 21 20:20:39 2025] [::1]:55070 Closing
[Sun Sep 21 20:20:40 2025] [::1]:61971 Accepted
[Sun Sep 21 20:20:40 2025] [::1]:61971 [200]: POST /receiver.php
[Sun Sep 21 20:20:40 2025] [::1]:61971 Closing
[Sun Sep 21 20:20:41 2025] [::1]:61972 Accepted
[Sun Sep 21 20:20:41 2025] [::1]:61972 [200]: POST /receiver.php
[Sun Sep 21 20:20:41 2025] [::1]:61972 Closing
[Sun Sep 21 20:20:42 2025] [::1]:60454 Accepted
[Sun Sep 21 20:20:42 2025] [::1]:60454 [200]: POST /receiver.php
[Sun Sep 21 20:20:42 2025] [::1]:60454 Closing
[Sun Sep 21 20:20:43 2025] [::1]:60455 Accepted
[Sun Sep 21 20:20:43 2025] [::1]:60455 [200]: POST /receiver.php
[Sun Sep 21 20:20:43 2025] [::1]:60455 Closing
[Sun Sep 21 20:20:44 2025] [::1]:52998 Accepted
[Sun Sep 21 20:20:44 2025] [::1]:52998 [200]: POST /receiver.php
[Sun Sep 21 20:20:44 2025] [::1]:52998 Closing
[Sun Sep 21 20:20:46 2025] [::1]:52999 Accepted
[Sun Sep 21 20:20:46 2025] [::1]:52999 [200]: POST /receiver.php
[Sun Sep 21 20:20:46 2025] [::1]:52999 Closing
[Sun Sep 21 20:20:48 2025] [::1]:53000 Accepted
[Sun Sep 21 20:20:48 2025] [::1]:53000 [200]: POST /receiver.php
[Sun Sep 21 20:20:48 2025] [::1]:53000 Closing
[Sun Sep 21 20:20:50 2025] [::1]:53001 Accepted
[Sun Sep 21 20:20:50 2025] [::1]:53001 [200]: POST /receiver.php
[Sun Sep 21 20:20:50 2025] [::1]:53001 Closing
[Sun Sep 21 20:20:52 2025] [::1]:53002 Accepted
[Sun Sep 21 20:20:52 2025] [::1]:53002 [200]: POST /receiver.php
[Sun Sep 21 20:20:52 2025] [::1]:53002 Closing
[Sun Sep 21 20:20:54 2025] [::1]:53003 Accepted
[Sun Sep 21 20:20:54 2025] [::1]:53003 [200]: POST /receiver.php
[Sun Sep 21 20:20:54 2025] [::1]:53003 Closing
[Sun Sep 21 20:20:56 2025] [::1]:53004 Accepted
[Sun Sep 21 20:20:56 2025] [::1]:53004 [200]: POST /receiver.php
[Sun Sep 21 20:20:56 2025] [::1]:53004 Closing
[Sun Sep 21 20:20:58 2025] [::1]:53005 Accepted
[Sun Sep 21 20:20:58 2025] [::1]:53005 [200]: POST /receiver.php
[Sun Sep 21 20:20:58 2025] [::1]:53005 Closing
[Sun Sep 21 20:21:00 2025] [::1]:53006 Accepted
[Sun Sep 21 20:21:00 2025] [::1]:53006 [200]: POST /receiver.php
[Sun Sep 21 20:21:00 2025] [::1]:53006 Closing
[Sun Sep 21 20:21:02 2025] [::1]:53007 Accepted
[Sun Sep 21 20:21:02 2025] [::1]:53007 [200]: POST /receiver.php
[Sun Sep 21 20:21:02 2025] [::1]:53007 Closing
[Sun Sep 21 20:21:04 2025] [::1]:53008 Accepted
[Sun Sep 21 20:21:04 2025] [::1]:53008 [200]: POST /receiver.php
[Sun Sep 21 20:21:04 2025] [::1]:53008 Closing
[Sun Sep 21 20:21:06 2025] [::1]:53009 Accepted
[Sun Sep 21 20:21:06 2025] [::1]:53009 [200]: POST /receiver.php
[Sun Sep 21 20:21:06 2025] [::1]:53009 Closing
[Sun Sep 21 20:21:08 2025] [::1]:53010 Accepted
[Sun Sep 21 20:21:08 2025] [::1]:53010 [200]: POST /receiver.php
[Sun Sep 21 20:21:08 2025] [::1]:53010 Closing
[Sun Sep 21 20:21:09 2025] [::1]:53011 Accepted
[Sun Sep 21 20:21:09 2025] [::1]:53011 [200]: POST /receiver.php
[Sun Sep 21 20:21:09 2025] [::1]:53011 Closing
[Sun Sep 21 20:21:11 2025] [::1]:53012 Accepted
[Sun Sep 21 20:21:11 2025] [::1]:53012 [200]: POST /receiver.php
[Sun Sep 21 20:21:11 2025] [::1]:53012 Closing
[Sun Sep 21 20:21:13 2025] [::1]:53013 Accepted
[Sun Sep 21 20:21:13 2025] [::1]:53013 [200]: POST /receiver.php
[Sun Sep 21 20:21:13 2025] [::1]:53013 Closing
[Sun Sep 21 20:21:15 2025] [::1]:53014 Accepted
[Sun Sep 21 20:21:15 2025] [::1]:53014 [200]: POST /receiver.php
[Sun Sep 21 20:21:15 2025] [::1]:53014 Closing
[Sun Sep 21 20:21:17 2025] [::1]:53015 Accepted
[Sun Sep 21 20:21:17 2025] [::1]:53015 [200]: POST /receiver.php
[Sun Sep 21 20:21:17 2025] [::1]:53015 Closing
[Sun Sep 21 20:21:19 2025] [::1]:53023 Accepted
[Sun Sep 21 20:21:19 2025] [::1]:53023 [200]: POST /receiver.php
[Sun Sep 21 20:21:19 2025] [::1]:53023 Closing
[Sun Sep 21 20:21:19 2025] [::1]:59577 Accepted
[Sun Sep 21 20:21:19 2025] [::1]:59577 [200]: POST /receiver.php
[Sun Sep 21 20:21:19 2025] [::1]:59577 Closing
[Sun Sep 21 20:21:21 2025] [::1]:59578 Accepted
[Sun Sep 21 20:21:21 2025] [::1]:59578 [200]: POST /receiver.php
[Sun Sep 21 20:21:21 2025] [::1]:59578 Closing
[Sun Sep 21 20:21:23 2025] [::1]:59579 Accepted
[Sun Sep 21 20:21:23 2025] [::1]:59579 [200]: POST /receiver.php
[Sun Sep 21 20:21:23 2025] [::1]:59579 Closing
[Sun Sep 21 20:21:26 2025] [::1]:59580 Accepted
[Sun Sep 21 20:21:26 2025] [::1]:59580 [200]: POST /receiver.php
[Sun Sep 21 20:21:26 2025] [::1]:59580 Closing
[Sun Sep 21 20:21:28 2025] [::1]:59582 Accepted
[Sun Sep 21 20:21:28 2025] [::1]:59582 [200]: POST /receiver.php
[Sun Sep 21 20:21:28 2025] [::1]:59582 Closing
[Sun Sep 21 20:21:30 2025] [::1]:59590 Accepted
[Sun Sep 21 20:21:30 2025] [::1]:59590 [200]: POST /receiver.php
[Sun Sep 21 20:21:30 2025] [::1]:59590 Closing
[Sun Sep 21 20:21:32 2025] [::1]:59591 Accepted
[Sun Sep 21 20:21:32 2025] [::1]:59591 [200]: POST /receiver.php
[Sun Sep 21 20:21:32 2025] [::1]:59591 Closing
[Sun Sep 21 20:21:34 2025] [::1]:59592 Accepted
[Sun Sep 21 20:21:34 2025] [::1]:59592 [200]: POST /receiver.php
[Sun Sep 21 20:21:34 2025] [::1]:59592 Closing
[Sun Sep 21 20:21:36 2025] [::1]:59593 Accepted
[Sun Sep 21 20:21:36 2025] [::1]:59593 [200]: POST /receiver.php
[Sun Sep 21 20:21:36 2025] [::1]:59593 Closing
[Sun Sep 21 20:21:38 2025] [::1]:59594 Accepted
[Sun Sep 21 20:21:38 2025] [::1]:59594 [200]: POST /receiver.php
[Sun Sep 21 20:21:38 2025] [::1]:59594 Closing
[Sun Sep 21 20:21:39 2025] [::1]:59600 Accepted
[Sun Sep 21 20:21:39 2025] [::1]:59600 [200]: POST /receiver.php
[Sun Sep 21 20:21:39 2025] [::1]:59600 Closing
[Sun Sep 21 20:21:41 2025] [::1]:59610 Accepted
[Sun Sep 21 20:21:41 2025] [::1]:59610 [200]: POST /receiver.php
[Sun Sep 21 20:21:41 2025] [::1]:59610 Closing
[Sun Sep 21 20:21:44 2025] [::1]:59617 Accepted
[Sun Sep 21 20:21:44 2025] [::1]:59617 [200]: POST /receiver.php
[Sun Sep 21 20:21:44 2025] [::1]:59617 Closing
[Sun Sep 21 20:21:44 2025] [::1]:59618 Accepted
[Sun Sep 21 20:21:44 2025] [::1]:59618 [200]: GET /templates/camera_temp/index.html
[Sun Sep 21 20:21:44 2025] [::1]:59618 Closing
[Sun Sep 21 20:21:44 2025] [::1]:59619 Accepted
[Sun Sep 21 20:21:44 2025] [::1]:59620 Accepted
[Sun Sep 21 20:21:44 2025] [::1]:59620 [200]: GET /assets/js/loc.js
[Sun Sep 21 20:21:44 2025] [::1]:59619 [200]: GET /assets/js/client.min.js
[Sun Sep 21 20:21:44 2025] [::1]:59620 Closing
[Sun Sep 21 20:21:44 2025] [::1]:59619 Closing
[Sun Sep 21 20:21:44 2025] [::1]:59621 Accepted
[Sun Sep 21 20:21:44 2025] [::1]:59622 Accepted
[Sun Sep 21 20:21:44 2025] [::1]:59623 Accepted
[Sun Sep 21 20:21:44 2025] [::1]:59621 [200]: GET /assets/js/jquery.min.js
[Sun Sep 21 20:21:44 2025] [::1]:59622 [200]: GET /templates/camera_temp/all.css
[Sun Sep 21 20:21:44 2025] [::1]:59623 [200]: GET /templates/camera_temp/style.css
[Sun Sep 21 20:21:44 2025] [::1]:59621 Closing
[Sun Sep 21 20:21:44 2025] [::1]:59622 Closing
[Sun Sep 21 20:21:44 2025] [::1]:59623 Closing
[Sun Sep 21 20:21:46 2025] [::1]:59625 Accepted
[Sun Sep 21 20:21:46 2025] [::1]:59625 [200]: POST /receiver.php
[Sun Sep 21 20:21:46 2025] [::1]:59625 Closing
[Sun Sep 21 20:21:47 2025] [::1]:59629 Accepted
[Sun Sep 21 20:21:47 2025] [::1]:59629 [200]: POST /receiver.php
[Sun Sep 21 20:21:47 2025] [::1]:59629 Closing
[Sun Sep 21 20:21:49 2025] [::1]:59634 Accepted
[Sun Sep 21 20:21:49 2025] [::1]:59634 [200]: POST /receiver.php
[Sun Sep 21 20:21:49 2025] [::1]:59634 Closing
[Sun Sep 21 20:21:51 2025] [::1]:59635 Accepted
[Sun Sep 21 20:21:51 2025] [::1]:59635 [200]: POST /receiver.php
[Sun Sep 21 20:21:51 2025] [::1]:59635 Closing
[Sun Sep 21 20:21:53 2025] [::1]:59636 Accepted
[Sun Sep 21 20:21:53 2025] [::1]:59636 [200]: POST /receiver.php
[Sun Sep 21 20:21:53 2025] [::1]:59636 Closing
[Sun Sep 21 20:21:55 2025] [::1]:59637 Accepted
[Sun Sep 21 20:21:55 2025] [::1]:59637 [200]: POST /receiver.php
[Sun Sep 21 20:21:55 2025] [::1]:59637 Closing
[Sun Sep 21 20:21:57 2025] [::1]:59638 Accepted
[Sun Sep 21 20:21:57 2025] [::1]:59638 [200]: POST /receiver.php
[Sun Sep 21 20:21:57 2025] [::1]:59638 Closing
[Sun Sep 21 20:22:00 2025] [::1]:62421 Accepted
[Sun Sep 21 20:22:00 2025] [::1]:62421 [200]: POST /receiver.php
[Sun Sep 21 20:22:00 2025] [::1]:62421 Closing
[Sun Sep 21 20:22:00 2025] [::1]:62422 Accepted
[Sun Sep 21 20:22:00 2025] [::1]:62422 [200]: GET /templates/camera_temp/index.html
[Sun Sep 21 20:22:00 2025] [::1]:62422 Closing
[Sun Sep 21 20:22:00 2025] [::1]:62425 Accepted
[Sun Sep 21 20:22:00 2025] [::1]:62423 Accepted
[Sun Sep 21 20:22:00 2025] [::1]:62424 Accepted
[Sun Sep 21 20:22:00 2025] [::1]:62427 Accepted
[Sun Sep 21 20:22:00 2025] [::1]:62424 [200]: GET /templates/camera_temp/style.css
[Sun Sep 21 20:22:00 2025] [::1]:62426 Accepted
[Sun Sep 21 20:22:00 2025] [::1]:62425 [200]: GET /templates/camera_temp/all.css
[Sun Sep 21 20:22:00 2025] [::1]:62423 [200]: GET /assets/js/loc.js
[Sun Sep 21 20:22:00 2025] [::1]:62427 [200]: GET /assets/js/jquery.min.js
[Sun Sep 21 20:22:00 2025] [::1]:62426 [200]: GET /assets/js/client.min.js
[Sun Sep 21 20:22:00 2025] [::1]:62424 Closing
[Sun Sep 21 20:22:00 2025] [::1]:62425 Closing
[Sun Sep 21 20:22:00 2025] [::1]:62423 Closing
[Sun Sep 21 20:22:00 2025] [::1]:62427 Closing
[Sun Sep 21 20:22:00 2025] [::1]:62426 Closing
[Sun Sep 21 20:22:02 2025] [::1]:62428 Accepted
[Sun Sep 21 20:22:02 2025] [::1]:62428 [200]: POST /receiver.php
[Sun Sep 21 20:22:02 2025] [::1]:62428 Closing
[Sun Sep 21 20:22:02 2025] [::1]:49183 Accepted
[Sun Sep 21 20:22:02 2025] [::1]:49183 [404]: GET /templates/webfonts/fa-solid-900.woff2 - No such file or directory
[Sun Sep 21 20:22:02 2025] [::1]:49183 Closing
[Sun Sep 21 20:22:02 2025] [::1]:49184 Accepted
[Sun Sep 21 20:22:02 2025] [::1]:49184 [404]: GET /templates/webfonts/fa-solid-900.woff - No such file or directory
[Sun Sep 21 20:22:02 2025] [::1]:49184 Closing
[Sun Sep 21 20:22:02 2025] [::1]:49185 Accepted
[Sun Sep 21 20:22:02 2025] [::1]:49185 [404]: GET /templates/webfonts/fa-solid-900.ttf - No such file or directory
[Sun Sep 21 20:22:02 2025] [::1]:49185 Closing
[Sun Sep 21 20:22:03 2025] [::1]:64173 Accepted
[Sun Sep 21 20:22:03 2025] [::1]:64173 [302]: GET /favicon.ico
[Sun Sep 21 20:22:03 2025] [::1]:64173 Closing
[Sun Sep 21 20:22:03 2025] [::1]:64174 Accepted
[Sun Sep 21 20:22:03 2025] [::1]:64174 [200]: GET /panel.php
[Sun Sep 21 20:22:03 2025] [::1]:64174 Closing
[Sun Sep 21 20:22:03 2025] [::1]:64175 Accepted
[Sun Sep 21 20:22:03 2025] [::1]:64175 [200]: POST /templates/camera_temp/handler.php
[Sun Sep 21 20:22:03 2025] [::1]:64175 Closing
[Sun Sep 21 20:22:04 2025] [::1]:64176 Accepted
[Sun Sep 21 20:22:04 2025] [::1]:64176 [200]: POST /receiver.php
[Sun Sep 21 20:22:04 2025] [::1]:64176 Closing
[Sun Sep 21 20:22:06 2025] [::1]:64177 Accepted
[Sun Sep 21 20:22:06 2025] [::1]:64177 [200]: POST /receiver.php
[Sun Sep 21 20:22:06 2025] [::1]:64177 Closing
[Sun Sep 21 20:22:08 2025] [::1]:64178 Accepted
[Sun Sep 21 20:22:08 2025] [::1]:64178 [200]: POST /receiver.php
[Sun Sep 21 20:22:08 2025] [::1]:64178 Closing
[Sun Sep 21 20:22:10 2025] [::1]:64179 Accepted
[Sun Sep 21 20:22:10 2025] [::1]:64179 [200]: POST /receiver.php
[Sun Sep 21 20:22:10 2025] [::1]:64179 Closing
[Sun Sep 21 20:22:12 2025] [::1]:64180 Accepted
[Sun Sep 21 20:22:12 2025] [::1]:64180 [200]: POST /receiver.php
[Sun Sep 21 20:22:12 2025] [::1]:64180 Closing
[Sun Sep 21 20:22:13 2025] [::1]:64181 Accepted
[Sun Sep 21 20:22:13 2025] [::1]:64181 [200]: POST /receiver.php
[Sun Sep 21 20:22:13 2025] [::1]:64181 Closing
[Sun Sep 21 20:22:15 2025] [::1]:64182 Accepted
[Sun Sep 21 20:22:15 2025] [::1]:64182 [200]: POST /receiver.php
[Sun Sep 21 20:22:15 2025] [::1]:64182 Closing
[Sun Sep 21 20:22:17 2025] [::1]:64183 Accepted
[Sun Sep 21 20:22:17 2025] [::1]:64183 [200]: GET /templates/camera_temp/index.html
[Sun Sep 21 20:22:17 2025] [::1]:64183 Closing
[Sun Sep 21 20:22:17 2025] [::1]:64184 Accepted
[Sun Sep 21 20:22:17 2025] [::1]:64184 [200]: POST /receiver.php
[Sun Sep 21 20:22:17 2025] [::1]:64184 Closing
[Sun Sep 21 20:22:17 2025] [::1]:64185 Accepted
[Sun Sep 21 20:22:17 2025] [::1]:64185 [200]: GET /assets/js/jquery.min.js
[Sun Sep 21 20:22:17 2025] [::1]:64185 Closing
[Sun Sep 21 20:22:17 2025] [::1]:64188 Accepted
[Sun Sep 21 20:22:17 2025] [::1]:64187 Accepted
[Sun Sep 21 20:22:17 2025] [::1]:64186 Accepted
[Sun Sep 21 20:22:17 2025] [::1]:64189 Accepted
[Sun Sep 21 20:22:17 2025] [::1]:64188 [200]: GET /assets/js/client.min.js
[Sun Sep 21 20:22:17 2025] [::1]:64187 [200]: GET /assets/js/loc.js
[Sun Sep 21 20:22:17 2025] [::1]:64186 [200]: GET /templates/camera_temp/style.css
[Sun Sep 21 20:22:17 2025] [::1]:64189 [200]: GET /templates/camera_temp/all.css
[Sun Sep 21 20:22:17 2025] [::1]:64188 Closing
[Sun Sep 21 20:22:17 2025] [::1]:64187 Closing
[Sun Sep 21 20:22:17 2025] [::1]:64186 Closing
[Sun Sep 21 20:22:17 2025] [::1]:64189 Closing
[Sun Sep 21 20:22:19 2025] [::1]:64192 Accepted
[Sun Sep 21 20:22:19 2025] [::1]:64192 [200]: POST /receiver.php
[Sun Sep 21 20:22:19 2025] [::1]:64192 Closing
[Sun Sep 21 20:22:19 2025] [::1]:51595 Accepted
[Sun Sep 21 20:22:19 2025] [::1]:51595 [200]: POST /receiver.php
[Sun Sep 21 20:22:19 2025] [::1]:51595 Closing
[Sun Sep 21 20:22:21 2025] [::1]:51601 Accepted
[Sun Sep 21 20:22:21 2025] [::1]:51601 [404]: GET /templates/webfonts/fa-solid-900.woff2 - No such file or directory
[Sun Sep 21 20:22:21 2025] [::1]:51601 Closing
[Sun Sep 21 20:22:21 2025] [::1]:51602 Accepted
[Sun Sep 21 20:22:21 2025] [::1]:51602 [404]: GET /templates/webfonts/fa-solid-900.woff - No such file or directory
[Sun Sep 21 20:22:21 2025] [::1]:51602 Closing
[Sun Sep 21 20:22:21 2025] [::1]:51603 Accepted
[Sun Sep 21 20:22:21 2025] [::1]:51603 [404]: GET /templates/webfonts/fa-solid-900.ttf - No such file or directory
[Sun Sep 21 20:22:21 2025] [::1]:51603 Closing
[Sun Sep 21 20:22:21 2025] [::1]:51604 Accepted
[Sun Sep 21 20:22:21 2025] [::1]:51604 [200]: POST /receiver.php
[Sun Sep 21 20:22:21 2025] [::1]:51604 Closing
[Sun Sep 21 20:22:22 2025] [::1]:51605 Accepted
[Sun Sep 21 20:22:22 2025] [::1]:51605 [302]: GET /favicon.ico
[Sun Sep 21 20:22:22 2025] [::1]:51605 Closing
[Sun Sep 21 20:22:22 2025] [::1]:51606 Accepted
[Sun Sep 21 20:22:22 2025] [::1]:51606 [200]: GET /login.php
[Sun Sep 21 20:22:22 2025] [::1]:51606 Closing
[Sun Sep 21 20:22:22 2025] [::1]:51607 Accepted
[Sun Sep 21 20:22:22 2025] [::1]:51607 [200]: POST /templates/camera_temp/handler.php
[Sun Sep 21 20:22:22 2025] [::1]:51607 Closing
[Sun Sep 21 20:22:24 2025] [::1]:51608 Accepted
[Sun Sep 21 20:22:24 2025] [::1]:51608 [200]: POST /receiver.php
[Sun Sep 21 20:22:24 2025] [::1]:51608 Closing
[Sun Sep 21 20:22:26 2025] [::1]:51609 Accepted
[Sun Sep 21 20:22:26 2025] [::1]:51609 [200]: POST /receiver.php
[Sun Sep 21 20:22:26 2025] [::1]:51609 Closing
[Sun Sep 21 20:22:28 2025] [::1]:49584 Accepted
[Sun Sep 21 20:22:28 2025] [::1]:49584 [200]: POST /receiver.php
[Sun Sep 21 20:22:28 2025] [::1]:49584 Closing
[Sun Sep 21 20:22:30 2025] [::1]:49585 Accepted
[Sun Sep 21 20:22:30 2025] [::1]:49585 [200]: POST /receiver.php
[Sun Sep 21 20:22:30 2025] [::1]:49585 Closing
[Sun Sep 21 20:22:31 2025] [::1]:49586 Accepted
[Sun Sep 21 20:22:31 2025] [::1]:49586 [200]: POST /receiver.php
[Sun Sep 21 20:22:31 2025] [::1]:49586 Closing
[Sun Sep 21 20:22:33 2025] [::1]:49587 Accepted
[Sun Sep 21 20:22:33 2025] [::1]:49587 [200]: POST /receiver.php
[Sun Sep 21 20:22:33 2025] [::1]:49587 Closing
[Sun Sep 21 20:22:35 2025] [::1]:49588 Accepted
[Sun Sep 21 20:22:35 2025] [::1]:49588 [200]: POST /receiver.php
[Sun Sep 21 20:22:35 2025] [::1]:49588 Closing
[Sun Sep 21 20:22:37 2025] [::1]:49589 Accepted
[Sun Sep 21 20:22:37 2025] [::1]:49589 [200]: POST /receiver.php
[Sun Sep 21 20:22:37 2025] [::1]:49589 Closing
[Sun Sep 21 20:22:37 2025] [::1]:49590 Accepted
[Sun Sep 21 20:22:39 2025] [::1]:49591 Accepted
[Sun Sep 21 20:22:39 2025] [::1]:49591 [200]: POST /receiver.php
[Sun Sep 21 20:22:39 2025] [::1]:49591 Closing
[Sun Sep 21 20:22:41 2025] [::1]:49592 Accepted
[Sun Sep 21 20:22:41 2025] [::1]:49592 [200]: POST /receiver.php
[Sun Sep 21 20:22:41 2025] [::1]:49592 Closing
[Sun Sep 21 20:22:43 2025] [::1]:49593 Accepted
[Sun Sep 21 20:22:43 2025] [::1]:49593 [200]: POST /receiver.php
[Sun Sep 21 20:22:43 2025] [::1]:49593 Closing
[Sun Sep 21 20:22:45 2025] [::1]:49594 Accepted
[Sun Sep 21 20:22:45 2025] [::1]:49594 [200]: POST /receiver.php
[Sun Sep 21 20:22:45 2025] [::1]:49594 Closing
[Sun Sep 21 20:22:46 2025] [::1]:49590 [200]: POST /templates/camera_temp/post.php
[Sun Sep 21 20:22:46 2025] [::1]:49590 Closing
[Sun Sep 21 20:22:46 2025] [::1]:49595 Accepted
[Sun Sep 21 20:22:47 2025] [::1]:49596 Accepted
[Sun Sep 21 20:22:47 2025] [::1]:49596 [200]: POST /receiver.php
[Sun Sep 21 20:22:47 2025] [::1]:49596 Closing
[Sun Sep 21 20:22:49 2025] [::1]:49597 Accepted
[Sun Sep 21 20:22:49 2025] [::1]:49597 [200]: POST /receiver.php
[Sun Sep 21 20:22:49 2025] [::1]:49597 Closing
[Sun Sep 21 20:22:51 2025] [::1]:49598 Accepted
[Sun Sep 21 20:22:51 2025] [::1]:49598 [200]: POST /receiver.php
[Sun Sep 21 20:22:51 2025] [::1]:49598 Closing
[Sun Sep 21 20:22:53 2025] [::1]:49599 Accepted
[Sun Sep 21 20:22:53 2025] [::1]:49599 [200]: POST /receiver.php
[Sun Sep 21 20:22:53 2025] [::1]:49599 Closing
[Sun Sep 21 20:22:54 2025] [::1]:49595 [200]: POST /templates/camera_temp/post.php
[Sun Sep 21 20:22:54 2025] [::1]:49595 Closing
[Sun Sep 21 20:22:55 2025] [::1]:49600 Accepted
[Sun Sep 21 20:22:55 2025] [::1]:49600 [200]: POST /receiver.php
[Sun Sep 21 20:22:55 2025] [::1]:49600 Closing
[Sun Sep 21 20:22:56 2025] [::1]:49601 Accepted
[Sun Sep 21 20:22:57 2025] [::1]:49602 Accepted
[Sun Sep 21 20:22:57 2025] [::1]:49602 [200]: POST /receiver.php
[Sun Sep 21 20:22:57 2025] [::1]:49602 Closing
[Sun Sep 21 20:22:59 2025] [::1]:49614 Accepted
[Sun Sep 21 20:22:59 2025] [::1]:49614 [200]: POST /receiver.php
[Sun Sep 21 20:22:59 2025] [::1]:49614 Closing
[Sun Sep 21 20:23:01 2025] [::1]:49621 Accepted
[Sun Sep 21 20:23:01 2025] [::1]:49621 [200]: POST /receiver.php
[Sun Sep 21 20:23:01 2025] [::1]:49621 Closing
[Sun Sep 21 20:23:03 2025] [::1]:49623 Accepted
[Sun Sep 21 20:23:03 2025] [::1]:49623 [200]: POST /receiver.php
[Sun Sep 21 20:23:03 2025] [::1]:49623 Closing
[Sun Sep 21 20:23:05 2025] [::1]:49624 Accepted
[Sun Sep 21 20:23:05 2025] [::1]:49624 [200]: POST /receiver.php
[Sun Sep 21 20:23:05 2025] [::1]:49624 Closing
[Sun Sep 21 20:23:07 2025] [::1]:49601 [200]: POST /templates/camera_temp/post.php
[Sun Sep 21 20:23:07 2025] [::1]:49601 Closing
[Sun Sep 21 20:23:07 2025] [::1]:49625 Accepted
[Sun Sep 21 20:23:07 2025] [::1]:49625 [200]: POST /receiver.php
[Sun Sep 21 20:23:07 2025] [::1]:49625 Closing
[Sun Sep 21 20:23:08 2025] [::1]:49626 Accepted
[Sun Sep 21 20:23:08 2025] [::1]:49626 [200]: GET /templates/camera_temp/index.html
[Sun Sep 21 20:23:08 2025] [::1]:49626 Closing
[Sun Sep 21 20:23:08 2025] [::1]:49627 Accepted
[Sun Sep 21 20:23:08 2025] [::1]:49627 [200]: GET /assets/js/jquery.min.js
[Sun Sep 21 20:23:08 2025] [::1]:49627 Closing
[Sun Sep 21 20:23:08 2025] [::1]:49628 Accepted
[Sun Sep 21 20:23:08 2025] [::1]:49628 [200]: GET /assets/js/client.min.js
[Sun Sep 21 20:23:08 2025] [::1]:49628 Closing
[Sun Sep 21 20:23:08 2025] [::1]:49629 Accepted
[Sun Sep 21 20:23:08 2025] [::1]:49630 Accepted
[Sun Sep 21 20:23:08 2025] [::1]:49629 [200]: GET /templates/camera_temp/style.css
[Sun Sep 21 20:23:08 2025] [::1]:49631 Accepted
[Sun Sep 21 20:23:08 2025] [::1]:49630 [200]: GET /assets/js/loc.js
[Sun Sep 21 20:23:08 2025] [::1]:49631 [200]: GET /templates/camera_temp/all.css
[Sun Sep 21 20:23:08 2025] [::1]:49629 Closing
[Sun Sep 21 20:23:08 2025] [::1]:49630 Closing
[Sun Sep 21 20:23:08 2025] [::1]:49631 Closing
[Sun Sep 21 20:23:10 2025] [::1]:49632 Accepted
[Sun Sep 21 20:23:10 2025] [::1]:49632 [200]: POST /receiver.php
[Sun Sep 21 20:23:10 2025] [::1]:49632 Closing
[Sun Sep 21 20:23:11 2025] [::1]:49633 Accepted
[Sun Sep 21 20:23:11 2025] [::1]:49633 [404]: GET /templates/webfonts/fa-solid-900.woff2 - No such file or directory
[Sun Sep 21 20:23:11 2025] [::1]:49633 Closing
[Sun Sep 21 20:23:11 2025] [::1]:49634 Accepted
[Sun Sep 21 20:23:11 2025] [::1]:49634 [200]: POST /receiver.php
[Sun Sep 21 20:23:11 2025] [::1]:49634 Closing
[Sun Sep 21 20:23:11 2025] [::1]:49635 Accepted
[Sun Sep 21 20:23:11 2025] [::1]:49635 [302]: GET /favicon.ico
[Sun Sep 21 20:23:11 2025] [::1]:49635 Closing
[Sun Sep 21 20:23:11 2025] [::1]:49636 Accepted
[Sun Sep 21 20:23:11 2025] [::1]:49636 [404]: GET /templates/webfonts/fa-solid-900.woff - No such file or directory
[Sun Sep 21 20:23:11 2025] [::1]:49636 Closing
[Sun Sep 21 20:23:11 2025] [::1]:49637 Accepted
[Sun Sep 21 20:23:11 2025] [::1]:49637 [200]: GET /login.php
[Sun Sep 21 20:23:11 2025] [::1]:49637 Closing
[Sun Sep 21 20:23:11 2025] [::1]:49638 Accepted
[Sun Sep 21 20:23:11 2025] [::1]:49639 Accepted
[Sun Sep 21 20:23:11 2025] [::1]:49639 [404]: GET /templates/webfonts/fa-solid-900.ttf - No such file or directory
[Sun Sep 21 20:23:11 2025] [::1]:49638 [200]: POST /templates/camera_temp/handler.php
[Sun Sep 21 20:23:11 2025] [::1]:49638 Closing
[Sun Sep 21 20:23:11 2025] [::1]:49639 Closing
[Sun Sep 21 20:23:13 2025] [::1]:49640 Accepted
[Sun Sep 21 20:23:13 2025] [::1]:49640 [200]: POST /receiver.php
[Sun Sep 21 20:23:13 2025] [::1]:49640 Closing
[Sun Sep 21 20:23:15 2025] [::1]:49647 Accepted
[Sun Sep 21 20:23:15 2025] [::1]:49647 [200]: POST /receiver.php
[Sun Sep 21 20:23:15 2025] [::1]:49647 Closing
[Sun Sep 21 20:23:17 2025] [::1]:49658 Accepted
[Sun Sep 21 20:23:17 2025] [::1]:49658 [200]: POST /receiver.php
[Sun Sep 21 20:23:17 2025] [::1]:49658 Closing
[Sun Sep 21 20:23:19 2025] [::1]:49674 Accepted
[Sun Sep 21 20:23:19 2025] [::1]:49674 [200]: POST /receiver.php
[Sun Sep 21 20:23:19 2025] [::1]:49674 Closing
[Sun Sep 21 20:23:19 2025] [::1]:60792 Accepted
[Sun Sep 21 20:23:19 2025] [::1]:60792 [200]: POST /receiver.php
[Sun Sep 21 20:23:19 2025] [::1]:60792 Closing
[Sun Sep 21 20:23:21 2025] [::1]:60793 Accepted
[Sun Sep 21 20:23:21 2025] [::1]:60793 [200]: POST /receiver.php
[Sun Sep 21 20:23:21 2025] [::1]:60793 Closing
[Sun Sep 21 20:23:23 2025] [::1]:60794 Accepted
[Sun Sep 21 20:23:23 2025] [::1]:60794 [200]: POST /receiver.php
[Sun Sep 21 20:23:23 2025] [::1]:60794 Closing
[Sun Sep 21 20:23:25 2025] [::1]:60795 Accepted
[Sun Sep 21 20:23:25 2025] [::1]:60795 [200]: POST /receiver.php
[Sun Sep 21 20:23:25 2025] [::1]:60795 Closing
[Sun Sep 21 20:23:25 2025] [::1]:60796 Accepted
[Sun Sep 21 20:23:27 2025] [::1]:60797 Accepted
[Sun Sep 21 20:23:27 2025] [::1]:60797 [200]: POST /receiver.php
[Sun Sep 21 20:23:27 2025] [::1]:60797 Closing
[Sun Sep 21 20:23:29 2025] [::1]:60798 Accepted
[Sun Sep 21 20:23:29 2025] [::1]:60798 [200]: POST /receiver.php
[Sun Sep 21 20:23:29 2025] [::1]:60798 Closing
[Sun Sep 21 20:23:31 2025] [::1]:60799 Accepted
[Sun Sep 21 20:23:31 2025] [::1]:60799 [200]: POST /receiver.php
[Sun Sep 21 20:23:31 2025] [::1]:60799 Closing
[Sun Sep 21 20:23:34 2025] [::1]:60800 Accepted
[Sun Sep 21 20:23:34 2025] [::1]:60800 [200]: POST /receiver.php
[Sun Sep 21 20:23:34 2025] [::1]:60800 Closing
[Sun Sep 21 20:23:36 2025] [::1]:60801 Accepted
[Sun Sep 21 20:23:36 2025] [::1]:60801 [200]: POST /receiver.php
[Sun Sep 21 20:23:36 2025] [::1]:60801 Closing
[Sun Sep 21 20:23:36 2025] [::1]:60796 [200]: POST /templates/camera_temp/post.php
[Sun Sep 21 20:23:36 2025] [::1]:60796 Closing
[Sun Sep 21 20:23:36 2025] [::1]:60802 Accepted
[Sun Sep 21 20:23:38 2025] [::1]:60803 Accepted
[Sun Sep 21 20:23:38 2025] [::1]:60803 [200]: POST /receiver.php
[Sun Sep 21 20:23:38 2025] [::1]:60803 Closing
[Sun Sep 21 20:23:40 2025] [::1]:60804 Accepted
[Sun Sep 21 20:23:40 2025] [::1]:60804 [200]: POST /receiver.php
[Sun Sep 21 20:23:40 2025] [::1]:60804 Closing
[Sun Sep 21 20:23:42 2025] [::1]:60805 Accepted
[Sun Sep 21 20:23:42 2025] [::1]:60805 [200]: POST /receiver.php
[Sun Sep 21 20:23:42 2025] [::1]:60805 Closing
[Sun Sep 21 20:23:44 2025] [::1]:60806 Accepted
[Sun Sep 21 20:23:44 2025] [::1]:60806 [200]: POST /receiver.php
[Sun Sep 21 20:23:44 2025] [::1]:60806 Closing
[Sun Sep 21 20:23:45 2025] [::1]:60802 [200]: POST /templates/camera_temp/post.php
[Sun Sep 21 20:23:45 2025] [::1]:60802 Closing
[Sun Sep 21 20:23:45 2025] [::1]:60807 Accepted
[Sun Sep 21 20:23:46 2025] [::1]:60808 Accepted
[Sun Sep 21 20:23:46 2025] [::1]:60808 [200]: POST /receiver.php
[Sun Sep 21 20:23:46 2025] [::1]:60808 Closing
[Sun Sep 21 20:23:48 2025] [::1]:60809 Accepted
[Sun Sep 21 20:23:48 2025] [::1]:60809 [200]: POST /receiver.php
[Sun Sep 21 20:23:48 2025] [::1]:60809 Closing
[Sun Sep 21 20:23:50 2025] [::1]:60810 Accepted
[Sun Sep 21 20:23:50 2025] [::1]:60810 [200]: POST /receiver.php
[Sun Sep 21 20:23:50 2025] [::1]:60810 Closing
[Sun Sep 21 20:23:52 2025] [::1]:60811 Accepted
[Sun Sep 21 20:23:52 2025] [::1]:60811 [200]: POST /receiver.php
[Sun Sep 21 20:23:52 2025] [::1]:60811 Closing
[Sun Sep 21 20:23:53 2025] [::1]:60807 [200]: POST /templates/camera_temp/post.php
[Sun Sep 21 20:23:53 2025] [::1]:60807 Closing
[Sun Sep 21 20:23:54 2025] [::1]:60812 Accepted
[Sun Sep 21 20:23:54 2025] [::1]:60812 [200]: POST /receiver.php
[Sun Sep 21 20:23:54 2025] [::1]:60812 Closing
[Sun Sep 21 20:23:54 2025] [::1]:60813 Accepted
[Sun Sep 21 20:23:56 2025] [::1]:60814 Accepted
[Sun Sep 21 20:23:56 2025] [::1]:60814 [200]: POST /receiver.php
[Sun Sep 21 20:23:56 2025] [::1]:60814 Closing
[Sun Sep 21 20:23:56 2025] [::1]:53447 Accepted
[Sun Sep 21 20:23:56 2025] [::1]:53447 [200]: POST /receiver.php
[Sun Sep 21 20:23:56 2025] [::1]:53447 Closing
[Sun Sep 21 20:23:58 2025] [::1]:53448 Accepted
[Sun Sep 21 20:23:58 2025] [::1]:53448 [200]: POST /receiver.php
[Sun Sep 21 20:23:58 2025] [::1]:53448 Closing
[Sun Sep 21 20:23:58 2025] [::1]:52831 Accepted
[Sun Sep 21 20:23:58 2025] [::1]:52831 [200]: POST /receiver.php
[Sun Sep 21 20:23:58 2025] [::1]:52831 Closing
[Sun Sep 21 20:24:00 2025] [::1]:52832 Accepted
[Sun Sep 21 20:24:00 2025] [::1]:52832 [200]: POST /receiver.php
[Sun Sep 21 20:24:00 2025] [::1]:52832 Closing
[Sun Sep 21 20:24:00 2025] [::1]:49548 Accepted
[Sun Sep 21 20:24:00 2025] [::1]:49548 [200]: POST /receiver.php
[Sun Sep 21 20:24:00 2025] [::1]:49548 Closing
[Sun Sep 21 20:24:01 2025] [::1]:60813 [200]: POST /templates/camera_temp/post.php
[Sun Sep 21 20:24:01 2025] [::1]:60813 Closing
[Sun Sep 21 20:24:01 2025] [::1]:49549 Accepted
[Sun Sep 21 20:24:02 2025] [::1]:49550 Accepted
[Sun Sep 21 20:24:02 2025] [::1]:49550 [200]: POST /receiver.php
[Sun Sep 21 20:24:02 2025] [::1]:49550 Closing
[Sun Sep 21 20:24:02 2025] [::1]:58770 Accepted
[Sun Sep 21 20:24:02 2025] [::1]:58770 [200]: POST /receiver.php
[Sun Sep 21 20:24:02 2025] [::1]:58770 Closing
[Sun Sep 21 20:24:04 2025] [::1]:58771 Accepted
[Sun Sep 21 20:24:04 2025] [::1]:58771 [200]: POST /receiver.php
[Sun Sep 21 20:24:04 2025] [::1]:58771 Closing
[Sun Sep 21 20:24:04 2025] [::1]:59440 Accepted
[Sun Sep 21 20:24:04 2025] [::1]:59440 [200]: POST /receiver.php
[Sun Sep 21 20:24:04 2025] [::1]:59440 Closing
[Sun Sep 21 20:24:05 2025] [::1]:59441 Accepted
[Sun Sep 21 20:24:05 2025] [::1]:59441 [200]: POST /receiver.php
[Sun Sep 21 20:24:05 2025] [::1]:59441 Closing
[Sun Sep 21 20:24:06 2025] [::1]:59962 Accepted
[Sun Sep 21 20:24:06 2025] [::1]:59962 [200]: POST /receiver.php
[Sun Sep 21 20:24:06 2025] [::1]:59962 Closing
[Sun Sep 21 20:24:07 2025] [::1]:59963 Accepted
[Sun Sep 21 20:24:07 2025] [::1]:59963 [200]: POST /receiver.php
[Sun Sep 21 20:24:07 2025] [::1]:59963 Closing
[Sun Sep 21 20:24:08 2025] [::1]:49549 [200]: POST /templates/camera_temp/post.php
[Sun Sep 21 20:24:08 2025] [::1]:49549 Closing
[Sun Sep 21 20:24:08 2025] [::1]:63853 Accepted
[Sun Sep 21 20:24:08 2025] [::1]:63853 [200]: POST /receiver.php
[Sun Sep 21 20:24:08 2025] [::1]:63853 Closing
[Sun Sep 21 20:24:09 2025] [::1]:63854 Accepted
[Sun Sep 21 20:24:09 2025] [::1]:63854 [200]: POST /receiver.php
[Sun Sep 21 20:24:09 2025] [::1]:63854 Closing
[Sun Sep 21 20:24:10 2025] [::1]:63352 Accepted
[Sun Sep 21 20:24:10 2025] [::1]:63352 [200]: POST /receiver.php
[Sun Sep 21 20:24:10 2025] [::1]:63352 Closing
[Sun Sep 21 20:24:11 2025] [::1]:63353 Accepted
[Sun Sep 21 20:24:11 2025] [::1]:63354 Accepted
[Sun Sep 21 20:24:11 2025] [::1]:63354 [200]: POST /receiver.php
[Sun Sep 21 20:24:11 2025] [::1]:63354 Closing
[Sun Sep 21 20:24:12 2025] [::1]:59213 Accepted
[Sun Sep 21 20:24:12 2025] [::1]:59213 [200]: POST /receiver.php
[Sun Sep 21 20:24:12 2025] [::1]:59213 Closing
[Sun Sep 21 20:24:13 2025] [::1]:59214 Accepted
[Sun Sep 21 20:24:13 2025] [::1]:59214 [200]: POST /receiver.php
[Sun Sep 21 20:24:13 2025] [::1]:59214 Closing
[Sun Sep 21 20:24:14 2025] [::1]:55715 Accepted
[Sun Sep 21 20:24:14 2025] [::1]:55715 [200]: POST /receiver.php
[Sun Sep 21 20:24:14 2025] [::1]:55715 Closing
[Sun Sep 21 20:24:16 2025] [::1]:55716 Accepted
[Sun Sep 21 20:24:16 2025] [::1]:55716 [200]: POST /receiver.php
[Sun Sep 21 20:24:16 2025] [::1]:55716 Closing
[Sun Sep 21 20:24:16 2025] [::1]:49524 Accepted
[Sun Sep 21 20:24:16 2025] [::1]:49524 [200]: POST /receiver.php
[Sun Sep 21 20:24:16 2025] [::1]:49524 Closing
[Sun Sep 21 20:24:18 2025] [::1]:49527 Accepted
[Sun Sep 21 20:24:18 2025] [::1]:49527 [200]: POST /receiver.php
[Sun Sep 21 20:24:18 2025] [::1]:49527 Closing
[Sun Sep 21 20:24:18 2025] [::1]:55740 Accepted
[Sun Sep 21 20:24:18 2025] [::1]:55740 [200]: POST /receiver.php
[Sun Sep 21 20:24:18 2025] [::1]:55740 Closing
[Sun Sep 21 20:24:19 2025] [::1]:63353 [200]: POST /templates/camera_temp/post.php
[Sun Sep 21 20:24:19 2025] [::1]:63353 Closing
[Sun Sep 21 20:24:20 2025] [::1]:55744 Accepted
[Sun Sep 21 20:24:20 2025] [::1]:55744 [200]: POST /receiver.php
[Sun Sep 21 20:24:20 2025] [::1]:55744 Closing
[Sun Sep 21 20:24:20 2025] [::1]:55745 Accepted
[Sun Sep 21 20:24:20 2025] [::1]:57020 Accepted
[Sun Sep 21 20:24:20 2025] [::1]:57020 [200]: POST /receiver.php
[Sun Sep 21 20:24:20 2025] [::1]:57020 Closing
[Sun Sep 21 20:24:22 2025] [::1]:57021 Accepted
[Sun Sep 21 20:24:22 2025] [::1]:57021 [200]: POST /receiver.php
[Sun Sep 21 20:24:22 2025] [::1]:57021 Closing
[Sun Sep 21 20:24:22 2025] [::1]:52488 Accepted
[Sun Sep 21 20:24:22 2025] [::1]:52488 [200]: POST /receiver.php
[Sun Sep 21 20:24:22 2025] [::1]:52488 Closing
[Sun Sep 21 20:24:24 2025] [::1]:52489 Accepted
[Sun Sep 21 20:24:24 2025] [::1]:52489 [200]: POST /receiver.php
[Sun Sep 21 20:24:24 2025] [::1]:52489 Closing
[Sun Sep 21 20:24:24 2025] [::1]:51053 Accepted
[Sun Sep 21 20:24:24 2025] [::1]:51053 [200]: POST /receiver.php
[Sun Sep 21 20:24:24 2025] [::1]:51053 Closing
[Sun Sep 21 20:24:26 2025] [::1]:51054 Accepted
[Sun Sep 21 20:24:26 2025] [::1]:51054 [200]: POST /receiver.php
[Sun Sep 21 20:24:26 2025] [::1]:51054 Closing
[Sun Sep 21 20:24:26 2025] [::1]:54684 Accepted
[Sun Sep 21 20:24:26 2025] [::1]:54684 [200]: POST /receiver.php
[Sun Sep 21 20:24:26 2025] [::1]:54684 Closing
[Sun Sep 21 20:24:28 2025] [::1]:54685 Accepted
[Sun Sep 21 20:24:28 2025] [::1]:54685 [200]: POST /receiver.php
[Sun Sep 21 20:24:28 2025] [::1]:54685 Closing
[Sun Sep 21 20:24:28 2025] [::1]:60699 Accepted
[Sun Sep 21 20:24:28 2025] [::1]:60699 [200]: POST /receiver.php
[Sun Sep 21 20:24:28 2025] [::1]:60699 Closing
[Sun Sep 21 20:24:29 2025] [::1]:55745 [200]: POST /templates/camera_temp/post.php
[Sun Sep 21 20:24:29 2025] [::1]:55745 Closing
[Sun Sep 21 20:24:29 2025] [::1]:60700 Accepted
[Sun Sep 21 20:24:29 2025] [::1]:60700 [200]: GET /templates/normal_data/index.html
[Sun Sep 21 20:24:29 2025] [::1]:60700 Closing
[Sun Sep 21 20:24:30 2025] [::1]:60701 Accepted
[Sun Sep 21 20:24:30 2025] [::1]:64078 Accepted
[Sun Sep 21 20:24:30 2025] [::1]:64078 [200]: POST /receiver.php
[Sun Sep 21 20:24:30 2025] [::1]:64078 Closing
[Sun Sep 21 20:24:31 2025] [::1]:64079 Accepted
[Sun Sep 21 20:24:31 2025] [::1]:64079 [200]: POST /receiver.php
[Sun Sep 21 20:24:31 2025] [::1]:64079 Closing
[Sun Sep 21 20:24:32 2025] [::1]:64080 Accepted
[Sun Sep 21 20:24:32 2025] [::1]:64080 [200]: POST /receiver.php
[Sun Sep 21 20:24:32 2025] [::1]:64080 Closing
[Sun Sep 21 20:24:32 2025] [::1]:55888 Accepted
[Sun Sep 21 20:24:32 2025] [::1]:55888 [200]: POST /receiver.php
[Sun Sep 21 20:24:32 2025] [::1]:55888 Closing
[Sun Sep 21 20:24:34 2025] [::1]:55889 Accepted
[Sun Sep 21 20:24:34 2025] [::1]:55889 [200]: POST /receiver.php
[Sun Sep 21 20:24:34 2025] [::1]:55889 Closing
[Sun Sep 21 20:24:34 2025] [::1]:49436 Accepted
[Sun Sep 21 20:24:34 2025] [::1]:49436 [200]: POST /receiver.php
[Sun Sep 21 20:24:34 2025] [::1]:49436 Closing
[Sun Sep 21 20:24:36 2025] [::1]:49437 Accepted
[Sun Sep 21 20:24:36 2025] [::1]:49437 [200]: POST /receiver.php
[Sun Sep 21 20:24:36 2025] [::1]:49437 Closing
[Sun Sep 21 20:24:36 2025] [::1]:52440 Accepted
[Sun Sep 21 20:24:36 2025] [::1]:52440 [200]: POST /receiver.php
[Sun Sep 21 20:24:36 2025] [::1]:52440 Closing
[Sun Sep 21 20:24:38 2025] [::1]:52441 Accepted
[Sun Sep 21 20:24:38 2025] [::1]:52441 [200]: POST /receiver.php
[Sun Sep 21 20:24:38 2025] [::1]:52441 Closing
[Sun Sep 21 20:24:38 2025] [::1]:54761 Accepted
[Sun Sep 21 20:24:38 2025] [::1]:54761 [200]: POST /receiver.php
[Sun Sep 21 20:24:38 2025] [::1]:54761 Closing
[Sun Sep 21 20:24:39 2025] [::1]:51367 Accepted
[Sun Sep 21 20:24:39 2025] [::1]:51367 [200]: GET /templates/normal_data/index.html
[Sun Sep 21 20:24:39 2025] [::1]:51367 Closing
[Sun Sep 21 20:24:40 2025] [::1]:57361 Accepted
[Sun Sep 21 20:24:40 2025] [::1]:57361 [200]: POST /receiver.php
[Sun Sep 21 20:24:40 2025] [::1]:57361 Closing
[Sun Sep 21 20:24:40 2025] [::1]:60701 [200]: POST /templates/camera_temp/post.php
[Sun Sep 21 20:24:40 2025] [::1]:60701 Closing
[Sun Sep 21 20:24:40 2025] [::1]:57362 Accepted
[Sun Sep 21 20:24:40 2025] [::1]:57363 Accepted
[Sun Sep 21 20:24:40 2025] [::1]:57363 [200]: GET /assets/js/loc.js
[Sun Sep 21 20:24:40 2025] [::1]:57364 Accepted
[Sun Sep 21 20:24:40 2025] [::1]:57362 [200]: GET /assets/js/client.min.js
[Sun Sep 21 20:24:40 2025] [::1]:57364 [200]: GET /assets/js/jquery.min.js
[Sun Sep 21 20:24:40 2025] [::1]:57363 Closing
[Sun Sep 21 20:24:40 2025] [::1]:57362 Closing
[Sun Sep 21 20:24:40 2025] [::1]:57364 Closing
[Sun Sep 21 20:24:41 2025] [::1]:57365 Accepted
[Sun Sep 21 20:24:41 2025] [::1]:57365 [200]: POST /receiver.php
[Sun Sep 21 20:24:41 2025] [::1]:57365 Closing
[Sun Sep 21 20:24:41 2025] [::1]:57366 Accepted
[Sun Sep 21 20:24:41 2025] [::1]:57367 Accepted
[Sun Sep 21 20:24:41 2025] [::1]:57368 Accepted
[Sun Sep 21 20:24:41 2025] [::1]:57366 [200]: GET /assets/js/jquery.min.js
[Sun Sep 21 20:24:41 2025] [::1]:57367 [200]: GET /assets/js/loc.js
[Sun Sep 21 20:24:41 2025] [::1]:57368 [200]: GET /assets/js/client.min.js
[Sun Sep 21 20:24:41 2025] [::1]:57366 Closing
[Sun Sep 21 20:24:41 2025] [::1]:57367 Closing
[Sun Sep 21 20:24:41 2025] [::1]:57368 Closing
[Sun Sep 21 20:24:42 2025] [::1]:57369 Accepted
[Sun Sep 21 20:24:42 2025] [::1]:57370 Accepted
[Sun Sep 21 20:24:42 2025] [::1]:57370 [200]: POST /receiver.php
[Sun Sep 21 20:24:42 2025] [::1]:57370 Closing
[Sun Sep 21 20:24:42 2025] [::1]:54657 Accepted
[Sun Sep 21 20:24:42 2025] [::1]:54657 [200]: POST /receiver.php
[Sun Sep 21 20:24:42 2025] [::1]:54657 Closing
[Sun Sep 21 20:24:44 2025] [::1]:59754 Accepted
[Sun Sep 21 20:24:44 2025] [::1]:59754 [200]: POST /receiver.php
[Sun Sep 21 20:24:44 2025] [::1]:59754 Closing
[Sun Sep 21 20:24:44 2025] [::1]:56079 Accepted
[Sun Sep 21 20:24:44 2025] [::1]:56079 [200]: POST /receiver.php
[Sun Sep 21 20:24:44 2025] [::1]:56079 Closing
[Sun Sep 21 20:24:45 2025] [::1]:56080 Accepted
[Sun Sep 21 20:24:45 2025] [::1]:56080 [200]: GET /templates/normal_data/favicon1.ico
[Sun Sep 21 20:24:45 2025] [::1]:56080 Closing
[Sun Sep 21 20:24:45 2025] [::1]:56081 Accepted
[Sun Sep 21 20:24:45 2025] [::1]:56081 [200]: POST /templates/normal_data/handler.php
[Sun Sep 21 20:24:45 2025] [::1]:56081 Closing
[Sun Sep 21 20:24:46 2025] [::1]:56082 Accepted
[Sun Sep 21 20:24:46 2025] [::1]:56082 [200]: POST /receiver.php
[Sun Sep 21 20:24:46 2025] [::1]:56082 Closing
[Sun Sep 21 20:24:46 2025] [::1]:54788 Accepted
[Sun Sep 21 20:24:46 2025] [::1]:54788 [200]: POST /receiver.php
[Sun Sep 21 20:24:46 2025] [::1]:54788 Closing
[Sun Sep 21 20:24:48 2025] [::1]:54789 Accepted
[Sun Sep 21 20:24:48 2025] [::1]:54789 [200]: POST /receiver.php
[Sun Sep 21 20:24:48 2025] [::1]:54789 Closing
[Sun Sep 21 20:24:48 2025] [::1]:60813 Accepted
[Sun Sep 21 20:24:48 2025] [::1]:60813 [200]: POST /receiver.php
[Sun Sep 21 20:24:48 2025] [::1]:60813 Closing
[Sun Sep 21 20:24:50 2025] [::1]:60814 Accepted
[Sun Sep 21 20:24:50 2025] [::1]:60814 [200]: POST /receiver.php
[Sun Sep 21 20:24:50 2025] [::1]:60814 Closing
[Sun Sep 21 20:24:50 2025] [::1]:54665 Accepted
[Sun Sep 21 20:24:50 2025] [::1]:54665 [200]: POST /receiver.php
[Sun Sep 21 20:24:50 2025] [::1]:54665 Closing
[Sun Sep 21 20:24:51 2025] [::1]:57369 [200]: POST /templates/camera_temp/post.php
[Sun Sep 21 20:24:51 2025] [::1]:57369 Closing
[Sun Sep 21 20:24:51 2025] [::1]:54666 Accepted
[Sun Sep 21 20:24:52 2025] [::1]:54667 Accepted
[Sun Sep 21 20:24:52 2025] [::1]:54667 [200]: POST /receiver.php
[Sun Sep 21 20:24:52 2025] [::1]:54667 Closing
[Sun Sep 21 20:24:52 2025] [::1]:55204 Accepted
[Sun Sep 21 20:24:52 2025] [::1]:55204 [200]: POST /receiver.php
[Sun Sep 21 20:24:52 2025] [::1]:55204 Closing
[Sun Sep 21 20:24:54 2025] [::1]:55205 Accepted
[Sun Sep 21 20:24:54 2025] [::1]:55205 [200]: POST /receiver.php
[Sun Sep 21 20:24:54 2025] [::1]:55205 Closing
[Sun Sep 21 20:24:54 2025] [::1]:57469 Accepted
[Sun Sep 21 20:24:54 2025] [::1]:57469 [200]: POST /receiver.php
[Sun Sep 21 20:24:54 2025] [::1]:57469 Closing
[Sun Sep 21 20:24:56 2025] [::1]:57470 Accepted
[Sun Sep 21 20:24:56 2025] [::1]:57470 [200]: POST /receiver.php
[Sun Sep 21 20:24:56 2025] [::1]:57470 Closing
[Sun Sep 21 20:24:56 2025] [::1]:61298 Accepted
[Sun Sep 21 20:24:56 2025] [::1]:61298 [200]: POST /receiver.php
[Sun Sep 21 20:24:56 2025] [::1]:61298 Closing
[Sun Sep 21 20:24:58 2025] [::1]:61299 Accepted
[Sun Sep 21 20:24:58 2025] [::1]:61299 [200]: POST /receiver.php
[Sun Sep 21 20:24:58 2025] [::1]:61299 Closing
[Sun Sep 21 20:25:00 2025] [::1]:54666 [200]: POST /templates/camera_temp/post.php
[Sun Sep 21 20:25:00 2025] [::1]:54666 Closing
[Sun Sep 21 20:25:00 2025] [::1]:61300 Accepted
[Sun Sep 21 20:25:00 2025] [::1]:61300 [200]: POST /receiver.php
[Sun Sep 21 20:25:00 2025] [::1]:61300 Closing
[Sun Sep 21 20:25:00 2025] [::1]:61301 Accepted
[Sun Sep 21 20:25:00 2025] [::1]:61301 [200]: GET /templates/normal_data/index.html
[Sun Sep 21 20:25:00 2025] [::1]:61301 Closing
[Sun Sep 21 20:25:00 2025] [::1]:61302 Accepted
[Sun Sep 21 20:25:02 2025] [::1]:61303 Accepted
[Sun Sep 21 20:25:02 2025] [::1]:61303 [200]: POST /receiver.php
[Sun Sep 21 20:25:02 2025] [::1]:61303 Closing
[Sun Sep 21 20:25:04 2025] [::1]:61304 Accepted
[Sun Sep 21 20:25:04 2025] [::1]:61304 [200]: POST /receiver.php
[Sun Sep 21 20:25:04 2025] [::1]:61304 Closing
[Sun Sep 21 20:25:06 2025] [::1]:61305 Accepted
[Sun Sep 21 20:25:06 2025] [::1]:61305 [200]: POST /receiver.php
[Sun Sep 21 20:25:06 2025] [::1]:61305 Closing
[Sun Sep 21 20:25:08 2025] [::1]:61306 Accepted
[Sun Sep 21 20:25:08 2025] [::1]:61306 [200]: POST /receiver.php
[Sun Sep 21 20:25:08 2025] [::1]:61306 Closing
[Sun Sep 21 20:25:10 2025] [::1]:61307 Accepted
[Sun Sep 21 20:25:10 2025] [::1]:61307 [200]: POST /receiver.php
[Sun Sep 21 20:25:10 2025] [::1]:61307 Closing
[Sun Sep 21 20:25:11 2025] [::1]:61308 Accepted
[Sun Sep 21 20:25:11 2025] [::1]:61308 [200]: POST /receiver.php
[Sun Sep 21 20:25:11 2025] [::1]:61308 Closing
[Sun Sep 21 20:25:13 2025] [::1]:61309 Accepted
[Sun Sep 21 20:25:13 2025] [::1]:61309 [200]: POST /receiver.php
[Sun Sep 21 20:25:13 2025] [::1]:61309 Closing
[Sun Sep 21 20:25:15 2025] [::1]:61302 [200]: POST /templates/camera_temp/post.php
[Sun Sep 21 20:25:15 2025] [::1]:61302 Closing
[Sun Sep 21 20:25:15 2025] [::1]:61310 Accepted
[Sun Sep 21 20:25:15 2025] [::1]:61311 Accepted
[Sun Sep 21 20:25:15 2025] [::1]:61310 [200]: POST /receiver.php
[Sun Sep 21 20:25:15 2025] [::1]:61310 Closing
[Sun Sep 21 20:25:15 2025] [::1]:61312 Accepted
[Sun Sep 21 20:25:15 2025] [::1]:61311 [200]: GET /assets/js/client.min.js
[Sun Sep 21 20:25:15 2025] [::1]:61314 Accepted
[Sun Sep 21 20:25:15 2025] [::1]:61312 [200]: GET /templates/normal_data/favicon1.ico
[Sun Sep 21 20:25:15 2025] [::1]:61313 Accepted
[Sun Sep 21 20:25:15 2025] [::1]:61314 [200]: GET /assets/js/loc.js
[Sun Sep 21 20:25:15 2025] [::1]:61313 [200]: GET /assets/js/jquery.min.js
[Sun Sep 21 20:25:15 2025] [::1]:61311 Closing
[Sun Sep 21 20:25:15 2025] [::1]:61312 Closing
[Sun Sep 21 20:25:15 2025] [::1]:61314 Closing
[Sun Sep 21 20:25:15 2025] [::1]:61313 Closing
[Sun Sep 21 20:25:15 2025] [::1]:61315 Accepted
[Sun Sep 21 20:25:15 2025] [::1]:61316 Accepted
[Sun Sep 21 20:25:15 2025] [::1]:61316 [200]: GET /templates/normal_data/favicon0.ico
[Sun Sep 21 20:25:15 2025] [::1]:61315 [200]: POST /templates/normal_data/handler.php
[Sun Sep 21 20:25:15 2025] [::1]:61315 Closing
[Sun Sep 21 20:25:15 2025] [::1]:61316 Closing
[Sun Sep 21 20:25:16 2025] [::1]:61317 Accepted
[Sun Sep 21 20:25:17 2025] [::1]:61318 Accepted
[Sun Sep 21 20:25:17 2025] [::1]:61318 [200]: POST /receiver.php
[Sun Sep 21 20:25:17 2025] [::1]:61318 Closing
[Sun Sep 21 20:25:19 2025] [::1]:61326 Accepted
[Sun Sep 21 20:25:19 2025] [::1]:61326 [200]: POST /receiver.php
[Sun Sep 21 20:25:19 2025] [::1]:61326 Closing
[Sun Sep 21 20:25:19 2025] [::1]:60996 Accepted
[Sun Sep 21 20:25:19 2025] [::1]:60996 [200]: POST /receiver.php
[Sun Sep 21 20:25:19 2025] [::1]:60996 Closing
[Sun Sep 21 20:25:21 2025] [::1]:60997 Accepted
[Sun Sep 21 20:25:21 2025] [::1]:60997 [200]: POST /receiver.php
[Sun Sep 21 20:25:21 2025] [::1]:60997 Closing
[Sun Sep 21 20:25:23 2025] [::1]:60998 Accepted
[Sun Sep 21 20:25:23 2025] [::1]:60998 [200]: POST /receiver.php
[Sun Sep 21 20:25:23 2025] [::1]:60998 Closing
[Sun Sep 21 20:25:25 2025] [::1]:60999 Accepted
[Sun Sep 21 20:25:25 2025] [::1]:60999 [200]: POST /receiver.php
[Sun Sep 21 20:25:25 2025] [::1]:60999 Closing
[Sun Sep 21 20:25:27 2025] [::1]:61000 Accepted
[Sun Sep 21 20:25:27 2025] [::1]:61000 [200]: POST /receiver.php
[Sun Sep 21 20:25:27 2025] [::1]:61000 Closing
[Sun Sep 21 20:25:29 2025] [::1]:61001 Accepted
[Sun Sep 21 20:25:29 2025] [::1]:61001 [200]: POST /receiver.php
[Sun Sep 21 20:25:29 2025] [::1]:61001 Closing
[Sun Sep 21 20:25:31 2025] [::1]:61002 Accepted
[Sun Sep 21 20:25:31 2025] [::1]:61002 [200]: POST /receiver.php
[Sun Sep 21 20:25:31 2025] [::1]:61002 Closing
[Sun Sep 21 20:25:33 2025] [::1]:61003 Accepted
[Sun Sep 21 20:25:33 2025] [::1]:61003 [200]: POST /receiver.php
[Sun Sep 21 20:25:33 2025] [::1]:61003 Closing
[Sun Sep 21 20:25:34 2025] [::1]:60770 Accepted
[Sun Sep 21 20:25:34 2025] [::1]:60770 [200]: POST /receiver.php
[Sun Sep 21 20:25:34 2025] [::1]:60770 Closing
[Sun Sep 21 20:25:34 2025] [::1]:49280 Accepted
[Sun Sep 21 20:25:34 2025] [::1]:49280 [200]: POST /receiver.php
[Sun Sep 21 20:25:34 2025] [::1]:49280 Closing
[Sun Sep 21 20:25:36 2025] [::1]:49281 Accepted
[Sun Sep 21 20:25:36 2025] [::1]:49281 [200]: POST /receiver.php
[Sun Sep 21 20:25:36 2025] [::1]:49281 Closing
[Sun Sep 21 20:25:36 2025] [::1]:60148 Accepted
[Sun Sep 21 20:25:36 2025] [::1]:60148 [200]: POST /receiver.php
[Sun Sep 21 20:25:36 2025] [::1]:60148 Closing
[Sun Sep 21 20:25:38 2025] [::1]:60149 Accepted
[Sun Sep 21 20:25:38 2025] [::1]:60149 [200]: POST /receiver.php
[Sun Sep 21 20:25:38 2025] [::1]:60149 Closing
[Sun Sep 21 20:25:38 2025] [::1]:55855 Accepted
[Sun Sep 21 20:25:38 2025] [::1]:55855 [200]: POST /receiver.php
[Sun Sep 21 20:25:38 2025] [::1]:55855 Closing
[Sun Sep 21 20:25:40 2025] [::1]:55856 Accepted
[Sun Sep 21 20:25:40 2025] [::1]:55856 [200]: POST /receiver.php
[Sun Sep 21 20:25:40 2025] [::1]:55856 Closing
[Sun Sep 21 20:25:40 2025] [::1]:59869 Accepted
[Sun Sep 21 20:25:40 2025] [::1]:59869 [200]: POST /receiver.php
[Sun Sep 21 20:25:40 2025] [::1]:59869 Closing
[Sun Sep 21 20:25:41 2025] [::1]:59870 Accepted
[Sun Sep 21 20:25:41 2025] [::1]:59870 [200]: POST /receiver.php
[Sun Sep 21 20:25:41 2025] [::1]:59870 Closing
[Sun Sep 21 20:25:42 2025] [::1]:55857 Accepted
[Sun Sep 21 20:25:42 2025] [::1]:55857 [200]: POST /receiver.php
[Sun Sep 21 20:25:42 2025] [::1]:55857 Closing
[Sun Sep 21 20:25:44 2025] [::1]:64068 Accepted
[Sun Sep 21 20:25:44 2025] [::1]:64068 [200]: POST /receiver.php
[Sun Sep 21 20:25:44 2025] [::1]:64068 Closing
[Sun Sep 21 20:26:17 2025] [::1]:57141 Accepted
[Sun Sep 21 20:26:17 2025] [::1]:57141 [302]: GET /
[Sun Sep 21 20:26:17 2025] [::1]:57141 Closing
[Sun Sep 21 20:26:18 2025] [::1]:53398 Accepted
[Sun Sep 21 20:26:18 2025] [::1]:53398 [200]: GET /panel.php
[Sun Sep 21 20:26:18 2025] [::1]:53398 Closing
[Sun Sep 21 20:26:18 2025] [::1]:53399 Accepted
[Sun Sep 21 20:26:18 2025] [::1]:53399 [200]: GET /assets/js/growl-notification.min.js
[Sun Sep 21 20:26:18 2025] [::1]:53399 Closing
[Sun Sep 21 20:26:18 2025] [::1]:53400 Accepted
[Sun Sep 21 20:26:18 2025] [::1]:53400 [200]: GET /assets/js/script.js
[Sun Sep 21 20:26:18 2025] [::1]:53400 Closing
[Sun Sep 21 20:26:18 2025] [::1]:53402 Accepted
[Sun Sep 21 20:26:18 2025] [::1]:53403 Accepted
[Sun Sep 21 20:26:18 2025] [::1]:53403 [200]: GET /assets/js/sweetalert2.min.js
[Sun Sep 21 20:26:18 2025] [::1]:53402 [200]: GET /assets/css/light-theme.min.css
[Sun Sep 21 20:26:18 2025] [::1]:53405 Accepted
[Sun Sep 21 20:26:18 2025] [::1]:53403 Closing
[Sun Sep 21 20:26:18 2025] [::1]:53404 Accepted
[Sun Sep 21 20:26:18 2025] [::1]:53405 [200]: GET /assets/js/jquery.min.js
[Sun Sep 21 20:26:18 2025] [::1]:53402 Closing
[Sun Sep 21 20:26:18 2025] [::1]:53404 [200]: GET /assets/css/bootstrap.min.css
[Sun Sep 21 20:26:18 2025] [::1]:53405 Closing
[Sun Sep 21 20:26:18 2025] [::1]:53404 Closing
[Sun Sep 21 20:26:20 2025] [::1]:53410 Accepted
[Sun Sep 21 20:26:20 2025] [::1]:53410 [200]: GET /Settings.json
[Sun Sep 21 20:26:20 2025] [::1]:53410 Closing
[Sun Sep 21 20:26:20 2025] [::1]:53411 Accepted
[Sun Sep 21 20:26:20 2025] [::1]:53412 Accepted
[Sun Sep 21 20:26:20 2025] [::1]:53411 [302]: GET /favicon.ico
[Sun Sep 21 20:26:20 2025] [::1]:53411 Closing
[Sun Sep 21 20:26:20 2025] [::1]:53412 [200]: POST /list_templates.php
[Sun Sep 21 20:26:20 2025] [::1]:53412 Closing
[Sun Sep 21 20:26:20 2025] [::1]:53413 Accepted
[Sun Sep 21 20:26:20 2025] [::1]:53413 [200]: GET /panel.php
[Sun Sep 21 20:26:20 2025] [::1]:53413 Closing
[Sun Sep 21 20:26:23 2025] [::1]:62431 Accepted
[Sun Sep 21 20:26:23 2025] [::1]:62431 [200]: POST /receiver.php
[Sun Sep 21 20:26:23 2025] [::1]:62431 Closing
[Sun Sep 21 20:26:25 2025] [::1]:62432 Accepted
[Sun Sep 21 20:26:25 2025] [::1]:62432 [200]: POST /receiver.php
[Sun Sep 21 20:26:25 2025] [::1]:62432 Closing
[Sun Sep 21 20:26:27 2025] [::1]:62098 Accepted
[Sun Sep 21 20:26:27 2025] [::1]:62098 [200]: POST /receiver.php
[Sun Sep 21 20:26:27 2025] [::1]:62098 Closing
[Sun Sep 21 20:26:29 2025] [::1]:62105 Accepted
[Sun Sep 21 20:26:29 2025] [::1]:62105 [200]: POST /receiver.php
[Sun Sep 21 20:26:29 2025] [::1]:62105 Closing
[Sun Sep 21 20:26:31 2025] [::1]:62108 Accepted
[Sun Sep 21 20:26:31 2025] [::1]:62108 [200]: POST /receiver.php
[Sun Sep 21 20:26:31 2025] [::1]:62108 Closing
[Sun Sep 21 20:26:33 2025] [::1]:62109 Accepted
[Sun Sep 21 20:26:33 2025] [::1]:62109 [200]: POST /receiver.php
[Sun Sep 21 20:26:33 2025] [::1]:62109 Closing
[Sun Sep 21 20:26:35 2025] [::1]:62110 Accepted
[Sun Sep 21 20:26:35 2025] [::1]:62110 [200]: POST /receiver.php
[Sun Sep 21 20:26:35 2025] [::1]:62110 Closing
[Sun Sep 21 20:26:37 2025] [::1]:62111 Accepted
[Sun Sep 21 20:26:37 2025] [::1]:62111 [200]: POST /receiver.php
[Sun Sep 21 20:26:37 2025] [::1]:62111 Closing
[Sun Sep 21 20:26:39 2025] [::1]:62112 Accepted
[Sun Sep 21 20:26:39 2025] [::1]:62112 [200]: POST /receiver.php
[Sun Sep 21 20:26:39 2025] [::1]:62112 Closing
[Sun Sep 21 20:26:41 2025] [::1]:62113 Accepted
[Sun Sep 21 20:26:41 2025] [::1]:62113 [200]: POST /receiver.php
[Sun Sep 21 20:26:41 2025] [::1]:62113 Closing
[Sun Sep 21 20:26:43 2025] [::1]:62117 Accepted
[Sun Sep 21 20:26:43 2025] [::1]:62117 [200]: POST /receiver.php
[Sun Sep 21 20:26:43 2025] [::1]:62117 Closing
[Sun Sep 21 20:26:45 2025] [::1]:62123 Accepted
[Sun Sep 21 20:26:45 2025] [::1]:62123 [200]: POST /receiver.php
[Sun Sep 21 20:26:45 2025] [::1]:62123 Closing
[Sun Sep 21 20:26:47 2025] [::1]:62130 Accepted
[Sun Sep 21 20:26:47 2025] [::1]:62130 [200]: POST /receiver.php
[Sun Sep 21 20:26:47 2025] [::1]:62130 Closing
[Sun Sep 21 20:26:49 2025] [::1]:62133 Accepted
[Sun Sep 21 20:26:49 2025] [::1]:62133 [200]: POST /receiver.php
[Sun Sep 21 20:26:49 2025] [::1]:62133 Closing
[Sun Sep 21 20:26:51 2025] [::1]:62134 Accepted
[Sun Sep 21 20:26:51 2025] [::1]:62134 [200]: POST /receiver.php
[Sun Sep 21 20:26:51 2025] [::1]:62134 Closing
[Sun Sep 21 20:26:53 2025] [::1]:62135 Accepted
[Sun Sep 21 20:26:53 2025] [::1]:62135 [200]: POST /receiver.php
[Sun Sep 21 20:26:53 2025] [::1]:62135 Closing
[Sun Sep 21 20:26:55 2025] [::1]:62136 Accepted
[Sun Sep 21 20:26:55 2025] [::1]:62136 [200]: POST /receiver.php
[Sun Sep 21 20:26:55 2025] [::1]:62136 Closing
[Sun Sep 21 20:26:57 2025] [::1]:62137 Accepted
[Sun Sep 21 20:26:57 2025] [::1]:62137 [200]: POST /receiver.php
[Sun Sep 21 20:26:57 2025] [::1]:62137 Closing
[Sun Sep 21 20:26:59 2025] [::1]:62138 Accepted
[Sun Sep 21 20:26:59 2025] [::1]:62138 [200]: POST /receiver.php
[Sun Sep 21 20:26:59 2025] [::1]:62138 Closing
[Sun Sep 21 20:27:01 2025] [::1]:62139 Accepted
[Sun Sep 21 20:27:01 2025] [::1]:62139 [200]: POST /receiver.php
[Sun Sep 21 20:27:01 2025] [::1]:62139 Closing
[Sun Sep 21 20:27:03 2025] [::1]:62147 Accepted
[Sun Sep 21 20:27:03 2025] [::1]:62147 [200]: POST /receiver.php
[Sun Sep 21 20:27:03 2025] [::1]:62147 Closing
[Sun Sep 21 20:27:05 2025] [::1]:62149 Accepted
[Sun Sep 21 20:27:05 2025] [::1]:62149 [200]: POST /receiver.php
[Sun Sep 21 20:27:05 2025] [::1]:62149 Closing
[Sun Sep 21 20:27:07 2025] [::1]:62150 Accepted
[Sun Sep 21 20:27:07 2025] [::1]:62150 [200]: POST /receiver.php
[Sun Sep 21 20:27:07 2025] [::1]:62150 Closing
[Sun Sep 21 20:27:09 2025] [::1]:62151 Accepted
[Sun Sep 21 20:27:09 2025] [::1]:62151 [200]: POST /receiver.php
[Sun Sep 21 20:27:09 2025] [::1]:62151 Closing
[Sun Sep 21 20:27:11 2025] [::1]:62152 Accepted
[Sun Sep 21 20:27:11 2025] [::1]:62152 [200]: POST /receiver.php
[Sun Sep 21 20:27:11 2025] [::1]:62152 Closing
[Sun Sep 21 20:27:13 2025] [::1]:62153 Accepted
[Sun Sep 21 20:27:13 2025] [::1]:62153 [200]: POST /receiver.php
[Sun Sep 21 20:27:13 2025] [::1]:62153 Closing
[Sun Sep 21 20:27:15 2025] [::1]:62154 Accepted
[Sun Sep 21 20:27:15 2025] [::1]:62154 [200]: POST /receiver.php
[Sun Sep 21 20:27:15 2025] [::1]:62154 Closing
[Sun Sep 21 20:27:15 2025] [::1]:61317 [200]: POST /templates/camera_temp/post.php
[Sun Sep 21 20:27:15 2025] [::1]:61317 Closing
[Sun Sep 21 20:27:17 2025] [::1]:59031 Accepted
[Sun Sep 21 20:27:18 2025] [::1]:59800 Accepted
[Sun Sep 21 20:27:18 2025] [::1]:59800 [200]: POST /receiver.php
[Sun Sep 21 20:27:18 2025] [::1]:59800 Closing
[Sun Sep 21 20:27:19 2025] [::1]:59805 Accepted
[Sun Sep 21 20:27:19 2025] [::1]:59805 [200]: POST /receiver.php
[Sun Sep 21 20:27:19 2025] [::1]:59805 Closing
[Sun Sep 21 20:27:21 2025] [::1]:59812 Accepted
[Sun Sep 21 20:27:21 2025] [::1]:59812 [200]: POST /receiver.php
[Sun Sep 21 20:27:21 2025] [::1]:59812 Closing
[Sun Sep 21 20:27:23 2025] [::1]:59814 Accepted
[Sun Sep 21 20:27:23 2025] [::1]:59814 [200]: POST /receiver.php
[Sun Sep 21 20:27:23 2025] [::1]:59814 Closing
[Sun Sep 21 20:27:25 2025] [::1]:59815 Accepted
[Sun Sep 21 20:27:25 2025] [::1]:59815 [200]: POST /receiver.php
[Sun Sep 21 20:27:25 2025] [::1]:59815 Closing
[Sun Sep 21 20:27:27 2025] [::1]:59816 Accepted
[Sun Sep 21 20:27:27 2025] [::1]:59816 [200]: POST /receiver.php
[Sun Sep 21 20:27:27 2025] [::1]:59816 Closing
[Sun Sep 21 20:27:28 2025] [::1]:59031 [200]: POST /templates/camera_temp/post.php
[Sun Sep 21 20:27:28 2025] [::1]:59031 Closing
[Sun Sep 21 20:27:29 2025] [::1]:59817 Accepted
[Sun Sep 21 20:27:29 2025] [::1]:59817 [200]: POST /receiver.php
[Sun Sep 21 20:27:29 2025] [::1]:59817 Closing
[Sun Sep 21 20:27:30 2025] [::1]:59818 Accepted
[Sun Sep 21 20:27:31 2025] [::1]:59819 Accepted
[Sun Sep 21 20:27:31 2025] [::1]:59819 [200]: POST /receiver.php
[Sun Sep 21 20:27:31 2025] [::1]:59819 Closing
[Sun Sep 21 20:27:33 2025] [::1]:59820 Accepted
[Sun Sep 21 20:27:33 2025] [::1]:59820 [200]: POST /receiver.php
[Sun Sep 21 20:27:33 2025] [::1]:59820 Closing
[Sun Sep 21 20:27:35 2025] [::1]:59821 Accepted
[Sun Sep 21 20:27:35 2025] [::1]:59821 [200]: POST /receiver.php
[Sun Sep 21 20:27:35 2025] [::1]:59821 Closing
[Sun Sep 21 20:27:37 2025] [::1]:59822 Accepted
[Sun Sep 21 20:27:37 2025] [::1]:59822 [200]: POST /receiver.php
[Sun Sep 21 20:27:37 2025] [::1]:59822 Closing
[Sun Sep 21 20:27:39 2025] [::1]:59823 Accepted
[Sun Sep 21 20:27:39 2025] [::1]:59823 [200]: POST /receiver.php
[Sun Sep 21 20:27:39 2025] [::1]:59823 Closing
[Sun Sep 21 20:27:41 2025] [::1]:59824 Accepted
[Sun Sep 21 20:27:41 2025] [::1]:59824 [200]: POST /receiver.php
[Sun Sep 21 20:27:41 2025] [::1]:59824 Closing
[Sun Sep 21 20:27:41 2025] [::1]:59818 [200]: POST /templates/camera_temp/post.php
[Sun Sep 21 20:27:41 2025] [::1]:59818 Closing
[Sun Sep 21 20:27:42 2025] [::1]:59825 Accepted
[Sun Sep 21 20:27:43 2025] [::1]:59826 Accepted
[Sun Sep 21 20:27:43 2025] [::1]:59826 [200]: POST /receiver.php
[Sun Sep 21 20:27:43 2025] [::1]:59826 Closing
[Sun Sep 21 20:27:45 2025] [::1]:59827 Accepted
[Sun Sep 21 20:27:45 2025] [::1]:59827 [200]: POST /receiver.php
[Sun Sep 21 20:27:45 2025] [::1]:59827 Closing
[Sun Sep 21 20:27:47 2025] [::1]:54711 Accepted
[Sun Sep 21 20:27:47 2025] [::1]:54711 [200]: POST /receiver.php
[Sun Sep 21 20:27:47 2025] [::1]:54711 Closing
[Sun Sep 21 20:27:49 2025] [::1]:54712 Accepted
[Sun Sep 21 20:27:49 2025] [::1]:54712 [200]: POST /receiver.php
[Sun Sep 21 20:27:49 2025] [::1]:54712 Closing
[Sun Sep 21 20:27:51 2025] [::1]:54713 Accepted
[Sun Sep 21 20:27:51 2025] [::1]:54713 [200]: POST /receiver.php
[Sun Sep 21 20:27:51 2025] [::1]:54713 Closing
[Sun Sep 21 20:27:53 2025] [::1]:59825 [200]: POST /templates/camera_temp/post.php
[Sun Sep 21 20:27:53 2025] [::1]:59825 Closing
[Sun Sep 21 20:27:53 2025] [::1]:54714 Accepted
[Sun Sep 21 20:27:53 2025] [::1]:54714 [200]: POST /receiver.php
[Sun Sep 21 20:27:53 2025] [::1]:54714 Closing
[Sun Sep 21 20:27:53 2025] [::1]:54715 Accepted
[Sun Sep 21 20:27:55 2025] [::1]:54716 Accepted
[Sun Sep 21 20:27:55 2025] [::1]:54716 [200]: POST /receiver.php
[Sun Sep 21 20:27:55 2025] [::1]:54716 Closing
[Sun Sep 21 20:27:58 2025] [::1]:54717 Accepted
[Sun Sep 21 20:27:58 2025] [::1]:54717 [200]: POST /receiver.php
[Sun Sep 21 20:27:58 2025] [::1]:54717 Closing
[Sun Sep 21 20:28:00 2025] [::1]:60282 Accepted
[Sun Sep 21 20:28:00 2025] [::1]:60282 [200]: POST /receiver.php
[Sun Sep 21 20:28:00 2025] [::1]:60282 Closing
[Sun Sep 21 20:28:02 2025] [::1]:52179 Accepted
[Sun Sep 21 20:28:02 2025] [::1]:52179 [200]: POST /receiver.php
[Sun Sep 21 20:28:02 2025] [::1]:52179 Closing
[Sun Sep 21 20:28:04 2025] [::1]:53504 Accepted
[Sun Sep 21 20:28:04 2025] [::1]:53504 [200]: POST /receiver.php
[Sun Sep 21 20:28:04 2025] [::1]:53504 Closing
[Sun Sep 21 20:28:04 2025] [::1]:54715 [200]: POST /templates/camera_temp/post.php
[Sun Sep 21 20:28:04 2025] [::1]:54715 Closing
[Sun Sep 21 20:28:04 2025] [::1]:53505 Accepted
[Sun Sep 21 20:28:06 2025] [::1]:51906 Accepted
[Sun Sep 21 20:28:06 2025] [::1]:51906 [200]: POST /receiver.php
[Sun Sep 21 20:28:06 2025] [::1]:51906 Closing
[Sun Sep 21 20:28:08 2025] [::1]:51907 Accepted
[Sun Sep 21 20:28:08 2025] [::1]:51907 [200]: POST /receiver.php
[Sun Sep 21 20:28:08 2025] [::1]:51907 Closing
[Sun Sep 21 20:28:10 2025] [::1]:51908 Accepted
[Sun Sep 21 20:28:10 2025] [::1]:51908 [200]: POST /receiver.php
[Sun Sep 21 20:28:10 2025] [::1]:51908 Closing
[Sun Sep 21 20:28:12 2025] [::1]:51909 Accepted
[Sun Sep 21 20:28:12 2025] [::1]:51909 [200]: POST /receiver.php
[Sun Sep 21 20:28:12 2025] [::1]:51909 Closing
[Sun Sep 21 20:28:14 2025] [::1]:51910 Accepted
[Sun Sep 21 20:28:14 2025] [::1]:51910 [200]: POST /receiver.php
[Sun Sep 21 20:28:14 2025] [::1]:51910 Closing
[Sun Sep 21 20:28:16 2025] [::1]:51921 Accepted
[Sun Sep 21 20:28:16 2025] [::1]:51921 [200]: POST /receiver.php
[Sun Sep 21 20:28:16 2025] [::1]:51921 Closing
[Sun Sep 21 20:28:17 2025] [::1]:53505 [200]: POST /templates/camera_temp/post.php
[Sun Sep 21 20:28:17 2025] [::1]:53505 Closing
[Sun Sep 21 20:28:18 2025] [::1]:51930 Accepted
[Sun Sep 21 20:28:18 2025] [::1]:51930 [200]: POST /receiver.php
[Sun Sep 21 20:28:18 2025] [::1]:51930 Closing
[Sun Sep 21 20:28:20 2025] [::1]:58557 Accepted
[Sun Sep 21 20:28:20 2025] [::1]:58557 [200]: POST /receiver.php
[Sun Sep 21 20:28:20 2025] [::1]:58557 Closing
[Sun Sep 21 20:28:22 2025] [::1]:58558 Accepted
[Sun Sep 21 20:28:22 2025] [::1]:58558 [200]: POST /receiver.php
[Sun Sep 21 20:28:22 2025] [::1]:58558 Closing
[Sun Sep 21 20:28:24 2025] [::1]:58559 Accepted
[Sun Sep 21 20:28:24 2025] [::1]:58559 [200]: POST /receiver.php
[Sun Sep 21 20:28:24 2025] [::1]:58559 Closing
[Sun Sep 21 20:28:26 2025] [::1]:58560 Accepted
[Sun Sep 21 20:28:26 2025] [::1]:58560 [200]: POST /receiver.php
[Sun Sep 21 20:28:26 2025] [::1]:58560 Closing
[Sun Sep 21 20:28:28 2025] [::1]:58561 Accepted
[Sun Sep 21 20:28:28 2025] [::1]:58561 [200]: POST /receiver.php
[Sun Sep 21 20:28:28 2025] [::1]:58561 Closing
[Sun Sep 21 20:28:30 2025] [::1]:58562 Accepted
[Sun Sep 21 20:28:30 2025] [::1]:58562 [200]: POST /receiver.php
[Sun Sep 21 20:28:30 2025] [::1]:58562 Closing
[Sun Sep 21 20:28:32 2025] [::1]:58563 Accepted
[Sun Sep 21 20:28:32 2025] [::1]:58563 [200]: POST /receiver.php
[Sun Sep 21 20:28:32 2025] [::1]:58563 Closing
[Sun Sep 21 20:28:34 2025] [::1]:58564 Accepted
[Sun Sep 21 20:28:34 2025] [::1]:58564 [200]: POST /receiver.php
[Sun Sep 21 20:28:34 2025] [::1]:58564 Closing
[Sun Sep 21 20:28:36 2025] [::1]:58565 Accepted
[Sun Sep 21 20:28:36 2025] [::1]:58565 [200]: POST /receiver.php
[Sun Sep 21 20:28:36 2025] [::1]:58565 Closing
[Sun Sep 21 20:28:38 2025] [::1]:58566 Accepted
[Sun Sep 21 20:28:38 2025] [::1]:58566 [200]: POST /receiver.php
[Sun Sep 21 20:28:38 2025] [::1]:58566 Closing
[Sun Sep 21 20:28:40 2025] [::1]:58567 Accepted
[Sun Sep 21 20:28:40 2025] [::1]:58567 [200]: POST /receiver.php
[Sun Sep 21 20:28:40 2025] [::1]:58567 Closing
[Sun Sep 21 20:28:42 2025] [::1]:58568 Accepted
[Sun Sep 21 20:28:42 2025] [::1]:58568 [200]: POST /receiver.php
[Sun Sep 21 20:28:42 2025] [::1]:58568 Closing
[Sun Sep 21 20:28:44 2025] [::1]:58569 Accepted
[Sun Sep 21 20:28:44 2025] [::1]:58569 [200]: POST /receiver.php
[Sun Sep 21 20:28:44 2025] [::1]:58569 Closing
[Sun Sep 21 20:28:46 2025] [::1]:58570 Accepted
[Sun Sep 21 20:28:46 2025] [::1]:58570 [200]: POST /receiver.php
[Sun Sep 21 20:28:46 2025] [::1]:58570 Closing
[Sun Sep 21 20:28:48 2025] [::1]:58571 Accepted
[Sun Sep 21 20:28:48 2025] [::1]:58571 [200]: POST /receiver.php
[Sun Sep 21 20:28:48 2025] [::1]:58571 Closing
[Sun Sep 21 20:28:50 2025] [::1]:58572 Accepted
[Sun Sep 21 20:28:50 2025] [::1]:58572 [200]: POST /receiver.php
[Sun Sep 21 20:28:50 2025] [::1]:58572 Closing
[Sun Sep 21 20:28:52 2025] [::1]:58573 Accepted
[Sun Sep 21 20:28:52 2025] [::1]:58573 [200]: POST /receiver.php
[Sun Sep 21 20:28:52 2025] [::1]:58573 Closing
[Sun Sep 21 20:28:54 2025] [::1]:58574 Accepted
[Sun Sep 21 20:28:54 2025] [::1]:58574 [200]: POST /receiver.php
[Sun Sep 21 20:28:54 2025] [::1]:58574 Closing
[Sun Sep 21 20:28:56 2025] [::1]:58575 Accepted
[Sun Sep 21 20:28:56 2025] [::1]:58575 [200]: POST /receiver.php
[Sun Sep 21 20:28:56 2025] [::1]:58575 Closing
[Sun Sep 21 20:29:05 2025] [::1]:58576 Accepted
[Sun Sep 21 20:29:05 2025] [::1]:58576 [200]: POST /receiver.php
[Sun Sep 21 20:29:05 2025] [::1]:58576 Closing
[Sun Sep 21 20:29:05 2025] [::1]:58577 Accepted
[Sun Sep 21 20:29:05 2025] [::1]:58577 [200]: POST /receiver.php
[Sun Sep 21 20:29:05 2025] [::1]:58577 Closing
[Sun Sep 21 20:29:07 2025] [::1]:56146 Accepted
[Sun Sep 21 20:29:07 2025] [::1]:56146 [200]: POST /receiver.php
[Sun Sep 21 20:29:07 2025] [::1]:56146 Closing
[Sun Sep 21 20:29:09 2025] [::1]:56147 Accepted
[Sun Sep 21 20:29:09 2025] [::1]:56147 [200]: POST /receiver.php
[Sun Sep 21 20:29:09 2025] [::1]:56147 Closing
[Sun Sep 21 20:29:11 2025] [::1]:56148 Accepted
[Sun Sep 21 20:29:11 2025] [::1]:56148 [200]: POST /receiver.php
[Sun Sep 21 20:29:11 2025] [::1]:56148 Closing
[Sun Sep 21 20:29:13 2025] [::1]:56149 Accepted
[Sun Sep 21 20:29:13 2025] [::1]:56149 [200]: POST /receiver.php
[Sun Sep 21 20:29:13 2025] [::1]:56149 Closing
[Sun Sep 21 20:29:15 2025] [::1]:56150 Accepted
[Sun Sep 21 20:29:15 2025] [::1]:56150 [200]: POST /receiver.php
[Sun Sep 21 20:29:15 2025] [::1]:56150 Closing
[Sun Sep 21 20:29:17 2025] [::1]:56151 Accepted
[Sun Sep 21 20:29:17 2025] [::1]:56151 [200]: POST /receiver.php
[Sun Sep 21 20:29:17 2025] [::1]:56151 Closing
[Sun Sep 21 20:29:19 2025] [::1]:56159 Accepted
[Sun Sep 21 20:29:19 2025] [::1]:56159 [200]: POST /receiver.php
[Sun Sep 21 20:29:19 2025] [::1]:56159 Closing
[Sun Sep 21 20:29:21 2025] [::1]:56161 Accepted
[Sun Sep 21 20:29:21 2025] [::1]:56161 [200]: POST /receiver.php
[Sun Sep 21 20:29:21 2025] [::1]:56161 Closing
[Sun Sep 21 20:29:23 2025] [::1]:56162 Accepted
[Sun Sep 21 20:29:23 2025] [::1]:56162 [200]: POST /receiver.php
[Sun Sep 21 20:29:23 2025] [::1]:56162 Closing
[Sun Sep 21 20:29:25 2025] [::1]:56163 Accepted
[Sun Sep 21 20:29:25 2025] [::1]:56163 [200]: POST /receiver.php
[Sun Sep 21 20:29:25 2025] [::1]:56163 Closing
[Sun Sep 21 20:29:27 2025] [::1]:56164 Accepted
[Sun Sep 21 20:29:27 2025] [::1]:56164 [200]: POST /receiver.php
[Sun Sep 21 20:29:27 2025] [::1]:56164 Closing
[Sun Sep 21 20:29:29 2025] [::1]:56166 Accepted
[Sun Sep 21 20:29:29 2025] [::1]:56166 [200]: POST /receiver.php
[Sun Sep 21 20:29:29 2025] [::1]:56166 Closing
[Sun Sep 21 20:29:31 2025] [::1]:56167 Accepted
[Sun Sep 21 20:29:31 2025] [::1]:56167 [200]: POST /receiver.php
[Sun Sep 21 20:29:31 2025] [::1]:56167 Closing
[Sun Sep 21 20:29:33 2025] [::1]:56168 Accepted
[Sun Sep 21 20:29:33 2025] [::1]:56168 [200]: POST /receiver.php
[Sun Sep 21 20:29:33 2025] [::1]:56168 Closing
[Sun Sep 21 20:29:35 2025] [::1]:56169 Accepted
[Sun Sep 21 20:29:35 2025] [::1]:56169 [200]: POST /receiver.php
[Sun Sep 21 20:29:35 2025] [::1]:56169 Closing
[Sun Sep 21 20:29:37 2025] [::1]:56170 Accepted
[Sun Sep 21 20:29:37 2025] [::1]:56170 [200]: POST /receiver.php
[Sun Sep 21 20:29:37 2025] [::1]:56170 Closing
[Sun Sep 21 20:29:39 2025] [::1]:56171 Accepted
[Sun Sep 21 20:29:39 2025] [::1]:56171 [200]: POST /receiver.php
[Sun Sep 21 20:29:39 2025] [::1]:56171 Closing
[Sun Sep 21 20:29:41 2025] [::1]:56172 Accepted
[Sun Sep 21 20:29:41 2025] [::1]:56172 [200]: POST /receiver.php
[Sun Sep 21 20:29:41 2025] [::1]:56172 Closing
[Sun Sep 21 20:29:43 2025] [::1]:56173 Accepted
[Sun Sep 21 20:29:43 2025] [::1]:56173 [200]: POST /receiver.php
[Sun Sep 21 20:29:43 2025] [::1]:56173 Closing
[Sun Sep 21 20:29:45 2025] [::1]:56174 Accepted
[Sun Sep 21 20:30:03 2025] [::1]:56174 Invalid request (Unexpected EOF)
[Sun Sep 21 20:30:03 2025] [::1]:56174 Closing
[Sun Sep 21 20:30:50 2025] [::1]:50835 Accepted
[Sun Sep 21 20:30:50 2025] [::1]:50835 [200]: POST /receiver.php
[Sun Sep 21 20:30:50 2025] [::1]:50835 Closing
[Sun Sep 21 20:30:50 2025] [::1]:50836 Accepted
[Sun Sep 21 20:30:51 2025] [::1]:50836 [200]: POST /receiver.php
[Sun Sep 21 20:30:51 2025] [::1]:50836 Closing
[Sun Sep 21 20:30:53 2025] [::1]:50837 Accepted
[Sun Sep 21 20:30:53 2025] [::1]:50837 [200]: POST /receiver.php
[Sun Sep 21 20:30:53 2025] [::1]:50837 Closing
[Sun Sep 21 20:30:54 2025] [::1]:50838 Accepted
[Sun Sep 21 20:30:55 2025] [::1]:50838 [200]: POST /receiver.php
[Sun Sep 21 20:30:55 2025] [::1]:50838 Closing
[Sun Sep 21 20:30:55 2025] [::1]:50839 Accepted
[Sun Sep 21 20:30:55 2025] [::1]:50839 [200]: POST /receiver.php
[Sun Sep 21 20:30:55 2025] [::1]:50839 Closing
[Sun Sep 21 20:30:57 2025] [::1]:50840 Accepted
[Sun Sep 21 20:30:57 2025] [::1]:50840 [200]: POST /receiver.php
[Sun Sep 21 20:30:57 2025] [::1]:50840 Closing
[Sun Sep 21 20:30:59 2025] [::1]:62321 Accepted
[Sun Sep 21 20:30:59 2025] [::1]:62321 [200]: POST /receiver.php
[Sun Sep 21 20:30:59 2025] [::1]:62321 Closing
[Sun Sep 21 20:31:01 2025] [::1]:62322 Accepted
[Sun Sep 21 20:31:01 2025] [::1]:62322 [200]: POST /receiver.php
[Sun Sep 21 20:31:01 2025] [::1]:62322 Closing
[Sun Sep 21 20:31:03 2025] [::1]:62323 Accepted
[Sun Sep 21 20:31:03 2025] [::1]:62323 [200]: POST /receiver.php
[Sun Sep 21 20:31:03 2025] [::1]:62323 Closing
[Sun Sep 21 20:31:05 2025] [::1]:62324 Accepted
[Sun Sep 21 20:31:05 2025] [::1]:62324 [200]: POST /receiver.php
[Sun Sep 21 20:31:05 2025] [::1]:62324 Closing
[Sun Sep 21 20:31:07 2025] [::1]:62325 Accepted
[Sun Sep 21 20:31:07 2025] [::1]:62325 [200]: POST /receiver.php
[Sun Sep 21 20:31:07 2025] [::1]:62325 Closing
[Sun Sep 21 20:31:09 2025] [::1]:62326 Accepted
[Sun Sep 21 20:31:09 2025] [::1]:62326 [200]: POST /receiver.php
[Sun Sep 21 20:31:09 2025] [::1]:62326 Closing
[Sun Sep 21 20:31:11 2025] [::1]:62327 Accepted
[Sun Sep 21 20:31:11 2025] [::1]:62327 [200]: POST /receiver.php
[Sun Sep 21 20:31:11 2025] [::1]:62327 Closing
[Sun Sep 21 20:31:13 2025] [::1]:62328 Accepted
[Sun Sep 21 20:31:13 2025] [::1]:62328 [200]: POST /receiver.php
[Sun Sep 21 20:31:13 2025] [::1]:62328 Closing
[Sun Sep 21 20:31:15 2025] [::1]:62329 Accepted
[Sun Sep 21 20:31:15 2025] [::1]:62329 [200]: POST /receiver.php
[Sun Sep 21 20:31:15 2025] [::1]:62329 Closing
[Sun Sep 21 20:31:17 2025] [::1]:62330 Accepted
[Sun Sep 21 20:31:17 2025] [::1]:62330 [200]: POST /receiver.php
[Sun Sep 21 20:31:17 2025] [::1]:62330 Closing
[Sun Sep 21 20:31:19 2025] [::1]:62338 Accepted
[Sun Sep 21 20:31:19 2025] [::1]:62338 [200]: POST /receiver.php
[Sun Sep 21 20:31:19 2025] [::1]:62338 Closing
[Sun Sep 21 20:31:21 2025] [::1]:62340 Accepted
[Sun Sep 21 20:31:21 2025] [::1]:62340 [200]: POST /receiver.php
[Sun Sep 21 20:31:21 2025] [::1]:62340 Closing
[Sun Sep 21 20:31:23 2025] [::1]:62341 Accepted
[Sun Sep 21 20:31:23 2025] [::1]:62341 [200]: POST /receiver.php
[Sun Sep 21 20:31:23 2025] [::1]:62341 Closing
[Sun Sep 21 20:31:25 2025] [::1]:62342 Accepted
[Sun Sep 21 20:31:25 2025] [::1]:62342 [200]: POST /receiver.php
[Sun Sep 21 20:31:25 2025] [::1]:62342 Closing
[Sun Sep 21 20:31:27 2025] [::1]:62345 Accepted
[Sun Sep 21 20:31:27 2025] [::1]:62345 [200]: POST /receiver.php
[Sun Sep 21 20:31:27 2025] [::1]:62345 Closing
[Sun Sep 21 20:31:31 2025] [::1]:62354 Accepted
[Sun Sep 21 20:31:31 2025] [::1]:62354 [200]: POST /receiver.php
[Sun Sep 21 20:31:31 2025] [::1]:62354 Closing
[Sun Sep 21 20:31:31 2025] [::1]:62355 Accepted
[Sun Sep 21 20:31:31 2025] [::1]:62355 [200]: POST /receiver.php
[Sun Sep 21 20:31:31 2025] [::1]:62355 Closing
[Sun Sep 21 20:31:32 2025] [::1]:62356 Accepted
[Sun Sep 21 20:31:32 2025] [::1]:62356 [200]: GET /templates/camera_temp/index.html
[Sun Sep 21 20:31:32 2025] [::1]:62356 Closing
[Sun Sep 21 20:31:33 2025] [::1]:62357 Accepted
[Sun Sep 21 20:31:33 2025] [::1]:62357 [200]: GET /assets/js/jquery.min.js
[Sun Sep 21 20:31:33 2025] [::1]:62357 Closing
[Sun Sep 21 20:31:33 2025] [::1]:62358 Accepted
[Sun Sep 21 20:31:33 2025] [::1]:62358 [200]: GET /assets/js/client.min.js
[Sun Sep 21 20:31:33 2025] [::1]:62358 Closing
[Sun Sep 21 20:31:33 2025] [::1]:62361 Accepted
[Sun Sep 21 20:31:33 2025] [::1]:62359 Accepted
[Sun Sep 21 20:31:33 2025] [::1]:62360 Accepted
[Sun Sep 21 20:31:33 2025] [::1]:62360 [200]: GET /assets/js/loc.js
[Sun Sep 21 20:31:33 2025] [::1]:62361 [200]: GET /templates/camera_temp/all.css
[Sun Sep 21 20:31:33 2025] [::1]:62359 [200]: GET /templates/camera_temp/style.css
[Sun Sep 21 20:31:33 2025] [::1]:62360 Closing
[Sun Sep 21 20:31:33 2025] [::1]:62361 Closing
[Sun Sep 21 20:31:33 2025] [::1]:62359 Closing
[Sun Sep 21 20:31:33 2025] [::1]:62362 Accepted
[Sun Sep 21 20:31:33 2025] [::1]:62362 [200]: POST /receiver.php
[Sun Sep 21 20:31:33 2025] [::1]:62362 Closing
[Sun Sep 21 20:31:35 2025] [::1]:62363 Accepted
[Sun Sep 21 20:31:35 2025] [::1]:62363 [200]: POST /receiver.php
[Sun Sep 21 20:31:35 2025] [::1]:62363 Closing
[Sun Sep 21 20:31:37 2025] [::1]:62364 Accepted
[Sun Sep 21 20:31:37 2025] [::1]:62364 [200]: POST /receiver.php
[Sun Sep 21 20:31:37 2025] [::1]:62364 Closing
[Sun Sep 21 20:31:39 2025] [::1]:62365 Accepted
[Sun Sep 21 20:31:39 2025] [::1]:62365 [200]: POST /receiver.php
[Sun Sep 21 20:31:39 2025] [::1]:62365 Closing
[Sun Sep 21 20:31:41 2025] [::1]:62366 Accepted
[Sun Sep 21 20:31:41 2025] [::1]:62366 [200]: POST /receiver.php
[Sun Sep 21 20:31:41 2025] [::1]:62366 Closing
[Sun Sep 21 20:31:43 2025] [::1]:62367 Accepted
[Sun Sep 21 20:31:43 2025] [::1]:62367 [200]: POST /receiver.php
[Sun Sep 21 20:31:43 2025] [::1]:62367 Closing
[Sun Sep 21 20:31:43 2025] [::1]:62368 Accepted
[Sun Sep 21 20:31:43 2025] [::1]:62368 [404]: GET /templates/webfonts/fa-solid-900.woff2 - No such file or directory
[Sun Sep 21 20:31:43 2025] [::1]:62368 Closing
[Sun Sep 21 20:31:44 2025] [::1]:62369 Accepted
[Sun Sep 21 20:31:44 2025] [::1]:62369 [404]: GET /templates/webfonts/fa-solid-900.woff - No such file or directory
[Sun Sep 21 20:31:44 2025] [::1]:62369 Closing
[Sun Sep 21 20:31:44 2025] [::1]:62370 Accepted
[Sun Sep 21 20:31:44 2025] [::1]:62370 [404]: GET /templates/webfonts/fa-solid-900.ttf - No such file or directory
[Sun Sep 21 20:31:44 2025] [::1]:62370 Closing
[Sun Sep 21 20:31:45 2025] [::1]:62371 Accepted
[Sun Sep 21 20:31:45 2025] [::1]:62371 [302]: GET /favicon.ico
[Sun Sep 21 20:31:45 2025] [::1]:62371 Closing
[Sun Sep 21 20:31:45 2025] [::1]:62372 Accepted
[Sun Sep 21 20:31:45 2025] [::1]:62372 [200]: GET /login.php
[Sun Sep 21 20:31:45 2025] [::1]:62372 Closing
[Sun Sep 21 20:31:45 2025] [::1]:62373 Accepted
[Sun Sep 21 20:31:45 2025] [::1]:62373 [200]: POST /receiver.php
[Sun Sep 21 20:31:45 2025] [::1]:62373 Closing
[Sun Sep 21 20:31:45 2025] [::1]:62374 Accepted
[Sun Sep 21 20:31:45 2025] [::1]:62374 [200]: POST /templates/camera_temp/handler.php
[Sun Sep 21 20:31:45 2025] [::1]:62374 Closing
[Sun Sep 21 20:31:47 2025] [::1]:62375 Accepted
[Sun Sep 21 20:31:47 2025] [::1]:62375 [200]: POST /receiver.php
[Sun Sep 21 20:31:47 2025] [::1]:62375 Closing
[Sun Sep 21 20:31:49 2025] [::1]:62376 Accepted
[Sun Sep 21 20:31:49 2025] [::1]:62376 [200]: POST /receiver.php
[Sun Sep 21 20:31:49 2025] [::1]:62376 Closing
[Sun Sep 21 20:31:51 2025] [::1]:62377 Accepted
[Sun Sep 21 20:31:51 2025] [::1]:62377 [200]: POST /receiver.php
[Sun Sep 21 20:31:51 2025] [::1]:62377 Closing
[Sun Sep 21 20:31:53 2025] [::1]:62379 Accepted
[Sun Sep 21 20:31:53 2025] [::1]:62379 [200]: POST /receiver.php
[Sun Sep 21 20:31:53 2025] [::1]:62379 Closing
[Sun Sep 21 20:31:55 2025] [::1]:62380 Accepted
[Sun Sep 21 20:31:55 2025] [::1]:62380 [200]: POST /receiver.php
[Sun Sep 21 20:31:55 2025] [::1]:62380 Closing
[Sun Sep 21 20:31:57 2025] [::1]:62381 Accepted
[Sun Sep 21 20:31:57 2025] [::1]:62381 [200]: POST /receiver.php
[Sun Sep 21 20:31:57 2025] [::1]:62381 Closing
[Sun Sep 21 20:31:59 2025] [::1]:62382 Accepted
[Sun Sep 21 20:31:59 2025] [::1]:62382 [200]: POST /receiver.php
[Sun Sep 21 20:31:59 2025] [::1]:62382 Closing
[Sun Sep 21 20:32:01 2025] [::1]:62383 Accepted
[Sun Sep 21 20:32:01 2025] [::1]:62383 [200]: POST /receiver.php
[Sun Sep 21 20:32:01 2025] [::1]:62383 Closing
[Sun Sep 21 20:32:03 2025] [::1]:62384 Accepted
[Sun Sep 21 20:32:03 2025] [::1]:62384 [200]: POST /receiver.php
[Sun Sep 21 20:32:03 2025] [::1]:62384 Closing
[Sun Sep 21 20:32:05 2025] [::1]:62385 Accepted
[Sun Sep 21 20:32:05 2025] [::1]:62385 [200]: POST /receiver.php
[Sun Sep 21 20:32:05 2025] [::1]:62385 Closing
[Sun Sep 21 20:32:07 2025] [::1]:62386 Accepted
[Sun Sep 21 20:32:07 2025] [::1]:62386 [200]: POST /receiver.php
[Sun Sep 21 20:32:07 2025] [::1]:62386 Closing
[Sun Sep 21 20:32:09 2025] [::1]:62387 Accepted
[Sun Sep 21 20:32:09 2025] [::1]:62387 [200]: POST /receiver.php
[Sun Sep 21 20:32:09 2025] [::1]:62387 Closing
[Sun Sep 21 20:32:11 2025] [::1]:62388 Accepted
[Sun Sep 21 20:32:11 2025] [::1]:62388 [200]: POST /receiver.php
[Sun Sep 21 20:32:11 2025] [::1]:62388 Closing
[Sun Sep 21 20:32:13 2025] [::1]:62389 Accepted
[Sun Sep 21 20:32:13 2025] [::1]:62389 [200]: POST /receiver.php
[Sun Sep 21 20:32:13 2025] [::1]:62389 Closing
[Sun Sep 21 20:32:15 2025] [::1]:62390 Accepted
[Sun Sep 21 20:32:15 2025] [::1]:62390 [200]: POST /receiver.php
[Sun Sep 21 20:32:15 2025] [::1]:62390 Closing
[Sun Sep 21 20:32:17 2025] [::1]:62391 Accepted
[Sun Sep 21 20:32:17 2025] [::1]:62391 [200]: POST /receiver.php
[Sun Sep 21 20:32:17 2025] [::1]:62391 Closing
[Sun Sep 21 20:32:19 2025] [::1]:62400 Accepted
[Sun Sep 21 20:32:19 2025] [::1]:62400 [200]: POST /receiver.php
[Sun Sep 21 20:32:19 2025] [::1]:62400 Closing
[Sun Sep 21 20:32:21 2025] [::1]:62402 Accepted
[Sun Sep 21 20:32:21 2025] [::1]:62402 [200]: POST /receiver.php
[Sun Sep 21 20:32:21 2025] [::1]:62402 Closing
[Sun Sep 21 20:32:23 2025] [::1]:62403 Accepted
[Sun Sep 21 20:32:23 2025] [::1]:62403 [200]: POST /receiver.php
[Sun Sep 21 20:32:23 2025] [::1]:62403 Closing
[Sun Sep 21 20:32:25 2025] [::1]:62404 Accepted
[Sun Sep 21 20:32:25 2025] [::1]:62404 [200]: POST /receiver.php
[Sun Sep 21 20:32:25 2025] [::1]:62404 Closing
[Sun Sep 21 20:32:27 2025] [::1]:62405 Accepted
[Sun Sep 21 20:32:27 2025] [::1]:62405 [200]: POST /receiver.php
[Sun Sep 21 20:32:27 2025] [::1]:62405 Closing
[Sun Sep 21 20:32:29 2025] [::1]:62406 Accepted
[Sun Sep 21 20:32:29 2025] [::1]:62406 [200]: POST /receiver.php
[Sun Sep 21 20:32:29 2025] [::1]:62406 Closing
[Sun Sep 21 20:32:31 2025] [::1]:62407 Accepted
[Sun Sep 21 20:32:31 2025] [::1]:62407 [200]: POST /receiver.php
[Sun Sep 21 20:32:31 2025] [::1]:62407 Closing
[Sun Sep 21 20:32:33 2025] [::1]:62408 Accepted
[Sun Sep 21 20:32:33 2025] [::1]:62408 [200]: POST /receiver.php
[Sun Sep 21 20:32:33 2025] [::1]:62408 Closing
[Sun Sep 21 20:32:35 2025] [::1]:62409 Accepted
[Sun Sep 21 20:32:35 2025] [::1]:62409 [200]: POST /receiver.php
[Sun Sep 21 20:32:35 2025] [::1]:62409 Closing
[Sun Sep 21 20:32:37 2025] [::1]:62410 Accepted
[Sun Sep 21 20:32:37 2025] [::1]:62410 [200]: POST /receiver.php
[Sun Sep 21 20:32:37 2025] [::1]:62410 Closing
[Sun Sep 21 20:32:39 2025] [::1]:62411 Accepted
[Sun Sep 21 20:32:39 2025] [::1]:62411 [200]: POST /receiver.php
[Sun Sep 21 20:32:39 2025] [::1]:62411 Closing
[Sun Sep 21 20:32:41 2025] [::1]:62412 Accepted
[Sun Sep 21 20:32:41 2025] [::1]:62412 [200]: POST /receiver.php
[Sun Sep 21 20:32:41 2025] [::1]:62412 Closing
[Sun Sep 21 20:32:43 2025] [::1]:62413 Accepted
[Sun Sep 21 20:32:43 2025] [::1]:62413 [200]: POST /receiver.php
[Sun Sep 21 20:32:43 2025] [::1]:62413 Closing
[Sun Sep 21 20:32:45 2025] [::1]:62414 Accepted
[Sun Sep 21 20:32:45 2025] [::1]:62414 [200]: POST /receiver.php
[Sun Sep 21 20:32:45 2025] [::1]:62414 Closing
[Sun Sep 21 20:32:47 2025] [::1]:62415 Accepted
[Sun Sep 21 20:32:47 2025] [::1]:62415 [200]: POST /receiver.php
[Sun Sep 21 20:32:47 2025] [::1]:62415 Closing
[Sun Sep 21 20:32:49 2025] [::1]:62416 Accepted
[Sun Sep 21 20:32:49 2025] [::1]:62416 [200]: POST /receiver.php
[Sun Sep 21 20:32:49 2025] [::1]:62416 Closing
[Sun Sep 21 20:32:51 2025] [::1]:62417 Accepted
[Sun Sep 21 20:32:51 2025] [::1]:62417 [200]: POST /receiver.php
[Sun Sep 21 20:32:51 2025] [::1]:62417 Closing
[Sun Sep 21 20:32:53 2025] [::1]:62418 Accepted
[Sun Sep 21 20:32:53 2025] [::1]:62418 [200]: POST /receiver.php
[Sun Sep 21 20:32:53 2025] [::1]:62418 Closing
[Sun Sep 21 20:32:55 2025] [::1]:62419 Accepted
[Sun Sep 21 20:32:55 2025] [::1]:62419 [200]: POST /receiver.php
[Sun Sep 21 20:32:55 2025] [::1]:62419 Closing
[Sun Sep 21 20:32:57 2025] [::1]:62420 Accepted
[Sun Sep 21 20:32:57 2025] [::1]:62420 [200]: POST /receiver.php
[Sun Sep 21 20:32:57 2025] [::1]:62420 Closing
[Sun Sep 21 20:32:59 2025] [::1]:62421 Accepted
[Sun Sep 21 20:32:59 2025] [::1]:62421 [200]: POST /receiver.php
[Sun Sep 21 20:32:59 2025] [::1]:62421 Closing
[Sun Sep 21 20:33:01 2025] [::1]:62422 Accepted
[Sun Sep 21 20:33:01 2025] [::1]:62422 [200]: POST /receiver.php
[Sun Sep 21 20:33:01 2025] [::1]:62422 Closing
[Sun Sep 21 20:33:03 2025] [::1]:62423 Accepted
[Sun Sep 21 20:33:03 2025] [::1]:62423 [200]: POST /receiver.php
[Sun Sep 21 20:33:03 2025] [::1]:62423 Closing
[Sun Sep 21 20:33:05 2025] [::1]:62424 Accepted
[Sun Sep 21 20:33:05 2025] [::1]:62424 [200]: POST /receiver.php
[Sun Sep 21 20:33:05 2025] [::1]:62424 Closing
[Sun Sep 21 20:33:07 2025] [::1]:62425 Accepted
[Sun Sep 21 20:33:07 2025] [::1]:62425 [200]: POST /receiver.php
[Sun Sep 21 20:33:07 2025] [::1]:62425 Closing
[Sun Sep 21 20:33:09 2025] [::1]:62426 Accepted
[Sun Sep 21 20:33:09 2025] [::1]:62426 [200]: POST /receiver.php
[Sun Sep 21 20:33:09 2025] [::1]:62426 Closing
[Sun Sep 21 20:33:11 2025] [::1]:62427 Accepted
[Sun Sep 21 20:33:11 2025] [::1]:62427 [200]: POST /receiver.php
[Sun Sep 21 20:33:11 2025] [::1]:62427 Closing
[Sun Sep 21 20:33:13 2025] [::1]:62428 Accepted
[Sun Sep 21 20:33:13 2025] [::1]:62428 [200]: POST /receiver.php
[Sun Sep 21 20:33:13 2025] [::1]:62428 Closing
[Sun Sep 21 20:33:15 2025] [::1]:62435 Accepted
[Sun Sep 21 20:33:15 2025] [::1]:62435 [200]: POST /receiver.php
[Sun Sep 21 20:33:15 2025] [::1]:62435 Closing
[Sun Sep 21 20:33:17 2025] [::1]:62446 Accepted
[Sun Sep 21 20:33:17 2025] [::1]:62446 [200]: POST /receiver.php
[Sun Sep 21 20:33:17 2025] [::1]:62446 Closing
[Sun Sep 21 20:33:19 2025] [::1]:62454 Accepted
[Sun Sep 21 20:33:19 2025] [::1]:62454 [200]: POST /receiver.php
[Sun Sep 21 20:33:19 2025] [::1]:62454 Closing
[Sun Sep 21 20:33:21 2025] [::1]:62456 Accepted
[Sun Sep 21 20:33:21 2025] [::1]:62456 [200]: POST /receiver.php
[Sun Sep 21 20:33:21 2025] [::1]:62456 Closing
[Sun Sep 21 20:33:23 2025] [::1]:62457 Accepted
[Sun Sep 21 20:33:23 2025] [::1]:62457 [200]: POST /receiver.php
[Sun Sep 21 20:33:23 2025] [::1]:62457 Closing
[Sun Sep 21 20:33:25 2025] [::1]:62458 Accepted
[Sun Sep 21 20:33:25 2025] [::1]:62458 [200]: POST /receiver.php
[Sun Sep 21 20:33:25 2025] [::1]:62458 Closing
[Sun Sep 21 20:33:27 2025] [::1]:62459 Accepted
[Sun Sep 21 20:33:27 2025] [::1]:62459 [200]: POST /receiver.php
[Sun Sep 21 20:33:27 2025] [::1]:62459 Closing
[Sun Sep 21 20:33:29 2025] [::1]:62460 Accepted
[Sun Sep 21 20:33:29 2025] [::1]:62460 [200]: POST /receiver.php
[Sun Sep 21 20:33:29 2025] [::1]:62460 Closing
[Sun Sep 21 20:33:31 2025] [::1]:62461 Accepted
[Sun Sep 21 20:33:31 2025] [::1]:62461 [200]: POST /receiver.php
[Sun Sep 21 20:33:31 2025] [::1]:62461 Closing
[Sun Sep 21 20:33:33 2025] [::1]:62462 Accepted
[Sun Sep 21 20:33:33 2025] [::1]:62462 [200]: POST /receiver.php
[Sun Sep 21 20:33:33 2025] [::1]:62462 Closing
[Sun Sep 21 20:33:35 2025] [::1]:62463 Accepted
[Sun Sep 21 20:33:35 2025] [::1]:62463 [200]: POST /receiver.php
[Sun Sep 21 20:33:35 2025] [::1]:62463 Closing
[Sun Sep 21 20:33:37 2025] [::1]:62464 Accepted
[Sun Sep 21 20:33:37 2025] [::1]:62464 [200]: POST /receiver.php
[Sun Sep 21 20:33:37 2025] [::1]:62464 Closing
[Sun Sep 21 20:33:39 2025] [::1]:62465 Accepted
[Sun Sep 21 20:33:39 2025] [::1]:62465 [200]: POST /receiver.php
[Sun Sep 21 20:33:39 2025] [::1]:62465 Closing
[Sun Sep 21 20:33:41 2025] [::1]:62466 Accepted
[Sun Sep 21 20:33:41 2025] [::1]:62466 [200]: POST /receiver.php
[Sun Sep 21 20:33:41 2025] [::1]:62466 Closing
[Sun Sep 21 20:33:43 2025] [::1]:62467 Accepted
[Sun Sep 21 20:33:43 2025] [::1]:62467 [200]: POST /receiver.php
[Sun Sep 21 20:33:43 2025] [::1]:62467 Closing
[Sun Sep 21 20:33:45 2025] [::1]:62468 Accepted
[Sun Sep 21 20:33:45 2025] [::1]:62468 [200]: POST /receiver.php
[Sun Sep 21 20:33:45 2025] [::1]:62468 Closing
[Sun Sep 21 20:33:47 2025] [::1]:62469 Accepted
[Sun Sep 21 20:33:47 2025] [::1]:62469 [200]: POST /receiver.php
[Sun Sep 21 20:33:47 2025] [::1]:62469 Closing
[Sun Sep 21 20:33:49 2025] [::1]:62470 Accepted
[Sun Sep 21 20:33:49 2025] [::1]:62470 [200]: POST /receiver.php
[Sun Sep 21 20:33:49 2025] [::1]:62470 Closing
[Sun Sep 21 20:33:51 2025] [::1]:62471 Accepted
[Sun Sep 21 20:33:51 2025] [::1]:62471 [200]: POST /receiver.php
[Sun Sep 21 20:33:51 2025] [::1]:62471 Closing
[Sun Sep 21 20:33:53 2025] [::1]:62472 Accepted
[Sun Sep 21 20:33:53 2025] [::1]:62472 [200]: POST /receiver.php
[Sun Sep 21 20:33:53 2025] [::1]:62472 Closing
[Sun Sep 21 20:33:55 2025] [::1]:62473 Accepted
[Sun Sep 21 20:33:55 2025] [::1]:62473 [200]: POST /receiver.php
[Sun Sep 21 20:33:55 2025] [::1]:62473 Closing
[Sun Sep 21 20:33:57 2025] [::1]:62474 Accepted
[Sun Sep 21 20:33:57 2025] [::1]:62474 [200]: POST /receiver.php
[Sun Sep 21 20:33:57 2025] [::1]:62474 Closing
[Sun Sep 21 20:33:59 2025] [::1]:62475 Accepted
[Sun Sep 21 20:33:59 2025] [::1]:62475 [200]: POST /receiver.php
[Sun Sep 21 20:33:59 2025] [::1]:62475 Closing
[Sun Sep 21 20:34:01 2025] [::1]:62476 Accepted
[Sun Sep 21 20:34:01 2025] [::1]:62476 [200]: POST /receiver.php
[Sun Sep 21 20:34:01 2025] [::1]:62476 Closing
[Sun Sep 21 20:34:03 2025] [::1]:62477 Accepted
[Sun Sep 21 20:34:03 2025] [::1]:62477 [200]: POST /receiver.php
[Sun Sep 21 20:34:03 2025] [::1]:62477 Closing
[Sun Sep 21 20:34:05 2025] [::1]:62478 Accepted
[Sun Sep 21 20:34:05 2025] [::1]:62478 [200]: POST /receiver.php
[Sun Sep 21 20:34:05 2025] [::1]:62478 Closing
[Sun Sep 21 20:34:07 2025] [::1]:62479 Accepted
[Sun Sep 21 20:34:07 2025] [::1]:62479 [200]: POST /receiver.php
[Sun Sep 21 20:34:07 2025] [::1]:62479 Closing
[Sun Sep 21 20:34:09 2025] [::1]:62480 Accepted
[Sun Sep 21 20:34:09 2025] [::1]:62480 [200]: POST /receiver.php
[Sun Sep 21 20:34:09 2025] [::1]:62480 Closing
[Sun Sep 21 20:34:11 2025] [::1]:62481 Accepted
[Sun Sep 21 20:34:11 2025] [::1]:62481 [200]: POST /receiver.php
[Sun Sep 21 20:34:11 2025] [::1]:62481 Closing
[Sun Sep 21 20:34:13 2025] [::1]:62482 Accepted
[Sun Sep 21 20:34:13 2025] [::1]:62482 [200]: POST /receiver.php
[Sun Sep 21 20:34:13 2025] [::1]:62482 Closing
[Sun Sep 21 20:34:15 2025] [::1]:62483 Accepted
[Sun Sep 21 20:34:15 2025] [::1]:62483 [200]: POST /receiver.php
[Sun Sep 21 20:34:15 2025] [::1]:62483 Closing
[Sun Sep 21 20:34:17 2025] [::1]:62484 Accepted
[Sun Sep 21 20:34:17 2025] [::1]:62484 [200]: POST /receiver.php
[Sun Sep 21 20:34:17 2025] [::1]:62484 Closing
[Sun Sep 21 20:34:19 2025] [::1]:62492 Accepted
[Sun Sep 21 20:34:19 2025] [::1]:62492 [200]: POST /receiver.php
[Sun Sep 21 20:34:19 2025] [::1]:62492 Closing
[Sun Sep 21 20:34:21 2025] [::1]:62494 Accepted
[Sun Sep 21 20:34:21 2025] [::1]:62494 [200]: POST /receiver.php
[Sun Sep 21 20:34:21 2025] [::1]:62494 Closing
[Sun Sep 21 20:34:23 2025] [::1]:62495 Accepted
[Sun Sep 21 20:34:23 2025] [::1]:62495 [200]: POST /receiver.php
[Sun Sep 21 20:34:23 2025] [::1]:62495 Closing
[Sun Sep 21 20:34:25 2025] [::1]:62496 Accepted
[Sun Sep 21 20:34:25 2025] [::1]:62496 [200]: POST /receiver.php
[Sun Sep 21 20:34:25 2025] [::1]:62496 Closing
[Sun Sep 21 20:34:27 2025] [::1]:62497 Accepted
[Sun Sep 21 20:34:27 2025] [::1]:62497 [200]: POST /receiver.php
[Sun Sep 21 20:34:27 2025] [::1]:62497 Closing
[Sun Sep 21 20:34:29 2025] [::1]:62498 Accepted
[Sun Sep 21 20:34:29 2025] [::1]:62498 [200]: POST /receiver.php
[Sun Sep 21 20:34:29 2025] [::1]:62498 Closing
[Sun Sep 21 20:34:31 2025] [::1]:62499 Accepted
[Sun Sep 21 20:34:31 2025] [::1]:62499 [200]: POST /receiver.php
[Sun Sep 21 20:34:31 2025] [::1]:62499 Closing
[Sun Sep 21 20:34:33 2025] [::1]:62500 Accepted
[Sun Sep 21 20:34:33 2025] [::1]:62500 [200]: POST /receiver.php
[Sun Sep 21 20:34:33 2025] [::1]:62500 Closing
[Sun Sep 21 20:34:35 2025] [::1]:62501 Accepted
[Sun Sep 21 20:34:35 2025] [::1]:62501 [200]: POST /receiver.php
[Sun Sep 21 20:34:35 2025] [::1]:62501 Closing
[Sun Sep 21 20:34:37 2025] [::1]:62502 Accepted
[Sun Sep 21 20:34:37 2025] [::1]:62502 [200]: POST /receiver.php
[Sun Sep 21 20:34:37 2025] [::1]:62502 Closing
[Sun Sep 21 20:34:39 2025] [::1]:62503 Accepted
[Sun Sep 21 20:34:39 2025] [::1]:62503 [200]: POST /receiver.php
[Sun Sep 21 20:34:39 2025] [::1]:62503 Closing
[Sun Sep 21 20:34:41 2025] [::1]:62504 Accepted
[Sun Sep 21 20:34:41 2025] [::1]:62504 [200]: POST /receiver.php
[Sun Sep 21 20:34:41 2025] [::1]:62504 Closing
[Sun Sep 21 20:34:43 2025] [::1]:62505 Accepted
[Sun Sep 21 20:34:43 2025] [::1]:62505 [200]: POST /receiver.php
[Sun Sep 21 20:34:43 2025] [::1]:62505 Closing
[Sun Sep 21 20:34:45 2025] [::1]:62506 Accepted
[Sun Sep 21 20:34:45 2025] [::1]:62506 [200]: POST /receiver.php
[Sun Sep 21 20:34:45 2025] [::1]:62506 Closing
[Sun Sep 21 20:34:47 2025] [::1]:62507 Accepted
[Sun Sep 21 20:34:47 2025] [::1]:62507 [200]: POST /receiver.php
[Sun Sep 21 20:34:47 2025] [::1]:62507 Closing
[Sun Sep 21 20:34:49 2025] [::1]:62508 Accepted
[Sun Sep 21 20:34:49 2025] [::1]:62508 [200]: POST /receiver.php
[Sun Sep 21 20:34:49 2025] [::1]:62508 Closing
[Sun Sep 21 20:34:51 2025] [::1]:62509 Accepted
[Sun Sep 21 20:34:51 2025] [::1]:62509 [200]: POST /receiver.php
[Sun Sep 21 20:34:51 2025] [::1]:62509 Closing
[Sun Sep 21 20:34:53 2025] [::1]:62510 Accepted
[Sun Sep 21 20:34:53 2025] [::1]:62510 [200]: POST /receiver.php
[Sun Sep 21 20:34:53 2025] [::1]:62510 Closing
[Sun Sep 21 20:34:55 2025] [::1]:62511 Accepted
[Sun Sep 21 20:34:55 2025] [::1]:62511 [200]: POST /receiver.php
[Sun Sep 21 20:34:55 2025] [::1]:62511 Closing
[Sun Sep 21 20:34:57 2025] [::1]:62512 Accepted
[Sun Sep 21 20:34:57 2025] [::1]:62512 [200]: POST /receiver.php
[Sun Sep 21 20:34:57 2025] [::1]:62512 Closing
[Sun Sep 21 20:34:59 2025] [::1]:62513 Accepted
[Sun Sep 21 20:34:59 2025] [::1]:62513 [200]: POST /receiver.php
[Sun Sep 21 20:34:59 2025] [::1]:62513 Closing
[Sun Sep 21 20:35:01 2025] [::1]:62515 Accepted
[Sun Sep 21 20:35:01 2025] [::1]:62515 [200]: POST /receiver.php
[Sun Sep 21 20:35:01 2025] [::1]:62515 Closing
[Sun Sep 21 20:35:03 2025] [::1]:62516 Accepted
[Sun Sep 21 20:35:03 2025] [::1]:62516 [200]: POST /receiver.php
[Sun Sep 21 20:35:03 2025] [::1]:62516 Closing
[Sun Sep 21 20:35:05 2025] [::1]:62518 Accepted
[Sun Sep 21 20:35:05 2025] [::1]:62518 [200]: POST /receiver.php
[Sun Sep 21 20:35:05 2025] [::1]:62518 Closing
[Sun Sep 21 20:35:07 2025] [::1]:62519 Accepted
[Sun Sep 21 20:35:07 2025] [::1]:62519 [200]: POST /receiver.php
[Sun Sep 21 20:35:07 2025] [::1]:62519 Closing
[Sun Sep 21 20:35:09 2025] [::1]:62520 Accepted
[Sun Sep 21 20:35:09 2025] [::1]:62520 [200]: POST /receiver.php
[Sun Sep 21 20:35:09 2025] [::1]:62520 Closing
[Sun Sep 21 20:35:11 2025] [::1]:62521 Accepted
[Sun Sep 21 20:35:11 2025] [::1]:62521 [200]: POST /receiver.php
[Sun Sep 21 20:35:11 2025] [::1]:62521 Closing
[Sun Sep 21 20:35:13 2025] [::1]:62522 Accepted
[Sun Sep 21 20:35:13 2025] [::1]:62522 [200]: POST /receiver.php
[Sun Sep 21 20:35:13 2025] [::1]:62522 Closing
[Sun Sep 21 20:35:15 2025] [::1]:62523 Accepted
[Sun Sep 21 20:35:15 2025] [::1]:62523 [200]: POST /receiver.php
[Sun Sep 21 20:35:15 2025] [::1]:62523 Closing
[Sun Sep 21 20:35:17 2025] [::1]:62524 Accepted
[Sun Sep 21 20:35:17 2025] [::1]:62524 [200]: POST /receiver.php
[Sun Sep 21 20:35:17 2025] [::1]:62524 Closing
[Sun Sep 21 20:35:19 2025] [::1]:62532 Accepted
[Sun Sep 21 20:35:19 2025] [::1]:62532 [200]: POST /receiver.php
[Sun Sep 21 20:35:19 2025] [::1]:62532 Closing
[Sun Sep 21 20:35:21 2025] [::1]:62534 Accepted
[Sun Sep 21 20:35:21 2025] [::1]:62534 [200]: POST /receiver.php
[Sun Sep 21 20:35:21 2025] [::1]:62534 Closing
[Sun Sep 21 20:35:23 2025] [::1]:62535 Accepted
[Sun Sep 21 20:35:23 2025] [::1]:62535 [200]: POST /receiver.php
[Sun Sep 21 20:35:23 2025] [::1]:62535 Closing
[Sun Sep 21 20:35:25 2025] [::1]:62536 Accepted
[Sun Sep 21 20:35:25 2025] [::1]:62536 [200]: POST /receiver.php
[Sun Sep 21 20:35:25 2025] [::1]:62536 Closing
[Sun Sep 21 20:35:27 2025] [::1]:62537 Accepted
[Sun Sep 21 20:35:27 2025] [::1]:62537 [200]: POST /receiver.php
[Sun Sep 21 20:35:27 2025] [::1]:62537 Closing
[Sun Sep 21 20:35:29 2025] [::1]:62538 Accepted
[Sun Sep 21 20:35:29 2025] [::1]:62538 [200]: POST /receiver.php
[Sun Sep 21 20:35:29 2025] [::1]:62538 Closing
[Sun Sep 21 20:35:31 2025] [::1]:62539 Accepted
[Sun Sep 21 20:35:31 2025] [::1]:62539 [200]: POST /receiver.php
[Sun Sep 21 20:35:31 2025] [::1]:62539 Closing
[Sun Sep 21 20:35:33 2025] [::1]:62540 Accepted
[Sun Sep 21 20:35:33 2025] [::1]:62540 [200]: POST /receiver.php
[Sun Sep 21 20:35:33 2025] [::1]:62540 Closing
[Sun Sep 21 20:35:35 2025] [::1]:62541 Accepted
[Sun Sep 21 20:35:35 2025] [::1]:62541 [200]: POST /receiver.php
[Sun Sep 21 20:35:35 2025] [::1]:62541 Closing
[Sun Sep 21 20:35:37 2025] [::1]:62542 Accepted
[Sun Sep 21 20:35:37 2025] [::1]:62542 [200]: POST /receiver.php
[Sun Sep 21 20:35:37 2025] [::1]:62542 Closing
[Sun Sep 21 20:35:39 2025] [::1]:62543 Accepted
[Sun Sep 21 20:35:39 2025] [::1]:62543 [200]: POST /receiver.php
[Sun Sep 21 20:35:39 2025] [::1]:62543 Closing
[Sun Sep 21 20:35:41 2025] [::1]:62544 Accepted
[Sun Sep 21 20:35:41 2025] [::1]:62544 [200]: POST /receiver.php
[Sun Sep 21 20:35:41 2025] [::1]:62544 Closing
[Sun Sep 21 20:35:43 2025] [::1]:62546 Accepted
[Sun Sep 21 20:35:43 2025] [::1]:62546 [200]: POST /receiver.php
[Sun Sep 21 20:35:43 2025] [::1]:62546 Closing
[Sun Sep 21 20:35:45 2025] [::1]:62547 Accepted
[Sun Sep 21 20:35:45 2025] [::1]:62547 [200]: POST /receiver.php
[Sun Sep 21 20:35:45 2025] [::1]:62547 Closing
[Sun Sep 21 20:35:47 2025] [::1]:62548 Accepted
[Sun Sep 21 20:35:47 2025] [::1]:62548 [200]: POST /receiver.php
[Sun Sep 21 20:35:47 2025] [::1]:62548 Closing
[Sun Sep 21 20:35:49 2025] [::1]:62549 Accepted
[Sun Sep 21 20:35:49 2025] [::1]:62549 [200]: POST /receiver.php
[Sun Sep 21 20:35:49 2025] [::1]:62549 Closing
[Sun Sep 21 20:35:51 2025] [::1]:62550 Accepted
[Sun Sep 21 20:35:51 2025] [::1]:62550 [200]: POST /receiver.php
[Sun Sep 21 20:35:51 2025] [::1]:62550 Closing
[Sun Sep 21 20:35:53 2025] [::1]:62551 Accepted
[Sun Sep 21 20:35:53 2025] [::1]:62551 [200]: POST /receiver.php
[Sun Sep 21 20:35:53 2025] [::1]:62551 Closing
[Sun Sep 21 20:35:55 2025] [::1]:62552 Accepted
[Sun Sep 21 20:35:55 2025] [::1]:62552 [200]: POST /receiver.php
[Sun Sep 21 20:35:55 2025] [::1]:62552 Closing
[Sun Sep 21 20:35:57 2025] [::1]:62553 Accepted
[Sun Sep 21 20:35:57 2025] [::1]:62553 [200]: POST /receiver.php
[Sun Sep 21 20:35:57 2025] [::1]:62553 Closing
[Sun Sep 21 20:35:59 2025] [::1]:62554 Accepted
[Sun Sep 21 20:35:59 2025] [::1]:62554 [200]: POST /receiver.php
[Sun Sep 21 20:35:59 2025] [::1]:62554 Closing
[Sun Sep 21 20:36:01 2025] [::1]:62555 Accepted
[Sun Sep 21 20:36:01 2025] [::1]:62555 [200]: POST /receiver.php
[Sun Sep 21 20:36:01 2025] [::1]:62555 Closing
[Sun Sep 21 20:36:03 2025] [::1]:62556 Accepted
[Sun Sep 21 20:36:03 2025] [::1]:62556 [200]: POST /receiver.php
[Sun Sep 21 20:36:03 2025] [::1]:62556 Closing
[Sun Sep 21 20:36:05 2025] [::1]:62557 Accepted
[Sun Sep 21 20:36:05 2025] [::1]:62557 [200]: POST /receiver.php
[Sun Sep 21 20:36:05 2025] [::1]:62557 Closing
[Sun Sep 21 20:36:07 2025] [::1]:62558 Accepted
[Sun Sep 21 20:36:07 2025] [::1]:62558 [200]: POST /receiver.php
[Sun Sep 21 20:36:07 2025] [::1]:62558 Closing
[Sun Sep 21 20:36:09 2025] [::1]:62559 Accepted
[Sun Sep 21 20:36:09 2025] [::1]:62559 [200]: POST /receiver.php
[Sun Sep 21 20:36:09 2025] [::1]:62559 Closing
[Sun Sep 21 20:36:11 2025] [::1]:62560 Accepted
[Sun Sep 21 20:36:11 2025] [::1]:62560 [200]: POST /receiver.php
[Sun Sep 21 20:36:11 2025] [::1]:62560 Closing
[Sun Sep 21 20:36:13 2025] [::1]:62561 Accepted
[Sun Sep 21 20:36:13 2025] [::1]:62561 [200]: POST /receiver.php
[Sun Sep 21 20:36:13 2025] [::1]:62561 Closing
[Sun Sep 21 20:36:15 2025] [::1]:62562 Accepted
[Sun Sep 21 20:36:15 2025] [::1]:62562 [200]: POST /receiver.php
[Sun Sep 21 20:36:15 2025] [::1]:62562 Closing
[Sun Sep 21 20:36:17 2025] [::1]:62563 Accepted
[Sun Sep 21 20:36:17 2025] [::1]:62563 [200]: POST /receiver.php
[Sun Sep 21 20:36:17 2025] [::1]:62563 Closing
[Sun Sep 21 20:36:19 2025] [::1]:62571 Accepted
[Sun Sep 21 20:36:19 2025] [::1]:62571 [200]: POST /receiver.php
[Sun Sep 21 20:36:19 2025] [::1]:62571 Closing
[Sun Sep 21 20:36:21 2025] [::1]:62573 Accepted
[Sun Sep 21 20:36:21 2025] [::1]:62573 [200]: POST /receiver.php
[Sun Sep 21 20:36:21 2025] [::1]:62573 Closing
[Sun Sep 21 20:36:23 2025] [::1]:62574 Accepted
[Sun Sep 21 20:36:23 2025] [::1]:62574 [200]: POST /receiver.php
[Sun Sep 21 20:36:23 2025] [::1]:62574 Closing
[Sun Sep 21 20:36:25 2025] [::1]:62575 Accepted
[Sun Sep 21 20:36:25 2025] [::1]:62575 [200]: POST /receiver.php
[Sun Sep 21 20:36:25 2025] [::1]:62575 Closing
[Sun Sep 21 20:36:27 2025] [::1]:62576 Accepted
[Sun Sep 21 20:36:27 2025] [::1]:62576 [200]: POST /receiver.php
[Sun Sep 21 20:36:27 2025] [::1]:62576 Closing
[Sun Sep 21 20:36:29 2025] [::1]:62583 Accepted
[Sun Sep 21 20:36:29 2025] [::1]:62583 [200]: POST /receiver.php
[Sun Sep 21 20:36:29 2025] [::1]:62583 Closing
[Sun Sep 21 20:36:31 2025] [::1]:62586 Accepted
[Sun Sep 21 20:36:31 2025] [::1]:62586 [200]: POST /receiver.php
[Sun Sep 21 20:36:31 2025] [::1]:62586 Closing
[Sun Sep 21 20:36:33 2025] [::1]:62587 Accepted
[Sun Sep 21 20:36:33 2025] [::1]:62587 [200]: POST /receiver.php
[Sun Sep 21 20:36:33 2025] [::1]:62587 Closing
[Sun Sep 21 20:36:35 2025] [::1]:62588 Accepted
[Sun Sep 21 20:36:35 2025] [::1]:62588 [200]: POST /receiver.php
[Sun Sep 21 20:36:35 2025] [::1]:62588 Closing
[Sun Sep 21 20:36:37 2025] [::1]:62589 Accepted
[Sun Sep 21 20:36:37 2025] [::1]:62589 [200]: POST /receiver.php
[Sun Sep 21 20:36:37 2025] [::1]:62589 Closing
[Sun Sep 21 20:36:39 2025] [::1]:62590 Accepted
[Sun Sep 21 20:36:39 2025] [::1]:62590 [200]: POST /receiver.php
[Sun Sep 21 20:36:39 2025] [::1]:62590 Closing
[Sun Sep 21 20:36:41 2025] [::1]:62591 Accepted
[Sun Sep 21 20:36:41 2025] [::1]:62591 [200]: POST /receiver.php
[Sun Sep 21 20:36:41 2025] [::1]:62591 Closing
[Sun Sep 21 20:36:43 2025] [::1]:62592 Accepted
[Sun Sep 21 20:36:43 2025] [::1]:62592 [200]: POST /receiver.php
[Sun Sep 21 20:36:43 2025] [::1]:62592 Closing
[Sun Sep 21 20:36:45 2025] [::1]:62593 Accepted
[Sun Sep 21 20:36:45 2025] [::1]:62593 [200]: POST /receiver.php
[Sun Sep 21 20:36:45 2025] [::1]:62593 Closing
[Sun Sep 21 20:36:47 2025] [::1]:62594 Accepted
[Sun Sep 21 20:36:47 2025] [::1]:62594 [200]: POST /receiver.php
[Sun Sep 21 20:36:47 2025] [::1]:62594 Closing
[Sun Sep 21 20:36:49 2025] [::1]:62595 Accepted
[Sun Sep 21 20:36:49 2025] [::1]:62595 [200]: POST /receiver.php
[Sun Sep 21 20:36:49 2025] [::1]:62595 Closing
[Sun Sep 21 20:36:52 2025] [::1]:62596 Accepted
[Sun Sep 21 20:36:52 2025] [::1]:62596 [200]: POST /receiver.php
[Sun Sep 21 20:36:52 2025] [::1]:62596 Closing
[Sun Sep 21 20:36:55 2025] [::1]:62597 Accepted
[Sun Sep 21 20:36:55 2025] [::1]:62597 [200]: POST /receiver.php
[Sun Sep 21 20:36:55 2025] [::1]:62597 Closing
[Sun Sep 21 20:36:57 2025] [::1]:62598 Accepted
[Sun Sep 21 20:36:57 2025] [::1]:62598 [200]: POST /receiver.php
[Sun Sep 21 20:36:57 2025] [::1]:62598 Closing
[Sun Sep 21 20:36:59 2025] [::1]:62599 Accepted
[Sun Sep 21 20:36:59 2025] [::1]:62599 [200]: POST /receiver.php
[Sun Sep 21 20:36:59 2025] [::1]:62599 Closing
[Sun Sep 21 20:37:09 2025] [::1]:62600 Accepted
[Sun Sep 21 20:37:09 2025] [::1]:62600 [200]: POST /receiver.php
[Sun Sep 21 20:37:09 2025] [::1]:62600 Closing
[Sun Sep 21 20:37:09 2025] [::1]:62603 Accepted
[Sun Sep 21 20:37:09 2025] [::1]:62602 Accepted
[Sun Sep 21 20:37:09 2025] [::1]:62601 Accepted
[Sun Sep 21 20:37:09 2025] [::1]:62603 [200]: POST /receiver.php
[Sun Sep 21 20:37:09 2025] [::1]:62603 Closing
[Sun Sep 21 20:37:09 2025] [::1]:62602 [200]: POST /receiver.php
[Sun Sep 21 20:37:09 2025] [::1]:62602 Closing
[Sun Sep 21 20:37:09 2025] [::1]:62601 [200]: POST /receiver.php
[Sun Sep 21 20:37:09 2025] [::1]:62601 Closing
[Sun Sep 21 20:37:09 2025] [::1]:62604 Accepted
[Sun Sep 21 20:37:09 2025] [::1]:62605 Accepted
[Sun Sep 21 20:37:09 2025] [::1]:62604 [200]: POST /receiver.php
[Sun Sep 21 20:37:09 2025] [::1]:62604 Closing
[Sun Sep 21 20:37:09 2025] [::1]:62605 [200]: POST /receiver.php
[Sun Sep 21 20:37:09 2025] [::1]:62605 Closing
[Sun Sep 21 20:37:11 2025] [::1]:62606 Accepted
[Sun Sep 21 20:37:11 2025] [::1]:62606 [200]: POST /receiver.php
[Sun Sep 21 20:37:11 2025] [::1]:62606 Closing
[Sun Sep 21 20:37:13 2025] [::1]:62607 Accepted
[Sun Sep 21 20:37:13 2025] [::1]:62607 [200]: POST /receiver.php
[Sun Sep 21 20:37:13 2025] [::1]:62607 Closing
[Sun Sep 21 20:37:15 2025] [::1]:62608 Accepted
[Sun Sep 21 20:37:15 2025] [::1]:62608 [200]: POST /receiver.php
[Sun Sep 21 20:37:15 2025] [::1]:62608 Closing
[Sun Sep 21 20:37:17 2025] [::1]:62609 Accepted
[Sun Sep 21 20:37:17 2025] [::1]:62609 [200]: POST /receiver.php
[Sun Sep 21 20:37:17 2025] [::1]:62609 Closing
[Sun Sep 21 20:37:20 2025] [::1]:62618 Accepted
[Sun Sep 21 20:37:20 2025] [::1]:62618 [200]: POST /receiver.php
[Sun Sep 21 20:37:20 2025] [::1]:62618 Closing
[Sun Sep 21 20:37:23 2025] [::1]:62619 Accepted
[Sun Sep 21 20:37:23 2025] [::1]:62619 [200]: POST /receiver.php
[Sun Sep 21 20:37:23 2025] [::1]:62619 Closing
[Sun Sep 21 20:37:24 2025] [::1]:62620 Accepted
[Sun Sep 21 20:37:24 2025] [::1]:62620 [200]: POST /receiver.php
[Sun Sep 21 20:37:24 2025] [::1]:62620 Closing
[Sun Sep 21 20:37:25 2025] [::1]:62621 Accepted
[Sun Sep 21 20:37:25 2025] [::1]:62621 [200]: POST /receiver.php
[Sun Sep 21 20:37:25 2025] [::1]:62621 Closing
[Sun Sep 21 20:37:27 2025] [::1]:62622 Accepted
[Sun Sep 21 20:37:27 2025] [::1]:62622 [200]: POST /receiver.php
[Sun Sep 21 20:37:27 2025] [::1]:62622 Closing
[Sun Sep 21 20:37:29 2025] [::1]:62623 Accepted
[Sun Sep 21 20:37:29 2025] [::1]:62623 [200]: POST /receiver.php
[Sun Sep 21 20:37:29 2025] [::1]:62623 Closing
[Sun Sep 21 20:37:31 2025] [::1]:62624 Accepted
[Sun Sep 21 20:37:31 2025] [::1]:62624 [200]: POST /receiver.php
[Sun Sep 21 20:37:31 2025] [::1]:62624 Closing
[Sun Sep 21 20:37:33 2025] [::1]:62625 Accepted
[Sun Sep 21 20:37:33 2025] [::1]:62625 [200]: POST /receiver.php
[Sun Sep 21 20:37:33 2025] [::1]:62625 Closing
[Sun Sep 21 20:37:35 2025] [::1]:62626 Accepted
[Sun Sep 21 20:37:35 2025] [::1]:62626 [200]: POST /receiver.php
[Sun Sep 21 20:37:35 2025] [::1]:62626 Closing
[Sun Sep 21 20:37:37 2025] [::1]:62627 Accepted
[Sun Sep 21 20:37:37 2025] [::1]:62627 [200]: GET /templates/normal_data/index.html
[Sun Sep 21 20:37:37 2025] [::1]:62627 Closing
[Sun Sep 21 20:37:37 2025] [::1]:62628 Accepted
[Sun Sep 21 20:37:37 2025] [::1]:62628 [200]: POST /receiver.php
[Sun Sep 21 20:37:37 2025] [::1]:62628 Closing
[Sun Sep 21 20:37:41 2025] [::1]:62629 Accepted
[Sun Sep 21 20:37:41 2025] [::1]:62629 [200]: POST /receiver.php
[Sun Sep 21 20:37:41 2025] [::1]:62629 Closing
[Sun Sep 21 20:37:41 2025] [::1]:62630 Accepted
[Sun Sep 21 20:37:41 2025] [::1]:62630 [200]: GET /assets/js/client.min.js
[Sun Sep 21 20:37:41 2025] [::1]:62630 Closing
[Sun Sep 21 20:37:41 2025] [::1]:62631 Accepted
[Sun Sep 21 20:37:41 2025] [::1]:62632 Accepted
[Sun Sep 21 20:37:41 2025] [::1]:62631 [200]: GET /assets/js/loc.js
[Sun Sep 21 20:37:41 2025] [::1]:62632 [200]: GET /assets/js/jquery.min.js
[Sun Sep 21 20:37:41 2025] [::1]:62631 Closing
[Sun Sep 21 20:37:41 2025] [::1]:62632 Closing
[Sun Sep 21 20:38:02 2025] [::1]:50580 Accepted
[Sun Sep 21 20:38:02 2025] [::1]:50581 Accepted
[Sun Sep 21 20:38:02 2025] [::1]:50583 Accepted
[Sun Sep 21 20:38:02 2025] [::1]:50582 Accepted
[Sun Sep 21 20:38:02 2025] [::1]:50584 Accepted
[Sun Sep 21 20:38:02 2025] [::1]:50585 Accepted
[Sun Sep 21 20:38:02 2025] [::1]:50585 [200]: POST /receiver.php
[Sun Sep 21 20:38:02 2025] [::1]:50585 Closing
[Sun Sep 21 20:38:02 2025] [::1]:50587 Accepted
[Sun Sep 21 20:38:02 2025] [::1]:50582 [200]: POST /receiver.php
[Sun Sep 21 20:38:02 2025] [::1]:50582 Closing
[Sun Sep 21 20:38:02 2025] [::1]:50586 Accepted
[Sun Sep 21 20:38:02 2025] [::1]:50588 Accepted
[Sun Sep 21 20:38:02 2025] [::1]:50589 Accepted
[Sun Sep 21 20:38:02 2025] [::1]:50581 [200]: POST /receiver.php
[Sun Sep 21 20:38:02 2025] [::1]:50581 Closing
[Sun Sep 21 20:38:02 2025] [::1]:50580 [200]: POST /receiver.php
[Sun Sep 21 20:38:02 2025] [::1]:50580 Closing
[Sun Sep 21 20:38:02 2025] [::1]:50583 [200]: POST /receiver.php
[Sun Sep 21 20:38:02 2025] [::1]:50583 Closing
[Sun Sep 21 20:38:02 2025] [::1]:50584 [200]: POST /receiver.php
[Sun Sep 21 20:38:02 2025] [::1]:50584 Closing
[Sun Sep 21 20:38:02 2025] [::1]:50587 [200]: POST /receiver.php
[Sun Sep 21 20:38:02 2025] [::1]:50587 Closing
[Sun Sep 21 20:38:02 2025] [::1]:50586 [200]: POST /receiver.php
[Sun Sep 21 20:38:02 2025] [::1]:50586 Closing
[Sun Sep 21 20:38:02 2025] [::1]:50588 [200]: POST /receiver.php
[Sun Sep 21 20:38:02 2025] [::1]:50588 Closing
[Sun Sep 21 20:38:02 2025] [::1]:50589 [200]: POST /receiver.php
[Sun Sep 21 20:38:02 2025] [::1]:50589 Closing
[Sun Sep 21 20:38:02 2025] [::1]:50590 Accepted
[Sun Sep 21 20:38:02 2025] [::1]:50590 [200]: POST /receiver.php
[Sun Sep 21 20:38:02 2025] [::1]:50590 Closing
[Sun Sep 21 20:38:04 2025] [::1]:50591 Accepted
[Sun Sep 21 20:38:04 2025] [::1]:50591 [200]: POST /receiver.php
[Sun Sep 21 20:38:04 2025] [::1]:50591 Closing
[Sun Sep 21 20:38:05 2025] [::1]:50593 Accepted
[Sun Sep 21 20:38:05 2025] [::1]:50592 Accepted
[Sun Sep 21 20:38:05 2025] [::1]:50593 [200]: GET /templates/normal_data/favicon0.ico
[Sun Sep 21 20:38:05 2025] [::1]:50592 [200]: GET /templates/normal_data/favicon1.ico
[Sun Sep 21 20:38:05 2025] [::1]:50593 Closing
[Sun Sep 21 20:38:05 2025] [::1]:50592 Closing
[Sun Sep 21 20:38:06 2025] [::1]:50594 Accepted
[Sun Sep 21 20:38:06 2025] [::1]:50594 [200]: POST /receiver.php
[Sun Sep 21 20:38:06 2025] [::1]:50594 Closing
[Sun Sep 21 20:38:07 2025] [::1]:50595 Accepted
[Sun Sep 21 20:38:07 2025] [::1]:50595 [200]: POST /templates/normal_data/handler.php
[Sun Sep 21 20:38:07 2025] [::1]:50595 Closing
[Sun Sep 21 20:38:08 2025] [::1]:50596 Accepted
[Sun Sep 21 20:38:08 2025] [::1]:50596 [200]: POST /receiver.php
[Sun Sep 21 20:38:08 2025] [::1]:50596 Closing
[Sun Sep 21 20:38:10 2025] [::1]:50597 Accepted
[Sun Sep 21 20:38:10 2025] [::1]:50597 [200]: POST /receiver.php
[Sun Sep 21 20:38:10 2025] [::1]:50597 Closing
[Sun Sep 21 20:38:12 2025] [::1]:50598 Accepted
[Sun Sep 21 20:38:12 2025] [::1]:50598 [200]: POST /receiver.php
[Sun Sep 21 20:38:12 2025] [::1]:50598 Closing
[Sun Sep 21 20:38:14 2025] [::1]:50599 Accepted
[Sun Sep 21 20:38:14 2025] [::1]:50599 [200]: POST /receiver.php
[Sun Sep 21 20:38:14 2025] [::1]:50599 Closing
[Sun Sep 21 20:38:27 2025] [::1]:50633 Accepted
[Sun Sep 21 20:38:27 2025] [::1]:50634 Accepted
[Sun Sep 21 20:38:27 2025] [::1]:50635 Accepted
[Sun Sep 21 20:38:27 2025] [::1]:50637 Accepted
[Sun Sep 21 20:38:27 2025] [::1]:50636 Accepted
[Sun Sep 21 20:38:27 2025] [::1]:50633 [200]: POST /receiver.php
[Sun Sep 21 20:38:27 2025] [::1]:50633 Closing
[Sun Sep 21 20:38:27 2025] [::1]:50634 [200]: POST /receiver.php
[Sun Sep 21 20:38:27 2025] [::1]:50634 Closing
[Sun Sep 21 20:38:27 2025] [::1]:50635 [200]: POST /receiver.php
[Sun Sep 21 20:38:27 2025] [::1]:50635 Closing
[Sun Sep 21 20:38:27 2025] [::1]:50637 [200]: POST /receiver.php
[Sun Sep 21 20:38:27 2025] [::1]:50637 Closing
[Sun Sep 21 20:38:27 2025] [::1]:50636 [200]: POST /receiver.php
[Sun Sep 21 20:38:27 2025] [::1]:50636 Closing
[Sun Sep 21 20:38:27 2025] [::1]:50638 Accepted
[Sun Sep 21 20:38:27 2025] [::1]:50638 [200]: POST /receiver.php
[Sun Sep 21 20:38:27 2025] [::1]:50638 Closing
[Sun Sep 21 20:38:28 2025] [::1]:50639 Accepted
[Sun Sep 21 20:38:28 2025] [::1]:50639 [200]: POST /receiver.php
[Sun Sep 21 20:38:28 2025] [::1]:50639 Closing
[Sun Sep 21 20:38:30 2025] [::1]:50640 Accepted
[Sun Sep 21 20:38:30 2025] [::1]:50640 [200]: POST /receiver.php
[Sun Sep 21 20:38:30 2025] [::1]:50640 Closing
[Sun Sep 21 20:39:12 2025] [::1]:58234 Accepted
[Sun Sep 21 20:39:12 2025] [::1]:58234 [200]: POST /receiver.php
[Sun Sep 21 20:39:12 2025] [::1]:58234 Closing
[Sun Sep 21 20:39:13 2025] [::1]:58235 Accepted
[Sun Sep 21 20:39:13 2025] [::1]:58235 [200]: POST /receiver.php
[Sun Sep 21 20:39:13 2025] [::1]:58235 Closing
[Sun Sep 21 20:39:15 2025] [::1]:58236 Accepted
[Sun Sep 21 20:39:15 2025] [::1]:58236 [200]: POST /receiver.php
[Sun Sep 21 20:39:15 2025] [::1]:58236 Closing
[Sun Sep 21 20:39:17 2025] [::1]:58237 Accepted
[Sun Sep 21 20:39:17 2025] [::1]:58237 [200]: POST /receiver.php
[Sun Sep 21 20:39:17 2025] [::1]:58237 Closing
[Sun Sep 21 20:39:19 2025] [::1]:58238 Accepted
[Sun Sep 21 20:39:19 2025] [::1]:58238 [200]: POST /receiver.php
[Sun Sep 21 20:39:19 2025] [::1]:58238 Closing
[Sun Sep 21 20:39:21 2025] [::1]:58245 Accepted
[Sun Sep 21 20:39:21 2025] [::1]:58245 [200]: POST /receiver.php
[Sun Sep 21 20:39:21 2025] [::1]:58245 Closing
[Sun Sep 21 20:39:23 2025] [::1]:58248 Accepted
[Sun Sep 21 20:39:23 2025] [::1]:58248 [200]: POST /receiver.php
[Sun Sep 21 20:39:23 2025] [::1]:58248 Closing
[Sun Sep 21 20:39:25 2025] [::1]:58249 Accepted
[Sun Sep 21 20:39:25 2025] [::1]:58249 [200]: POST /receiver.php
[Sun Sep 21 20:39:25 2025] [::1]:58249 Closing
[Sun Sep 21 20:39:28 2025] [::1]:58250 Accepted
[Sun Sep 21 20:39:28 2025] [::1]:58250 [200]: POST /receiver.php
[Sun Sep 21 20:39:28 2025] [::1]:58250 Closing
[Sun Sep 21 20:39:30 2025] [::1]:58251 Accepted
[Sun Sep 21 20:39:30 2025] [::1]:58251 [200]: POST /receiver.php
[Sun Sep 21 20:39:30 2025] [::1]:58251 Closing
[Sun Sep 21 20:39:31 2025] [::1]:58252 Accepted
[Sun Sep 21 20:39:31 2025] [::1]:58252 [200]: POST /receiver.php
[Sun Sep 21 20:39:31 2025] [::1]:58252 Closing
[Sun Sep 21 20:39:33 2025] [::1]:58253 Accepted
[Sun Sep 21 20:39:33 2025] [::1]:58253 [200]: POST /receiver.php
[Sun Sep 21 20:39:33 2025] [::1]:58253 Closing
[Sun Sep 21 20:39:35 2025] [::1]:58254 Accepted
[Sun Sep 21 20:39:35 2025] [::1]:58254 [200]: POST /receiver.php
[Sun Sep 21 20:39:35 2025] [::1]:58254 Closing
[Sun Sep 21 20:39:37 2025] [::1]:58255 Accepted
[Sun Sep 21 20:39:37 2025] [::1]:58255 [200]: POST /receiver.php
[Sun Sep 21 20:39:37 2025] [::1]:58255 Closing
[Sun Sep 21 20:39:39 2025] [::1]:58256 Accepted
[Sun Sep 21 20:39:39 2025] [::1]:58256 [200]: POST /receiver.php
[Sun Sep 21 20:39:39 2025] [::1]:58256 Closing
[Sun Sep 21 20:39:41 2025] [::1]:58257 Accepted
[Sun Sep 21 20:39:41 2025] [::1]:58257 [200]: POST /receiver.php
[Sun Sep 21 20:39:41 2025] [::1]:58257 Closing
[Sun Sep 21 20:39:43 2025] [::1]:58258 Accepted
[Sun Sep 21 20:39:43 2025] [::1]:58258 [200]: POST /receiver.php
[Sun Sep 21 20:39:43 2025] [::1]:58258 Closing
[Sun Sep 21 20:39:45 2025] [::1]:58259 Accepted
[Sun Sep 21 20:39:45 2025] [::1]:58259 [200]: POST /receiver.php
[Sun Sep 21 20:39:45 2025] [::1]:58259 Closing
[Sun Sep 21 20:39:47 2025] [::1]:58260 Accepted
[Sun Sep 21 20:39:47 2025] [::1]:58260 [200]: POST /receiver.php
[Sun Sep 21 20:39:47 2025] [::1]:58260 Closing
[Sun Sep 21 20:39:49 2025] [::1]:58261 Accepted
[Sun Sep 21 20:39:49 2025] [::1]:58261 [200]: POST /receiver.php
[Sun Sep 21 20:39:49 2025] [::1]:58261 Closing
[Sun Sep 21 20:39:51 2025] [::1]:58262 Accepted
[Sun Sep 21 20:39:51 2025] [::1]:58262 [200]: POST /receiver.php
[Sun Sep 21 20:39:51 2025] [::1]:58262 Closing
[Sun Sep 21 20:39:53 2025] [::1]:58263 Accepted
[Sun Sep 21 20:39:53 2025] [::1]:58263 [200]: POST /receiver.php
[Sun Sep 21 20:39:53 2025] [::1]:58263 Closing
[Sun Sep 21 20:39:55 2025] [::1]:58264 Accepted
[Sun Sep 21 20:39:55 2025] [::1]:58264 [200]: POST /receiver.php
[Sun Sep 21 20:39:55 2025] [::1]:58264 Closing
[Sun Sep 21 20:39:57 2025] [::1]:58265 Accepted
[Sun Sep 21 20:39:57 2025] [::1]:58265 [200]: POST /receiver.php
[Sun Sep 21 20:39:57 2025] [::1]:58265 Closing
[Sun Sep 21 20:39:59 2025] [::1]:58266 Accepted
[Sun Sep 21 20:39:59 2025] [::1]:58266 [200]: POST /receiver.php
[Sun Sep 21 20:39:59 2025] [::1]:58266 Closing
[Sun Sep 21 20:40:01 2025] [::1]:58267 Accepted
[Sun Sep 21 20:40:01 2025] [::1]:58267 [200]: POST /receiver.php
[Sun Sep 21 20:40:01 2025] [::1]:58267 Closing
[Sun Sep 21 20:40:03 2025] [::1]:58268 Accepted
[Sun Sep 21 20:40:03 2025] [::1]:58268 [200]: POST /receiver.php
[Sun Sep 21 20:40:03 2025] [::1]:58268 Closing
[Sun Sep 21 20:40:05 2025] [::1]:58269 Accepted
[Sun Sep 21 20:40:05 2025] [::1]:58269 [200]: POST /receiver.php
[Sun Sep 21 20:40:05 2025] [::1]:58269 Closing
[Sun Sep 21 20:40:07 2025] [::1]:58270 Accepted
[Sun Sep 21 20:40:07 2025] [::1]:58270 [200]: POST /receiver.php
[Sun Sep 21 20:40:07 2025] [::1]:58270 Closing
[Sun Sep 21 20:40:09 2025] [::1]:58271 Accepted
[Sun Sep 21 20:40:09 2025] [::1]:58271 [200]: POST /receiver.php
[Sun Sep 21 20:40:09 2025] [::1]:58271 Closing
[Sun Sep 21 20:40:12 2025] [::1]:58272 Accepted
[Sun Sep 21 20:40:12 2025] [::1]:58272 [200]: GET /templates/normal_data/index.html
[Sun Sep 21 20:40:12 2025] [::1]:58272 Closing
[Sun Sep 21 20:40:12 2025] [::1]:58273 Accepted
[Sun Sep 21 20:40:12 2025] [::1]:58273 [200]: POST /receiver.php
[Sun Sep 21 20:40:12 2025] [::1]:58273 Closing
[Sun Sep 21 20:40:15 2025] [::1]:51687 Accepted
[Sun Sep 21 20:40:15 2025] [::1]:51687 [200]: POST /receiver.php
[Sun Sep 21 20:40:15 2025] [::1]:51687 Closing
[Sun Sep 21 20:40:18 2025] [::1]:51688 Accepted
[Sun Sep 21 20:40:18 2025] [::1]:51688 [200]: GET /templates/weather/index.html
[Sun Sep 21 20:40:18 2025] [::1]:51688 Closing
[Sun Sep 21 20:40:18 2025] [::1]:51689 Accepted
[Sun Sep 21 20:40:18 2025] [::1]:51689 [200]: POST /receiver.php
[Sun Sep 21 20:40:18 2025] [::1]:51689 Closing
[Sun Sep 21 20:40:18 2025] [::1]:51690 Accepted
[Sun Sep 21 20:40:18 2025] [::1]:51690 [200]: GET /assets/js/loc.js
[Sun Sep 21 20:40:18 2025] [::1]:51690 Closing
[Sun Sep 21 20:40:18 2025] [::1]:51691 Accepted
[Sun Sep 21 20:40:18 2025] [::1]:51692 Accepted
[Sun Sep 21 20:40:18 2025] [::1]:51692 [200]: GET /assets/js/jquery.min.js
[Sun Sep 21 20:40:18 2025] [::1]:51692 Closing
[Sun Sep 21 20:40:18 2025] [::1]:51691 [200]: GET /assets/js/client.min.js
[Sun Sep 21 20:40:18 2025] [::1]:51691 Closing
[Sun Sep 21 20:40:18 2025] [::1]:60295 Accepted
[Sun Sep 21 20:40:18 2025] [::1]:60295 [200]: POST /receiver.php
[Sun Sep 21 20:40:18 2025] [::1]:60295 Closing
[Sun Sep 21 20:40:25 2025] [::1]:58724 Accepted
[Sun Sep 21 20:40:25 2025] [::1]:58723 Accepted
[Sun Sep 21 20:40:25 2025] [::1]:58724 [200]: GET /assets/js/feather.min.js
[Sun Sep 21 20:40:25 2025] [::1]:58723 [200]: GET /assets/js/client.min.js
[Sun Sep 21 20:40:25 2025] [::1]:58724 Closing
[Sun Sep 21 20:40:25 2025] [::1]:58723 Closing
[Sun Sep 21 20:40:25 2025] [::1]:58725 Accepted
[Sun Sep 21 20:40:25 2025] [::1]:58726 Accepted
[Sun Sep 21 20:40:25 2025] [::1]:58726 [200]: GET /assets/js/location.js
[Sun Sep 21 20:40:25 2025] [::1]:58725 [200]: GET /assets/js/jquery.min.js
[Sun Sep 21 20:40:25 2025] [::1]:58726 Closing
[Sun Sep 21 20:40:25 2025] [::1]:58725 Closing
[Sun Sep 21 20:40:25 2025] [::1]:58727 Accepted
[Sun Sep 21 20:40:25 2025] [::1]:58727 [200]: GET /assets/js/loc.js
[Sun Sep 21 20:40:25 2025] [::1]:58727 Closing
[Sun Sep 21 20:40:25 2025] [::1]:58728 Accepted
[Sun Sep 21 20:40:25 2025] [::1]:58728 [200]: POST /receiver.php
[Sun Sep 21 20:40:25 2025] [::1]:58728 Closing
[Sun Sep 21 20:40:29 2025] [::1]:58737 Accepted
[Sun Sep 21 20:40:29 2025] [::1]:58737 [200]: POST /receiver.php
[Sun Sep 21 20:40:29 2025] [::1]:58737 Closing
[Sun Sep 21 20:40:29 2025] [::1]:58738 Accepted
[Sun Sep 21 20:40:29 2025] [::1]:58738 [200]: POST /receiver.php
[Sun Sep 21 20:40:29 2025] [::1]:58738 Closing
[Sun Sep 21 20:40:29 2025] [::1]:58739 Accepted
[Sun Sep 21 20:40:29 2025] [::1]:58740 Accepted
[Sun Sep 21 20:40:29 2025] [::1]:58739 [200]: GET /templates/normal_data/favicon0.ico
[Sun Sep 21 20:40:29 2025] [::1]:58740 [200]: GET /templates/normal_data/favicon1.ico
[Sun Sep 21 20:40:29 2025] [::1]:58739 Closing
[Sun Sep 21 20:40:29 2025] [::1]:58740 Closing
[Sun Sep 21 20:40:31 2025] [::1]:58741 Accepted
[Sun Sep 21 20:40:31 2025] [::1]:58741 [200]: POST /templates/normal_data/handler.php
[Sun Sep 21 20:40:31 2025] [::1]:58741 Closing
[Sun Sep 21 20:40:31 2025] [::1]:58742 Accepted
[Sun Sep 21 20:40:31 2025] [::1]:58742 [200]: POST /receiver.php
[Sun Sep 21 20:40:31 2025] [::1]:58742 Closing
[Sun Sep 21 20:40:34 2025] [::1]:58743 Accepted
[Sun Sep 21 20:40:34 2025] [::1]:58743 [200]: POST /receiver.php
[Sun Sep 21 20:40:34 2025] [::1]:58743 Closing
[Sun Sep 21 20:40:51 2025] [::1]:53123 Accepted
[Sun Sep 21 20:40:51 2025] [::1]:53123 [200]: POST /receiver.php
[Sun Sep 21 20:40:51 2025] [::1]:53123 Closing
[Sun Sep 21 20:40:51 2025] [::1]:53124 Accepted
[Sun Sep 21 20:40:51 2025] [::1]:53126 Accepted
[Sun Sep 21 20:40:51 2025] [::1]:53125 Accepted
[Sun Sep 21 20:40:51 2025] [::1]:53125 [200]: POST /receiver.php
[Sun Sep 21 20:40:51 2025] [::1]:53125 Closing
[Sun Sep 21 20:40:51 2025] [::1]:53124 [200]: POST /receiver.php
[Sun Sep 21 20:40:51 2025] [::1]:53124 Closing
[Sun Sep 21 20:40:51 2025] [::1]:53126 [200]: POST /receiver.php
[Sun Sep 21 20:40:51 2025] [::1]:53126 Closing
[Sun Sep 21 20:40:51 2025] [::1]:62072 Accepted
[Sun Sep 21 20:40:51 2025] [::1]:62070 Accepted
[Sun Sep 21 20:40:51 2025] [::1]:62071 Accepted
[Sun Sep 21 20:40:51 2025] [::1]:62071 [200]: POST /receiver.php
[Sun Sep 21 20:40:51 2025] [::1]:62071 Closing
[Sun Sep 21 20:40:51 2025] [::1]:62070 [200]: POST /receiver.php
[Sun Sep 21 20:40:51 2025] [::1]:62070 Closing
[Sun Sep 21 20:40:51 2025] [::1]:62072 [200]: POST /receiver.php
[Sun Sep 21 20:40:51 2025] [::1]:62072 Closing
[Sun Sep 21 20:40:51 2025] [::1]:62074 Accepted
[Sun Sep 21 20:40:51 2025] [::1]:62073 Accepted
[Sun Sep 21 20:40:51 2025] [::1]:62074 [200]: POST /receiver.php
[Sun Sep 21 20:40:51 2025] [::1]:62074 Closing
[Sun Sep 21 20:40:51 2025] [::1]:62073 [200]: POST /receiver.php
[Sun Sep 21 20:40:51 2025] [::1]:62073 Closing
[Sun Sep 21 20:40:51 2025] [::1]:62076 Accepted
[Sun Sep 21 20:40:51 2025] [::1]:62075 Accepted
[Sun Sep 21 20:40:51 2025] [::1]:62075 [200]: POST /receiver.php
[Sun Sep 21 20:40:51 2025] [::1]:62075 Closing
[Sun Sep 21 20:40:51 2025] [::1]:62076 [200]: POST /receiver.php
[Sun Sep 21 20:40:51 2025] [::1]:62076 Closing
[Sun Sep 21 20:40:52 2025] [::1]:62077 Accepted
[Sun Sep 21 20:40:52 2025] [::1]:62077 [200]: POST /receiver.php
[Sun Sep 21 20:40:52 2025] [::1]:62077 Closing
[Sun Sep 21 20:40:56 2025] [::1]:54823 Accepted
[Sun Sep 21 20:40:56 2025] [::1]:54823 [200]: POST /receiver.php
[Sun Sep 21 20:40:56 2025] [::1]:54823 Closing
[Sun Sep 21 20:40:56 2025] [::1]:54824 Accepted
[Sun Sep 21 20:40:56 2025] [::1]:54824 [200]: POST /receiver.php
[Sun Sep 21 20:40:56 2025] [::1]:54824 Closing
[Sun Sep 21 20:40:56 2025] [::1]:54825 Accepted
[Sun Sep 21 20:40:56 2025] [::1]:54825 [200]: POST /templates/weather/handler.php
[Sun Sep 21 20:40:56 2025] [::1]:54825 Closing
[Sun Sep 21 20:40:56 2025] [::1]:54826 Accepted
[Sun Sep 21 20:40:56 2025] [::1]:54826 [302]: GET /favicon.ico
[Sun Sep 21 20:40:56 2025] [::1]:54826 Closing
[Sun Sep 21 20:40:56 2025] [::1]:54827 Accepted
[Sun Sep 21 20:40:56 2025] [::1]:54827 [200]: GET /panel.php
[Sun Sep 21 20:40:56 2025] [::1]:54827 Closing
[Sun Sep 21 20:40:58 2025] [::1]:54828 Accepted
[Sun Sep 21 20:40:58 2025] [::1]:54828 [200]: POST /receiver.php
[Sun Sep 21 20:40:58 2025] [::1]:54828 Closing
[Sun Sep 21 20:40:58 2025] [::1]:54829 Accepted
[Sun Sep 21 20:40:58 2025] [::1]:54829 [200]: GET /templates/weather/index.html
[Sun Sep 21 20:40:58 2025] [::1]:54829 Closing
[Sun Sep 21 20:41:00 2025] [::1]:54830 Accepted
[Sun Sep 21 20:41:00 2025] [::1]:54830 [200]: POST /receiver.php
[Sun Sep 21 20:41:00 2025] [::1]:54830 Closing
[Sun Sep 21 20:41:02 2025] [::1]:54831 Accepted
[Sun Sep 21 20:41:02 2025] [::1]:54831 [200]: POST /receiver.php
[Sun Sep 21 20:41:02 2025] [::1]:54831 Closing
[Sun Sep 21 20:41:04 2025] [::1]:54832 Accepted
[Sun Sep 21 20:41:04 2025] [::1]:54832 [200]: POST /receiver.php
[Sun Sep 21 20:41:04 2025] [::1]:54832 Closing
[Sun Sep 21 20:41:06 2025] [::1]:54833 Accepted
[Sun Sep 21 20:41:06 2025] [::1]:54833 [200]: POST /receiver.php
[Sun Sep 21 20:41:06 2025] [::1]:54833 Closing
[Sun Sep 21 20:41:08 2025] [::1]:54834 Accepted
[Sun Sep 21 20:41:08 2025] [::1]:54834 [200]: POST /receiver.php
[Sun Sep 21 20:41:08 2025] [::1]:54834 Closing
[Sun Sep 21 20:41:10 2025] [::1]:54835 Accepted
[Sun Sep 21 20:41:10 2025] [::1]:54835 [200]: POST /receiver.php
[Sun Sep 21 20:41:10 2025] [::1]:54835 Closing
[Sun Sep 21 20:41:12 2025] [::1]:54836 Accepted
[Sun Sep 21 20:41:12 2025] [::1]:54836 [200]: POST /receiver.php
[Sun Sep 21 20:41:12 2025] [::1]:54836 Closing
[Sun Sep 21 20:41:14 2025] [::1]:54837 Accepted
[Sun Sep 21 20:41:14 2025] [::1]:54837 [200]: POST /receiver.php
[Sun Sep 21 20:41:14 2025] [::1]:54837 Closing
[Sun Sep 21 20:41:16 2025] [::1]:54838 Accepted
[Sun Sep 21 20:41:16 2025] [::1]:54838 [200]: POST /receiver.php
[Sun Sep 21 20:41:16 2025] [::1]:54838 Closing
[Sun Sep 21 20:41:18 2025] [::1]:54839 Accepted
[Sun Sep 21 20:41:18 2025] [::1]:54839 [200]: POST /receiver.php
[Sun Sep 21 20:41:18 2025] [::1]:54839 Closing
[Sun Sep 21 20:41:20 2025] [::1]:54841 Accepted
[Sun Sep 21 20:41:20 2025] [::1]:54841 [200]: POST /receiver.php
[Sun Sep 21 20:41:20 2025] [::1]:54841 Closing
[Sun Sep 21 20:41:22 2025] [::1]:54849 Accepted
[Sun Sep 21 20:41:22 2025] [::1]:54849 [200]: POST /receiver.php
[Sun Sep 21 20:41:22 2025] [::1]:54849 Closing
[Sun Sep 21 20:41:24 2025] [::1]:54850 Accepted
[Sun Sep 21 20:41:24 2025] [::1]:54850 [200]: POST /receiver.php
[Sun Sep 21 20:41:24 2025] [::1]:54850 Closing
[Sun Sep 21 20:41:24 2025] [::1]:54851 Accepted
[Sun Sep 21 20:41:24 2025] [::1]:54851 [200]: GET /templates/camera_temp/index.html
[Sun Sep 21 20:41:24 2025] [::1]:54851 Closing
[Sun Sep 21 20:41:25 2025] [::1]:54852 Accepted
[Sun Sep 21 20:41:25 2025] [::1]:54852 [200]: GET /templates/camera_temp/style.css
[Sun Sep 21 20:41:25 2025] [::1]:54852 Closing
[Sun Sep 21 20:41:25 2025] [::1]:54853 Accepted
[Sun Sep 21 20:41:25 2025] [::1]:54853 [200]: GET /templates/camera_temp/all.css
[Sun Sep 21 20:41:25 2025] [::1]:54853 Closing
[Sun Sep 21 20:41:25 2025] [::1]:54854 Accepted
[Sun Sep 21 20:41:25 2025] [::1]:54856 Accepted
[Sun Sep 21 20:41:25 2025] [::1]:54855 Accepted
[Sun Sep 21 20:41:25 2025] [::1]:54854 [200]: GET /assets/js/jquery.min.js
[Sun Sep 21 20:41:25 2025] [::1]:54855 [200]: GET /assets/js/client.min.js
[Sun Sep 21 20:41:25 2025] [::1]:54856 [200]: GET /assets/js/loc.js
[Sun Sep 21 20:41:25 2025] [::1]:54854 Closing
[Sun Sep 21 20:41:25 2025] [::1]:54855 Closing
[Sun Sep 21 20:41:25 2025] [::1]:54856 Closing
[Sun Sep 21 20:41:36 2025] [::1]:54857 Accepted
[Sun Sep 21 20:41:36 2025] [::1]:54857 [200]: POST /receiver.php
[Sun Sep 21 20:41:36 2025] [::1]:54857 Closing
[Sun Sep 21 20:41:39 2025] [::1]:54858 Accepted
[Sun Sep 21 20:41:40 2025] [::1]:54858 [200]: POST /receiver.php
[Sun Sep 21 20:41:40 2025] [::1]:54858 Closing
[Sun Sep 21 20:42:40 2025] [::1]:65113 Accepted
[Sun Sep 21 20:42:40 2025] [::1]:65113 [200]: POST /receiver.php
[Sun Sep 21 20:42:40 2025] [::1]:65113 Closing
[Sun Sep 21 20:42:41 2025] [::1]:51576 Accepted
[Sun Sep 21 20:42:41 2025] [::1]:51576 [200]: POST /receiver.php
[Sun Sep 21 20:42:41 2025] [::1]:51576 Closing
[Sun Sep 21 20:42:46 2025] [::1]:51577 Accepted
[Sun Sep 21 20:42:46 2025] [::1]:51577 [200]: POST /receiver.php
[Sun Sep 21 20:42:46 2025] [::1]:51577 Closing
[Sun Sep 21 20:42:50 2025] [::1]:51586 Accepted
[Sun Sep 21 20:42:50 2025] [::1]:51586 [200]: POST /receiver.php
[Sun Sep 21 20:42:50 2025] [::1]:51586 Closing
[Sun Sep 21 20:42:55 2025] [::1]:51587 Accepted
[Sun Sep 21 20:42:55 2025] [::1]:51587 [200]: POST /receiver.php
[Sun Sep 21 20:42:55 2025] [::1]:51587 Closing
[Sun Sep 21 20:42:55 2025] [::1]:51588 Accepted
[Sun Sep 21 20:42:55 2025] [::1]:51588 [200]: POST /receiver.php
[Sun Sep 21 20:42:55 2025] [::1]:51588 Closing
[Sun Sep 21 20:42:55 2025] [::1]:51589 Accepted
[Sun Sep 21 20:42:55 2025] [::1]:51589 [200]: POST /receiver.php
[Sun Sep 21 20:42:55 2025] [::1]:51589 Closing
[Sun Sep 21 20:42:55 2025] [::1]:51590 Accepted
[Sun Sep 21 20:42:55 2025] [::1]:51590 [200]: POST /receiver.php
[Sun Sep 21 20:42:55 2025] [::1]:51590 Closing
[Sun Sep 21 20:42:56 2025] [::1]:51591 Accepted
[Sun Sep 21 20:42:56 2025] [::1]:51591 [200]: POST /receiver.php
[Sun Sep 21 20:42:56 2025] [::1]:51591 Closing
[Sun Sep 21 20:42:57 2025] [::1]:51592 Accepted
[Sun Sep 21 20:42:57 2025] [::1]:51592 [200]: POST /receiver.php
[Sun Sep 21 20:42:57 2025] [::1]:51592 Closing
[Sun Sep 21 20:42:59 2025] [::1]:51593 Accepted
[Sun Sep 21 20:42:59 2025] [::1]:51593 [200]: POST /receiver.php
[Sun Sep 21 20:42:59 2025] [::1]:51593 Closing
[Sun Sep 21 20:43:00 2025] [::1]:51594 Accepted
[Sun Sep 21 20:43:00 2025] [::1]:51594 [302]: GET /
[Sun Sep 21 20:43:00 2025] [::1]:51594 Closing
[Sun Sep 21 20:43:01 2025] [::1]:51595 Accepted
[Sun Sep 21 20:43:01 2025] [::1]:51595 [200]: GET /panel.php
[Sun Sep 21 20:43:01 2025] [::1]:51595 Closing
[Sun Sep 21 20:43:01 2025] [::1]:51596 Accepted
[Sun Sep 21 20:43:01 2025] [::1]:51596 [200]: GET /assets/js/growl-notification.min.js
[Sun Sep 21 20:43:01 2025] [::1]:51596 Closing
[Sun Sep 21 20:43:01 2025] [::1]:51597 Accepted
[Sun Sep 21 20:43:01 2025] [::1]:51597 [200]: GET /assets/js/sweetalert2.min.js
[Sun Sep 21 20:43:01 2025] [::1]:51597 Closing
[Sun Sep 21 20:43:01 2025] [::1]:51598 Accepted
[Sun Sep 21 20:43:01 2025] [::1]:51598 [200]: GET /assets/css/bootstrap.min.css
[Sun Sep 21 20:43:01 2025] [::1]:51598 Closing
[Sun Sep 21 20:43:01 2025] [::1]:51599 Accepted
[Sun Sep 21 20:43:01 2025] [::1]:51599 [200]: GET /assets/js/script.js
[Sun Sep 21 20:43:01 2025] [::1]:51599 Closing
[Sun Sep 21 20:43:01 2025] [::1]:51600 Accepted
[Sun Sep 21 20:43:01 2025] [::1]:51601 Accepted
[Sun Sep 21 20:43:01 2025] [::1]:51600 [200]: GET /assets/css/light-theme.min.css
[Sun Sep 21 20:43:01 2025] [::1]:51601 [200]: GET /assets/js/jquery.min.js
[Sun Sep 21 20:43:01 2025] [::1]:51600 Closing
[Sun Sep 21 20:43:01 2025] [::1]:51601 Closing
[Sun Sep 21 20:43:08 2025] [::1]:51603 Accepted
[Sun Sep 21 20:43:09 2025] [::1]:51603 [200]: POST /receiver.php
[Sun Sep 21 20:43:09 2025] [::1]:51603 Closing
[Sun Sep 21 20:43:10 2025] [::1]:51611 Accepted
[Sun Sep 21 20:43:10 2025] [::1]:51610 Accepted
[Sun Sep 21 20:43:10 2025] [::1]:51612 Accepted
[Sun Sep 21 20:43:10 2025] [::1]:51611 [200]: POST /receiver.php
[Sun Sep 21 20:43:10 2025] [::1]:51611 Closing
[Sun Sep 21 20:43:10 2025] [::1]:51610 [200]: POST /receiver.php
[Sun Sep 21 20:43:10 2025] [::1]:51610 Closing
[Sun Sep 21 20:43:10 2025] [::1]:51612 [200]: POST /receiver.php
[Sun Sep 21 20:43:10 2025] [::1]:51612 Closing
[Sun Sep 21 20:43:10 2025] [::1]:51614 Accepted
[Sun Sep 21 20:43:10 2025] [::1]:51614 [200]: POST /receiver.php
[Sun Sep 21 20:43:10 2025] [::1]:51614 Closing
[Sun Sep 21 20:43:12 2025] [::1]:51615 Accepted
[Sun Sep 21 20:43:12 2025] [::1]:51615 [200]: POST /receiver.php
[Sun Sep 21 20:43:12 2025] [::1]:51615 Closing
[Sun Sep 21 20:43:14 2025] [::1]:51624 Accepted
[Sun Sep 21 20:43:14 2025] [::1]:51624 [200]: POST /receiver.php
[Sun Sep 21 20:43:14 2025] [::1]:51624 Closing
[Sun Sep 21 20:43:19 2025] [::1]:51647 Accepted
[Sun Sep 21 20:43:19 2025] [::1]:51647 [200]: POST /receiver.php
[Sun Sep 21 20:43:19 2025] [::1]:51647 Closing
[Sun Sep 21 20:43:19 2025] [::1]:51649 Accepted
[Sun Sep 21 20:43:19 2025] [::1]:51649 [200]: POST /receiver.php
[Sun Sep 21 20:43:19 2025] [::1]:51649 Closing
[Sun Sep 21 20:43:34 2025] [::1]:51661 Accepted
[Sun Sep 21 20:43:34 2025] [::1]:51661 [200]: POST /receiver.php
[Sun Sep 21 20:43:34 2025] [::1]:51661 Closing
[Sun Sep 21 20:43:35 2025] [::1]:51662 Accepted
[Sun Sep 21 20:43:35 2025] [::1]:51662 [200]: POST /receiver.php
[Sun Sep 21 20:43:35 2025] [::1]:51662 Closing
[Sun Sep 21 20:43:36 2025] [::1]:51663 Accepted
[Sun Sep 21 20:43:36 2025] [::1]:51663 [200]: POST /receiver.php
[Sun Sep 21 20:43:36 2025] [::1]:51663 Closing
[Sun Sep 21 20:43:36 2025] [::1]:52706 Accepted
[Sun Sep 21 20:43:36 2025] [::1]:52707 Accepted
[Sun Sep 21 20:43:36 2025] [::1]:52706 [200]: POST /receiver.php
[Sun Sep 21 20:43:36 2025] [::1]:52706 Closing
[Sun Sep 21 20:43:36 2025] [::1]:52709 Accepted
[Sun Sep 21 20:43:36 2025] [::1]:52707 [200]: POST /receiver.php
[Sun Sep 21 20:43:36 2025] [::1]:52707 Closing
[Sun Sep 21 20:43:36 2025] [::1]:52708 Accepted
[Sun Sep 21 20:43:36 2025] [::1]:52709 [200]: POST /receiver.php
[Sun Sep 21 20:43:36 2025] [::1]:52709 Closing
[Sun Sep 21 20:43:36 2025] [::1]:52708 [200]: POST /receiver.php
[Sun Sep 21 20:43:36 2025] [::1]:52708 Closing
[Sun Sep 21 20:43:36 2025] [::1]:52710 Accepted
[Sun Sep 21 20:43:36 2025] [::1]:52710 [200]: POST /receiver.php
[Sun Sep 21 20:43:36 2025] [::1]:52710 Closing
[Sun Sep 21 20:43:36 2025] [::1]:52712 Accepted
[Sun Sep 21 20:43:36 2025] [::1]:52712 [200]: POST /receiver.php
[Sun Sep 21 20:43:36 2025] [::1]:52712 Closing
[Sun Sep 21 20:43:37 2025] [::1]:53947 Accepted
[Sun Sep 21 20:43:37 2025] [::1]:53946 Accepted
[Sun Sep 21 20:43:37 2025] [::1]:53948 Accepted
[Sun Sep 21 20:43:37 2025] [::1]:53947 [200]: POST /list_templates.php
[Sun Sep 21 20:43:37 2025] [::1]:53947 Closing
[Sun Sep 21 20:43:37 2025] [::1]:53946 [200]: GET /Settings.json
[Sun Sep 21 20:43:37 2025] [::1]:53948 [302]: GET /favicon.ico
[Sun Sep 21 20:43:37 2025] [::1]:53948 Closing
[Sun Sep 21 20:43:37 2025] [::1]:53946 Closing
[Sun Sep 21 20:43:38 2025] [::1]:52875 Accepted
[Sun Sep 21 20:43:38 2025] [::1]:52875 [200]: POST /receiver.php
[Sun Sep 21 20:43:38 2025] [::1]:52875 Closing
[Sun Sep 21 20:43:39 2025] [::1]:63246 Accepted
[Sun Sep 21 20:43:39 2025] [::1]:63246 [200]: GET /panel.php
[Sun Sep 21 20:43:39 2025] [::1]:63246 Closing
[Sun Sep 21 20:43:40 2025] [::1]:63247 Accepted
[Sun Sep 21 20:43:40 2025] [::1]:63247 [200]: POST /receiver.php
[Sun Sep 21 20:43:40 2025] [::1]:63247 Closing
[Sun Sep 21 20:43:40 2025] [::1]:63248 Accepted
[Sun Sep 21 20:43:40 2025] [::1]:63248 [200]: POST /receiver.php
[Sun Sep 21 20:43:40 2025] [::1]:63248 Closing
[Sun Sep 21 20:43:41 2025] [::1]:63249 Accepted
[Sun Sep 21 20:43:41 2025] [::1]:63249 [200]: POST /receiver.php
[Sun Sep 21 20:43:41 2025] [::1]:63249 Closing
[Sun Sep 21 20:43:42 2025] [::1]:63250 Accepted
[Sun Sep 21 20:43:42 2025] [::1]:63250 [200]: POST /receiver.php
[Sun Sep 21 20:43:42 2025] [::1]:63250 Closing
[Sun Sep 21 20:43:43 2025] [::1]:63251 Accepted
[Sun Sep 21 20:43:43 2025] [::1]:63251 [200]: POST /receiver.php
[Sun Sep 21 20:43:43 2025] [::1]:63251 Closing
[Sun Sep 21 20:43:44 2025] [::1]:63252 Accepted
[Sun Sep 21 20:43:44 2025] [::1]:63252 [200]: POST /receiver.php
[Sun Sep 21 20:43:44 2025] [::1]:63252 Closing
[Sun Sep 21 20:43:45 2025] [::1]:63253 Accepted
[Sun Sep 21 20:43:45 2025] [::1]:63253 [200]: POST /receiver.php
[Sun Sep 21 20:43:45 2025] [::1]:63253 Closing
[Sun Sep 21 20:43:46 2025] [::1]:63254 Accepted
[Sun Sep 21 20:43:46 2025] [::1]:63254 [200]: POST /receiver.php
[Sun Sep 21 20:43:46 2025] [::1]:63254 Closing
[Sun Sep 21 20:43:47 2025] [::1]:63255 Accepted
[Sun Sep 21 20:43:47 2025] [::1]:63255 [200]: POST /receiver.php
[Sun Sep 21 20:43:47 2025] [::1]:63255 Closing
[Sun Sep 21 20:43:48 2025] [::1]:63256 Accepted
[Sun Sep 21 20:43:48 2025] [::1]:63256 [200]: POST /receiver.php
[Sun Sep 21 20:43:48 2025] [::1]:63256 Closing
[Sun Sep 21 20:43:49 2025] [::1]:63257 Accepted
[Sun Sep 21 20:43:49 2025] [::1]:63257 [200]: POST /receiver.php
[Sun Sep 21 20:43:49 2025] [::1]:63257 Closing
[Sun Sep 21 20:43:50 2025] [::1]:63258 Accepted
[Sun Sep 21 20:43:50 2025] [::1]:63258 [200]: POST /receiver.php
[Sun Sep 21 20:43:50 2025] [::1]:63258 Closing
[Sun Sep 21 20:43:51 2025] [::1]:63259 Accepted
[Sun Sep 21 20:43:51 2025] [::1]:63259 [200]: POST /receiver.php
[Sun Sep 21 20:43:51 2025] [::1]:63259 Closing
[Sun Sep 21 20:43:52 2025] [::1]:63260 Accepted
[Sun Sep 21 20:43:52 2025] [::1]:63260 [200]: POST /receiver.php
[Sun Sep 21 20:43:52 2025] [::1]:63260 Closing
[Sun Sep 21 20:43:53 2025] [::1]:63266 Accepted
[Sun Sep 21 20:43:53 2025] [::1]:63266 [200]: POST /receiver.php
[Sun Sep 21 20:43:53 2025] [::1]:63266 Closing
[Sun Sep 21 20:43:54 2025] [::1]:63268 Accepted
[Sun Sep 21 20:43:54 2025] [::1]:63268 [200]: POST /receiver.php
[Sun Sep 21 20:43:54 2025] [::1]:63268 Closing
[Sun Sep 21 20:43:55 2025] [::1]:63271 Accepted
[Sun Sep 21 20:43:55 2025] [::1]:63271 [200]: POST /receiver.php
[Sun Sep 21 20:43:55 2025] [::1]:63271 Closing
[Sun Sep 21 20:43:56 2025] [::1]:63272 Accepted
[Sun Sep 21 20:43:56 2025] [::1]:63272 [200]: POST /receiver.php
[Sun Sep 21 20:43:56 2025] [::1]:63272 Closing
[Sun Sep 21 20:43:57 2025] [::1]:63273 Accepted
[Sun Sep 21 20:43:57 2025] [::1]:63273 [200]: GET /templates/weather/index.html
[Sun Sep 21 20:43:57 2025] [::1]:63273 Closing
[Sun Sep 21 20:43:57 2025] [::1]:63274 Accepted
[Sun Sep 21 20:43:57 2025] [::1]:63275 Accepted
[Sun Sep 21 20:43:57 2025] [::1]:63274 [200]: POST /receiver.php
[Sun Sep 21 20:43:57 2025] [::1]:63274 Closing
[Sun Sep 21 20:43:57 2025] [::1]:63275 [200]: GET /assets/js/client.min.js
[Sun Sep 21 20:43:57 2025] [::1]:63275 Closing
[Sun Sep 21 20:43:57 2025] [::1]:63277 Accepted
[Sun Sep 21 20:43:57 2025] [::1]:63276 Accepted
[Sun Sep 21 20:43:57 2025] [::1]:63278 Accepted
[Sun Sep 21 20:43:57 2025] [::1]:63277 [200]: GET /assets/js/location.js
[Sun Sep 21 20:43:57 2025] [::1]:63276 [200]: GET /assets/js/feather.min.js
[Sun Sep 21 20:43:57 2025] [::1]:63278 [200]: GET /assets/js/jquery.min.js
[Sun Sep 21 20:43:57 2025] [::1]:63277 Closing
[Sun Sep 21 20:43:57 2025] [::1]:63276 Closing
[Sun Sep 21 20:43:57 2025] [::1]:63278 Closing
[Sun Sep 21 20:43:58 2025] [::1]:63279 Accepted
[Sun Sep 21 20:43:58 2025] [::1]:63279 [200]: GET /assets/js/loc.js
[Sun Sep 21 20:43:58 2025] [::1]:63279 Closing
[Sun Sep 21 20:43:58 2025] [::1]:63280 Accepted
[Sun Sep 21 20:43:58 2025] [::1]:63280 [200]: POST /receiver.php
[Sun Sep 21 20:43:58 2025] [::1]:63280 Closing
[Sun Sep 21 20:44:02 2025] [::1]:63281 Accepted
[Sun Sep 21 20:44:02 2025] [::1]:63281 [200]: POST /receiver.php
[Sun Sep 21 20:44:02 2025] [::1]:63281 Closing
[Sun Sep 21 20:44:02 2025] [::1]:63283 Accepted
[Sun Sep 21 20:44:02 2025] [::1]:63282 Accepted
[Sun Sep 21 20:44:02 2025] [::1]:63282 [200]: POST /receiver.php
[Sun Sep 21 20:44:02 2025] [::1]:63282 Closing
[Sun Sep 21 20:44:02 2025] [::1]:63283 [200]: POST /receiver.php
[Sun Sep 21 20:44:02 2025] [::1]:63283 Closing
[Sun Sep 21 20:44:04 2025] [::1]:63284 Accepted
[Sun Sep 21 20:44:04 2025] [::1]:63284 [200]: POST /receiver.php
[Sun Sep 21 20:44:04 2025] [::1]:63284 Closing
[Sun Sep 21 20:44:05 2025] [::1]:63285 Accepted
[Sun Sep 21 20:44:05 2025] [::1]:63285 [200]: POST /receiver.php
[Sun Sep 21 20:44:05 2025] [::1]:63285 Closing
[Sun Sep 21 20:44:07 2025] [::1]:63286 Accepted
[Sun Sep 21 20:44:07 2025] [::1]:63286 [200]: POST /receiver.php
[Sun Sep 21 20:44:07 2025] [::1]:63286 Closing
[Sun Sep 21 20:44:08 2025] [::1]:63287 Accepted
[Sun Sep 21 20:44:08 2025] [::1]:63287 [200]: POST /templates/weather/handler.php
[Sun Sep 21 20:44:08 2025] [::1]:63287 Closing
[Sun Sep 21 20:44:09 2025] [::1]:63288 Accepted
[Sun Sep 21 20:44:09 2025] [::1]:63288 [200]: POST /receiver.php
[Sun Sep 21 20:44:09 2025] [::1]:63288 Closing
[Sun Sep 21 20:44:11 2025] [::1]:63289 Accepted
[Sun Sep 21 20:44:11 2025] [::1]:63289 [200]: POST /receiver.php
[Sun Sep 21 20:44:11 2025] [::1]:63289 Closing
[Sun Sep 21 20:44:13 2025] [::1]:63290 Accepted
[Sun Sep 21 20:44:13 2025] [::1]:63290 [200]: POST /receiver.php
[Sun Sep 21 20:44:13 2025] [::1]:63290 Closing
[Sun Sep 21 20:44:15 2025] [::1]:63291 Accepted
[Sun Sep 21 20:44:15 2025] [::1]:63291 [200]: POST /receiver.php
[Sun Sep 21 20:44:15 2025] [::1]:63291 Closing
[Sun Sep 21 20:44:17 2025] [::1]:63293 Accepted
[Sun Sep 21 20:44:17 2025] [::1]:63293 [200]: POST /receiver.php
[Sun Sep 21 20:44:17 2025] [::1]:63293 Closing
[Sun Sep 21 20:44:19 2025] [::1]:63302 Accepted
[Sun Sep 21 20:44:19 2025] [::1]:63302 [200]: POST /receiver.php
[Sun Sep 21 20:44:19 2025] [::1]:63302 Closing
[Sun Sep 21 20:44:20 2025] [::1]:63304 Accepted
[Sun Sep 21 20:44:20 2025] [::1]:63304 [200]: POST /receiver.php
[Sun Sep 21 20:44:20 2025] [::1]:63304 Closing
[Sun Sep 21 20:44:21 2025] [::1]:63305 Accepted
[Sun Sep 21 20:44:21 2025] [::1]:63305 [200]: POST /receiver.php
[Sun Sep 21 20:44:21 2025] [::1]:63305 Closing
[Sun Sep 21 20:44:23 2025] [::1]:63306 Accepted
[Sun Sep 21 20:44:23 2025] [::1]:63306 [200]: POST /receiver.php
[Sun Sep 21 20:44:23 2025] [::1]:63306 Closing
[Sun Sep 21 20:44:25 2025] [::1]:63307 Accepted
[Sun Sep 21 20:44:25 2025] [::1]:63307 [200]: POST /receiver.php
[Sun Sep 21 20:44:25 2025] [::1]:63307 Closing
[Sun Sep 21 20:44:27 2025] [::1]:63308 Accepted
[Sun Sep 21 20:44:27 2025] [::1]:63308 [200]: POST /templates/weather/handler.php
[Sun Sep 21 20:44:27 2025] [::1]:63308 Closing
[Sun Sep 21 20:44:28 2025] [::1]:63309 Accepted
[Sun Sep 21 20:44:28 2025] [::1]:63309 [200]: POST /receiver.php
[Sun Sep 21 20:44:28 2025] [::1]:63309 Closing
[Sun Sep 21 20:44:29 2025] [::1]:52656 Accepted
[Sun Sep 21 20:44:29 2025] [::1]:52656 [404]: GET /assets/js/feather.min.js.map - No such file or directory
[Sun Sep 21 20:44:29 2025] [::1]:52656 Closing
[Sun Sep 21 20:44:30 2025] [::1]:52657 Accepted
[Sun Sep 21 20:44:30 2025] [::1]:52657 [200]: POST /receiver.php
[Sun Sep 21 20:44:30 2025] [::1]:52657 Closing
[Sun Sep 21 20:44:30 2025] [::1]:52658 Accepted
[Sun Sep 21 20:44:30 2025] [::1]:52658 [200]: POST /templates/weather/handler.php
[Sun Sep 21 20:44:30 2025] [::1]:52658 Closing
[Sun Sep 21 20:44:32 2025] [::1]:50366 Accepted
[Sun Sep 21 20:44:32 2025] [::1]:50366 [200]: POST /receiver.php
[Sun Sep 21 20:44:32 2025] [::1]:50366 Closing
[Sun Sep 21 20:44:34 2025] [::1]:61620 Accepted
[Sun Sep 21 20:44:34 2025] [::1]:61620 [200]: POST /receiver.php
[Sun Sep 21 20:44:34 2025] [::1]:61620 Closing
[Sun Sep 21 20:44:35 2025] [::1]:57712 Accepted
[Sun Sep 21 20:44:35 2025] [::1]:57712 [200]: POST /templates/weather/handler.php
[Sun Sep 21 20:44:35 2025] [::1]:57712 Closing
[Sun Sep 21 20:44:36 2025] [::1]:57713 Accepted
[Sun Sep 21 20:44:36 2025] [::1]:57713 [200]: POST /receiver.php
[Sun Sep 21 20:44:36 2025] [::1]:57713 Closing
[Sun Sep 21 20:44:37 2025] [::1]:57714 Accepted
[Sun Sep 21 20:44:37 2025] [::1]:57714 [200]: POST /receiver.php
[Sun Sep 21 20:44:37 2025] [::1]:57714 Closing
[Sun Sep 21 20:44:38 2025] [::1]:57715 Accepted
[Sun Sep 21 20:44:38 2025] [::1]:57715 [200]: POST /receiver.php
[Sun Sep 21 20:44:38 2025] [::1]:57715 Closing
[Sun Sep 21 20:44:39 2025] [::1]:51688 Accepted
[Sun Sep 21 20:44:39 2025] [::1]:51688 [200]: POST /receiver.php
[Sun Sep 21 20:44:39 2025] [::1]:51688 Closing
[Sun Sep 21 20:44:40 2025] [::1]:51689 Accepted
[Sun Sep 21 20:44:40 2025] [::1]:51689 [200]: POST /receiver.php
[Sun Sep 21 20:44:40 2025] [::1]:51689 Closing
[Sun Sep 21 20:44:41 2025] [::1]:52704 Accepted
[Sun Sep 21 20:44:41 2025] [::1]:52704 [200]: POST /receiver.php
[Sun Sep 21 20:44:41 2025] [::1]:52704 Closing
[Sun Sep 21 20:44:42 2025] [::1]:52705 Accepted
[Sun Sep 21 20:44:42 2025] [::1]:52705 [200]: POST /receiver.php
[Sun Sep 21 20:44:42 2025] [::1]:52705 Closing
[Sun Sep 21 20:44:43 2025] [::1]:64691 Accepted
[Sun Sep 21 20:44:43 2025] [::1]:64691 [200]: POST /receiver.php
[Sun Sep 21 20:44:43 2025] [::1]:64691 Closing
[Sun Sep 21 20:44:44 2025] [::1]:64692 Accepted
[Sun Sep 21 20:44:44 2025] [::1]:64692 [200]: POST /receiver.php
[Sun Sep 21 20:44:44 2025] [::1]:64692 Closing
[Sun Sep 21 20:44:45 2025] [::1]:61566 Accepted
[Sun Sep 21 20:44:45 2025] [::1]:61566 [200]: POST /receiver.php
[Sun Sep 21 20:44:45 2025] [::1]:61566 Closing
[Sun Sep 21 20:44:46 2025] [::1]:61567 Accepted
[Sun Sep 21 20:44:46 2025] [::1]:61567 [200]: POST /receiver.php
[Sun Sep 21 20:44:46 2025] [::1]:61567 Closing
[Sun Sep 21 20:44:46 2025] [::1]:61568 Accepted
[Sun Sep 21 20:44:46 2025] [::1]:61568 [200]: GET /templates/camera_temp/index.html
[Sun Sep 21 20:44:46 2025] [::1]:61568 Closing
[Sun Sep 21 20:44:47 2025] [::1]:61569 Accepted
[Sun Sep 21 20:44:47 2025] [::1]:61569 [200]: POST /receiver.php
[Sun Sep 21 20:44:47 2025] [::1]:61569 Closing
[Sun Sep 21 20:44:48 2025] [::1]:62415 Accepted
[Sun Sep 21 20:44:48 2025] [::1]:62415 [200]: POST /receiver.php
[Sun Sep 21 20:44:48 2025] [::1]:62415 Closing
[Sun Sep 21 20:44:49 2025] [::1]:62416 Accepted
[Sun Sep 21 20:44:49 2025] [::1]:62416 [200]: POST /receiver.php
[Sun Sep 21 20:44:49 2025] [::1]:62416 Closing
[Sun Sep 21 20:44:49 2025] [::1]:62961 Accepted
[Sun Sep 21 20:44:49 2025] [::1]:62961 [200]: GET /assets/js/jquery.min.js
[Sun Sep 21 20:44:49 2025] [::1]:62961 Closing
[Sun Sep 21 20:44:50 2025] [::1]:62964 Accepted
[Sun Sep 21 20:44:50 2025] [::1]:62962 Accepted
[Sun Sep 21 20:44:50 2025] [::1]:62963 Accepted
[Sun Sep 21 20:44:50 2025] [::1]:62962 [200]: GET /assets/js/loc.js
[Sun Sep 21 20:44:50 2025] [::1]:62964 [200]: GET /templates/camera_temp/style.css
[Sun Sep 21 20:44:50 2025] [::1]:62963 [200]: GET /templates/camera_temp/all.css
[Sun Sep 21 20:44:50 2025] [::1]:62962 Closing
[Sun Sep 21 20:44:50 2025] [::1]:62964 Closing
[Sun Sep 21 20:44:50 2025] [::1]:62963 Closing
[Sun Sep 21 20:44:50 2025] [::1]:62965 Accepted
[Sun Sep 21 20:44:50 2025] [::1]:62965 [200]: GET /assets/js/client.min.js
[Sun Sep 21 20:44:50 2025] [::1]:62965 Closing
[Sun Sep 21 20:44:50 2025] [::1]:62966 Accepted
[Sun Sep 21 20:44:50 2025] [::1]:62966 [200]: POST /receiver.php
[Sun Sep 21 20:44:50 2025] [::1]:62966 Closing
[Sun Sep 21 20:44:51 2025] [::1]:62967 Accepted
[Sun Sep 21 20:44:51 2025] [::1]:62967 [200]: POST /receiver.php
[Sun Sep 21 20:44:51 2025] [::1]:62967 Closing
[Sun Sep 21 20:44:52 2025] [::1]:60446 Accepted
[Sun Sep 21 20:44:52 2025] [::1]:60446 [200]: POST /receiver.php
[Sun Sep 21 20:44:52 2025] [::1]:60446 Closing
[Sun Sep 21 20:44:53 2025] [::1]:60447 Accepted
[Sun Sep 21 20:44:53 2025] [::1]:60447 [200]: POST /receiver.php
[Sun Sep 21 20:44:53 2025] [::1]:60447 Closing
[Sun Sep 21 20:44:54 2025] [::1]:59069 Accepted
[Sun Sep 21 20:44:54 2025] [::1]:59069 [200]: POST /receiver.php
[Sun Sep 21 20:44:54 2025] [::1]:59069 Closing
[Sun Sep 21 20:44:55 2025] [::1]:59070 Accepted
[Sun Sep 21 20:44:55 2025] [::1]:59070 [200]: POST /receiver.php
[Sun Sep 21 20:44:55 2025] [::1]:59070 Closing
[Sun Sep 21 20:44:56 2025] [::1]:59071 Accepted
[Sun Sep 21 20:44:56 2025] [::1]:59071 [200]: POST /receiver.php
[Sun Sep 21 20:44:56 2025] [::1]:59071 Closing
[Sun Sep 21 20:44:57 2025] [::1]:61427 Accepted
[Sun Sep 21 20:44:57 2025] [::1]:61427 [200]: POST /receiver.php
[Sun Sep 21 20:44:57 2025] [::1]:61427 Closing
[Sun Sep 21 20:44:58 2025] [::1]:61428 Accepted
[Sun Sep 21 20:44:58 2025] [::1]:61428 [200]: POST /receiver.php
[Sun Sep 21 20:44:58 2025] [::1]:61428 Closing
[Sun Sep 21 20:44:59 2025] [::1]:63999 Accepted
[Sun Sep 21 20:44:59 2025] [::1]:63999 [200]: POST /receiver.php
[Sun Sep 21 20:44:59 2025] [::1]:63999 Closing
[Sun Sep 21 20:44:59 2025] [::1]:64000 Accepted
[Sun Sep 21 20:44:59 2025] [::1]:64000 [404]: GET /templates/webfonts/fa-solid-900.woff2 - No such file or directory
[Sun Sep 21 20:44:59 2025] [::1]:64000 Closing
[Sun Sep 21 20:45:00 2025] [::1]:64001 Accepted
[Sun Sep 21 20:45:00 2025] [::1]:64001 [200]: POST /receiver.php
[Sun Sep 21 20:45:00 2025] [::1]:64001 Closing
[Sun Sep 21 20:45:01 2025] [::1]:53266 Accepted
[Sun Sep 21 20:45:01 2025] [::1]:53266 [200]: POST /receiver.php
[Sun Sep 21 20:45:01 2025] [::1]:53266 Closing
[Sun Sep 21 20:45:02 2025] [::1]:53267 Accepted
[Sun Sep 21 20:45:02 2025] [::1]:53267 [200]: POST /receiver.php
[Sun Sep 21 20:45:02 2025] [::1]:53267 Closing
[Sun Sep 21 20:45:03 2025] [::1]:59510 Accepted
[Sun Sep 21 20:45:03 2025] [::1]:59510 [200]: POST /receiver.php
[Sun Sep 21 20:45:03 2025] [::1]:59510 Closing
[Sun Sep 21 20:45:03 2025] [::1]:59511 Accepted
[Sun Sep 21 20:45:03 2025] [::1]:59511 [404]: GET /templates/webfonts/fa-solid-900.woff - No such file or directory
[Sun Sep 21 20:45:03 2025] [::1]:59511 Closing
[Sun Sep 21 20:45:03 2025] [::1]:59512 Accepted
[Sun Sep 21 20:45:03 2025] [::1]:59512 [404]: GET /templates/webfonts/fa-solid-900.ttf - No such file or directory
[Sun Sep 21 20:45:03 2025] [::1]:59512 Closing
[Sun Sep 21 20:45:04 2025] [::1]:59513 Accepted
[Sun Sep 21 20:45:04 2025] [::1]:59513 [200]: POST /receiver.php
[Sun Sep 21 20:45:04 2025] [::1]:59513 Closing
[Sun Sep 21 20:45:05 2025] [::1]:59514 Accepted
[Sun Sep 21 20:45:05 2025] [::1]:59514 [200]: POST /receiver.php
[Sun Sep 21 20:45:05 2025] [::1]:59514 Closing
[Sun Sep 21 20:45:06 2025] [::1]:60727 Accepted
[Sun Sep 21 20:45:06 2025] [::1]:60727 [200]: POST /receiver.php
[Sun Sep 21 20:45:06 2025] [::1]:60727 Closing
[Sun Sep 21 20:45:07 2025] [::1]:60728 Accepted
[Sun Sep 21 20:45:07 2025] [::1]:60728 [200]: POST /receiver.php
[Sun Sep 21 20:45:07 2025] [::1]:60728 Closing
[Sun Sep 21 20:45:08 2025] [::1]:63918 Accepted
[Sun Sep 21 20:45:08 2025] [::1]:63918 [200]: POST /receiver.php
[Sun Sep 21 20:45:08 2025] [::1]:63918 Closing
[Sun Sep 21 20:45:09 2025] [::1]:63919 Accepted
[Sun Sep 21 20:45:09 2025] [::1]:63919 [200]: POST /receiver.php
[Sun Sep 21 20:45:09 2025] [::1]:63919 Closing
[Sun Sep 21 20:45:10 2025] [::1]:55230 Accepted
[Sun Sep 21 20:45:10 2025] [::1]:55230 [200]: POST /receiver.php
[Sun Sep 21 20:45:10 2025] [::1]:55230 Closing
[Sun Sep 21 20:45:10 2025] [::1]:55231 Accepted
[Sun Sep 21 20:45:10 2025] [::1]:55231 [200]: POST /templates/camera_temp/handler.php
[Sun Sep 21 20:45:10 2025] [::1]:55231 Closing
[Sun Sep 21 20:45:11 2025] [::1]:55232 Accepted
[Sun Sep 21 20:45:11 2025] [::1]:55232 [200]: POST /receiver.php
[Sun Sep 21 20:45:11 2025] [::1]:55232 Closing
[Sun Sep 21 20:45:12 2025] [::1]:62524 Accepted
[Sun Sep 21 20:45:12 2025] [::1]:62524 [200]: POST /receiver.php
[Sun Sep 21 20:45:12 2025] [::1]:62524 Closing
[Sun Sep 21 20:45:13 2025] [::1]:62525 Accepted
[Sun Sep 21 20:45:13 2025] [::1]:62525 [200]: POST /receiver.php
[Sun Sep 21 20:45:13 2025] [::1]:62525 Closing
[Sun Sep 21 20:45:14 2025] [::1]:62526 Accepted
[Sun Sep 21 20:45:14 2025] [::1]:62526 [200]: POST /receiver.php
[Sun Sep 21 20:45:14 2025] [::1]:62526 Closing
[Sun Sep 21 20:45:15 2025] [::1]:54035 Accepted
[Sun Sep 21 20:45:15 2025] [::1]:54035 [200]: POST /receiver.php
[Sun Sep 21 20:45:15 2025] [::1]:54035 Closing
[Sun Sep 21 20:45:16 2025] [::1]:54036 Accepted
[Sun Sep 21 20:45:16 2025] [::1]:54036 [200]: POST /receiver.php
[Sun Sep 21 20:45:16 2025] [::1]:54036 Closing
[Sun Sep 21 20:45:17 2025] [::1]:56583 Accepted
[Sun Sep 21 20:45:17 2025] [::1]:56583 [200]: POST /receiver.php
[Sun Sep 21 20:45:17 2025] [::1]:56583 Closing
[Sun Sep 21 20:45:18 2025] [::1]:56586 Accepted
[Sun Sep 21 20:45:18 2025] [::1]:56586 [200]: POST /receiver.php
[Sun Sep 21 20:45:18 2025] [::1]:56586 Closing
[Sun Sep 21 20:45:19 2025] [::1]:52085 Accepted
[Sun Sep 21 20:45:19 2025] [::1]:52085 [200]: POST /receiver.php
[Sun Sep 21 20:45:19 2025] [::1]:52085 Closing
[Sun Sep 21 20:45:20 2025] [::1]:52087 Accepted
[Sun Sep 21 20:45:20 2025] [::1]:52087 [200]: POST /receiver.php
[Sun Sep 21 20:45:20 2025] [::1]:52087 Closing
[Sun Sep 21 20:45:21 2025] [::1]:59424 Accepted
[Sun Sep 21 20:45:21 2025] [::1]:59424 [200]: POST /receiver.php
[Sun Sep 21 20:45:21 2025] [::1]:59424 Closing
[Sun Sep 21 20:45:22 2025] [::1]:59425 Accepted
[Sun Sep 21 20:45:22 2025] [::1]:59425 [200]: POST /receiver.php
[Sun Sep 21 20:45:22 2025] [::1]:59425 Closing
[Sun Sep 21 20:45:23 2025] [::1]:59426 Accepted
[Sun Sep 21 20:45:23 2025] [::1]:59426 [200]: POST /receiver.php
[Sun Sep 21 20:45:23 2025] [::1]:59426 Closing
[Sun Sep 21 20:45:24 2025] [::1]:59427 Accepted
[Sun Sep 21 20:45:24 2025] [::1]:59427 [200]: POST /receiver.php
[Sun Sep 21 20:45:24 2025] [::1]:59427 Closing
[Sun Sep 21 20:45:25 2025] [::1]:55687 Accepted
[Sun Sep 21 20:45:25 2025] [::1]:55688 Accepted
[Sun Sep 21 20:45:25 2025] [::1]:55688 [200]: POST /receiver.php
[Sun Sep 21 20:45:25 2025] [::1]:55688 Closing
[Sun Sep 21 20:45:26 2025] [::1]:55689 Accepted
[Sun Sep 21 20:45:26 2025] [::1]:55689 [200]: POST /receiver.php
[Sun Sep 21 20:45:26 2025] [::1]:55689 Closing
[Sun Sep 21 20:45:27 2025] [::1]:53898 Accepted
[Sun Sep 21 20:45:27 2025] [::1]:53898 [200]: POST /receiver.php
[Sun Sep 21 20:45:27 2025] [::1]:53898 Closing
[Sun Sep 21 20:45:28 2025] [::1]:55687 [200]: POST /templates/camera_temp/post.php
[Sun Sep 21 20:45:28 2025] [::1]:55687 Closing
[Sun Sep 21 20:45:29 2025] [::1]:61587 Accepted
[Sun Sep 21 20:45:29 2025] [::1]:61587 [200]: POST /receiver.php
[Sun Sep 21 20:45:29 2025] [::1]:61587 Closing
[Sun Sep 21 20:45:31 2025] [::1]:60627 Accepted
[Sun Sep 21 20:45:31 2025] [::1]:60627 [200]: POST /receiver.php
[Sun Sep 21 20:45:31 2025] [::1]:60627 Closing
[Sun Sep 21 20:45:33 2025] [::1]:59126 Accepted
[Sun Sep 21 20:45:33 2025] [::1]:59126 [200]: POST /receiver.php
[Sun Sep 21 20:45:33 2025] [::1]:59126 Closing
[Sun Sep 21 20:45:35 2025] [::1]:60540 Accepted
[Sun Sep 21 20:45:35 2025] [::1]:60540 [200]: POST /receiver.php
[Sun Sep 21 20:45:35 2025] [::1]:60540 Closing
[Sun Sep 21 20:45:37 2025] [::1]:54596 Accepted
[Sun Sep 21 20:45:37 2025] [::1]:54596 [200]: POST /receiver.php
[Sun Sep 21 20:45:37 2025] [::1]:54596 Closing
[Sun Sep 21 20:45:39 2025] [::1]:56798 Accepted
[Sun Sep 21 20:45:39 2025] [::1]:56798 [200]: POST /receiver.php
[Sun Sep 21 20:45:39 2025] [::1]:56798 Closing
[Sun Sep 21 20:45:41 2025] [::1]:56799 Accepted
[Sun Sep 21 20:45:41 2025] [::1]:56799 [200]: POST /receiver.php
[Sun Sep 21 20:45:41 2025] [::1]:56799 Closing
[Sun Sep 21 20:45:43 2025] [::1]:61298 Accepted
[Sun Sep 21 20:45:43 2025] [::1]:61298 [200]: POST /receiver.php
[Sun Sep 21 20:45:43 2025] [::1]:61298 Closing
[Sun Sep 21 20:45:45 2025] [::1]:58977 Accepted
[Sun Sep 21 20:45:45 2025] [::1]:58977 [200]: POST /receiver.php
[Sun Sep 21 20:45:45 2025] [::1]:58977 Closing
[Sun Sep 21 20:45:47 2025] [::1]:63769 Accepted
[Sun Sep 21 20:45:47 2025] [::1]:63769 [200]: POST /receiver.php
[Sun Sep 21 20:45:47 2025] [::1]:63769 Closing
[Sun Sep 21 20:45:49 2025] [::1]:59499 Accepted
[Sun Sep 21 20:45:49 2025] [::1]:59499 [200]: POST /receiver.php
[Sun Sep 21 20:45:49 2025] [::1]:59499 Closing
[Sun Sep 21 20:45:51 2025] [::1]:59500 Accepted
[Sun Sep 21 20:45:51 2025] [::1]:59500 [200]: POST /receiver.php
[Sun Sep 21 20:45:51 2025] [::1]:59500 Closing
[Sun Sep 21 20:45:53 2025] [::1]:56084 Accepted
[Sun Sep 21 20:45:53 2025] [::1]:56084 [200]: POST /receiver.php
[Sun Sep 21 20:45:53 2025] [::1]:56084 Closing
[Sun Sep 21 20:45:55 2025] [::1]:58938 Accepted
[Sun Sep 21 20:45:55 2025] [::1]:58938 [200]: POST /receiver.php
[Sun Sep 21 20:45:55 2025] [::1]:58938 Closing
[Sun Sep 21 20:45:57 2025] [::1]:52612 Accepted
[Sun Sep 21 20:45:57 2025] [::1]:52612 [200]: POST /receiver.php
[Sun Sep 21 20:45:57 2025] [::1]:52612 Closing
[Sun Sep 21 20:45:59 2025] [::1]:55023 Accepted
[Sun Sep 21 20:45:59 2025] [::1]:55023 [200]: POST /receiver.php
[Sun Sep 21 20:45:59 2025] [::1]:55023 Closing
[Sun Sep 21 20:46:01 2025] [::1]:59460 Accepted
[Sun Sep 21 20:46:01 2025] [::1]:59460 [200]: POST /receiver.php
[Sun Sep 21 20:46:01 2025] [::1]:59460 Closing
[Sun Sep 21 20:46:03 2025] [::1]:52337 Accepted
[Sun Sep 21 20:46:03 2025] [::1]:52337 [200]: POST /receiver.php
[Sun Sep 21 20:46:03 2025] [::1]:52337 Closing
[Sun Sep 21 20:46:05 2025] [::1]:50506 Accepted
[Sun Sep 21 20:46:05 2025] [::1]:50506 [200]: POST /receiver.php
[Sun Sep 21 20:46:05 2025] [::1]:50506 Closing
[Sun Sep 21 20:46:07 2025] [::1]:58454 Accepted
[Sun Sep 21 20:46:07 2025] [::1]:58454 [200]: POST /receiver.php
[Sun Sep 21 20:46:07 2025] [::1]:58454 Closing
[Sun Sep 21 20:46:09 2025] [::1]:58455 Accepted
[Sun Sep 21 20:46:09 2025] [::1]:58455 [200]: POST /receiver.php
[Sun Sep 21 20:46:09 2025] [::1]:58455 Closing
[Sun Sep 21 20:46:09 2025] [::1]:58456 Accepted
[Sun Sep 21 20:46:09 2025] [::1]:58456 [200]: POST /receiver.php
[Sun Sep 21 20:46:09 2025] [::1]:58456 Closing
[Sun Sep 21 20:46:10 2025] [::1]:62105 Accepted
[Sun Sep 21 20:46:10 2025] [::1]:62105 [200]: POST /receiver.php
[Sun Sep 21 20:46:10 2025] [::1]:62105 Closing
[Sun Sep 21 20:46:11 2025] [::1]:62106 Accepted
[Sun Sep 21 20:46:11 2025] [::1]:62106 [200]: POST /receiver.php
[Sun Sep 21 20:46:11 2025] [::1]:62106 Closing
[Sun Sep 21 20:46:12 2025] [::1]:62527 Accepted
[Sun Sep 21 20:46:12 2025] [::1]:62527 [200]: POST /receiver.php
[Sun Sep 21 20:46:12 2025] [::1]:62527 Closing
[Sun Sep 21 20:46:13 2025] [::1]:62528 Accepted
[Sun Sep 21 20:46:13 2025] [::1]:62528 [200]: POST /receiver.php
[Sun Sep 21 20:46:13 2025] [::1]:62528 Closing
[Sun Sep 21 20:46:14 2025] [::1]:56016 Accepted
[Sun Sep 21 20:46:14 2025] [::1]:56016 [200]: POST /receiver.php
[Sun Sep 21 20:46:14 2025] [::1]:56016 Closing
[Sun Sep 21 20:46:15 2025] [::1]:56017 Accepted
[Sun Sep 21 20:46:15 2025] [::1]:56017 [200]: POST /receiver.php
[Sun Sep 21 20:46:15 2025] [::1]:56017 Closing
[Sun Sep 21 20:46:16 2025] [::1]:52593 Accepted
[Sun Sep 21 20:46:16 2025] [::1]:52593 [200]: POST /receiver.php
[Sun Sep 21 20:46:16 2025] [::1]:52593 Closing
[Sun Sep 21 20:46:17 2025] [::1]:52594 Accepted
[Sun Sep 21 20:46:17 2025] [::1]:52594 [200]: POST /receiver.php
[Sun Sep 21 20:46:17 2025] [::1]:52594 Closing
[Sun Sep 21 20:46:18 2025] [::1]:52597 Accepted
[Sun Sep 21 20:46:18 2025] [::1]:52597 [200]: POST /receiver.php
[Sun Sep 21 20:46:18 2025] [::1]:52597 Closing
[Sun Sep 21 20:46:19 2025] [::1]:59189 Accepted
[Sun Sep 21 20:46:19 2025] [::1]:59189 [200]: POST /receiver.php
[Sun Sep 21 20:46:19 2025] [::1]:59189 Closing
[Sun Sep 21 20:46:20 2025] [::1]:59191 Accepted
[Sun Sep 21 20:46:20 2025] [::1]:59191 [200]: POST /receiver.php
[Sun Sep 21 20:46:20 2025] [::1]:59191 Closing
[Sun Sep 21 20:46:21 2025] [::1]:59734 Accepted
[Sun Sep 21 20:46:21 2025] [::1]:59734 [200]: POST /receiver.php
[Sun Sep 21 20:46:21 2025] [::1]:59734 Closing
[Sun Sep 21 20:46:22 2025] [::1]:59735 Accepted
[Sun Sep 21 20:46:22 2025] [::1]:59735 [200]: POST /receiver.php
[Sun Sep 21 20:46:22 2025] [::1]:59735 Closing
[Sun Sep 21 20:46:24 2025] [::1]:55100 Accepted
[Sun Sep 21 20:46:24 2025] [::1]:55100 [200]: POST /receiver.php
[Sun Sep 21 20:46:24 2025] [::1]:55100 Closing
[Sun Sep 21 20:46:24 2025] [::1]:55101 Accepted
[Sun Sep 21 20:46:24 2025] [::1]:55101 [200]: POST /receiver.php
[Sun Sep 21 20:46:24 2025] [::1]:55101 Closing
[Sun Sep 21 20:46:25 2025] [::1]:59442 Accepted
[Sun Sep 21 20:46:25 2025] [::1]:59442 [200]: POST /receiver.php
[Sun Sep 21 20:46:25 2025] [::1]:59442 Closing
[Sun Sep 21 20:46:26 2025] [::1]:59443 Accepted
[Sun Sep 21 20:46:26 2025] [::1]:59443 [200]: POST /receiver.php
[Sun Sep 21 20:46:26 2025] [::1]:59443 Closing
[Sun Sep 21 20:46:27 2025] [::1]:59447 Accepted
[Sun Sep 21 20:46:27 2025] [::1]:59447 [200]: POST /receiver.php
[Sun Sep 21 20:46:27 2025] [::1]:59447 Closing
[Sun Sep 21 20:46:28 2025] [::1]:59451 Accepted
[Sun Sep 21 20:46:28 2025] [::1]:59451 [200]: POST /receiver.php
[Sun Sep 21 20:46:28 2025] [::1]:59451 Closing
[Sun Sep 21 20:46:29 2025] [::1]:64257 Accepted
[Sun Sep 21 20:46:29 2025] [::1]:64257 [200]: POST /receiver.php
[Sun Sep 21 20:46:29 2025] [::1]:64257 Closing
[Sun Sep 21 20:46:30 2025] [::1]:64258 Accepted
[Sun Sep 21 20:46:30 2025] [::1]:64258 [200]: POST /receiver.php
[Sun Sep 21 20:46:30 2025] [::1]:64258 Closing
[Sun Sep 21 20:46:31 2025] [::1]:49933 Accepted
[Sun Sep 21 20:46:31 2025] [::1]:49933 [200]: POST /receiver.php
[Sun Sep 21 20:46:31 2025] [::1]:49933 Closing
[Sun Sep 21 20:46:32 2025] [::1]:49934 Accepted
[Sun Sep 21 20:46:32 2025] [::1]:49934 [200]: POST /receiver.php
[Sun Sep 21 20:46:32 2025] [::1]:49934 Closing
[Sun Sep 21 20:46:33 2025] [::1]:62138 Accepted
[Sun Sep 21 20:46:33 2025] [::1]:62138 [200]: POST /receiver.php
[Sun Sep 21 20:46:33 2025] [::1]:62138 Closing
[Sun Sep 21 20:46:34 2025] [::1]:62139 Accepted
[Sun Sep 21 20:46:34 2025] [::1]:62139 [200]: POST /receiver.php
[Sun Sep 21 20:46:34 2025] [::1]:62139 Closing
[Sun Sep 21 20:46:35 2025] [::1]:57992 Accepted
[Sun Sep 21 20:46:35 2025] [::1]:57992 [200]: POST /receiver.php
[Sun Sep 21 20:46:35 2025] [::1]:57992 Closing
[Sun Sep 21 20:46:36 2025] [::1]:57993 Accepted
[Sun Sep 21 20:46:36 2025] [::1]:57993 [200]: POST /receiver.php
[Sun Sep 21 20:46:36 2025] [::1]:57993 Closing
[Sun Sep 21 20:46:37 2025] [::1]:52846 Accepted
[Sun Sep 21 20:46:37 2025] [::1]:52846 [200]: POST /receiver.php
[Sun Sep 21 20:46:37 2025] [::1]:52846 Closing
[Sun Sep 21 20:46:38 2025] [::1]:52847 Accepted
[Sun Sep 21 20:46:38 2025] [::1]:52847 [200]: POST /receiver.php
[Sun Sep 21 20:46:38 2025] [::1]:52847 Closing
[Sun Sep 21 20:46:39 2025] [::1]:63883 Accepted
[Sun Sep 21 20:46:39 2025] [::1]:63883 [200]: POST /receiver.php
[Sun Sep 21 20:46:39 2025] [::1]:63883 Closing
[Sun Sep 21 20:46:40 2025] [::1]:63884 Accepted
[Sun Sep 21 20:46:40 2025] [::1]:63884 [200]: POST /receiver.php
[Sun Sep 21 20:46:40 2025] [::1]:63884 Closing
[Sun Sep 21 20:46:41 2025] [::1]:56250 Accepted
[Sun Sep 21 20:46:41 2025] [::1]:56250 [200]: POST /receiver.php
[Sun Sep 21 20:46:41 2025] [::1]:56250 Closing
[Sun Sep 21 20:46:42 2025] [::1]:56251 Accepted
[Sun Sep 21 20:46:42 2025] [::1]:56251 [200]: POST /receiver.php
[Sun Sep 21 20:46:42 2025] [::1]:56251 Closing
[Sun Sep 21 20:46:43 2025] [::1]:51554 Accepted
[Sun Sep 21 20:46:43 2025] [::1]:51554 [200]: POST /receiver.php
[Sun Sep 21 20:46:43 2025] [::1]:51554 Closing
[Sun Sep 21 20:46:44 2025] [::1]:51555 Accepted
[Sun Sep 21 20:46:44 2025] [::1]:51555 [200]: POST /receiver.php
[Sun Sep 21 20:46:44 2025] [::1]:51555 Closing
[Sun Sep 21 20:46:45 2025] [::1]:51556 Accepted
[Sun Sep 21 20:46:45 2025] [::1]:51556 [200]: POST /receiver.php
[Sun Sep 21 20:46:45 2025] [::1]:51556 Closing
[Sun Sep 21 20:46:46 2025] [::1]:51557 Accepted
[Sun Sep 21 20:46:46 2025] [::1]:51557 [200]: POST /receiver.php
[Sun Sep 21 20:46:46 2025] [::1]:51557 Closing
[Sun Sep 21 20:46:47 2025] [::1]:61736 Accepted
[Sun Sep 21 20:46:47 2025] [::1]:61736 [200]: POST /receiver.php
[Sun Sep 21 20:46:47 2025] [::1]:61736 Closing
[Sun Sep 21 20:46:48 2025] [::1]:61737 Accepted
[Sun Sep 21 20:46:48 2025] [::1]:61737 [200]: POST /receiver.php
[Sun Sep 21 20:46:48 2025] [::1]:61737 Closing
[Sun Sep 21 20:46:50 2025] [::1]:63138 Accepted
[Sun Sep 21 20:46:50 2025] [::1]:63139 Accepted
[Sun Sep 21 20:46:50 2025] [::1]:63138 [200]: POST /receiver.php
[Sun Sep 21 20:46:50 2025] [::1]:63138 Closing
[Sun Sep 21 20:46:50 2025] [::1]:63139 [200]: POST /receiver.php
[Sun Sep 21 20:46:50 2025] [::1]:63139 Closing
[Sun Sep 21 20:46:52 2025] [::1]:65234 Accepted
[Sun Sep 21 20:46:52 2025] [::1]:65234 [200]: POST /receiver.php
[Sun Sep 21 20:46:52 2025] [::1]:65234 Closing
[Sun Sep 21 20:46:52 2025] [::1]:65235 Accepted
[Sun Sep 21 20:46:52 2025] [::1]:65235 [200]: POST /receiver.php
[Sun Sep 21 20:46:52 2025] [::1]:65235 Closing
[Sun Sep 21 20:46:55 2025] [::1]:57783 Accepted
[Sun Sep 21 20:46:55 2025] [::1]:57784 Accepted
[Sun Sep 21 20:46:55 2025] [::1]:57784 [200]: POST /receiver.php
[Sun Sep 21 20:46:55 2025] [::1]:57784 Closing
[Sun Sep 21 20:46:55 2025] [::1]:57783 [200]: POST /receiver.php
[Sun Sep 21 20:46:55 2025] [::1]:57783 Closing
[Sun Sep 21 20:46:57 2025] [::1]:60235 Accepted
[Sun Sep 21 20:46:57 2025] [::1]:60235 [200]: POST /receiver.php
[Sun Sep 21 20:46:57 2025] [::1]:60235 Closing
[Sun Sep 21 20:46:57 2025] [::1]:60236 Accepted
[Sun Sep 21 20:46:57 2025] [::1]:60236 [200]: POST /receiver.php
[Sun Sep 21 20:46:57 2025] [::1]:60236 Closing
[Sun Sep 21 20:46:59 2025] [::1]:62796 Accepted
[Sun Sep 21 20:46:59 2025] [::1]:62796 [200]: POST /receiver.php
[Sun Sep 21 20:46:59 2025] [::1]:62796 Closing
[Sun Sep 21 20:46:59 2025] [::1]:62797 Accepted
[Sun Sep 21 20:46:59 2025] [::1]:62797 [200]: POST /receiver.php
[Sun Sep 21 20:46:59 2025] [::1]:62797 Closing
[Sun Sep 21 20:47:01 2025] [::1]:50814 Accepted
[Sun Sep 21 20:47:01 2025] [::1]:50814 [200]: POST /receiver.php
[Sun Sep 21 20:47:01 2025] [::1]:50814 Closing
[Sun Sep 21 20:47:01 2025] [::1]:50815 Accepted
[Sun Sep 21 20:47:01 2025] [::1]:50815 [200]: POST /receiver.php
[Sun Sep 21 20:47:01 2025] [::1]:50815 Closing
[Sun Sep 21 20:47:03 2025] [::1]:58105 Accepted
[Sun Sep 21 20:47:03 2025] [::1]:58106 Accepted
[Sun Sep 21 20:47:03 2025] [::1]:58105 [200]: POST /receiver.php
[Sun Sep 21 20:47:03 2025] [::1]:58105 Closing
[Sun Sep 21 20:47:03 2025] [::1]:58106 [200]: POST /receiver.php
[Sun Sep 21 20:47:03 2025] [::1]:58106 Closing
[Sun Sep 21 20:47:05 2025] [::1]:49564 Accepted
[Sun Sep 21 20:47:05 2025] [::1]:49564 [200]: POST /receiver.php
[Sun Sep 21 20:47:05 2025] [::1]:49564 Closing
[Sun Sep 21 20:47:05 2025] [::1]:49565 Accepted
[Sun Sep 21 20:47:05 2025] [::1]:49565 [200]: POST /receiver.php
[Sun Sep 21 20:47:05 2025] [::1]:49565 Closing
[Sun Sep 21 20:47:06 2025] [::1]:49567 Accepted
[Sun Sep 21 20:47:06 2025] [::1]:49568 Accepted
[Sun Sep 21 20:47:06 2025] [::1]:49568 [200]: POST /receiver.php
[Sun Sep 21 20:47:06 2025] [::1]:49568 Closing
[Sun Sep 21 20:47:06 2025] [::1]:49567 [200]: POST /receiver.php
[Sun Sep 21 20:47:06 2025] [::1]:49567 Closing
[Sun Sep 21 20:47:08 2025] [::1]:53346 Accepted
[Sun Sep 21 20:47:08 2025] [::1]:53346 [200]: POST /receiver.php
[Sun Sep 21 20:47:08 2025] [::1]:53346 Closing
[Sun Sep 21 20:47:08 2025] [::1]:53347 Accepted
[Sun Sep 21 20:47:08 2025] [::1]:53347 [200]: POST /receiver.php
[Sun Sep 21 20:47:08 2025] [::1]:53347 Closing
[Sun Sep 21 20:47:09 2025] [::1]:51683 Accepted
[Sun Sep 21 20:47:09 2025] [::1]:51683 [200]: POST /receiver.php
[Sun Sep 21 20:47:09 2025] [::1]:51683 Closing
[Sun Sep 21 20:47:10 2025] [::1]:51684 Accepted
[Sun Sep 21 20:47:10 2025] [::1]:51684 [200]: POST /receiver.php
[Sun Sep 21 20:47:10 2025] [::1]:51684 Closing
[Sun Sep 21 20:47:11 2025] [::1]:49628 Accepted
[Sun Sep 21 20:47:11 2025] [::1]:49628 [200]: GET /templates/nearyou/index.html
[Sun Sep 21 20:47:11 2025] [::1]:49628 Closing
[Sun Sep 21 20:47:13 2025] [::1]:49629 Accepted
[Sun Sep 21 20:47:13 2025] [::1]:49629 [200]: POST /receiver.php
[Sun Sep 21 20:47:13 2025] [::1]:49629 Closing
[Sun Sep 21 20:47:14 2025] [::1]:50123 Accepted
[Sun Sep 21 20:47:14 2025] [::1]:50123 [200]: POST /receiver.php
[Sun Sep 21 20:47:14 2025] [::1]:50123 Closing
[Sun Sep 21 20:47:15 2025] [::1]:50124 Accepted
[Sun Sep 21 20:47:15 2025] [::1]:50124 [200]: POST /receiver.php
[Sun Sep 21 20:47:15 2025] [::1]:50124 Closing
[Sun Sep 21 20:47:15 2025] [::1]:50125 Accepted
[Sun Sep 21 20:47:15 2025] [::1]:50125 [200]: POST /receiver.php
[Sun Sep 21 20:47:15 2025] [::1]:50125 Closing
[Sun Sep 21 20:47:16 2025] [::1]:57128 Accepted
[Sun Sep 21 20:47:16 2025] [::1]:57128 [200]: POST /receiver.php
[Sun Sep 21 20:47:16 2025] [::1]:57128 Closing
[Sun Sep 21 20:47:17 2025] [::1]:57129 Accepted
[Sun Sep 21 20:47:17 2025] [::1]:57129 [200]: POST /receiver.php
[Sun Sep 21 20:47:17 2025] [::1]:57129 Closing
[Sun Sep 21 20:47:19 2025] [::1]:60665 Accepted
[Sun Sep 21 20:47:19 2025] [::1]:60665 [200]: POST /receiver.php
[Sun Sep 21 20:47:19 2025] [::1]:60665 Closing
[Sun Sep 21 20:47:19 2025] [::1]:60667 Accepted
[Sun Sep 21 20:47:19 2025] [::1]:60667 [200]: POST /receiver.php
[Sun Sep 21 20:47:19 2025] [::1]:60667 Closing
[Sun Sep 21 20:47:21 2025] [::1]:49422 Accepted
[Sun Sep 21 20:47:21 2025] [::1]:49422 [200]: POST /receiver.php
[Sun Sep 21 20:47:21 2025] [::1]:49422 Closing
[Sun Sep 21 20:47:21 2025] [::1]:49423 Accepted
[Sun Sep 21 20:47:21 2025] [::1]:49423 [200]: POST /receiver.php
[Sun Sep 21 20:47:21 2025] [::1]:49423 Closing
[Sun Sep 21 20:47:22 2025] [::1]:49424 Accepted
[Sun Sep 21 20:47:22 2025] [::1]:49424 [200]: POST /receiver.php
[Sun Sep 21 20:47:22 2025] [::1]:49424 Closing
[Sun Sep 21 20:47:22 2025] [::1]:49425 Accepted
[Sun Sep 21 20:47:22 2025] [::1]:49425 [200]: POST /receiver.php
[Sun Sep 21 20:47:22 2025] [::1]:49425 Closing
[Sun Sep 21 20:47:24 2025] [::1]:53448 Accepted
[Sun Sep 21 20:47:24 2025] [::1]:53448 [200]: POST /receiver.php
[Sun Sep 21 20:47:24 2025] [::1]:53448 Closing
[Sun Sep 21 20:47:24 2025] [::1]:53449 Accepted
[Sun Sep 21 20:47:24 2025] [::1]:53449 [200]: POST /receiver.php
[Sun Sep 21 20:47:24 2025] [::1]:53449 Closing
[Sun Sep 21 20:47:27 2025] [::1]:58285 Accepted
[Sun Sep 21 20:47:27 2025] [::1]:58285 [200]: POST /receiver.php
[Sun Sep 21 20:47:27 2025] [::1]:58285 Closing
[Sun Sep 21 20:47:27 2025] [::1]:58286 Accepted
[Sun Sep 21 20:47:27 2025] [::1]:58286 [200]: POST /receiver.php
[Sun Sep 21 20:47:27 2025] [::1]:58286 Closing
[Sun Sep 21 20:47:29 2025] [::1]:61425 Accepted
[Sun Sep 21 20:47:29 2025] [::1]:61425 [200]: POST /receiver.php
[Sun Sep 21 20:47:29 2025] [::1]:61425 Closing
[Sun Sep 21 20:47:29 2025] [::1]:61783 Accepted
[Sun Sep 21 20:47:29 2025] [::1]:61783 [200]: POST /receiver.php
[Sun Sep 21 20:47:29 2025] [::1]:61783 Closing
[Sun Sep 21 20:47:31 2025] [::1]:61784 Accepted
[Sun Sep 21 20:47:31 2025] [::1]:61784 [200]: POST /receiver.php
[Sun Sep 21 20:47:31 2025] [::1]:61784 Closing
[Sun Sep 21 20:47:31 2025] [::1]:61785 Accepted
[Sun Sep 21 20:47:31 2025] [::1]:61785 [200]: POST /receiver.php
[Sun Sep 21 20:47:31 2025] [::1]:61785 Closing
[Sun Sep 21 20:47:33 2025] [::1]:51404 Accepted
[Sun Sep 21 20:47:33 2025] [::1]:51404 [200]: POST /receiver.php
[Sun Sep 21 20:47:33 2025] [::1]:51404 Closing
[Sun Sep 21 20:47:33 2025] [::1]:51405 Accepted
[Sun Sep 21 20:47:33 2025] [::1]:51405 [200]: POST /receiver.php
[Sun Sep 21 20:47:33 2025] [::1]:51405 Closing
[Sun Sep 21 20:47:34 2025] [::1]:56992 Accepted
[Sun Sep 21 20:47:34 2025] [::1]:56992 [200]: POST /receiver.php
[Sun Sep 21 20:47:34 2025] [::1]:56992 Closing
[Sun Sep 21 20:47:35 2025] [::1]:56993 Accepted
[Sun Sep 21 20:47:35 2025] [::1]:56993 [200]: POST /receiver.php
[Sun Sep 21 20:47:35 2025] [::1]:56993 Closing
[Sun Sep 21 20:47:37 2025] [::1]:60127 Accepted
[Sun Sep 21 20:47:37 2025] [::1]:60127 [200]: POST /receiver.php
[Sun Sep 21 20:47:37 2025] [::1]:60127 Closing
[Sun Sep 21 20:47:37 2025] [::1]:60128 Accepted
[Sun Sep 21 20:47:37 2025] [::1]:60128 [200]: POST /receiver.php
[Sun Sep 21 20:47:37 2025] [::1]:60128 Closing
[Sun Sep 21 20:47:39 2025] [::1]:62736 Accepted
[Sun Sep 21 20:47:39 2025] [::1]:62736 [200]: POST /receiver.php
[Sun Sep 21 20:47:39 2025] [::1]:62736 Closing
[Sun Sep 21 20:47:39 2025] [::1]:62737 Accepted
[Sun Sep 21 20:47:39 2025] [::1]:62737 [200]: POST /receiver.php
[Sun Sep 21 20:47:39 2025] [::1]:62737 Closing
[Sun Sep 21 20:47:41 2025] [::1]:62738 Accepted
[Sun Sep 21 20:47:41 2025] [::1]:62738 [200]: POST /receiver.php
[Sun Sep 21 20:47:41 2025] [::1]:62738 Closing
[Sun Sep 21 20:47:41 2025] [::1]:62739 Accepted
[Sun Sep 21 20:47:41 2025] [::1]:62739 [200]: POST /receiver.php
[Sun Sep 21 20:47:41 2025] [::1]:62739 Closing
[Sun Sep 21 20:47:43 2025] [::1]:52127 Accepted
[Sun Sep 21 20:47:43 2025] [::1]:52127 [200]: POST /receiver.php
[Sun Sep 21 20:47:43 2025] [::1]:52127 Closing
[Sun Sep 21 20:47:43 2025] [::1]:52128 Accepted
[Sun Sep 21 20:47:43 2025] [::1]:52128 [200]: POST /receiver.php
[Sun Sep 21 20:47:43 2025] [::1]:52128 Closing
[Sun Sep 21 20:47:45 2025] [::1]:53576 Accepted
[Sun Sep 21 20:47:45 2025] [::1]:53576 [200]: POST /receiver.php
[Sun Sep 21 20:47:45 2025] [::1]:53576 Closing
[Sun Sep 21 20:47:45 2025] [::1]:53577 Accepted
[Sun Sep 21 20:47:45 2025] [::1]:53577 [200]: POST /receiver.php
[Sun Sep 21 20:47:45 2025] [::1]:53577 Closing
[Sun Sep 21 20:47:46 2025] [::1]:50734 Accepted
[Sun Sep 21 20:47:46 2025] [::1]:50734 [200]: POST /receiver.php
[Sun Sep 21 20:47:46 2025] [::1]:50734 Closing
[Sun Sep 21 20:47:46 2025] [::1]:50735 Accepted
[Sun Sep 21 20:47:46 2025] [::1]:50735 [200]: POST /receiver.php
[Sun Sep 21 20:47:46 2025] [::1]:50735 Closing
[Sun Sep 21 20:47:49 2025] [::1]:51973 Accepted
[Sun Sep 21 20:47:49 2025] [::1]:51973 [200]: POST /receiver.php
[Sun Sep 21 20:47:49 2025] [::1]:51973 Closing
[Sun Sep 21 20:47:49 2025] [::1]:51974 Accepted
[Sun Sep 21 20:47:49 2025] [::1]:51974 [200]: POST /receiver.php
[Sun Sep 21 20:47:49 2025] [::1]:51974 Closing
[Sun Sep 21 20:47:51 2025] [::1]:54546 Accepted
[Sun Sep 21 20:47:51 2025] [::1]:54546 [200]: POST /receiver.php
[Sun Sep 21 20:47:51 2025] [::1]:54546 Closing
[Sun Sep 21 20:47:53 2025] [::1]:54310 Accepted
[Sun Sep 21 20:47:53 2025] [::1]:54310 [200]: POST /receiver.php
[Sun Sep 21 20:47:53 2025] [::1]:54310 Closing
[Sun Sep 21 20:47:55 2025] [::1]:50503 Accepted
[Sun Sep 21 20:47:55 2025] [::1]:50503 [200]: POST /receiver.php
[Sun Sep 21 20:47:55 2025] [::1]:50503 Closing
[Sun Sep 21 20:47:56 2025] [::1]:50504 Accepted
[Sun Sep 21 20:47:56 2025] [::1]:50504 [200]: POST /receiver.php
[Sun Sep 21 20:47:56 2025] [::1]:50504 Closing
[Sun Sep 21 20:47:59 2025] [::1]:52399 Accepted
[Sun Sep 21 20:47:59 2025] [::1]:52399 [200]: POST /receiver.php
[Sun Sep 21 20:47:59 2025] [::1]:52399 Closing
[Sun Sep 21 20:48:00 2025] [::1]:56766 Accepted
[Sun Sep 21 20:48:00 2025] [::1]:56766 [200]: POST /receiver.php
[Sun Sep 21 20:48:00 2025] [::1]:56766 Closing
[Sun Sep 21 20:48:03 2025] [::1]:57037 Accepted
[Sun Sep 21 20:48:03 2025] [::1]:57037 [200]: POST /receiver.php
[Sun Sep 21 20:48:03 2025] [::1]:57037 Closing
[Sun Sep 21 20:48:05 2025] [::1]:57038 Accepted
[Sun Sep 21 20:48:05 2025] [::1]:57038 [200]: POST /receiver.php
[Sun Sep 21 20:48:05 2025] [::1]:57038 Closing
[Sun Sep 21 20:48:07 2025] [::1]:64341 Accepted
[Sun Sep 21 20:48:07 2025] [::1]:64341 [200]: POST /receiver.php
[Sun Sep 21 20:48:07 2025] [::1]:64341 Closing
[Sun Sep 21 20:48:09 2025] [::1]:57539 Accepted
[Sun Sep 21 20:48:09 2025] [::1]:57539 [200]: POST /receiver.php
[Sun Sep 21 20:48:09 2025] [::1]:57539 Closing
[Sun Sep 21 20:48:12 2025] [::1]:64691 Accepted
[Sun Sep 21 20:48:12 2025] [::1]:64691 [200]: POST /receiver.php
[Sun Sep 21 20:48:12 2025] [::1]:64691 Closing
[Sun Sep 21 20:48:13 2025] [::1]:51387 Accepted
[Sun Sep 21 20:48:13 2025] [::1]:51387 [200]: POST /receiver.php
[Sun Sep 21 20:48:13 2025] [::1]:51387 Closing
[Sun Sep 21 20:48:15 2025] [::1]:65243 Accepted
[Sun Sep 21 20:48:15 2025] [::1]:65243 [200]: POST /receiver.php
[Sun Sep 21 20:48:15 2025] [::1]:65243 Closing
[Sun Sep 21 20:48:17 2025] [::1]:59140 Accepted
[Sun Sep 21 20:48:17 2025] [::1]:59140 [200]: POST /receiver.php
[Sun Sep 21 20:48:17 2025] [::1]:59140 Closing
[Sun Sep 21 20:48:18 2025] [::1]:62898 Accepted
[Sun Sep 21 20:48:18 2025] [::1]:62898 [200]: POST /receiver.php
[Sun Sep 21 20:48:18 2025] [::1]:62898 Closing
[Sun Sep 21 20:48:20 2025] [::1]:49815 Accepted
[Sun Sep 21 20:48:20 2025] [::1]:49815 [200]: POST /receiver.php
[Sun Sep 21 20:48:20 2025] [::1]:49815 Closing
[Sun Sep 21 20:48:20 2025] [::1]:49816 Accepted
[Sun Sep 21 20:48:20 2025] [::1]:49816 [200]: POST /receiver.php
[Sun Sep 21 20:48:20 2025] [::1]:49816 Closing
[Sun Sep 21 20:48:25 2025] [::1]:56738 Accepted
[Sun Sep 21 20:48:25 2025] [::1]:56738 [200]: POST /receiver.php
[Sun Sep 21 20:48:25 2025] [::1]:56738 Closing
[Sun Sep 21 20:48:31 2025] [::1]:64060 Accepted
[Sun Sep 21 20:48:31 2025] [::1]:64060 [200]: POST /receiver.php
[Sun Sep 21 20:48:31 2025] [::1]:64060 Closing
[Sun Sep 21 20:48:33 2025] [::1]:55372 Accepted
[Sun Sep 21 20:48:33 2025] [::1]:55373 Accepted
[Sun Sep 21 20:48:33 2025] [::1]:55372 [200]: POST /receiver.php
[Sun Sep 21 20:48:33 2025] [::1]:55372 Closing
[Sun Sep 21 20:48:33 2025] [::1]:55373 [200]: POST /receiver.php
[Sun Sep 21 20:48:33 2025] [::1]:55373 Closing
[Sun Sep 21 20:48:33 2025] [::1]:55374 Accepted
[Sun Sep 21 20:48:33 2025] [::1]:55374 [200]: POST /receiver.php
[Sun Sep 21 20:48:33 2025] [::1]:55374 Closing
[Sun Sep 21 20:48:38 2025] [::1]:55444 Accepted
[Sun Sep 21 20:48:38 2025] [::1]:55444 [200]: POST /receiver.php
[Sun Sep 21 20:48:38 2025] [::1]:55444 Closing
[Sun Sep 21 20:48:56 2025] [::1]:58170 Accepted
[Sun Sep 21 20:48:56 2025] [::1]:58170 [200]: POST /receiver.php
[Sun Sep 21 20:48:56 2025] [::1]:58170 Closing
[Sun Sep 21 20:49:00 2025] [::1]:50870 Accepted
[Sun Sep 21 20:49:00 2025] [::1]:50870 [200]: POST /receiver.php
[Sun Sep 21 20:49:00 2025] [::1]:50870 Closing
[Sun Sep 21 20:49:00 2025] [::1]:50871 Accepted
[Sun Sep 21 20:49:00 2025] [::1]:50871 [200]: POST /receiver.php
[Sun Sep 21 20:49:00 2025] [::1]:50871 Closing
[Sun Sep 21 20:49:00 2025] [::1]:50872 Accepted
[Sun Sep 21 20:49:00 2025] [::1]:50872 [200]: POST /receiver.php
[Sun Sep 21 20:49:00 2025] [::1]:50872 Closing
[Sun Sep 21 20:49:02 2025] [::1]:57937 Accepted
[Sun Sep 21 20:49:02 2025] [::1]:57937 [200]: POST /receiver.php
[Sun Sep 21 20:49:02 2025] [::1]:57937 Closing
[Sun Sep 21 20:49:04 2025] [::1]:57198 Accepted
[Sun Sep 21 20:49:04 2025] [::1]:57198 [200]: POST /receiver.php
[Sun Sep 21 20:49:04 2025] [::1]:57198 Closing
[Sun Sep 21 20:49:08 2025] [::1]:53050 Accepted
[Sun Sep 21 20:49:08 2025] [::1]:53050 [200]: POST /receiver.php
[Sun Sep 21 20:49:08 2025] [::1]:53050 Closing
[Sun Sep 21 20:49:10 2025] [::1]:62554 Accepted
[Sun Sep 21 20:49:10 2025] [::1]:62554 [200]: POST /receiver.php
[Sun Sep 21 20:49:10 2025] [::1]:62554 Closing
[Sun Sep 21 20:49:12 2025] [::1]:62555 Accepted
[Sun Sep 21 20:49:12 2025] [::1]:62555 [200]: POST /receiver.php
[Sun Sep 21 20:49:12 2025] [::1]:62555 Closing
[Sun Sep 21 20:49:17 2025] [::1]:50497 Accepted
[Sun Sep 21 20:49:17 2025] [::1]:50497 [200]: POST /receiver.php
[Sun Sep 21 20:49:17 2025] [::1]:50497 Closing
[Sun Sep 21 20:49:17 2025] [::1]:50498 Accepted
[Sun Sep 21 20:49:17 2025] [::1]:50498 [200]: POST /receiver.php
[Sun Sep 21 20:49:17 2025] [::1]:50498 Closing
[Sun Sep 21 20:49:18 2025] [::1]:50499 Accepted
[Sun Sep 21 20:49:18 2025] [::1]:50499 [200]: POST /receiver.php
[Sun Sep 21 20:49:18 2025] [::1]:50499 Closing
[Sun Sep 21 20:49:18 2025] [::1]:50502 Accepted
[Sun Sep 21 20:49:18 2025] [::1]:50502 [200]: POST /receiver.php
[Sun Sep 21 20:49:18 2025] [::1]:50502 Closing
[Sun Sep 21 20:49:20 2025] [::1]:64850 Accepted
[Sun Sep 21 20:49:20 2025] [::1]:64850 [200]: POST /receiver.php
[Sun Sep 21 20:49:20 2025] [::1]:64850 Closing
[Sun Sep 21 20:49:20 2025] [::1]:64851 Accepted
[Sun Sep 21 20:49:20 2025] [::1]:64851 [200]: POST /receiver.php
[Sun Sep 21 20:49:20 2025] [::1]:64851 Closing
[Sun Sep 21 20:49:22 2025] [::1]:64852 Accepted
[Sun Sep 21 20:49:22 2025] [::1]:64852 [200]: POST /receiver.php
[Sun Sep 21 20:49:22 2025] [::1]:64852 Closing
[Sun Sep 21 20:49:24 2025] [::1]:54913 Accepted
[Sun Sep 21 20:49:24 2025] [::1]:54913 [200]: POST /receiver.php
[Sun Sep 21 20:49:24 2025] [::1]:54913 Closing
[Sun Sep 21 20:49:26 2025] [::1]:54558 Accepted
[Sun Sep 21 20:49:26 2025] [::1]:54558 [200]: POST /receiver.php
[Sun Sep 21 20:49:26 2025] [::1]:54558 Closing
[Sun Sep 21 20:49:28 2025] [::1]:58511 Accepted
[Sun Sep 21 20:49:28 2025] [::1]:58511 [200]: POST /receiver.php
[Sun Sep 21 20:49:28 2025] [::1]:58511 Closing
[Sun Sep 21 20:49:29 2025] [::1]:59695 Accepted
[Sun Sep 21 20:49:29 2025] [::1]:59695 [200]: POST /receiver.php
[Sun Sep 21 20:49:29 2025] [::1]:59695 Closing
[Sun Sep 21 20:49:31 2025] [::1]:51932 Accepted
[Sun Sep 21 20:49:31 2025] [::1]:51932 [200]: POST /receiver.php
[Sun Sep 21 20:49:31 2025] [::1]:51932 Closing
[Sun Sep 21 20:49:33 2025] [::1]:52781 Accepted
[Sun Sep 21 20:49:33 2025] [::1]:52781 [200]: POST /receiver.php
[Sun Sep 21 20:49:33 2025] [::1]:52781 Closing
[Sun Sep 21 20:49:35 2025] [::1]:64990 Accepted
[Sun Sep 21 20:49:35 2025] [::1]:64990 [200]: POST /receiver.php
[Sun Sep 21 20:49:35 2025] [::1]:64990 Closing
[Sun Sep 21 20:49:37 2025] [::1]:57767 Accepted
[Sun Sep 21 20:49:37 2025] [::1]:57767 [200]: POST /receiver.php
[Sun Sep 21 20:49:37 2025] [::1]:57767 Closing
[Sun Sep 21 20:49:39 2025] [::1]:57768 Accepted
[Sun Sep 21 20:49:39 2025] [::1]:57768 [200]: POST /receiver.php
[Sun Sep 21 20:49:39 2025] [::1]:57768 Closing
[Sun Sep 21 20:49:42 2025] [::1]:55833 Accepted
[Sun Sep 21 20:49:42 2025] [::1]:55833 [200]: POST /receiver.php
[Sun Sep 21 20:49:42 2025] [::1]:55833 Closing
[Sun Sep 21 20:49:43 2025] [::1]:54151 Accepted
[Sun Sep 21 20:49:43 2025] [::1]:54150 Accepted
[Sun Sep 21 20:49:43 2025] [::1]:54151 [200]: POST /receiver.php
[Sun Sep 21 20:49:43 2025] [::1]:54151 Closing
[Sun Sep 21 20:49:43 2025] [::1]:54150 [200]: POST /receiver.php
[Sun Sep 21 20:49:43 2025] [::1]:54150 Closing
[Sun Sep 21 20:49:44 2025] [::1]:54152 Accepted
[Sun Sep 21 20:49:44 2025] [::1]:54152 [200]: POST /receiver.php
[Sun Sep 21 20:49:44 2025] [::1]:54152 Closing
[Sun Sep 21 20:49:46 2025] [::1]:55858 Accepted
[Sun Sep 21 20:49:46 2025] [::1]:55858 [200]: POST /receiver.php
[Sun Sep 21 20:49:46 2025] [::1]:55858 Closing
[Sun Sep 21 20:49:46 2025] [::1]:55859 Accepted
[Sun Sep 21 20:49:46 2025] [::1]:55859 [200]: POST /receiver.php
[Sun Sep 21 20:49:46 2025] [::1]:55859 Closing
[Sun Sep 21 20:49:48 2025] [::1]:50824 Accepted
[Sun Sep 21 20:49:48 2025] [::1]:50824 [200]: POST /receiver.php
[Sun Sep 21 20:49:48 2025] [::1]:50824 Closing
[Sun Sep 21 20:49:48 2025] [::1]:50825 Accepted
[Sun Sep 21 20:49:48 2025] [::1]:50825 [200]: POST /receiver.php
[Sun Sep 21 20:49:48 2025] [::1]:50825 Closing
[Sun Sep 21 20:49:49 2025] [::1]:57308 Accepted
[Sun Sep 21 20:49:49 2025] [::1]:57308 [200]: POST /receiver.php
[Sun Sep 21 20:49:49 2025] [::1]:57308 Closing
[Sun Sep 21 20:49:50 2025] [::1]:57309 Accepted
[Sun Sep 21 20:49:50 2025] [::1]:57309 [200]: POST /receiver.php
[Sun Sep 21 20:49:50 2025] [::1]:57309 Closing
[Sun Sep 21 20:49:51 2025] [::1]:52477 Accepted
[Sun Sep 21 20:49:51 2025] [::1]:52477 [200]: POST /receiver.php
[Sun Sep 21 20:49:51 2025] [::1]:52477 Closing
[Sun Sep 21 20:49:52 2025] [::1]:52478 Accepted
[Sun Sep 21 20:49:52 2025] [::1]:52478 [200]: POST /receiver.php
[Sun Sep 21 20:49:52 2025] [::1]:52478 Closing
[Sun Sep 21 20:49:53 2025] [::1]:50076 Accepted
[Sun Sep 21 20:49:53 2025] [::1]:50076 [200]: POST /receiver.php
[Sun Sep 21 20:49:53 2025] [::1]:50076 Closing
[Sun Sep 21 20:49:54 2025] [::1]:50077 Accepted
[Sun Sep 21 20:49:54 2025] [::1]:50077 [200]: POST /receiver.php
[Sun Sep 21 20:49:54 2025] [::1]:50077 Closing
[Sun Sep 21 20:49:55 2025] [::1]:50078 Accepted
[Sun Sep 21 20:49:55 2025] [::1]:50078 [200]: POST /receiver.php
[Sun Sep 21 20:49:55 2025] [::1]:50078 Closing
[Sun Sep 21 20:49:56 2025] [::1]:49332 Accepted
[Sun Sep 21 20:49:56 2025] [::1]:49332 [200]: POST /receiver.php
[Sun Sep 21 20:49:56 2025] [::1]:49332 Closing
[Sun Sep 21 20:49:57 2025] [::1]:49333 Accepted
[Sun Sep 21 20:49:57 2025] [::1]:49333 [200]: POST /receiver.php
[Sun Sep 21 20:49:57 2025] [::1]:49333 Closing
[Sun Sep 21 20:49:58 2025] [::1]:49334 Accepted
[Sun Sep 21 20:49:58 2025] [::1]:49334 [200]: POST /receiver.php
[Sun Sep 21 20:49:58 2025] [::1]:49334 Closing
[Sun Sep 21 20:49:59 2025] [::1]:51814 Accepted
[Sun Sep 21 20:49:59 2025] [::1]:51814 [200]: POST /receiver.php
[Sun Sep 21 20:49:59 2025] [::1]:51814 Closing
[Sun Sep 21 20:50:00 2025] [::1]:51815 Accepted
[Sun Sep 21 20:50:00 2025] [::1]:51815 [200]: POST /receiver.php
[Sun Sep 21 20:50:00 2025] [::1]:51815 Closing
[Sun Sep 21 20:50:01 2025] [::1]:59719 Accepted
[Sun Sep 21 20:50:01 2025] [::1]:59719 [200]: POST /receiver.php
[Sun Sep 21 20:50:01 2025] [::1]:59719 Closing
[Sun Sep 21 20:50:02 2025] [::1]:59720 Accepted
[Sun Sep 21 20:50:02 2025] [::1]:59720 [200]: POST /receiver.php
[Sun Sep 21 20:50:02 2025] [::1]:59720 Closing
[Sun Sep 21 20:50:04 2025] [::1]:55733 Accepted
[Sun Sep 21 20:50:04 2025] [::1]:55733 [200]: POST /receiver.php
[Sun Sep 21 20:50:04 2025] [::1]:55733 Closing
[Sun Sep 21 20:50:04 2025] [::1]:55734 Accepted
[Sun Sep 21 20:50:04 2025] [::1]:55734 [200]: POST /receiver.php
[Sun Sep 21 20:50:04 2025] [::1]:55734 Closing
[Sun Sep 21 20:50:06 2025] [::1]:50831 Accepted
[Sun Sep 21 20:50:06 2025] [::1]:50832 Accepted
[Sun Sep 21 20:50:06 2025] [::1]:50831 [200]: POST /receiver.php
[Sun Sep 21 20:50:06 2025] [::1]:50831 Closing
[Sun Sep 21 20:50:06 2025] [::1]:50832 [200]: POST /receiver.php
[Sun Sep 21 20:50:06 2025] [::1]:50832 Closing
[Sun Sep 21 20:50:08 2025] [::1]:53645 Accepted
[Sun Sep 21 20:50:08 2025] [::1]:53645 [200]: POST /receiver.php
[Sun Sep 21 20:50:08 2025] [::1]:53645 Closing
[Sun Sep 21 20:50:08 2025] [::1]:53646 Accepted
[Sun Sep 21 20:50:08 2025] [::1]:53646 [200]: POST /receiver.php
[Sun Sep 21 20:50:08 2025] [::1]:53646 Closing
[Sun Sep 21 20:50:10 2025] [::1]:65453 Accepted
[Sun Sep 21 20:50:10 2025] [::1]:65452 Accepted
[Sun Sep 21 20:50:10 2025] [::1]:65453 [200]: POST /receiver.php
[Sun Sep 21 20:50:10 2025] [::1]:65453 Closing
[Sun Sep 21 20:50:10 2025] [::1]:65452 [200]: POST /receiver.php
[Sun Sep 21 20:50:10 2025] [::1]:65452 Closing
[Sun Sep 21 20:50:12 2025] [::1]:62521 Accepted
[Sun Sep 21 20:50:12 2025] [::1]:62521 [200]: POST /receiver.php
[Sun Sep 21 20:50:12 2025] [::1]:62521 Closing
[Sun Sep 21 20:50:12 2025] [::1]:62522 Accepted
[Sun Sep 21 20:50:12 2025] [::1]:62522 [200]: POST /receiver.php
[Sun Sep 21 20:50:12 2025] [::1]:62522 Closing
[Sun Sep 21 20:50:14 2025] [::1]:62523 Accepted
[Sun Sep 21 20:50:14 2025] [::1]:62523 [200]: POST /receiver.php
[Sun Sep 21 20:50:14 2025] [::1]:62523 Closing
[Sun Sep 21 20:50:14 2025] [::1]:60142 Accepted
[Sun Sep 21 20:50:14 2025] [::1]:60142 [200]: POST /receiver.php
[Sun Sep 21 20:50:14 2025] [::1]:60142 Closing
[Sun Sep 21 20:50:16 2025] [::1]:60143 Accepted
[Sun Sep 21 20:50:16 2025] [::1]:60143 [200]: POST /receiver.php
[Sun Sep 21 20:50:16 2025] [::1]:60143 Closing
[Sun Sep 21 20:50:16 2025] [::1]:60144 Accepted
[Sun Sep 21 20:50:16 2025] [::1]:60144 [200]: POST /receiver.php
[Sun Sep 21 20:50:16 2025] [::1]:60144 Closing
[Sun Sep 21 20:50:18 2025] [::1]:59075 Accepted
[Sun Sep 21 20:50:18 2025] [::1]:59074 Accepted
[Sun Sep 21 20:50:18 2025] [::1]:59075 [200]: POST /receiver.php
[Sun Sep 21 20:50:18 2025] [::1]:59075 Closing
[Sun Sep 21 20:50:18 2025] [::1]:59074 [200]: POST /receiver.php
[Sun Sep 21 20:50:18 2025] [::1]:59074 Closing
[Sun Sep 21 20:50:20 2025] [::1]:49696 Accepted
[Sun Sep 21 20:50:20 2025] [::1]:49696 [200]: POST /receiver.php
[Sun Sep 21 20:50:20 2025] [::1]:49696 Closing
[Sun Sep 21 20:50:20 2025] [::1]:49697 Accepted
[Sun Sep 21 20:50:20 2025] [::1]:49697 [200]: POST /receiver.php
[Sun Sep 21 20:50:20 2025] [::1]:49697 Closing
[Sun Sep 21 20:50:22 2025] [::1]:49842 Accepted
[Sun Sep 21 20:50:22 2025] [::1]:49842 [200]: POST /receiver.php
[Sun Sep 21 20:50:22 2025] [::1]:49842 Closing
[Sun Sep 21 20:50:22 2025] [::1]:49843 Accepted
[Sun Sep 21 20:50:22 2025] [::1]:49843 [200]: POST /receiver.php
[Sun Sep 21 20:50:22 2025] [::1]:49843 Closing
[Sun Sep 21 20:50:24 2025] [::1]:62754 Accepted
[Sun Sep 21 20:50:24 2025] [::1]:62754 [200]: POST /receiver.php
[Sun Sep 21 20:50:24 2025] [::1]:62754 Closing
[Sun Sep 21 20:50:24 2025] [::1]:62755 Accepted
[Sun Sep 21 20:50:24 2025] [::1]:62755 [200]: POST /receiver.php
[Sun Sep 21 20:50:24 2025] [::1]:62755 Closing
[Sun Sep 21 20:50:26 2025] [::1]:62756 Accepted
[Sun Sep 21 20:50:26 2025] [::1]:62756 [200]: POST /receiver.php
[Sun Sep 21 20:50:26 2025] [::1]:62756 Closing
[Sun Sep 21 20:50:26 2025] [::1]:62757 Accepted
[Sun Sep 21 20:50:26 2025] [::1]:62757 [200]: POST /receiver.php
[Sun Sep 21 20:50:26 2025] [::1]:62757 Closing
[Sun Sep 21 20:50:29 2025] [::1]:62253 Accepted
[Sun Sep 21 20:50:29 2025] [::1]:62254 Accepted
[Sun Sep 21 20:50:29 2025] [::1]:62254 [200]: POST /receiver.php
[Sun Sep 21 20:50:29 2025] [::1]:62254 Closing
[Sun Sep 21 20:50:29 2025] [::1]:62253 [200]: POST /receiver.php
[Sun Sep 21 20:50:29 2025] [::1]:62253 Closing
[Sun Sep 21 20:50:46 2025] [::1]:54193 Accepted
[Sun Sep 21 20:50:46 2025] [::1]:54194 Accepted
[Sun Sep 21 20:50:46 2025] [::1]:54194 [200]: POST /receiver.php
[Sun Sep 21 20:50:46 2025] [::1]:54194 Closing
[Sun Sep 21 20:50:46 2025] [::1]:54193 [200]: POST /receiver.php
[Sun Sep 21 20:50:46 2025] [::1]:54193 Closing
[Sun Sep 21 20:50:48 2025] [::1]:64096 Accepted
[Sun Sep 21 20:50:48 2025] [::1]:64095 Accepted
[Sun Sep 21 20:50:48 2025] [::1]:64096 [200]: POST /receiver.php
[Sun Sep 21 20:50:48 2025] [::1]:64096 Closing
[Sun Sep 21 20:50:48 2025] [::1]:64095 [200]: POST /receiver.php
[Sun Sep 21 20:50:48 2025] [::1]:64095 Closing
[Sun Sep 21 20:50:48 2025] [::1]:64097 Accepted
[Sun Sep 21 20:50:48 2025] [::1]:64097 [200]: POST /receiver.php
[Sun Sep 21 20:50:48 2025] [::1]:64097 Closing
[Sun Sep 21 20:50:49 2025] [::1]:64098 Accepted
[Sun Sep 21 20:50:49 2025] [::1]:64099 Accepted
[Sun Sep 21 20:50:49 2025] [::1]:64098 [200]: POST /receiver.php
[Sun Sep 21 20:50:49 2025] [::1]:64098 Closing
[Sun Sep 21 20:50:49 2025] [::1]:64099 [200]: POST /receiver.php
[Sun Sep 21 20:50:49 2025] [::1]:64099 Closing
[Sun Sep 21 20:50:49 2025] [::1]:64100 Accepted
[Sun Sep 21 20:50:49 2025] [::1]:64101 Accepted
[Sun Sep 21 20:50:49 2025] [::1]:64100 [200]: POST /receiver.php
[Sun Sep 21 20:50:49 2025] [::1]:64100 Closing
[Sun Sep 21 20:50:49 2025] [::1]:64101 [200]: POST /receiver.php
[Sun Sep 21 20:50:49 2025] [::1]:64101 Closing
[Sun Sep 21 20:50:50 2025] [::1]:64102 Accepted
[Sun Sep 21 20:50:50 2025] [::1]:64102 [200]: POST /receiver.php
[Sun Sep 21 20:50:50 2025] [::1]:64102 Closing
[Sun Sep 21 20:50:50 2025] [::1]:54535 Accepted
[Sun Sep 21 20:50:50 2025] [::1]:54536 Accepted
[Sun Sep 21 20:50:50 2025] [::1]:54535 [200]: POST /receiver.php
[Sun Sep 21 20:50:50 2025] [::1]:54535 Closing
[Sun Sep 21 20:50:50 2025] [::1]:54536 [200]: POST /receiver.php
[Sun Sep 21 20:50:50 2025] [::1]:54536 Closing
[Sun Sep 21 20:50:53 2025] [::1]:54538 Accepted
[Sun Sep 21 20:50:53 2025] [::1]:54537 Accepted
[Sun Sep 21 20:50:53 2025] [::1]:54539 Accepted
[Sun Sep 21 20:50:53 2025] [::1]:54540 Accepted
[Sun Sep 21 20:50:53 2025] [::1]:54538 [200]: POST /receiver.php
[Sun Sep 21 20:50:53 2025] [::1]:54538 Closing
[Sun Sep 21 20:50:53 2025] [::1]:54537 [200]: POST /receiver.php
[Sun Sep 21 20:50:53 2025] [::1]:54537 Closing
[Sun Sep 21 20:50:53 2025] [::1]:54539 [200]: POST /receiver.php
[Sun Sep 21 20:50:53 2025] [::1]:54539 Closing
[Sun Sep 21 20:50:53 2025] [::1]:54540 [200]: POST /receiver.php
[Sun Sep 21 20:50:53 2025] [::1]:54540 Closing
[Sun Sep 21 20:50:53 2025] [::1]:54542 Accepted
[Sun Sep 21 20:50:53 2025] [::1]:54541 Accepted
[Sun Sep 21 20:50:53 2025] [::1]:54542 [200]: POST /receiver.php
[Sun Sep 21 20:50:53 2025] [::1]:54542 Closing
[Sun Sep 21 20:50:53 2025] [::1]:54541 [200]: POST /receiver.php
[Sun Sep 21 20:50:53 2025] [::1]:54541 Closing
[Sun Sep 21 20:50:53 2025] [::1]:54543 Accepted
[Sun Sep 21 20:50:53 2025] [::1]:54544 Accepted
[Sun Sep 21 20:50:53 2025] [::1]:54544 [200]: POST /receiver.php
[Sun Sep 21 20:50:53 2025] [::1]:54544 Closing
[Sun Sep 21 20:50:53 2025] [::1]:54543 [200]: POST /receiver.php
[Sun Sep 21 20:50:53 2025] [::1]:54543 Closing
[Sun Sep 21 20:50:53 2025] [::1]:54545 Accepted
[Sun Sep 21 20:50:53 2025] [::1]:54545 [200]: POST /receiver.php
[Sun Sep 21 20:50:53 2025] [::1]:54545 Closing
[Sun Sep 21 20:50:53 2025] [::1]:62033 Accepted
[Sun Sep 21 20:50:53 2025] [::1]:62033 [200]: POST /receiver.php
[Sun Sep 21 20:50:53 2025] [::1]:62033 Closing
[Sun Sep 21 20:50:59 2025] [::1]:58272 Accepted
[Sun Sep 21 20:50:59 2025] [::1]:58273 Accepted
[Sun Sep 21 20:50:59 2025] [::1]:58272 [200]: POST /receiver.php
[Sun Sep 21 20:50:59 2025] [::1]:58272 Closing
[Sun Sep 21 20:50:59 2025] [::1]:58273 [200]: POST /receiver.php
[Sun Sep 21 20:50:59 2025] [::1]:58273 Closing
[Sun Sep 21 20:51:00 2025] [::1]:61086 Accepted
[Sun Sep 21 20:51:00 2025] [::1]:61086 [200]: POST /receiver.php
[Sun Sep 21 20:51:00 2025] [::1]:61086 Closing
[Sun Sep 21 20:51:02 2025] [::1]:61087 Accepted
[Sun Sep 21 20:51:02 2025] [::1]:61087 [200]: POST /receiver.php
[Sun Sep 21 20:51:02 2025] [::1]:61087 Closing
[Sun Sep 21 20:51:10 2025] [::1]:61425 Accepted
[Sun Sep 21 20:51:10 2025] [::1]:61425 [200]: POST /receiver.php
[Sun Sep 21 20:51:10 2025] [::1]:61425 Closing
[Sun Sep 21 20:51:11 2025] [::1]:61426 Accepted
[Sun Sep 21 20:51:11 2025] [::1]:61426 [200]: POST /receiver.php
[Sun Sep 21 20:51:11 2025] [::1]:61426 Closing
[Sun Sep 21 20:51:14 2025] [::1]:56294 Accepted
[Sun Sep 21 20:51:14 2025] [::1]:56294 [200]: POST /receiver.php
[Sun Sep 21 20:51:14 2025] [::1]:56294 Closing
[Sun Sep 21 20:51:16 2025] [::1]:55517 Accepted
[Sun Sep 21 20:51:16 2025] [::1]:55517 [200]: POST /receiver.php
[Sun Sep 21 20:51:16 2025] [::1]:55517 Closing
[Sun Sep 21 20:51:18 2025] [::1]:58846 Accepted
[Sun Sep 21 20:51:18 2025] [::1]:58846 [200]: POST /receiver.php
[Sun Sep 21 20:51:18 2025] [::1]:58846 Closing
[Sun Sep 21 20:51:20 2025] [::1]:55608 Accepted
[Sun Sep 21 20:51:20 2025] [::1]:55607 Accepted
[Sun Sep 21 20:51:20 2025] [::1]:55607 [200]: POST /receiver.php
[Sun Sep 21 20:51:20 2025] [::1]:55607 Closing
[Sun Sep 21 20:51:20 2025] [::1]:55608 [200]: POST /receiver.php
[Sun Sep 21 20:51:20 2025] [::1]:55608 Closing
[Sun Sep 21 20:51:22 2025] [::1]:51994 Accepted
[Sun Sep 21 20:51:22 2025] [::1]:51994 [200]: POST /receiver.php
[Sun Sep 21 20:51:22 2025] [::1]:51994 Closing
[Sun Sep 21 20:51:26 2025] [::1]:50061 Accepted
[Sun Sep 21 20:51:26 2025] [::1]:50061 [200]: POST /receiver.php
[Sun Sep 21 20:51:26 2025] [::1]:50061 Closing
[Sun Sep 21 20:51:29 2025] [::1]:54837 Accepted
[Sun Sep 21 20:51:29 2025] [::1]:54837 [200]: POST /receiver.php
[Sun Sep 21 20:51:29 2025] [::1]:54837 Closing
[Sun Sep 21 20:51:31 2025] [::1]:56684 Accepted
[Sun Sep 21 20:51:31 2025] [::1]:56684 [200]: POST /receiver.php
[Sun Sep 21 20:51:31 2025] [::1]:56684 Closing
[Sun Sep 21 20:51:34 2025] [::1]:51832 Accepted
[Sun Sep 21 20:51:34 2025] [::1]:51832 [200]: GET /templates/camera_temp/index.html
[Sun Sep 21 20:51:34 2025] [::1]:51832 Closing
[Sun Sep 21 20:51:35 2025] [::1]:50633 Accepted
[Sun Sep 21 20:51:35 2025] [::1]:50633 [200]: POST /receiver.php
[Sun Sep 21 20:51:35 2025] [::1]:50633 Closing
[Sun Sep 21 20:51:38 2025] [::1]:61005 Accepted
[Sun Sep 21 20:51:38 2025] [::1]:61005 [200]: POST /receiver.php
[Sun Sep 21 20:51:38 2025] [::1]:61005 Closing
[Sun Sep 21 20:51:38 2025] [::1]:61006 Accepted
[Sun Sep 21 20:51:38 2025] [::1]:61006 [200]: POST /receiver.php
[Sun Sep 21 20:51:38 2025] [::1]:61006 Closing
[Sun Sep 21 20:51:38 2025] [::1]:61008 Accepted
[Sun Sep 21 20:51:38 2025] [::1]:61007 Accepted
[Sun Sep 21 20:51:38 2025] [::1]:61008 [200]: POST /receiver.php
[Sun Sep 21 20:51:38 2025] [::1]:61008 Closing
[Sun Sep 21 20:51:38 2025] [::1]:61007 [200]: POST /receiver.php
[Sun Sep 21 20:51:38 2025] [::1]:61007 Closing
[Sun Sep 21 20:51:38 2025] [::1]:61009 Accepted
[Sun Sep 21 20:51:38 2025] [::1]:61009 [200]: POST /receiver.php
[Sun Sep 21 20:51:38 2025] [::1]:61009 Closing
[Sun Sep 21 20:51:38 2025] [::1]:61010 Accepted
[Sun Sep 21 20:51:38 2025] [::1]:61010 [200]: POST /receiver.php
[Sun Sep 21 20:51:38 2025] [::1]:61010 Closing
[Sun Sep 21 20:51:38 2025] [::1]:61011 Accepted
[Sun Sep 21 20:51:38 2025] [::1]:61011 [200]: POST /receiver.php
[Sun Sep 21 20:51:38 2025] [::1]:61011 Closing
[Sun Sep 21 20:51:38 2025] [::1]:61012 Accepted
[Sun Sep 21 20:51:38 2025] [::1]:61012 [200]: POST /receiver.php
[Sun Sep 21 20:51:38 2025] [::1]:61012 Closing
[Sun Sep 21 20:51:39 2025] [::1]:58609 Accepted
[Sun Sep 21 20:51:39 2025] [::1]:58609 [200]: POST /receiver.php
[Sun Sep 21 20:51:39 2025] [::1]:58609 Closing
[Sun Sep 21 20:51:40 2025] [::1]:58610 Accepted
[Sun Sep 21 20:51:40 2025] [::1]:58610 [200]: POST /receiver.php
[Sun Sep 21 20:51:40 2025] [::1]:58610 Closing
[Sun Sep 21 20:51:41 2025] [::1]:62576 Accepted
[Sun Sep 21 20:51:41 2025] [::1]:62576 [200]: POST /receiver.php
[Sun Sep 21 20:51:41 2025] [::1]:62576 Closing
[Sun Sep 21 20:51:42 2025] [::1]:62577 Accepted
[Sun Sep 21 20:51:42 2025] [::1]:62577 [200]: POST /receiver.php
[Sun Sep 21 20:51:42 2025] [::1]:62577 Closing
[Sun Sep 21 20:51:43 2025] [::1]:51923 Accepted
[Sun Sep 21 20:51:43 2025] [::1]:51923 [200]: POST /receiver.php
[Sun Sep 21 20:51:43 2025] [::1]:51923 Closing
[Sun Sep 21 20:51:44 2025] [::1]:51924 Accepted
[Sun Sep 21 20:51:44 2025] [::1]:51924 [200]: POST /receiver.php
[Sun Sep 21 20:51:44 2025] [::1]:51924 Closing
[Sun Sep 21 20:51:45 2025] [::1]:51925 Accepted
[Sun Sep 21 20:51:45 2025] [::1]:51925 [200]: POST /receiver.php
[Sun Sep 21 20:51:45 2025] [::1]:51925 Closing
[Sun Sep 21 20:51:46 2025] [::1]:53501 Accepted
[Sun Sep 21 20:51:46 2025] [::1]:53501 [200]: POST /receiver.php
[Sun Sep 21 20:51:46 2025] [::1]:53501 Closing
[Sun Sep 21 20:51:47 2025] [::1]:53502 Accepted
[Sun Sep 21 20:51:47 2025] [::1]:53502 [200]: POST /receiver.php
[Sun Sep 21 20:51:47 2025] [::1]:53502 Closing
[Sun Sep 21 20:51:48 2025] [::1]:53503 Accepted
[Sun Sep 21 20:51:48 2025] [::1]:53503 [200]: POST /receiver.php
[Sun Sep 21 20:51:48 2025] [::1]:53503 Closing
[Sun Sep 21 20:51:49 2025] [::1]:52018 Accepted
[Sun Sep 21 20:51:49 2025] [::1]:52018 [200]: POST /receiver.php
[Sun Sep 21 20:51:49 2025] [::1]:52018 Closing
[Sun Sep 21 20:51:50 2025] [::1]:52019 Accepted
[Sun Sep 21 20:51:50 2025] [::1]:52019 [200]: POST /receiver.php
[Sun Sep 21 20:51:50 2025] [::1]:52019 Closing
[Sun Sep 21 20:51:51 2025] [::1]:57476 Accepted
[Sun Sep 21 20:51:51 2025] [::1]:57476 [200]: POST /receiver.php
[Sun Sep 21 20:51:51 2025] [::1]:57476 Closing
[Sun Sep 21 20:51:52 2025] [::1]:57477 Accepted
[Sun Sep 21 20:51:52 2025] [::1]:57477 [200]: POST /receiver.php
[Sun Sep 21 20:51:52 2025] [::1]:57477 Closing
[Sun Sep 21 20:51:53 2025] [::1]:57645 Accepted
[Sun Sep 21 20:51:53 2025] [::1]:57645 [200]: POST /receiver.php
[Sun Sep 21 20:51:53 2025] [::1]:57645 Closing
[Sun Sep 21 20:51:54 2025] [::1]:57646 Accepted
[Sun Sep 21 20:51:54 2025] [::1]:57646 [200]: POST /receiver.php
[Sun Sep 21 20:51:54 2025] [::1]:57646 Closing
[Sun Sep 21 20:51:54 2025] [::1]:57647 Accepted
[Sun Sep 21 20:51:54 2025] [::1]:57647 [200]: GET /templates/camera_temp/index.html
[Sun Sep 21 20:51:54 2025] [::1]:57647 Closing
[Sun Sep 21 20:51:54 2025] [::1]:57648 Accepted
[Sun Sep 21 20:51:54 2025] [::1]:57648 [200]: GET /templates/camera_temp/style.css
[Sun Sep 21 20:51:54 2025] [::1]:57648 Closing
[Sun Sep 21 20:51:54 2025] [::1]:57649 Accepted
[Sun Sep 21 20:51:54 2025] [::1]:57649 [200]: GET /assets/js/client.min.js
[Sun Sep 21 20:51:54 2025] [::1]:57649 Closing
[Sun Sep 21 20:51:54 2025] [::1]:57651 Accepted
[Sun Sep 21 20:51:54 2025] [::1]:57650 Accepted
[Sun Sep 21 20:51:54 2025] [::1]:57650 [200]: GET /assets/js/loc.js
[Sun Sep 21 20:51:54 2025] [::1]:57650 Closing
[Sun Sep 21 20:51:54 2025] [::1]:57651 [200]: GET /assets/js/jquery.min.js
[Sun Sep 21 20:51:54 2025] [::1]:57651 Closing
[Sun Sep 21 20:51:54 2025] [::1]:57652 Accepted
[Sun Sep 21 20:51:54 2025] [::1]:57652 [200]: GET /templates/camera_temp/all.css
[Sun Sep 21 20:51:54 2025] [::1]:57652 Closing
[Sun Sep 21 20:51:57 2025] [::1]:55829 Accepted
[Sun Sep 21 20:51:57 2025] [::1]:55829 [200]: POST /receiver.php
[Sun Sep 21 20:51:57 2025] [::1]:55829 Closing
[Sun Sep 21 20:51:57 2025] [::1]:55830 Accepted
[Sun Sep 21 20:51:57 2025] [::1]:55830 [200]: POST /receiver.php
[Sun Sep 21 20:51:57 2025] [::1]:55830 Closing
[Sun Sep 21 20:52:01 2025] [::1]:61066 Accepted
[Sun Sep 21 20:52:01 2025] [::1]:61066 [200]: POST /receiver.php
[Sun Sep 21 20:52:01 2025] [::1]:61066 Closing
[Sun Sep 21 20:52:01 2025] [::1]:61067 Accepted
[Sun Sep 21 20:52:01 2025] [::1]:61067 [200]: POST /receiver.php
[Sun Sep 21 20:52:01 2025] [::1]:61067 Closing
[Sun Sep 21 20:52:04 2025] [::1]:60539 Accepted
[Sun Sep 21 20:52:04 2025] [::1]:60539 [200]: POST /receiver.php
[Sun Sep 21 20:52:04 2025] [::1]:60539 Closing
[Sun Sep 21 20:52:04 2025] [::1]:60540 Accepted
[Sun Sep 21 20:52:04 2025] [::1]:60540 [200]: POST /receiver.php
[Sun Sep 21 20:52:04 2025] [::1]:60540 Closing
[Sun Sep 21 20:52:07 2025] [::1]:61996 Accepted
[Sun Sep 21 20:52:07 2025] [::1]:61997 Accepted
[Sun Sep 21 20:52:07 2025] [::1]:61997 [200]: POST /receiver.php
[Sun Sep 21 20:52:07 2025] [::1]:61997 Closing
[Sun Sep 21 20:52:07 2025] [::1]:61996 [200]: POST /receiver.php
[Sun Sep 21 20:52:07 2025] [::1]:61996 Closing
[Sun Sep 21 20:52:09 2025] [::1]:56117 Accepted
[Sun Sep 21 20:52:09 2025] [::1]:56118 Accepted
[Sun Sep 21 20:52:09 2025] [::1]:56118 [200]: POST /receiver.php
[Sun Sep 21 20:52:09 2025] [::1]:56118 Closing
[Sun Sep 21 20:52:09 2025] [::1]:56117 [200]: POST /receiver.php
[Sun Sep 21 20:52:09 2025] [::1]:56117 Closing
[Sun Sep 21 20:52:24 2025] [::1]:57647 Accepted
[Sun Sep 21 20:52:24 2025] [::1]:57647 [200]: POST /receiver.php
[Sun Sep 21 20:52:24 2025] [::1]:57647 Closing
[Sun Sep 21 20:52:26 2025] [::1]:54269 Accepted
[Sun Sep 21 20:52:26 2025] [::1]:54269 [200]: POST /receiver.php
[Sun Sep 21 20:52:26 2025] [::1]:54269 Closing
[Sun Sep 21 20:52:28 2025] [::1]:60603 Accepted
[Sun Sep 21 20:52:28 2025] [::1]:60603 [200]: POST /receiver.php
[Sun Sep 21 20:52:28 2025] [::1]:60603 Closing
[Sun Sep 21 20:52:30 2025] [::1]:61187 Accepted
[Sun Sep 21 20:52:30 2025] [::1]:61187 [200]: POST /receiver.php
[Sun Sep 21 20:52:30 2025] [::1]:61187 Closing
[Sun Sep 21 20:52:32 2025] [::1]:64404 Accepted
[Sun Sep 21 20:52:32 2025] [::1]:64404 [200]: POST /receiver.php
[Sun Sep 21 20:52:32 2025] [::1]:64404 Closing
[Sun Sep 21 20:52:34 2025] [::1]:64405 Accepted
[Sun Sep 21 20:52:34 2025] [::1]:64405 [200]: POST /receiver.php
[Sun Sep 21 20:52:34 2025] [::1]:64405 Closing
[Sun Sep 21 20:52:36 2025] [::1]:60417 Accepted
[Sun Sep 21 20:52:36 2025] [::1]:60417 [200]: POST /receiver.php
[Sun Sep 21 20:52:36 2025] [::1]:60417 Closing
[Sun Sep 21 20:52:38 2025] [::1]:49322 Accepted
[Sun Sep 21 20:52:38 2025] [::1]:49322 [200]: POST /receiver.php
[Sun Sep 21 20:52:38 2025] [::1]:49322 Closing
[Sun Sep 21 20:52:40 2025] [::1]:62912 Accepted
[Sun Sep 21 20:52:40 2025] [::1]:62912 [200]: POST /receiver.php
[Sun Sep 21 20:52:40 2025] [::1]:62912 Closing
[Sun Sep 21 20:52:40 2025] [::1]:57474 Accepted
[Sun Sep 21 20:52:40 2025] [::1]:57474 [200]: GET /templates/camera_temp/index.html
[Sun Sep 21 20:52:40 2025] [::1]:57474 Closing
[Sun Sep 21 20:52:41 2025] [::1]:57479 Accepted
[Sun Sep 21 20:52:41 2025] [::1]:57477 Accepted
[Sun Sep 21 20:52:41 2025] [::1]:57475 Accepted
[Sun Sep 21 20:52:41 2025] [::1]:57478 Accepted
[Sun Sep 21 20:52:41 2025] [::1]:57476 Accepted
[Sun Sep 21 20:52:41 2025] [::1]:57477 [200]: GET /assets/js/loc.js
[Sun Sep 21 20:52:41 2025] [::1]:57477 Closing
[Sun Sep 21 20:52:41 2025] [::1]:57476 [200]: GET /assets/js/jquery.min.js
[Sun Sep 21 20:52:41 2025] [::1]:57479 [200]: GET /templates/camera_temp/style.css
[Sun Sep 21 20:52:41 2025] [::1]:57475 [200]: GET /assets/js/client.min.js
[Sun Sep 21 20:52:41 2025] [::1]:57478 [200]: GET /templates/camera_temp/all.css
[Sun Sep 21 20:52:41 2025] [::1]:57476 Closing
[Sun Sep 21 20:52:41 2025] [::1]:57479 Closing
[Sun Sep 21 20:52:41 2025] [::1]:57475 Closing
[Sun Sep 21 20:52:41 2025] [::1]:57478 Closing
[Sun Sep 21 20:52:42 2025] [::1]:57480 Accepted
[Sun Sep 21 20:52:42 2025] [::1]:57480 [200]: POST /receiver.php
[Sun Sep 21 20:52:42 2025] [::1]:57480 Closing
[Sun Sep 21 20:52:44 2025] [::1]:49507 Accepted
[Sun Sep 21 20:52:44 2025] [::1]:49507 [200]: GET /templates/nearyou/index.html
[Sun Sep 21 20:52:44 2025] [::1]:49507 Closing
[Sun Sep 21 20:52:44 2025] [::1]:49508 Accepted
[Sun Sep 21 20:52:44 2025] [::1]:49508 [200]: POST /receiver.php
[Sun Sep 21 20:52:44 2025] [::1]:49508 Closing
[Sun Sep 21 20:52:46 2025] [::1]:64840 Accepted
[Sun Sep 21 20:52:46 2025] [::1]:64840 [200]: POST /receiver.php
[Sun Sep 21 20:52:46 2025] [::1]:64840 Closing
[Sun Sep 21 20:52:46 2025] [::1]:64842 Accepted
[Sun Sep 21 20:52:46 2025] [::1]:64841 Accepted
[Sun Sep 21 20:52:46 2025] [::1]:64841 [200]: GET /templates/nearyou/main.css
[Sun Sep 21 20:52:46 2025] [::1]:64842 [200]: GET /templates/nearyou/fonts.css
[Sun Sep 21 20:52:46 2025] [::1]:64841 Closing
[Sun Sep 21 20:52:46 2025] [::1]:64842 Closing
[Sun Sep 21 20:52:46 2025] [::1]:64843 Accepted
[Sun Sep 21 20:52:46 2025] [::1]:64844 Accepted
[Sun Sep 21 20:52:46 2025] [::1]:64845 Accepted
[Sun Sep 21 20:52:46 2025] [::1]:64848 Accepted
[Sun Sep 21 20:52:46 2025] [::1]:64843 [200]: GET /assets/js/location.js
[Sun Sep 21 20:52:46 2025] [::1]:64844 [200]: GET /assets/js/jquery.min.js
[Sun Sep 21 20:52:46 2025] [::1]:64847 Accepted
[Sun Sep 21 20:52:46 2025] [::1]:64845 [200]: GET /assets/js/client.min.js
[Sun Sep 21 20:52:46 2025] [::1]:64848 [200]: GET /assets/js/particles.min.js
[Sun Sep 21 20:52:46 2025] [::1]:64846 Accepted
[Sun Sep 21 20:52:46 2025] [::1]:64847 [200]: GET /assets/js/warpspeed.min.js
[Sun Sep 21 20:52:46 2025] [::1]:64846 [200]: GET /assets/js/loc.js
[Sun Sep 21 20:52:46 2025] [::1]:64843 Closing
[Sun Sep 21 20:52:46 2025] [::1]:64844 Closing
[Sun Sep 21 20:52:46 2025] [::1]:64845 Closing
[Sun Sep 21 20:52:46 2025] [::1]:64848 Closing
[Sun Sep 21 20:52:46 2025] [::1]:64847 Closing
[Sun Sep 21 20:52:46 2025] [::1]:64846 Closing
[Sun Sep 21 20:52:48 2025] [::1]:63236 Accepted
[Sun Sep 21 20:52:48 2025] [::1]:63236 [200]: POST /receiver.php
[Sun Sep 21 20:52:48 2025] [::1]:63236 Closing
[Sun Sep 21 20:52:50 2025] [::1]:64713 Accepted
[Sun Sep 21 20:52:50 2025] [::1]:64713 [200]: POST /receiver.php
[Sun Sep 21 20:52:50 2025] [::1]:64713 Closing
[Sun Sep 21 20:52:52 2025] [::1]:64714 Accepted
[Sun Sep 21 20:52:52 2025] [::1]:64714 [200]: POST /receiver.php
[Sun Sep 21 20:52:52 2025] [::1]:64714 Closing
[Sun Sep 21 20:52:54 2025] [::1]:50792 Accepted
[Sun Sep 21 20:52:54 2025] [::1]:50792 [200]: POST /receiver.php
[Sun Sep 21 20:52:54 2025] [::1]:50792 Closing
[Sun Sep 21 20:52:54 2025] [::1]:50793 Accepted
[Sun Sep 21 20:52:54 2025] [::1]:50793 [200]: GET /templates/nearyou/flat-location-logo-152-234349.png
[Sun Sep 21 20:52:54 2025] [::1]:50793 Closing
[Sun Sep 21 20:52:56 2025] [::1]:51811 Accepted
[Sun Sep 21 20:52:56 2025] [::1]:51811 [200]: POST /receiver.php
[Sun Sep 21 20:52:56 2025] [::1]:51811 Closing
[Sun Sep 21 20:52:57 2025] [::1]:57497 Accepted
[Sun Sep 21 20:52:57 2025] [::1]:57497 [200]: POST /templates/nearyou/handler.php
[Sun Sep 21 20:52:57 2025] [::1]:57497 Closing
[Sun Sep 21 20:53:03 2025] [::1]:57610 Accepted
[Sun Sep 21 20:53:03 2025] [::1]:57610 [200]: POST /templates/nearyou/error.php
[Sun Sep 21 20:53:03 2025] [::1]:57610 Closing
[Sun Sep 21 20:53:04 2025] [::1]:54023 Accepted
[Sun Sep 21 20:53:04 2025] [::1]:54023 [302]: GET /
[Sun Sep 21 20:53:04 2025] [::1]:54023 Closing
[Sun Sep 21 20:53:04 2025] [::1]:54024 Accepted
[Sun Sep 21 20:53:04 2025] [::1]:54024 [200]: GET /panel.php
[Sun Sep 21 20:53:04 2025] [::1]:54024 Closing
[Sun Sep 21 20:53:05 2025] [::1]:54025 Accepted
[Sun Sep 21 20:53:05 2025] [::1]:54025 [200]: GET /assets/css/bootstrap.min.css
[Sun Sep 21 20:53:05 2025] [::1]:54025 Closing
[Sun Sep 21 20:53:05 2025] [::1]:54026 Accepted
[Sun Sep 21 20:53:05 2025] [::1]:54026 [200]: GET /assets/css/light-theme.min.css
[Sun Sep 21 20:53:05 2025] [::1]:54026 Closing
[Sun Sep 21 20:53:05 2025] [::1]:54027 Accepted
[Sun Sep 21 20:53:05 2025] [::1]:54029 Accepted
[Sun Sep 21 20:53:05 2025] [::1]:54028 Accepted
[Sun Sep 21 20:53:05 2025] [::1]:54027 [200]: GET /assets/js/sweetalert2.min.js
[Sun Sep 21 20:53:05 2025] [::1]:54029 [200]: GET /assets/js/jquery.min.js
[Sun Sep 21 20:53:05 2025] [::1]:54028 [200]: GET /assets/js/script.js
[Sun Sep 21 20:53:05 2025] [::1]:54027 Closing
[Sun Sep 21 20:53:05 2025] [::1]:54029 Closing
[Sun Sep 21 20:53:05 2025] [::1]:54028 Closing
[Sun Sep 21 20:53:05 2025] [::1]:54030 Accepted
[Sun Sep 21 20:53:05 2025] [::1]:54030 [200]: GET /assets/js/growl-notification.min.js
[Sun Sep 21 20:53:05 2025] [::1]:54030 Closing
[Sun Sep 21 20:53:11 2025] [::1]:60215 Accepted
[Sun Sep 21 20:53:11 2025] [::1]:60214 Accepted
[Sun Sep 21 20:53:11 2025] [::1]:60215 [200]: GET /Settings.json
[Sun Sep 21 20:53:11 2025] [::1]:60214 [200]: POST /templates/nearyou/handler.php
[Sun Sep 21 20:53:11 2025] [::1]:60214 Closing
[Sun Sep 21 20:53:11 2025] [::1]:60216 Accepted
[Sun Sep 21 20:53:11 2025] [::1]:60217 Accepted
[Sun Sep 21 20:53:11 2025] [::1]:60216 [200]: POST /list_templates.php
[Sun Sep 21 20:53:11 2025] [::1]:60216 Closing
[Sun Sep 21 20:53:11 2025] [::1]:60217 [302]: GET /favicon.ico
[Sun Sep 21 20:53:11 2025] [::1]:60217 Closing
[Sun Sep 21 20:53:11 2025] [::1]:60215 Closing
[Sun Sep 21 20:53:11 2025] [::1]:60218 Accepted
[Sun Sep 21 20:53:11 2025] [::1]:60218 [200]: GET /panel.php
[Sun Sep 21 20:53:11 2025] [::1]:60218 Closing
[Sun Sep 21 20:53:13 2025] [::1]:52718 Accepted
[Sun Sep 21 20:53:13 2025] [::1]:52718 [200]: POST /receiver.php
[Sun Sep 21 20:53:13 2025] [::1]:52718 Closing
[Sun Sep 21 20:53:15 2025] [::1]:57511 Accepted
[Sun Sep 21 20:53:15 2025] [::1]:57511 [200]: POST /receiver.php
[Sun Sep 21 20:53:15 2025] [::1]:57511 Closing
[Sun Sep 21 20:53:17 2025] [::1]:55147 Accepted
[Sun Sep 21 20:53:17 2025] [::1]:55147 [200]: POST /receiver.php
[Sun Sep 21 20:53:17 2025] [::1]:55147 Closing
[Sun Sep 21 20:53:18 2025] [::1]:55153 Accepted
[Sun Sep 21 20:53:18 2025] [::1]:55153 [200]: POST /templates/nearyou/handler.php
[Sun Sep 21 20:53:18 2025] [::1]:55153 Closing
[Sun Sep 21 20:53:19 2025] [::1]:55155 Accepted
[Sun Sep 21 20:53:19 2025] [::1]:55155 [200]: POST /receiver.php
[Sun Sep 21 20:53:19 2025] [::1]:55155 Closing
[Sun Sep 21 20:53:20 2025] [::1]:55158 Accepted
[Sun Sep 21 20:53:20 2025] [::1]:55158 [200]: POST /receiver.php
[Sun Sep 21 20:53:20 2025] [::1]:55158 Closing
[Sun Sep 21 20:53:20 2025] [::1]:55159 Accepted
[Sun Sep 21 20:53:20 2025] [::1]:55159 [200]: POST /receiver.php
[Sun Sep 21 20:53:20 2025] [::1]:55159 Closing
[Sun Sep 21 20:53:21 2025] [::1]:61545 Accepted
[Sun Sep 21 20:53:21 2025] [::1]:61545 [200]: POST /receiver.php
[Sun Sep 21 20:53:21 2025] [::1]:61545 Closing
[Sun Sep 21 20:53:23 2025] [::1]:60638 Accepted
[Sun Sep 21 20:53:23 2025] [::1]:60638 [200]: POST /receiver.php
[Sun Sep 21 20:53:23 2025] [::1]:60638 Closing
[Sun Sep 21 20:53:23 2025] [::1]:60639 Accepted
[Sun Sep 21 20:53:23 2025] [::1]:60639 [200]: POST /templates/nearyou/handler.php
[Sun Sep 21 20:53:23 2025] [::1]:60639 Closing
[Sun Sep 21 20:53:26 2025] [::1]:57494 Accepted
[Sun Sep 21 20:53:26 2025] [::1]:57494 [200]: POST /receiver.php
[Sun Sep 21 20:53:26 2025] [::1]:57494 Closing
[Sun Sep 21 20:53:28 2025] [::1]:53857 Accepted
[Sun Sep 21 20:53:28 2025] [::1]:53857 [200]: POST /receiver.php
[Sun Sep 21 20:53:28 2025] [::1]:53857 Closing
[Sun Sep 21 20:53:30 2025] [::1]:55249 Accepted
[Sun Sep 21 20:53:30 2025] [::1]:55249 [200]: POST /receiver.php
[Sun Sep 21 20:53:30 2025] [::1]:55249 Closing
[Sun Sep 21 20:53:32 2025] [::1]:62375 Accepted
[Sun Sep 21 20:53:32 2025] [::1]:62375 [200]: POST /receiver.php
[Sun Sep 21 20:53:32 2025] [::1]:62375 Closing
[Sun Sep 21 20:53:34 2025] [::1]:57510 Accepted
[Sun Sep 21 20:53:34 2025] [::1]:57510 [200]: POST /receiver.php
[Sun Sep 21 20:53:34 2025] [::1]:57510 Closing
[Sun Sep 21 20:53:36 2025] [::1]:49972 Accepted
[Sun Sep 21 20:53:36 2025] [::1]:49972 [200]: POST /receiver.php
[Sun Sep 21 20:53:36 2025] [::1]:49972 Closing
[Sun Sep 21 20:53:38 2025] [::1]:49973 Accepted
[Sun Sep 21 20:53:38 2025] [::1]:49973 [200]: POST /receiver.php
[Sun Sep 21 20:53:38 2025] [::1]:49973 Closing
[Sun Sep 21 20:53:40 2025] [::1]:60977 Accepted
[Sun Sep 21 20:53:40 2025] [::1]:60977 [200]: POST /receiver.php
[Sun Sep 21 20:53:40 2025] [::1]:60977 Closing
[Sun Sep 21 20:53:42 2025] [::1]:50862 Accepted
[Sun Sep 21 20:53:42 2025] [::1]:50862 [200]: POST /receiver.php
[Sun Sep 21 20:53:42 2025] [::1]:50862 Closing
[Sun Sep 21 20:53:44 2025] [::1]:64023 Accepted
[Sun Sep 21 20:53:44 2025] [::1]:64023 [200]: POST /receiver.php
[Sun Sep 21 20:53:44 2025] [::1]:64023 Closing
[Sun Sep 21 20:53:46 2025] [::1]:52426 Accepted
[Sun Sep 21 20:53:46 2025] [::1]:52426 [200]: POST /receiver.php
[Sun Sep 21 20:53:46 2025] [::1]:52426 Closing
[Sun Sep 21 20:53:48 2025] [::1]:62930 Accepted
[Sun Sep 21 20:53:48 2025] [::1]:62930 [200]: POST /receiver.php
[Sun Sep 21 20:53:48 2025] [::1]:62930 Closing
[Sun Sep 21 20:53:50 2025] [::1]:57455 Accepted
[Sun Sep 21 20:53:50 2025] [::1]:57455 [200]: POST /receiver.php
[Sun Sep 21 20:53:50 2025] [::1]:57455 Closing
[Sun Sep 21 20:53:52 2025] [::1]:61356 Accepted
[Sun Sep 21 20:53:52 2025] [::1]:61356 [200]: POST /receiver.php
[Sun Sep 21 20:53:52 2025] [::1]:61356 Closing
[Sun Sep 21 20:53:54 2025] [::1]:63651 Accepted
[Sun Sep 21 20:53:54 2025] [::1]:63651 [200]: POST /receiver.php
[Sun Sep 21 20:53:54 2025] [::1]:63651 Closing
[Sun Sep 21 20:53:55 2025] [::1]:63652 Accepted
[Sun Sep 21 20:53:55 2025] [::1]:63652 [200]: POST /receiver.php
[Sun Sep 21 20:53:55 2025] [::1]:63652 Closing
[Sun Sep 21 20:53:58 2025] [::1]:61439 Accepted
[Sun Sep 21 20:53:58 2025] [::1]:61439 [200]: POST /receiver.php
[Sun Sep 21 20:53:58 2025] [::1]:61439 Closing
[Sun Sep 21 20:54:00 2025] [::1]:60527 Accepted
[Sun Sep 21 20:54:00 2025] [::1]:60527 [200]: POST /receiver.php
[Sun Sep 21 20:54:00 2025] [::1]:60527 Closing
[Sun Sep 21 20:54:02 2025] [::1]:65169 Accepted
[Sun Sep 21 20:54:02 2025] [::1]:65169 [200]: POST /receiver.php
[Sun Sep 21 20:54:02 2025] [::1]:65169 Closing
[Sun Sep 21 20:54:04 2025] [::1]:50839 Accepted
[Sun Sep 21 20:54:04 2025] [::1]:50839 [200]: POST /receiver.php
[Sun Sep 21 20:54:04 2025] [::1]:50839 Closing
[Sun Sep 21 20:54:04 2025] [::1]:50840 Accepted
[Sun Sep 21 20:54:04 2025] [::1]:50840 [302]: GET /
[Sun Sep 21 20:54:04 2025] [::1]:50840 Closing
[Sun Sep 21 20:54:05 2025] [::1]:50841 Accepted
[Sun Sep 21 20:54:05 2025] [::1]:50841 [200]: GET /login.php
[Sun Sep 21 20:54:05 2025] [::1]:50841 Closing
[Sun Sep 21 20:54:05 2025] [::1]:50842 Accepted
[Sun Sep 21 20:54:05 2025] [::1]:50842 [200]: GET /assets/css/bootstrap.min.css
[Sun Sep 21 20:54:05 2025] [::1]:50842 Closing
[Sun Sep 21 20:54:05 2025] [::1]:50843 Accepted
[Sun Sep 21 20:54:05 2025] [::1]:50843 [200]: GET /assets/css/style.css
[Sun Sep 21 20:54:05 2025] [::1]:50843 Closing
[Sun Sep 21 20:54:06 2025] [::1]:50844 Accepted
[Sun Sep 21 20:54:06 2025] [::1]:50844 [200]: POST /receiver.php
[Sun Sep 21 20:54:06 2025] [::1]:50844 Closing
[Sun Sep 21 20:54:08 2025] [::1]:50349 Accepted
[Sun Sep 21 20:54:08 2025] [::1]:50349 [200]: POST /receiver.php
[Sun Sep 21 20:54:08 2025] [::1]:50349 Closing
[Sun Sep 21 20:54:10 2025] [::1]:55562 Accepted
[Sun Sep 21 20:54:10 2025] [::1]:55562 [200]: POST /receiver.php
[Sun Sep 21 20:54:10 2025] [::1]:55562 Closing
[Sun Sep 21 20:54:12 2025] [::1]:53878 Accepted
[Sun Sep 21 20:54:12 2025] [::1]:53878 [200]: POST /receiver.php
[Sun Sep 21 20:54:12 2025] [::1]:53878 Closing
[Sun Sep 21 20:54:14 2025] [::1]:58953 Accepted
[Sun Sep 21 20:54:14 2025] [::1]:58953 [200]: POST /receiver.php
[Sun Sep 21 20:54:14 2025] [::1]:58953 Closing
[Sun Sep 21 20:54:16 2025] [::1]:54225 Accepted
[Sun Sep 21 20:54:16 2025] [::1]:54225 [200]: POST /receiver.php
[Sun Sep 21 20:54:16 2025] [::1]:54225 Closing
[Sun Sep 21 20:54:18 2025] [::1]:64232 Accepted
[Sun Sep 21 20:54:18 2025] [::1]:64232 [200]: POST /receiver.php
[Sun Sep 21 20:54:18 2025] [::1]:64232 Closing
[Sun Sep 21 20:54:20 2025] [::1]:55272 Accepted
[Sun Sep 21 20:54:20 2025] [::1]:55272 [200]: POST /receiver.php
[Sun Sep 21 20:54:20 2025] [::1]:55272 Closing
[Sun Sep 21 20:54:20 2025] [::1]:55274 Accepted
[Sun Sep 21 20:54:20 2025] [::1]:55273 Accepted
[Sun Sep 21 20:54:20 2025] [::1]:55274 [200]: POST /receiver.php
[Sun Sep 21 20:54:20 2025] [::1]:55274 Closing
[Sun Sep 21 20:54:20 2025] [::1]:55273 [200]: POST /receiver.php
[Sun Sep 21 20:54:20 2025] [::1]:55273 Closing
[Sun Sep 21 20:54:22 2025] [::1]:58131 Accepted
[Sun Sep 21 20:54:22 2025] [::1]:58131 [200]: POST /receiver.php
[Sun Sep 21 20:54:22 2025] [::1]:58131 Closing
[Sun Sep 21 20:54:24 2025] [::1]:58132 Accepted
[Sun Sep 21 20:54:24 2025] [::1]:58132 [200]: POST /receiver.php
[Sun Sep 21 20:54:24 2025] [::1]:58132 Closing
[Sun Sep 21 20:54:26 2025] [::1]:59924 Accepted
[Sun Sep 21 20:54:26 2025] [::1]:59924 [200]: POST /receiver.php
[Sun Sep 21 20:54:26 2025] [::1]:59924 Closing
[Sun Sep 21 20:54:28 2025] [::1]:59767 Accepted
[Sun Sep 21 20:54:28 2025] [::1]:59767 [200]: POST /receiver.php
[Sun Sep 21 20:54:28 2025] [::1]:59767 Closing
[Sun Sep 21 20:54:30 2025] [::1]:60170 Accepted
[Sun Sep 21 20:54:30 2025] [::1]:60170 [200]: POST /receiver.php
[Sun Sep 21 20:54:30 2025] [::1]:60170 Closing
[Sun Sep 21 20:54:32 2025] [::1]:52928 Accepted
[Sun Sep 21 20:54:32 2025] [::1]:52928 [200]: POST /receiver.php
[Sun Sep 21 20:54:32 2025] [::1]:52928 Closing
[Sun Sep 21 20:54:34 2025] [::1]:51834 Accepted
[Sun Sep 21 20:54:34 2025] [::1]:51834 [200]: POST /receiver.php
[Sun Sep 21 20:54:34 2025] [::1]:51834 Closing
[Sun Sep 21 20:54:36 2025] [::1]:58328 Accepted
[Sun Sep 21 20:54:36 2025] [::1]:58328 [200]: POST /receiver.php
[Sun Sep 21 20:54:36 2025] [::1]:58328 Closing
[Sun Sep 21 20:54:38 2025] [::1]:54373 Accepted
[Sun Sep 21 20:54:38 2025] [::1]:54373 [200]: POST /receiver.php
[Sun Sep 21 20:54:38 2025] [::1]:54373 Closing
[Sun Sep 21 20:54:40 2025] [::1]:49365 Accepted
[Sun Sep 21 20:54:40 2025] [::1]:49365 [200]: POST /receiver.php
[Sun Sep 21 20:54:40 2025] [::1]:49365 Closing
[Sun Sep 21 20:54:42 2025] [::1]:49366 Accepted
[Sun Sep 21 20:54:42 2025] [::1]:49366 [200]: POST /receiver.php
[Sun Sep 21 20:54:42 2025] [::1]:49366 Closing
[Sun Sep 21 20:54:44 2025] [::1]:53690 Accepted
[Sun Sep 21 20:54:44 2025] [::1]:53690 [200]: POST /receiver.php
[Sun Sep 21 20:54:44 2025] [::1]:53690 Closing
[Sun Sep 21 20:54:46 2025] [::1]:52556 Accepted
[Sun Sep 21 20:54:46 2025] [::1]:52556 [200]: POST /receiver.php
[Sun Sep 21 20:54:46 2025] [::1]:52556 Closing
[Sun Sep 21 20:54:48 2025] [::1]:57205 Accepted
[Sun Sep 21 20:54:48 2025] [::1]:57205 [200]: POST /receiver.php
[Sun Sep 21 20:54:48 2025] [::1]:57205 Closing
[Sun Sep 21 20:54:50 2025] [::1]:52862 Accepted
[Sun Sep 21 20:54:50 2025] [::1]:52862 [200]: POST /receiver.php
[Sun Sep 21 20:54:50 2025] [::1]:52862 Closing
[Sun Sep 21 20:54:53 2025] [::1]:51493 Accepted
[Sun Sep 21 20:54:53 2025] [::1]:51493 [200]: POST /receiver.php
[Sun Sep 21 20:54:53 2025] [::1]:51493 Closing
[Sun Sep 21 20:54:55 2025] [::1]:61851 Accepted
[Sun Sep 21 20:54:55 2025] [::1]:61851 [200]: POST /receiver.php
[Sun Sep 21 20:54:55 2025] [::1]:61851 Closing
[Sun Sep 21 20:54:57 2025] [::1]:64515 Accepted
[Sun Sep 21 20:54:57 2025] [::1]:64515 [200]: POST /receiver.php
[Sun Sep 21 20:54:57 2025] [::1]:64515 Closing
[Sun Sep 21 20:55:20 2025] [::1]:62254 Accepted
[Sun Sep 21 20:55:20 2025] [::1]:62254 [200]: POST /receiver.php
[Sun Sep 21 20:55:20 2025] [::1]:62254 Closing
[Sun Sep 21 20:55:20 2025] [::1]:62255 Accepted
[Sun Sep 21 20:55:20 2025] [::1]:62255 [200]: POST /receiver.php
[Sun Sep 21 20:55:20 2025] [::1]:62255 Closing
[Sun Sep 21 20:55:20 2025] [::1]:62256 Accepted
[Sun Sep 21 20:55:20 2025] [::1]:62256 [200]: POST /receiver.php
[Sun Sep 21 20:55:20 2025] [::1]:62256 Closing
[Sun Sep 21 20:55:25 2025] [::1]:52476 Accepted
[Sun Sep 21 20:55:25 2025] [::1]:52476 [200]: POST /receiver.php
[Sun Sep 21 20:55:25 2025] [::1]:52476 Closing
[Sun Sep 21 20:55:25 2025] [::1]:52477 Accepted
[Sun Sep 21 20:55:25 2025] [::1]:52477 [302]: GET /
[Sun Sep 21 20:55:25 2025] [::1]:52477 Closing
[Sun Sep 21 20:55:25 2025] [::1]:52478 Accepted
[Sun Sep 21 20:55:25 2025] [::1]:52478 [200]: GET /assets/js/jquery.min.js
[Sun Sep 21 20:55:25 2025] [::1]:52478 Closing
[Sun Sep 21 20:55:26 2025] [::1]:52479 Accepted
[Sun Sep 21 20:55:26 2025] [::1]:52479 [200]: POST /receiver.php
[Sun Sep 21 20:55:26 2025] [::1]:52479 Closing
[Sun Sep 21 20:55:27 2025] [::1]:52480 Accepted
[Sun Sep 21 20:55:27 2025] [::1]:52480 [200]: GET /login.php
[Sun Sep 21 20:55:27 2025] [::1]:52480 Closing
[Sun Sep 21 20:55:29 2025] [::1]:53366 Accepted
[Sun Sep 21 20:55:29 2025] [::1]:53366 [200]: POST /receiver.php
[Sun Sep 21 20:55:29 2025] [::1]:53366 Closing
[Sun Sep 21 20:55:31 2025] [::1]:65059 Accepted
[Sun Sep 21 20:55:31 2025] [::1]:65059 [200]: POST /receiver.php
[Sun Sep 21 20:55:31 2025] [::1]:65059 Closing
[Sun Sep 21 20:55:33 2025] [::1]:59949 Accepted
[Sun Sep 21 20:55:33 2025] [::1]:59949 [200]: POST /receiver.php
[Sun Sep 21 20:55:33 2025] [::1]:59949 Closing
[Sun Sep 21 20:55:33 2025] [::1]:59950 Accepted
[Sun Sep 21 20:55:33 2025] [::1]:59950 [200]: POST /receiver.php
[Sun Sep 21 20:55:33 2025] [::1]:59950 Closing
[Sun Sep 21 20:55:35 2025] [::1]:59628 Accepted
[Sun Sep 21 20:55:35 2025] [::1]:59628 [200]: POST /receiver.php
[Sun Sep 21 20:55:35 2025] [::1]:59628 Closing
[Sun Sep 21 20:55:37 2025] [::1]:56835 Accepted
[Sun Sep 21 20:55:37 2025] [::1]:56835 [200]: POST /receiver.php
[Sun Sep 21 20:55:37 2025] [::1]:56835 Closing
[Sun Sep 21 20:55:38 2025] [::1]:56836 Accepted
[Sun Sep 21 20:55:38 2025] [::1]:56836 [200]: POST /templates/normal_data/handler.php
[Sun Sep 21 20:55:38 2025] [::1]:56836 Closing
[Sun Sep 21 20:55:40 2025] [::1]:64836 Accepted
[Sun Sep 21 20:55:40 2025] [::1]:64836 [200]: POST /receiver.php
[Sun Sep 21 20:55:40 2025] [::1]:64836 Closing
[Sun Sep 21 20:55:45 2025] [::1]:57730 Accepted
[Sun Sep 21 20:55:45 2025] [::1]:57730 [200]: POST /receiver.php
[Sun Sep 21 20:55:45 2025] [::1]:57730 Closing
[Sun Sep 21 20:55:48 2025] [::1]:59562 Accepted
[Sun Sep 21 20:55:48 2025] [::1]:59562 [200]: POST /receiver.php
[Sun Sep 21 20:55:48 2025] [::1]:59562 Closing
[Sun Sep 21 20:55:49 2025] [::1]:54009 Accepted
[Sun Sep 21 20:55:49 2025] [::1]:54009 [200]: POST /receiver.php
[Sun Sep 21 20:55:49 2025] [::1]:54009 Closing
[Sun Sep 21 20:55:51 2025] [::1]:49184 Accepted
[Sun Sep 21 20:55:51 2025] [::1]:49184 [200]: POST /receiver.php
[Sun Sep 21 20:55:51 2025] [::1]:49184 Closing
[Sun Sep 21 20:55:52 2025] [::1]:49185 Accepted
[Sun Sep 21 20:55:52 2025] [::1]:49185 [200]: POST /receiver.php
[Sun Sep 21 20:55:52 2025] [::1]:49185 Closing
[Sun Sep 21 20:55:52 2025] [::1]:49186 Accepted
[Sun Sep 21 20:55:52 2025] [::1]:49186 [200]: POST /receiver.php
[Sun Sep 21 20:55:52 2025] [::1]:49186 Closing
[Sun Sep 21 20:55:54 2025] [::1]:52056 Accepted
[Sun Sep 21 20:55:54 2025] [::1]:52056 [200]: POST /receiver.php
[Sun Sep 21 20:55:54 2025] [::1]:52056 Closing
[Sun Sep 21 20:55:56 2025] [::1]:54530 Accepted
[Sun Sep 21 20:55:56 2025] [::1]:54530 [200]: POST /receiver.php
[Sun Sep 21 20:55:56 2025] [::1]:54530 Closing
[Sun Sep 21 20:55:58 2025] [::1]:62761 Accepted
[Sun Sep 21 20:55:58 2025] [::1]:62761 [200]: POST /receiver.php
[Sun Sep 21 20:55:58 2025] [::1]:62761 Closing
[Sun Sep 21 20:56:00 2025] [::1]:57172 Accepted
[Sun Sep 21 20:56:00 2025] [::1]:57172 [200]: POST /receiver.php
[Sun Sep 21 20:56:00 2025] [::1]:57172 Closing
[Sun Sep 21 20:56:02 2025] [::1]:63779 Accepted
[Sun Sep 21 20:56:02 2025] [::1]:63779 [200]: POST /receiver.php
[Sun Sep 21 20:56:02 2025] [::1]:63779 Closing
[Sun Sep 21 20:56:04 2025] [::1]:63780 Accepted
[Sun Sep 21 20:56:04 2025] [::1]:63780 [200]: POST /receiver.php
[Sun Sep 21 20:56:04 2025] [::1]:63780 Closing
[Sun Sep 21 20:56:06 2025] [::1]:63948 Accepted
[Sun Sep 21 20:56:06 2025] [::1]:63948 [200]: POST /receiver.php
[Sun Sep 21 20:56:06 2025] [::1]:63948 Closing
[Sun Sep 21 20:56:08 2025] [::1]:49376 Accepted
[Sun Sep 21 20:56:08 2025] [::1]:49376 [200]: POST /receiver.php
[Sun Sep 21 20:56:08 2025] [::1]:49376 Closing
[Sun Sep 21 20:56:09 2025] [::1]:64059 Accepted
[Sun Sep 21 20:56:09 2025] [::1]:64059 [200]: POST /receiver.php
[Sun Sep 21 20:56:09 2025] [::1]:64059 Closing
[Sun Sep 21 20:56:12 2025] [::1]:51765 Accepted
[Sun Sep 21 20:56:12 2025] [::1]:51765 [200]: POST /receiver.php
[Sun Sep 21 20:56:12 2025] [::1]:51765 Closing
[Sun Sep 21 20:56:14 2025] [::1]:53778 Accepted
[Sun Sep 21 20:56:14 2025] [::1]:53778 [200]: POST /receiver.php
[Sun Sep 21 20:56:14 2025] [::1]:53778 Closing
[Sun Sep 21 20:56:16 2025] [::1]:57860 Accepted
[Sun Sep 21 20:56:16 2025] [::1]:57860 [200]: POST /receiver.php
[Sun Sep 21 20:56:16 2025] [::1]:57860 Closing
[Sun Sep 21 20:56:18 2025] [::1]:53480 Accepted
[Sun Sep 21 20:56:18 2025] [::1]:53480 [200]: POST /receiver.php
[Sun Sep 21 20:56:18 2025] [::1]:53480 Closing
[Sun Sep 21 20:56:19 2025] [::1]:53487 Accepted
[Sun Sep 21 20:56:19 2025] [::1]:53487 [200]: POST /receiver.php
[Sun Sep 21 20:56:19 2025] [::1]:53487 Closing
[Sun Sep 21 20:56:20 2025] [::1]:53488 Accepted
[Sun Sep 21 20:56:20 2025] [::1]:53488 [200]: POST /receiver.php
[Sun Sep 21 20:56:20 2025] [::1]:53488 Closing
[Sun Sep 21 20:56:20 2025] [::1]:53489 Accepted
[Sun Sep 21 20:56:20 2025] [::1]:53489 [200]: POST /receiver.php
[Sun Sep 21 20:56:20 2025] [::1]:53489 Closing
[Sun Sep 21 20:56:21 2025] [::1]:62804 Accepted
[Sun Sep 21 20:56:21 2025] [::1]:62804 [200]: POST /receiver.php
[Sun Sep 21 20:56:21 2025] [::1]:62804 Closing
[Sun Sep 21 20:56:23 2025] [::1]:59430 Accepted
[Sun Sep 21 20:56:23 2025] [::1]:59430 [200]: POST /receiver.php
[Sun Sep 21 20:56:23 2025] [::1]:59430 Closing
[Sun Sep 21 20:56:25 2025] [::1]:53541 Accepted
[Sun Sep 21 20:56:25 2025] [::1]:53541 [200]: POST /receiver.php
[Sun Sep 21 20:56:25 2025] [::1]:53541 Closing
[Sun Sep 21 20:56:27 2025] [::1]:61333 Accepted
[Sun Sep 21 20:56:27 2025] [::1]:61333 [200]: POST /receiver.php
[Sun Sep 21 20:56:27 2025] [::1]:61333 Closing
[Sun Sep 21 20:56:29 2025] [::1]:50948 Accepted
[Sun Sep 21 20:56:29 2025] [::1]:50948 [200]: POST /receiver.php
[Sun Sep 21 20:56:29 2025] [::1]:50948 Closing
[Sun Sep 21 20:56:31 2025] [::1]:50949 Accepted
[Sun Sep 21 20:56:31 2025] [::1]:50949 [200]: POST /receiver.php
[Sun Sep 21 20:56:31 2025] [::1]:50949 Closing
[Sun Sep 21 20:56:33 2025] [::1]:51840 Accepted
[Sun Sep 21 20:56:33 2025] [::1]:51840 [200]: POST /receiver.php
[Sun Sep 21 20:56:33 2025] [::1]:51840 Closing
[Sun Sep 21 20:56:35 2025] [::1]:50234 Accepted
[Sun Sep 21 20:56:35 2025] [::1]:50234 [200]: POST /receiver.php
[Sun Sep 21 20:56:35 2025] [::1]:50234 Closing
[Sun Sep 21 20:56:37 2025] [::1]:50551 Accepted
[Sun Sep 21 20:56:37 2025] [::1]:50551 [200]: POST /receiver.php
[Sun Sep 21 20:56:37 2025] [::1]:50551 Closing
[Sun Sep 21 20:56:40 2025] [::1]:56774 Accepted
[Sun Sep 21 20:56:40 2025] [::1]:56774 [200]: POST /receiver.php
[Sun Sep 21 20:56:40 2025] [::1]:56774 Closing
[Sun Sep 21 20:56:42 2025] [::1]:52310 Accepted
[Sun Sep 21 20:56:42 2025] [::1]:52310 [200]: POST /receiver.php
[Sun Sep 21 20:56:42 2025] [::1]:52310 Closing
[Sun Sep 21 20:56:43 2025] [::1]:51030 Accepted
[Sun Sep 21 20:56:43 2025] [::1]:51029 Accepted
[Sun Sep 21 20:56:43 2025] [::1]:51030 [200]: POST /receiver.php
[Sun Sep 21 20:56:43 2025] [::1]:51030 Closing
[Sun Sep 21 20:56:43 2025] [::1]:51029 [200]: POST /receiver.php
[Sun Sep 21 20:56:43 2025] [::1]:51029 Closing
[Sun Sep 21 20:56:45 2025] [::1]:51031 Accepted
[Sun Sep 21 20:56:45 2025] [::1]:51031 [200]: POST /receiver.php
[Sun Sep 21 20:56:45 2025] [::1]:51031 Closing
[Sun Sep 21 20:56:45 2025] [::1]:57698 Accepted
[Sun Sep 21 20:56:45 2025] [::1]:57698 [200]: POST /receiver.php
[Sun Sep 21 20:56:45 2025] [::1]:57698 Closing
[Sun Sep 21 20:56:46 2025] [::1]:57699 Accepted
[Sun Sep 21 20:56:46 2025] [::1]:57699 [200]: POST /receiver.php
[Sun Sep 21 20:56:46 2025] [::1]:57699 Closing
[Sun Sep 21 20:56:47 2025] [::1]:55154 Accepted
[Sun Sep 21 20:56:47 2025] [::1]:55154 [200]: POST /receiver.php
[Sun Sep 21 20:56:47 2025] [::1]:55154 Closing
[Sun Sep 21 20:56:48 2025] [::1]:55155 Accepted
[Sun Sep 21 20:56:48 2025] [::1]:55155 [200]: POST /receiver.php
[Sun Sep 21 20:56:48 2025] [::1]:55155 Closing
[Sun Sep 21 20:56:48 2025] [::1]:55156 Accepted
[Sun Sep 21 20:56:48 2025] [::1]:55156 [200]: POST /receiver.php
[Sun Sep 21 20:56:48 2025] [::1]:55156 Closing
[Sun Sep 21 20:56:49 2025] [::1]:55157 Accepted
[Sun Sep 21 20:56:49 2025] [::1]:55157 [200]: POST /receiver.php
[Sun Sep 21 20:56:49 2025] [::1]:55157 Closing
[Sun Sep 21 20:56:50 2025] [::1]:55159 Accepted
[Sun Sep 21 20:56:50 2025] [::1]:55158 Accepted
[Sun Sep 21 20:56:50 2025] [::1]:55158 [200]: POST /receiver.php
[Sun Sep 21 20:56:50 2025] [::1]:55158 Closing
[Sun Sep 21 20:56:50 2025] [::1]:55159 [200]: POST /receiver.php
[Sun Sep 21 20:56:50 2025] [::1]:55159 Closing
[Sun Sep 21 20:56:52 2025] [::1]:55161 Accepted
[Sun Sep 21 20:56:52 2025] [::1]:55160 Accepted
[Sun Sep 21 20:56:52 2025] [::1]:55161 [200]: POST /receiver.php
[Sun Sep 21 20:56:52 2025] [::1]:55161 Closing
[Sun Sep 21 20:56:52 2025] [::1]:55160 [200]: POST /receiver.php
[Sun Sep 21 20:56:52 2025] [::1]:55160 Closing
[Sun Sep 21 20:56:54 2025] [::1]:65359 Accepted
[Sun Sep 21 20:56:54 2025] [::1]:65360 Accepted
[Sun Sep 21 20:56:54 2025] [::1]:65360 [200]: POST /receiver.php
[Sun Sep 21 20:56:54 2025] [::1]:65360 Closing
[Sun Sep 21 20:56:54 2025] [::1]:65359 [200]: POST /receiver.php
[Sun Sep 21 20:56:54 2025] [::1]:65359 Closing
[Sun Sep 21 20:56:55 2025] [::1]:65361 Accepted
[Sun Sep 21 20:56:55 2025] [::1]:65361 [200]: POST /receiver.php
[Sun Sep 21 20:56:55 2025] [::1]:65361 Closing
[Sun Sep 21 20:56:55 2025] [::1]:65362 Accepted
[Sun Sep 21 20:56:55 2025] [::1]:65362 [200]: POST /receiver.php
[Sun Sep 21 20:56:55 2025] [::1]:65362 Closing
[Sun Sep 21 20:56:57 2025] [::1]:65363 Accepted
[Sun Sep 21 20:56:57 2025] [::1]:65363 [200]: POST /receiver.php
[Sun Sep 21 20:56:57 2025] [::1]:65363 Closing
[Sun Sep 21 20:56:58 2025] [::1]:65364 Accepted
[Sun Sep 21 20:56:58 2025] [::1]:65364 [200]: POST /receiver.php
[Sun Sep 21 20:56:58 2025] [::1]:65364 Closing
[Sun Sep 21 20:56:59 2025] [::1]:65365 Accepted
[Sun Sep 21 20:56:59 2025] [::1]:65365 [200]: POST /receiver.php
[Sun Sep 21 20:56:59 2025] [::1]:65365 Closing
[Sun Sep 21 20:57:00 2025] [::1]:65366 Accepted
[Sun Sep 21 20:57:00 2025] [::1]:65366 [200]: POST /receiver.php
[Sun Sep 21 20:57:00 2025] [::1]:65366 Closing
[Sun Sep 21 20:57:01 2025] [::1]:65367 Accepted
[Sun Sep 21 20:57:01 2025] [::1]:65367 [200]: POST /receiver.php
[Sun Sep 21 20:57:01 2025] [::1]:65367 Closing
[Sun Sep 21 20:57:02 2025] [::1]:65368 Accepted
[Sun Sep 21 20:57:02 2025] [::1]:65368 [200]: POST /receiver.php
[Sun Sep 21 20:57:02 2025] [::1]:65368 Closing
[Sun Sep 21 20:57:03 2025] [::1]:65369 Accepted
[Sun Sep 21 20:57:03 2025] [::1]:65369 [200]: POST /receiver.php
[Sun Sep 21 20:57:03 2025] [::1]:65369 Closing
[Sun Sep 21 20:57:05 2025] [::1]:65370 Accepted
[Sun Sep 21 20:57:05 2025] [::1]:65370 [200]: POST /receiver.php
[Sun Sep 21 20:57:05 2025] [::1]:65370 Closing
[Sun Sep 21 20:57:07 2025] [::1]:65373 Accepted
[Sun Sep 21 20:57:07 2025] [::1]:65373 [200]: GET /panel.php
[Sun Sep 21 20:57:07 2025] [::1]:65373 Closing
[Sun Sep 21 20:57:07 2025] [::1]:65376 Accepted
[Sun Sep 21 20:57:07 2025] [::1]:65375 Accepted
[Sun Sep 21 20:57:07 2025] [::1]:65376 [200]: GET /assets/css/bootstrap.min.css
[Sun Sep 21 20:57:07 2025] [::1]:65376 Closing
[Sun Sep 21 20:57:07 2025] [::1]:65375 [200]: GET /assets/css/light-theme.min.css
[Sun Sep 21 20:57:07 2025] [::1]:65375 Closing
[Sun Sep 21 20:57:07 2025] [::1]:65377 Accepted
[Sun Sep 21 20:57:07 2025] [::1]:65378 Accepted
[Sun Sep 21 20:57:07 2025] [::1]:65377 [200]: GET /assets/js/script.js
[Sun Sep 21 20:57:07 2025] [::1]:65378 [200]: GET /assets/js/jquery.min.js
[Sun Sep 21 20:57:07 2025] [::1]:65377 Closing
[Sun Sep 21 20:57:07 2025] [::1]:65379 Accepted
[Sun Sep 21 20:57:07 2025] [::1]:65378 Closing
[Sun Sep 21 20:57:07 2025] [::1]:65380 Accepted
[Sun Sep 21 20:57:07 2025] [::1]:65379 [200]: GET /assets/js/sweetalert2.min.js
[Sun Sep 21 20:57:07 2025] [::1]:65380 [200]: GET /assets/js/growl-notification.min.js
[Sun Sep 21 20:57:07 2025] [::1]:65379 Closing
[Sun Sep 21 20:57:07 2025] [::1]:65380 Closing
[Sun Sep 21 20:57:10 2025] [::1]:65387 Accepted
[Sun Sep 21 20:57:10 2025] [::1]:65386 Accepted
[Sun Sep 21 20:57:10 2025] [::1]:65387 [200]: POST /list_templates.php
[Sun Sep 21 20:57:10 2025] [::1]:65387 Closing
[Sun Sep 21 20:57:10 2025] [::1]:65386 [200]: GET /Settings.json
[Sun Sep 21 20:57:10 2025] [::1]:65386 Closing
[Sun Sep 21 20:57:10 2025] [::1]:65388 Accepted
[Sun Sep 21 20:57:10 2025] [::1]:65388 [302]: GET /favicon.ico
[Sun Sep 21 20:57:10 2025] [::1]:65388 Closing
[Sun Sep 21 20:57:10 2025] [::1]:65389 Accepted
[Sun Sep 21 20:57:10 2025] [::1]:65389 [200]: GET /panel.php
[Sun Sep 21 20:57:10 2025] [::1]:65389 Closing
[Sun Sep 21 20:57:12 2025] [::1]:55941 Accepted
[Sun Sep 21 20:57:12 2025] [::1]:55941 [200]: GET /assets/css/bootstrap.min.css
[Sun Sep 21 20:57:12 2025] [::1]:55941 Closing
[Sun Sep 21 20:57:12 2025] [::1]:55942 Accepted
[Sun Sep 21 20:57:12 2025] [::1]:55942 [200]: GET /assets/css/light-theme.min.css
[Sun Sep 21 20:57:12 2025] [::1]:55942 Closing
[Sun Sep 21 20:57:13 2025] [::1]:55943 Accepted
[Sun Sep 21 20:57:13 2025] [::1]:55943 [302]: GET /
[Sun Sep 21 20:57:13 2025] [::1]:55943 Closing
[Sun Sep 21 20:57:14 2025] [::1]:55944 Accepted
[Sun Sep 21 20:57:14 2025] [::1]:55944 [200]: POST /receiver.php
[Sun Sep 21 20:57:14 2025] [::1]:55944 Closing
[Sun Sep 21 20:57:14 2025] [::1]:55945 Accepted
[Sun Sep 21 20:57:14 2025] [::1]:55945 [200]: GET /login.php
[Sun Sep 21 20:57:14 2025] [::1]:55945 Closing
[Sun Sep 21 20:57:14 2025] [::1]:55946 Accepted
[Sun Sep 21 20:57:14 2025] [::1]:55946 [200]: GET /assets/css/bootstrap.min.css
[Sun Sep 21 20:57:14 2025] [::1]:55946 Closing
[Sun Sep 21 20:57:14 2025] [::1]:55947 Accepted
[Sun Sep 21 20:57:14 2025] [::1]:55947 [200]: GET /assets/css/style.css
[Sun Sep 21 20:57:14 2025] [::1]:55947 Closing
[Sun Sep 21 20:57:16 2025] [::1]:52426 Accepted
[Sun Sep 21 20:57:16 2025] [::1]:52426 [200]: POST /receiver.php
[Sun Sep 21 20:57:16 2025] [::1]:52426 Closing
[Sun Sep 21 20:57:17 2025] [::1]:56543 Accepted
[Sun Sep 21 20:57:17 2025] [::1]:56543 [200]: POST /receiver.php
[Sun Sep 21 20:57:17 2025] [::1]:56543 Closing
[Sun Sep 21 20:57:19 2025] [::1]:54306 Accepted
[Sun Sep 21 20:57:19 2025] [::1]:54306 [200]: POST /receiver.php
[Sun Sep 21 20:57:19 2025] [::1]:54306 Closing
[Sun Sep 21 20:57:21 2025] [::1]:54308 Accepted
[Sun Sep 21 20:57:21 2025] [::1]:54308 [200]: POST /receiver.php
[Sun Sep 21 20:57:21 2025] [::1]:54308 Closing
[Sun Sep 21 20:57:23 2025] [::1]:57505 Accepted
[Sun Sep 21 20:57:23 2025] [::1]:57505 [200]: POST /receiver.php
[Sun Sep 21 20:57:23 2025] [::1]:57505 Closing
[Sun Sep 21 20:57:25 2025] [::1]:50174 Accepted
[Sun Sep 21 20:57:25 2025] [::1]:50174 [200]: POST /receiver.php
[Sun Sep 21 20:57:25 2025] [::1]:50174 Closing
[Sun Sep 21 20:57:27 2025] [::1]:56810 Accepted
[Sun Sep 21 20:57:27 2025] [::1]:56810 [200]: POST /receiver.php
[Sun Sep 21 20:57:27 2025] [::1]:56810 Closing
[Sun Sep 21 20:57:29 2025] [::1]:49482 Accepted
[Sun Sep 21 20:57:29 2025] [::1]:49482 [200]: POST /receiver.php
[Sun Sep 21 20:57:29 2025] [::1]:49482 Closing
[Sun Sep 21 20:57:31 2025] [::1]:60897 Accepted
[Sun Sep 21 20:57:31 2025] [::1]:60897 [200]: POST /receiver.php
[Sun Sep 21 20:57:31 2025] [::1]:60897 Closing
[Sun Sep 21 20:57:33 2025] [::1]:62309 Accepted
[Sun Sep 21 20:57:33 2025] [::1]:62309 [200]: POST /receiver.php
[Sun Sep 21 20:57:33 2025] [::1]:62309 Closing
[Sun Sep 21 20:57:35 2025] [::1]:57653 Accepted
[Sun Sep 21 20:57:35 2025] [::1]:57653 [200]: POST /receiver.php
[Sun Sep 21 20:57:35 2025] [::1]:57653 Closing
[Sun Sep 21 20:57:37 2025] [::1]:50747 Accepted
[Sun Sep 21 20:57:37 2025] [::1]:50747 [200]: POST /receiver.php
[Sun Sep 21 20:57:37 2025] [::1]:50747 Closing
[Sun Sep 21 20:57:39 2025] [::1]:50748 Accepted
[Sun Sep 21 20:57:39 2025] [::1]:50748 [200]: POST /receiver.php
[Sun Sep 21 20:57:39 2025] [::1]:50748 Closing
[Sun Sep 21 20:57:41 2025] [::1]:62966 Accepted
[Sun Sep 21 20:57:41 2025] [::1]:62966 [200]: POST /login.php
[Sun Sep 21 20:57:41 2025] [::1]:62966 Closing
[Sun Sep 21 20:57:41 2025] [::1]:62967 Accepted
[Sun Sep 21 20:57:41 2025] [::1]:62967 [200]: POST /receiver.php
[Sun Sep 21 20:57:41 2025] [::1]:62967 Closing
[Sun Sep 21 20:57:41 2025] [::1]:62968 Accepted
[Sun Sep 21 20:57:41 2025] [::1]:62968 [200]: GET /assets/css/bootstrap.min.css
[Sun Sep 21 20:57:41 2025] [::1]:62968 Closing
[Sun Sep 21 20:57:41 2025] [::1]:62969 Accepted
[Sun Sep 21 20:57:41 2025] [::1]:62969 [200]: GET /assets/css/style.css
[Sun Sep 21 20:57:41 2025] [::1]:62969 Closing
[Sun Sep 21 20:57:43 2025] [::1]:50980 Accepted
[Sun Sep 21 20:57:43 2025] [::1]:50980 [200]: POST /receiver.php
[Sun Sep 21 20:57:43 2025] [::1]:50980 Closing
[Sun Sep 21 20:57:45 2025] [::1]:59227 Accepted
[Sun Sep 21 20:57:45 2025] [::1]:59227 [200]: GET /panel.php
[Sun Sep 21 20:57:45 2025] [::1]:59227 Closing
[Sun Sep 21 20:57:45 2025] [::1]:59228 Accepted
[Sun Sep 21 20:57:45 2025] [::1]:59228 [200]: GET /assets/css/bootstrap.min.css
[Sun Sep 21 20:57:45 2025] [::1]:59228 Closing
[Sun Sep 21 20:57:45 2025] [::1]:59229 Accepted
[Sun Sep 21 20:57:45 2025] [::1]:59230 Accepted
[Sun Sep 21 20:57:45 2025] [::1]:59229 [200]: GET /assets/css/light-theme.min.css
[Sun Sep 21 20:57:45 2025] [::1]:59230 [200]: GET /assets/js/growl-notification.min.js
[Sun Sep 21 20:57:45 2025] [::1]:59229 Closing
[Sun Sep 21 20:57:45 2025] [::1]:59230 Closing
[Sun Sep 21 20:57:45 2025] [::1]:59231 Accepted
[Sun Sep 21 20:57:45 2025] [::1]:59234 Accepted
[Sun Sep 21 20:57:45 2025] [::1]:59232 Accepted
[Sun Sep 21 20:57:45 2025] [::1]:59233 Accepted
[Sun Sep 21 20:57:45 2025] [::1]:59231 [200]: GET /assets/js/script.js
[Sun Sep 21 20:57:45 2025] [::1]:59232 [200]: GET /assets/js/sweetalert2.min.js
[Sun Sep 21 20:57:45 2025] [::1]:59234 [200]: GET /assets/js/jquery.min.js
[Sun Sep 21 20:57:45 2025] [::1]:59233 [200]: POST /receiver.php
[Sun Sep 21 20:57:45 2025] [::1]:59233 Closing
[Sun Sep 21 20:57:45 2025] [::1]:59231 Closing
[Sun Sep 21 20:57:45 2025] [::1]:59232 Closing
[Sun Sep 21 20:57:45 2025] [::1]:59234 Closing
[Sun Sep 21 20:57:48 2025] [::1]:51197 Accepted
[Sun Sep 21 20:57:48 2025] [::1]:51197 [200]: POST /receiver.php
[Sun Sep 21 20:57:48 2025] [::1]:51197 Closing
[Sun Sep 21 20:57:49 2025] [::1]:63339 Accepted
[Sun Sep 21 20:57:49 2025] [::1]:63339 [200]: POST /receiver.php
[Sun Sep 21 20:57:49 2025] [::1]:63339 Closing
[Sun Sep 21 20:57:51 2025] [::1]:49987 Accepted
[Sun Sep 21 20:57:51 2025] [::1]:49987 [200]: POST /receiver.php
[Sun Sep 21 20:57:51 2025] [::1]:49987 Closing
[Sun Sep 21 20:57:52 2025] [::1]:49988 Accepted
[Sun Sep 21 20:57:52 2025] [::1]:49988 [200]: GET /Settings.json
[Sun Sep 21 20:57:52 2025] [::1]:49988 Closing
[Sun Sep 21 20:57:52 2025] [::1]:49989 Accepted
[Sun Sep 21 20:57:52 2025] [::1]:49989 [200]: POST /list_templates.php
[Sun Sep 21 20:57:52 2025] [::1]:49989 Closing
[Sun Sep 21 20:57:53 2025] [::1]:63774 Accepted
[Sun Sep 21 20:57:53 2025] [::1]:63774 [200]: POST /receiver.php
[Sun Sep 21 20:57:53 2025] [::1]:63774 Closing
[Sun Sep 21 20:57:55 2025] [::1]:63775 Accepted
[Sun Sep 21 20:57:55 2025] [::1]:63775 [200]: POST /receiver.php
[Sun Sep 21 20:57:55 2025] [::1]:63775 Closing
[Sun Sep 21 20:57:55 2025] [::1]:61293 Accepted
[Sun Sep 21 20:57:55 2025] [::1]:61293 [200]: POST /receiver.php
[Sun Sep 21 20:57:55 2025] [::1]:61293 Closing
[Sun Sep 21 20:57:56 2025] [::1]:61294 Accepted
[Sun Sep 21 20:57:56 2025] [::1]:61294 [200]: POST /receiver.php
[Sun Sep 21 20:57:56 2025] [::1]:61294 Closing
[Sun Sep 21 20:57:57 2025] [::1]:60149 Accepted
[Sun Sep 21 20:57:57 2025] [::1]:60149 [200]: POST /receiver.php
[Sun Sep 21 20:57:57 2025] [::1]:60149 Closing
[Sun Sep 21 20:57:59 2025] [::1]:60150 Accepted
[Sun Sep 21 20:57:59 2025] [::1]:60150 [200]: POST /receiver.php
[Sun Sep 21 20:57:59 2025] [::1]:60150 Closing
[Sun Sep 21 20:57:59 2025] [::1]:51311 Accepted
[Sun Sep 21 20:57:59 2025] [::1]:51311 [200]: POST /receiver.php
[Sun Sep 21 20:57:59 2025] [::1]:51311 Closing
[Sun Sep 21 20:58:01 2025] [::1]:51312 Accepted
[Sun Sep 21 20:58:01 2025] [::1]:51312 [200]: POST /receiver.php
[Sun Sep 21 20:58:01 2025] [::1]:51312 Closing
[Sun Sep 21 20:58:01 2025] [::1]:60649 Accepted
[Sun Sep 21 20:58:01 2025] [::1]:60649 [200]: POST /receiver.php
[Sun Sep 21 20:58:01 2025] [::1]:60649 Closing
[Sun Sep 21 20:58:03 2025] [::1]:60650 Accepted
[Sun Sep 21 20:58:03 2025] [::1]:60650 [200]: POST /receiver.php
[Sun Sep 21 20:58:03 2025] [::1]:60650 Closing
[Sun Sep 21 20:58:03 2025] [::1]:54985 Accepted
[Sun Sep 21 20:58:03 2025] [::1]:54985 [200]: POST /receiver.php
[Sun Sep 21 20:58:03 2025] [::1]:54985 Closing
[Sun Sep 21 20:58:04 2025] [::1]:54986 Accepted
[Sun Sep 21 20:58:04 2025] [::1]:54986 [200]: POST /receiver.php
[Sun Sep 21 20:58:04 2025] [::1]:54986 Closing
[Sun Sep 21 20:58:05 2025] [::1]:54987 Accepted
[Sun Sep 21 20:58:05 2025] [::1]:54987 [200]: POST /receiver.php
[Sun Sep 21 20:58:05 2025] [::1]:54987 Closing
[Sun Sep 21 20:58:06 2025] [::1]:56017 Accepted
[Sun Sep 21 20:58:07 2025] [::1]:56017 [200]: POST /receiver.php
[Sun Sep 21 20:58:07 2025] [::1]:56017 Closing
[Sun Sep 21 20:58:07 2025] [::1]:56018 Accepted
[Sun Sep 21 20:58:07 2025] [::1]:56018 [200]: POST /receiver.php
[Sun Sep 21 20:58:07 2025] [::1]:56018 Closing
[Sun Sep 21 20:58:09 2025] [::1]:55940 Accepted
[Sun Sep 21 20:58:09 2025] [::1]:55940 [200]: POST /receiver.php
[Sun Sep 21 20:58:09 2025] [::1]:55940 Closing
[Sun Sep 21 20:58:09 2025] [::1]:55941 Accepted
[Sun Sep 21 20:58:09 2025] [::1]:55941 [200]: POST /receiver.php
[Sun Sep 21 20:58:09 2025] [::1]:55941 Closing
[Sun Sep 21 20:58:11 2025] [::1]:49858 Accepted
[Sun Sep 21 20:58:11 2025] [::1]:49858 [200]: POST /receiver.php
[Sun Sep 21 20:58:11 2025] [::1]:49858 Closing
[Sun Sep 21 20:58:11 2025] [::1]:49859 Accepted
[Sun Sep 21 20:58:11 2025] [::1]:49859 [200]: POST /receiver.php
[Sun Sep 21 20:58:11 2025] [::1]:49859 Closing
[Sun Sep 21 20:58:13 2025] [::1]:65096 Accepted
[Sun Sep 21 20:58:13 2025] [::1]:65096 [200]: POST /receiver.php
[Sun Sep 21 20:58:13 2025] [::1]:65096 Closing
[Sun Sep 21 20:58:13 2025] [::1]:65097 Accepted
[Sun Sep 21 20:58:13 2025] [::1]:65097 [200]: POST /receiver.php
[Sun Sep 21 20:58:13 2025] [::1]:65097 Closing
[Sun Sep 21 20:58:15 2025] [::1]:65100 Accepted
[Sun Sep 21 20:58:15 2025] [::1]:65100 [200]: POST /receiver.php
[Sun Sep 21 20:58:15 2025] [::1]:65100 Closing
[Sun Sep 21 20:58:15 2025] [::1]:65105 Accepted
[Sun Sep 21 20:58:15 2025] [::1]:65105 [200]: POST /receiver.php
[Sun Sep 21 20:58:15 2025] [::1]:65105 Closing
[Sun Sep 21 20:58:17 2025] [::1]:55392 Accepted
[Sun Sep 21 20:58:17 2025] [::1]:55392 [200]: POST /receiver.php
[Sun Sep 21 20:58:17 2025] [::1]:55392 Closing
[Sun Sep 21 20:58:18 2025] [::1]:64710 Accepted
[Sun Sep 21 20:58:18 2025] [::1]:64710 [200]: POST /receiver.php
[Sun Sep 21 20:58:18 2025] [::1]:64710 Closing
[Sun Sep 21 20:58:18 2025] [::1]:64715 Accepted
[Sun Sep 21 20:58:18 2025] [::1]:64715 [200]: POST /receiver.php
[Sun Sep 21 20:58:18 2025] [::1]:64715 Closing
[Sun Sep 21 20:58:20 2025] [::1]:65282 Accepted
[Sun Sep 21 20:58:20 2025] [::1]:65282 [200]: POST /receiver.php
[Sun Sep 21 20:58:20 2025] [::1]:65282 Closing
[Sun Sep 21 20:58:21 2025] [::1]:65283 Accepted
[Sun Sep 21 20:58:21 2025] [::1]:65283 [200]: POST /receiver.php
[Sun Sep 21 20:58:21 2025] [::1]:65283 Closing
[Sun Sep 21 20:58:22 2025] [::1]:63911 Accepted
[Sun Sep 21 20:58:22 2025] [::1]:63911 [200]: POST /receiver.php
[Sun Sep 21 20:58:22 2025] [::1]:63911 Closing
[Sun Sep 21 20:58:23 2025] [::1]:63912 Accepted
[Sun Sep 21 20:58:23 2025] [::1]:63912 [200]: POST /receiver.php
[Sun Sep 21 20:58:23 2025] [::1]:63912 Closing
[Sun Sep 21 20:58:24 2025] [::1]:63913 Accepted
[Sun Sep 21 20:58:24 2025] [::1]:63913 [200]: POST /receiver.php
[Sun Sep 21 20:58:24 2025] [::1]:63913 Closing
[Sun Sep 21 20:58:25 2025] [::1]:61823 Accepted
[Sun Sep 21 20:58:25 2025] [::1]:61823 [200]: POST /receiver.php
[Sun Sep 21 20:58:25 2025] [::1]:61823 Closing
[Sun Sep 21 20:58:26 2025] [::1]:61824 Accepted
[Sun Sep 21 20:58:26 2025] [::1]:61824 [200]: POST /receiver.php
[Sun Sep 21 20:58:26 2025] [::1]:61824 Closing
[Sun Sep 21 20:58:27 2025] [::1]:62576 Accepted
[Sun Sep 21 20:58:27 2025] [::1]:62576 [200]: POST /receiver.php
[Sun Sep 21 20:58:27 2025] [::1]:62576 Closing
[Sun Sep 21 20:58:28 2025] [::1]:62577 Accepted
[Sun Sep 21 20:58:28 2025] [::1]:62577 [200]: POST /receiver.php
[Sun Sep 21 20:58:28 2025] [::1]:62577 Closing
[Sun Sep 21 20:58:29 2025] [::1]:49850 Accepted
[Sun Sep 21 20:58:29 2025] [::1]:49850 [200]: POST /receiver.php
[Sun Sep 21 20:58:29 2025] [::1]:49850 Closing
[Sun Sep 21 20:58:30 2025] [::1]:49851 Accepted
[Sun Sep 21 20:58:30 2025] [::1]:49851 [200]: POST /receiver.php
[Sun Sep 21 20:58:30 2025] [::1]:49851 Closing
[Sun Sep 21 20:58:31 2025] [::1]:53715 Accepted
[Sun Sep 21 20:58:31 2025] [::1]:53715 [200]: POST /receiver.php
[Sun Sep 21 20:58:31 2025] [::1]:53715 Closing
[Sun Sep 21 20:58:32 2025] [::1]:53716 Accepted
[Sun Sep 21 20:58:32 2025] [::1]:53716 [200]: POST /receiver.php
[Sun Sep 21 20:58:32 2025] [::1]:53716 Closing
[Sun Sep 21 20:58:33 2025] [::1]:53717 Accepted
[Sun Sep 21 20:58:33 2025] [::1]:53717 [200]: POST /receiver.php
[Sun Sep 21 20:58:33 2025] [::1]:53717 Closing
[Sun Sep 21 20:58:34 2025] [::1]:64566 Accepted
[Sun Sep 21 20:58:34 2025] [::1]:64566 [200]: POST /receiver.php
[Sun Sep 21 20:58:34 2025] [::1]:64566 Closing
[Sun Sep 21 20:58:35 2025] [::1]:64567 Accepted
[Sun Sep 21 20:58:35 2025] [::1]:64567 [200]: POST /receiver.php
[Sun Sep 21 20:58:35 2025] [::1]:64567 Closing
[Sun Sep 21 20:58:36 2025] [::1]:59908 Accepted
[Sun Sep 21 20:58:36 2025] [::1]:59908 [200]: POST /receiver.php
[Sun Sep 21 20:58:36 2025] [::1]:59908 Closing
[Sun Sep 21 20:58:37 2025] [::1]:59909 Accepted
[Sun Sep 21 20:58:37 2025] [::1]:59909 [200]: POST /receiver.php
[Sun Sep 21 20:58:37 2025] [::1]:59909 Closing
[Sun Sep 21 20:58:38 2025] [::1]:64510 Accepted
[Sun Sep 21 20:58:38 2025] [::1]:64510 [200]: POST /receiver.php
[Sun Sep 21 20:58:38 2025] [::1]:64510 Closing
[Sun Sep 21 20:58:39 2025] [::1]:64511 Accepted
[Sun Sep 21 20:58:39 2025] [::1]:64511 [200]: POST /receiver.php
[Sun Sep 21 20:58:39 2025] [::1]:64511 Closing
[Sun Sep 21 20:58:40 2025] [::1]:55196 Accepted
[Sun Sep 21 20:58:40 2025] [::1]:55196 [200]: POST /receiver.php
[Sun Sep 21 20:58:40 2025] [::1]:55196 Closing
[Sun Sep 21 20:58:41 2025] [::1]:55197 Accepted
[Sun Sep 21 20:58:41 2025] [::1]:55197 [200]: POST /receiver.php
[Sun Sep 21 20:58:41 2025] [::1]:55197 Closing
[Sun Sep 21 20:58:42 2025] [::1]:55198 Accepted
[Sun Sep 21 20:58:42 2025] [::1]:55198 [200]: POST /receiver.php
[Sun Sep 21 20:58:42 2025] [::1]:55198 Closing
[Sun Sep 21 20:58:43 2025] [::1]:51070 Accepted
[Sun Sep 21 20:58:43 2025] [::1]:51070 [200]: POST /receiver.php
[Sun Sep 21 20:58:43 2025] [::1]:51070 Closing
[Sun Sep 21 20:58:44 2025] [::1]:51071 Accepted
[Sun Sep 21 20:58:44 2025] [::1]:51071 [200]: POST /receiver.php
[Sun Sep 21 20:58:44 2025] [::1]:51071 Closing
[Sun Sep 21 20:58:45 2025] [::1]:58977 Accepted
[Sun Sep 21 20:58:45 2025] [::1]:58977 [200]: POST /receiver.php
[Sun Sep 21 20:58:45 2025] [::1]:58977 Closing
[Sun Sep 21 20:58:46 2025] [::1]:58978 Accepted
[Sun Sep 21 20:58:46 2025] [::1]:58978 [200]: POST /receiver.php
[Sun Sep 21 20:58:46 2025] [::1]:58978 Closing
[Sun Sep 21 20:58:47 2025] [::1]:57181 Accepted
[Sun Sep 21 20:58:47 2025] [::1]:57181 [200]: POST /receiver.php
[Sun Sep 21 20:58:47 2025] [::1]:57181 Closing
[Sun Sep 21 20:58:48 2025] [::1]:57182 Accepted
[Sun Sep 21 20:58:48 2025] [::1]:57182 [200]: POST /receiver.php
[Sun Sep 21 20:58:48 2025] [::1]:57182 Closing
[Sun Sep 21 20:58:49 2025] [::1]:53936 Accepted
[Sun Sep 21 20:58:49 2025] [::1]:53936 [200]: POST /receiver.php
[Sun Sep 21 20:58:49 2025] [::1]:53936 Closing
[Sun Sep 21 20:58:50 2025] [::1]:53937 Accepted
[Sun Sep 21 20:58:50 2025] [::1]:53937 [200]: POST /receiver.php
[Sun Sep 21 20:58:50 2025] [::1]:53937 Closing
[Sun Sep 21 20:58:51 2025] [::1]:53938 Accepted
[Sun Sep 21 20:58:51 2025] [::1]:53938 [200]: POST /receiver.php
[Sun Sep 21 20:58:51 2025] [::1]:53938 Closing
[Sun Sep 21 20:58:52 2025] [::1]:53939 Accepted
[Sun Sep 21 20:58:52 2025] [::1]:53939 [200]: POST /receiver.php
[Sun Sep 21 20:58:52 2025] [::1]:53939 Closing
[Sun Sep 21 20:58:53 2025] [::1]:53809 Accepted
[Sun Sep 21 20:58:53 2025] [::1]:53809 [200]: POST /receiver.php
[Sun Sep 21 20:58:53 2025] [::1]:53809 Closing
[Sun Sep 21 20:58:54 2025] [::1]:53810 Accepted
[Sun Sep 21 20:58:54 2025] [::1]:53810 [200]: POST /receiver.php
[Sun Sep 21 20:58:54 2025] [::1]:53810 Closing
[Sun Sep 21 20:58:55 2025] [::1]:60463 Accepted
[Sun Sep 21 20:58:55 2025] [::1]:60463 [200]: POST /receiver.php
[Sun Sep 21 20:58:55 2025] [::1]:60463 Closing
[Sun Sep 21 20:58:56 2025] [::1]:60464 Accepted
[Sun Sep 21 20:58:56 2025] [::1]:60464 [200]: POST /receiver.php
[Sun Sep 21 20:58:56 2025] [::1]:60464 Closing
[Sun Sep 21 20:58:57 2025] [::1]:50593 Accepted
[Sun Sep 21 20:58:57 2025] [::1]:50593 [200]: POST /receiver.php
[Sun Sep 21 20:58:57 2025] [::1]:50593 Closing
[Sun Sep 21 20:58:58 2025] [::1]:50594 Accepted
[Sun Sep 21 20:58:58 2025] [::1]:50594 [200]: POST /receiver.php
[Sun Sep 21 20:58:58 2025] [::1]:50594 Closing
[Sun Sep 21 20:58:59 2025] [::1]:56655 Accepted
[Sun Sep 21 20:58:59 2025] [::1]:56655 [200]: POST /receiver.php
[Sun Sep 21 20:58:59 2025] [::1]:56655 Closing
[Sun Sep 21 20:59:00 2025] [::1]:56656 Accepted
[Sun Sep 21 20:59:00 2025] [::1]:56656 [200]: POST /receiver.php
[Sun Sep 21 20:59:00 2025] [::1]:56656 Closing
[Sun Sep 21 20:59:01 2025] [::1]:56657 Accepted
[Sun Sep 21 20:59:01 2025] [::1]:56657 [200]: POST /receiver.php
[Sun Sep 21 20:59:01 2025] [::1]:56657 Closing
[Sun Sep 21 20:59:02 2025] [::1]:54958 Accepted
[Sun Sep 21 20:59:02 2025] [::1]:54958 [200]: POST /receiver.php
[Sun Sep 21 20:59:02 2025] [::1]:54958 Closing
[Sun Sep 21 20:59:03 2025] [::1]:51160 Accepted
[Sun Sep 21 20:59:03 2025] [::1]:51160 [200]: POST /receiver.php
[Sun Sep 21 20:59:03 2025] [::1]:51160 Closing
[Sun Sep 21 20:59:04 2025] [::1]:51161 Accepted
[Sun Sep 21 20:59:04 2025] [::1]:51161 [200]: POST /receiver.php
[Sun Sep 21 20:59:04 2025] [::1]:51161 Closing
[Sun Sep 21 20:59:05 2025] [::1]:52618 Accepted
[Sun Sep 21 20:59:05 2025] [::1]:52618 [200]: POST /receiver.php
[Sun Sep 21 20:59:05 2025] [::1]:52618 Closing
[Sun Sep 21 20:59:06 2025] [::1]:52619 Accepted
[Sun Sep 21 20:59:06 2025] [::1]:52619 [200]: POST /receiver.php
[Sun Sep 21 20:59:06 2025] [::1]:52619 Closing
[Sun Sep 21 20:59:07 2025] [::1]:52620 Accepted
[Sun Sep 21 20:59:07 2025] [::1]:52620 [200]: POST /receiver.php
[Sun Sep 21 20:59:07 2025] [::1]:52620 Closing
[Sun Sep 21 20:59:08 2025] [::1]:52620 Accepted
[Sun Sep 21 20:59:08 2025] [::1]:52620 [200]: POST /receiver.php
[Sun Sep 21 20:59:08 2025] [::1]:52620 Closing
[Sun Sep 21 20:59:09 2025] [::1]:52622 Accepted
[Sun Sep 21 20:59:09 2025] [::1]:52622 [200]: POST /receiver.php
[Sun Sep 21 20:59:09 2025] [::1]:52622 Closing
[Sun Sep 21 20:59:10 2025] [::1]:52623 Accepted
[Sun Sep 21 20:59:10 2025] [::1]:52623 [200]: POST /receiver.php
[Sun Sep 21 20:59:10 2025] [::1]:52623 Closing
[Sun Sep 21 20:59:11 2025] [::1]:57710 Accepted
[Sun Sep 21 20:59:11 2025] [::1]:57710 [200]: POST /receiver.php
[Sun Sep 21 20:59:11 2025] [::1]:57710 Closing
[Sun Sep 21 20:59:12 2025] [::1]:57711 Accepted
[Sun Sep 21 20:59:12 2025] [::1]:57711 [200]: POST /receiver.php
[Sun Sep 21 20:59:12 2025] [::1]:57711 Closing
[Sun Sep 21 20:59:13 2025] [::1]:62259 Accepted
[Sun Sep 21 20:59:13 2025] [::1]:62259 [200]: POST /receiver.php
[Sun Sep 21 20:59:13 2025] [::1]:62259 Closing
[Sun Sep 21 20:59:14 2025] [::1]:62260 Accepted
[Sun Sep 21 20:59:14 2025] [::1]:62260 [200]: POST /receiver.php
[Sun Sep 21 20:59:14 2025] [::1]:62260 Closing
[Sun Sep 21 20:59:15 2025] [::1]:55377 Accepted
[Sun Sep 21 20:59:15 2025] [::1]:55377 [200]: POST /receiver.php
[Sun Sep 21 20:59:15 2025] [::1]:55377 Closing
[Sun Sep 21 20:59:16 2025] [::1]:55378 Accepted
[Sun Sep 21 20:59:16 2025] [::1]:55378 [200]: POST /receiver.php
[Sun Sep 21 20:59:16 2025] [::1]:55378 Closing
[Sun Sep 21 20:59:17 2025] [::1]:61217 Accepted
[Sun Sep 21 20:59:17 2025] [::1]:61217 [200]: POST /receiver.php
[Sun Sep 21 20:59:17 2025] [::1]:61217 Closing
[Sun Sep 21 20:59:19 2025] [::1]:61224 Accepted
[Sun Sep 21 20:59:19 2025] [::1]:61224 [200]: POST /receiver.php
[Sun Sep 21 20:59:19 2025] [::1]:61224 Closing
[Sun Sep 21 20:59:20 2025] [::1]:60359 Accepted
[Sun Sep 21 20:59:20 2025] [::1]:60359 [200]: POST /receiver.php
[Sun Sep 21 20:59:20 2025] [::1]:60359 Closing
[Sun Sep 21 20:59:21 2025] [::1]:60360 Accepted
[Sun Sep 21 20:59:21 2025] [::1]:60360 [200]: POST /receiver.php
[Sun Sep 21 20:59:21 2025] [::1]:60360 Closing
[Sun Sep 21 20:59:31 2025] [::1]:57784 Accepted
[Sun Sep 21 20:59:31 2025] [::1]:57784 [200]: GET /templates/nearyou/index.html
[Sun Sep 21 20:59:31 2025] [::1]:57784 Closing
[Sun Sep 21 20:59:31 2025] [::1]:57786 Accepted
[Sun Sep 21 20:59:31 2025] [::1]:57785 Accepted
[Sun Sep 21 20:59:31 2025] [::1]:57787 Accepted
[Sun Sep 21 20:59:31 2025] [::1]:57786 [200]: GET /templates/nearyou/fonts.css
[Sun Sep 21 20:59:31 2025] [::1]:57785 [200]: GET /assets/js/warpspeed.min.js
[Sun Sep 21 20:59:31 2025] [::1]:57786 Closing
[Sun Sep 21 20:59:31 2025] [::1]:57785 Closing
[Sun Sep 21 20:59:31 2025] [::1]:57787 [200]: GET /assets/js/loc.js
[Sun Sep 21 20:59:31 2025] [::1]:57787 Closing
[Sun Sep 21 20:59:31 2025] [::1]:57788 Accepted
[Sun Sep 21 20:59:31 2025] [::1]:57788 [200]: GET /assets/js/client.min.js
[Sun Sep 21 20:59:31 2025] [::1]:57788 Closing
[Sun Sep 21 20:59:31 2025] [::1]:57789 Accepted
[Sun Sep 21 20:59:31 2025] [::1]:57790 Accepted
[Sun Sep 21 20:59:31 2025] [::1]:57789 [200]: GET /assets/js/location.js
[Sun Sep 21 20:59:31 2025] [::1]:57790 [200]: GET /templates/nearyou/main.css
[Sun Sep 21 20:59:31 2025] [::1]:57789 Closing
[Sun Sep 21 20:59:31 2025] [::1]:57790 Closing
[Sun Sep 21 20:59:31 2025] [::1]:57792 Accepted
[Sun Sep 21 20:59:31 2025] [::1]:57791 Accepted
[Sun Sep 21 20:59:31 2025] [::1]:57791 [200]: GET /assets/js/particles.min.js
[Sun Sep 21 20:59:31 2025] [::1]:57792 [200]: GET /assets/js/jquery.min.js
[Sun Sep 21 20:59:31 2025] [::1]:57791 Closing
[Sun Sep 21 20:59:31 2025] [::1]:57792 Closing
[Sun Sep 21 20:59:36 2025] [::1]:58182 Accepted
[Sun Sep 21 20:59:36 2025] [::1]:58182 [200]: POST /templates/nearyou/handler.php
[Sun Sep 21 20:59:36 2025] [::1]:58182 Closing
[Sun Sep 21 20:59:48 2025] [::1]:64766 Accepted
[Sun Sep 21 20:59:48 2025] [::1]:64766 [200]: POST /templates/nearyou/handler.php
[Sun Sep 21 20:59:48 2025] [::1]:64766 Closing
[Sun Sep 21 20:59:49 2025] [::1]:51762 Accepted
[Sun Sep 21 20:59:49 2025] [::1]:51762 [200]: POST /receiver.php
[Sun Sep 21 20:59:49 2025] [::1]:51762 Closing
[Sun Sep 21 20:59:51 2025] [::1]:51763 Accepted
[Sun Sep 21 20:59:51 2025] [::1]:51763 [200]: POST /receiver.php
[Sun Sep 21 20:59:51 2025] [::1]:51763 Closing
[Sun Sep 21 20:59:53 2025] [::1]:59418 Accepted
[Sun Sep 21 20:59:53 2025] [::1]:59418 [200]: POST /receiver.php
[Sun Sep 21 20:59:53 2025] [::1]:59418 Closing
[Sun Sep 21 20:59:54 2025] [::1]:63411 Accepted
[Sun Sep 21 20:59:54 2025] [::1]:63411 [200]: POST /receiver.php
[Sun Sep 21 20:59:54 2025] [::1]:63411 Closing
[Sun Sep 21 20:59:57 2025] [::1]:62569 Accepted
[Sun Sep 21 20:59:57 2025] [::1]:62569 [200]: POST /receiver.php
[Sun Sep 21 20:59:57 2025] [::1]:62569 Closing
[Sun Sep 21 20:59:59 2025] [::1]:52334 Accepted
[Sun Sep 21 20:59:59 2025] [::1]:52334 [200]: POST /receiver.php
[Sun Sep 21 20:59:59 2025] [::1]:52334 Closing
[Sun Sep 21 21:00:01 2025] [::1]:55073 Accepted
[Sun Sep 21 21:00:01 2025] [::1]:55073 [200]: POST /receiver.php
[Sun Sep 21 21:00:01 2025] [::1]:55073 Closing
[Sun Sep 21 21:00:03 2025] [::1]:62291 Accepted
[Sun Sep 21 21:00:03 2025] [::1]:62291 [200]: POST /receiver.php
[Sun Sep 21 21:00:03 2025] [::1]:62291 Closing
[Sun Sep 21 21:00:05 2025] [::1]:62292 Accepted
[Sun Sep 21 21:00:05 2025] [::1]:62292 [200]: POST /receiver.php
[Sun Sep 21 21:00:05 2025] [::1]:62292 Closing
[Sun Sep 21 21:00:07 2025] [::1]:60339 Accepted
[Sun Sep 21 21:00:07 2025] [::1]:60339 [200]: POST /receiver.php
[Sun Sep 21 21:00:07 2025] [::1]:60339 Closing
[Sun Sep 21 21:00:09 2025] [::1]:58181 Accepted
[Sun Sep 21 21:00:09 2025] [::1]:58181 [200]: POST /receiver.php
[Sun Sep 21 21:00:09 2025] [::1]:58181 Closing
[Sun Sep 21 21:00:11 2025] [::1]:55637 Accepted
[Sun Sep 21 21:00:11 2025] [::1]:55637 [200]: POST /receiver.php
[Sun Sep 21 21:00:11 2025] [::1]:55637 Closing
[Sun Sep 21 21:00:13 2025] [::1]:50558 Accepted
[Sun Sep 21 21:00:13 2025] [::1]:50558 [200]: POST /receiver.php
[Sun Sep 21 21:00:13 2025] [::1]:50558 Closing
[Sun Sep 21 21:00:15 2025] [::1]:51152 Accepted
[Sun Sep 21 21:00:15 2025] [::1]:51152 [200]: POST /receiver.php
[Sun Sep 21 21:00:15 2025] [::1]:51152 Closing
[Sun Sep 21 21:00:20 2025] [::1]:49405 Accepted
[Sun Sep 21 21:00:20 2025] [::1]:49405 [200]: POST /receiver.php
[Sun Sep 21 21:00:20 2025] [::1]:49405 Closing
[Sun Sep 21 21:00:21 2025] [::1]:56744 Accepted
[Sun Sep 21 21:00:21 2025] [::1]:56743 Accepted
[Sun Sep 21 21:00:21 2025] [::1]:56743 [200]: POST /receiver.php
[Sun Sep 21 21:00:21 2025] [::1]:56743 Closing
[Sun Sep 21 21:00:21 2025] [::1]:56744 [200]: POST /receiver.php
[Sun Sep 21 21:00:21 2025] [::1]:56744 Closing
[Sun Sep 21 21:00:38 2025] [::1]:51174 Accepted
[Sun Sep 21 21:00:38 2025] [::1]:51174 [200]: POST /receiver.php
[Sun Sep 21 21:00:38 2025] [::1]:51174 Closing
[Sun Sep 21 21:00:38 2025] [::1]:51175 Accepted
[Sun Sep 21 21:00:41 2025] [::1]:61812 Accepted
[Sun Sep 21 21:00:41 2025] [::1]:61811 Accepted
[Sun Sep 21 21:00:41 2025] [::1]:61812 [200]: POST /receiver.php
[Sun Sep 21 21:00:41 2025] [::1]:61812 Closing
[Sun Sep 21 21:00:41 2025] [::1]:61811 [200]: POST /receiver.php
[Sun Sep 21 21:00:41 2025] [::1]:61811 Closing
[Sun Sep 21 21:00:41 2025] [::1]:51175 [200]: POST /receiver.php
[Sun Sep 21 21:00:41 2025] [::1]:51175 Closing
[Sun Sep 21 21:00:41 2025] [::1]:61814 Accepted
[Sun Sep 21 21:00:41 2025] [::1]:61813 Accepted
[Sun Sep 21 21:00:41 2025] [::1]:61814 [200]: POST /receiver.php
[Sun Sep 21 21:00:41 2025] [::1]:61814 Closing
[Sun Sep 21 21:00:41 2025] [::1]:61815 Accepted
[Sun Sep 21 21:00:41 2025] [::1]:61813 [200]: POST /receiver.php
[Sun Sep 21 21:00:41 2025] [::1]:61813 Closing
[Sun Sep 21 21:00:41 2025] [::1]:61817 Accepted
[Sun Sep 21 21:00:41 2025] [::1]:61815 [200]: POST /receiver.php
[Sun Sep 21 21:00:41 2025] [::1]:61815 Closing
[Sun Sep 21 21:00:41 2025] [::1]:61816 Accepted
[Sun Sep 21 21:00:41 2025] [::1]:61817 [200]: POST /receiver.php
[Sun Sep 21 21:00:41 2025] [::1]:61817 Closing
[Sun Sep 21 21:00:41 2025] [::1]:61816 [200]: POST /receiver.php
[Sun Sep 21 21:00:41 2025] [::1]:61816 Closing
[Sun Sep 21 21:00:42 2025] [::1]:56758 Accepted
[Sun Sep 21 21:00:42 2025] [::1]:56758 [200]: POST /receiver.php
[Sun Sep 21 21:00:42 2025] [::1]:56758 Closing
[Sun Sep 21 21:00:42 2025] [::1]:56759 Accepted
[Sun Sep 21 21:00:42 2025] [::1]:56759 [200]: POST /receiver.php
[Sun Sep 21 21:00:42 2025] [::1]:56759 Closing
[Sun Sep 21 21:00:52 2025] [::1]:61441 Accepted
[Sun Sep 21 21:00:52 2025] [::1]:61440 Accepted
[Sun Sep 21 21:00:52 2025] [::1]:61441 [200]: POST /receiver.php
[Sun Sep 21 21:00:52 2025] [::1]:61441 Closing
[Sun Sep 21 21:00:52 2025] [::1]:61440 [200]: POST /receiver.php
[Sun Sep 21 21:00:52 2025] [::1]:61440 Closing
[Sun Sep 21 21:00:53 2025] [::1]:56940 Accepted
[Sun Sep 21 21:00:53 2025] [::1]:56938 Accepted
[Sun Sep 21 21:00:53 2025] [::1]:56939 Accepted
[Sun Sep 21 21:00:53 2025] [::1]:56940 [200]: POST /receiver.php
[Sun Sep 21 21:00:53 2025] [::1]:56940 Closing
[Sun Sep 21 21:00:53 2025] [::1]:56938 [200]: POST /receiver.php
[Sun Sep 21 21:00:53 2025] [::1]:56938 Closing
[Sun Sep 21 21:00:53 2025] [::1]:56939 [200]: POST /receiver.php
[Sun Sep 21 21:00:53 2025] [::1]:56939 Closing
[Sun Sep 21 21:00:54 2025] [::1]:56941 Accepted
[Sun Sep 21 21:00:55 2025] [::1]:51311 Accepted
[Sun Sep 21 21:00:55 2025] [::1]:51311 [200]: POST /receiver.php
[Sun Sep 21 21:00:55 2025] [::1]:51311 Closing
[Sun Sep 21 21:00:57 2025] [::1]:51312 Accepted
[Sun Sep 21 21:00:57 2025] [::1]:51312 [200]: POST /receiver.php
[Sun Sep 21 21:00:57 2025] [::1]:51312 Closing
[Sun Sep 21 21:00:57 2025] [::1]:56941 [200]: POST /receiver.php
[Sun Sep 21 21:00:57 2025] [::1]:56941 Closing
[Sun Sep 21 21:00:57 2025] [::1]:51313 Accepted
[Sun Sep 21 21:00:57 2025] [::1]:51313 [200]: POST /receiver.php
[Sun Sep 21 21:00:57 2025] [::1]:51313 Closing
[Sun Sep 21 21:00:58 2025] [::1]:60818 Accepted
[Sun Sep 21 21:00:59 2025] [::1]:60819 Accepted
[Sun Sep 21 21:00:59 2025] [::1]:60819 [200]: POST /receiver.php
[Sun Sep 21 21:00:59 2025] [::1]:60819 Closing
[Sun Sep 21 21:00:59 2025] [::1]:60820 Accepted
[Sun Sep 21 21:00:59 2025] [::1]:60820 [200]: GET /panel.php
[Sun Sep 21 21:00:59 2025] [::1]:60820 Closing
[Sun Sep 21 21:00:59 2025] [::1]:60821 Accepted
[Sun Sep 21 21:00:59 2025] [::1]:60821 [200]: GET /assets/css/bootstrap.min.css
[Sun Sep 21 21:00:59 2025] [::1]:60821 Closing
[Sun Sep 21 21:00:59 2025] [::1]:60822 Accepted
[Sun Sep 21 21:00:59 2025] [::1]:60823 Accepted
[Sun Sep 21 21:00:59 2025] [::1]:60824 Accepted
[Sun Sep 21 21:00:59 2025] [::1]:60822 [200]: GET /assets/js/jquery.min.js
[Sun Sep 21 21:00:59 2025] [::1]:60825 Accepted
[Sun Sep 21 21:00:59 2025] [::1]:60823 [200]: GET /assets/js/growl-notification.min.js
[Sun Sep 21 21:00:59 2025] [::1]:60824 [200]: GET /assets/css/light-theme.min.css
[Sun Sep 21 21:00:59 2025] [::1]:60826 Accepted
[Sun Sep 21 21:00:59 2025] [::1]:60825 [200]: GET /assets/js/script.js
[Sun Sep 21 21:00:59 2025] [::1]:60826 [200]: GET /assets/js/sweetalert2.min.js
[Sun Sep 21 21:00:59 2025] [::1]:60822 Closing
[Sun Sep 21 21:00:59 2025] [::1]:60823 Closing
[Sun Sep 21 21:00:59 2025] [::1]:60824 Closing
[Sun Sep 21 21:00:59 2025] [::1]:60825 Closing
[Sun Sep 21 21:00:59 2025] [::1]:60826 Closing
[Sun Sep 21 21:01:02 2025] [::1]:62676 Accepted
[Sun Sep 21 21:01:02 2025] [::1]:62676 [200]: GET /Settings.json
[Sun Sep 21 21:01:02 2025] [::1]:62676 Closing
[Sun Sep 21 21:01:02 2025] [::1]:62677 Accepted
[Sun Sep 21 21:01:02 2025] [::1]:62678 Accepted
[Sun Sep 21 21:01:02 2025] [::1]:62678 [200]: POST /list_templates.php
[Sun Sep 21 21:01:02 2025] [::1]:62678 Closing
[Sun Sep 21 21:01:02 2025] [::1]:62677 [302]: GET /favicon.ico
[Sun Sep 21 21:01:02 2025] [::1]:62677 Closing
[Sun Sep 21 21:01:02 2025] [::1]:62679 Accepted
[Sun Sep 21 21:01:02 2025] [::1]:62679 [200]: GET /panel.php
[Sun Sep 21 21:01:02 2025] [::1]:62679 Closing
[Sun Sep 21 21:01:05 2025] [::1]:55402 Accepted
[Sun Sep 21 21:01:05 2025] [::1]:55402 [200]: POST /receiver.php
[Sun Sep 21 21:01:05 2025] [::1]:55402 Closing
[Sun Sep 21 21:01:07 2025] [::1]:51748 Accepted
[Sun Sep 21 21:01:07 2025] [::1]:51748 [200]: POST /receiver.php
[Sun Sep 21 21:01:07 2025] [::1]:51748 Closing
[Sun Sep 21 21:01:09 2025] [::1]:60818 [200]: POST /receiver.php
[Sun Sep 21 21:01:09 2025] [::1]:60818 Closing
[Sun Sep 21 21:01:09 2025] [::1]:51749 Accepted
[Sun Sep 21 21:01:09 2025] [::1]:51749 [200]: POST /receiver.php
[Sun Sep 21 21:01:09 2025] [::1]:51749 Closing
[Sun Sep 21 21:01:09 2025] [::1]:51750 Accepted
[Sun Sep 21 21:01:09 2025] [::1]:51750 [200]: POST /receiver.php
[Sun Sep 21 21:01:09 2025] [::1]:51750 Closing
[Sun Sep 21 21:01:09 2025] [::1]:51751 Accepted
[Sun Sep 21 21:01:09 2025] [::1]:51751 [200]: POST /receiver.php
[Sun Sep 21 21:01:09 2025] [::1]:51751 Closing
[Sun Sep 21 21:01:09 2025] [::1]:57135 Accepted
[Sun Sep 21 21:01:09 2025] [::1]:57136 Accepted
[Sun Sep 21 21:01:09 2025] [::1]:57136 [200]: POST /receiver.php
[Sun Sep 21 21:01:09 2025] [::1]:57136 Closing
[Sun Sep 21 21:01:10 2025] [::1]:57135 [200]: POST /receiver.php
[Sun Sep 21 21:01:10 2025] [::1]:57135 Closing
[Sun Sep 21 21:01:10 2025] [::1]:57137 Accepted
[Sun Sep 21 21:01:10 2025] [::1]:57138 Accepted
[Sun Sep 21 21:01:10 2025] [::1]:57137 [200]: POST /receiver.php
[Sun Sep 21 21:01:10 2025] [::1]:57137 Closing
[Sun Sep 21 21:01:10 2025] [::1]:57138 [200]: POST /receiver.php
[Sun Sep 21 21:01:10 2025] [::1]:57138 Closing
[Sun Sep 21 21:01:11 2025] [::1]:57139 Accepted
[Sun Sep 21 21:01:11 2025] [::1]:57139 [200]: POST /receiver.php
[Sun Sep 21 21:01:11 2025] [::1]:57139 Closing
[Sun Sep 21 21:01:13 2025] [::1]:60098 Accepted
[Sun Sep 21 21:01:13 2025] [::1]:60098 [200]: POST /receiver.php
[Sun Sep 21 21:01:13 2025] [::1]:60098 Closing
[Sun Sep 21 21:01:15 2025] [::1]:54478 Accepted
[Sun Sep 21 21:01:15 2025] [::1]:54478 [200]: POST /receiver.php
[Sun Sep 21 21:01:15 2025] [::1]:54478 Closing
[Sun Sep 21 21:01:17 2025] [::1]:55881 Accepted
[Sun Sep 21 21:01:17 2025] [::1]:55881 [200]: POST /receiver.php
[Sun Sep 21 21:01:17 2025] [::1]:55881 Closing
[Sun Sep 21 21:01:19 2025] [::1]:61889 Accepted
[Sun Sep 21 21:01:19 2025] [::1]:61889 [200]: POST /receiver.php
[Sun Sep 21 21:01:19 2025] [::1]:61889 Closing
[Sun Sep 21 21:01:21 2025] [::1]:61347 Accepted
[Sun Sep 21 21:01:21 2025] [::1]:61347 [200]: POST /receiver.php
[Sun Sep 21 21:01:21 2025] [::1]:61347 Closing
[Sun Sep 21 21:01:21 2025] [::1]:61348 Accepted
[Sun Sep 21 21:01:21 2025] [::1]:61348 [200]: POST /receiver.php
[Sun Sep 21 21:01:21 2025] [::1]:61348 Closing
[Sun Sep 21 21:01:23 2025] [::1]:59642 Accepted
[Sun Sep 21 21:01:23 2025] [::1]:59642 [200]: POST /receiver.php
[Sun Sep 21 21:01:23 2025] [::1]:59642 Closing
[Sun Sep 21 21:01:25 2025] [::1]:50081 Accepted
[Sun Sep 21 21:01:25 2025] [::1]:50081 [200]: POST /receiver.php
[Sun Sep 21 21:01:25 2025] [::1]:50081 Closing
[Sun Sep 21 21:01:27 2025] [::1]:50086 Accepted
[Sun Sep 21 21:01:27 2025] [::1]:50086 [200]: POST /receiver.php
[Sun Sep 21 21:01:27 2025] [::1]:50086 Closing
[Sun Sep 21 21:01:29 2025] [::1]:64560 Accepted
[Sun Sep 21 21:01:29 2025] [::1]:64560 [200]: POST /receiver.php
[Sun Sep 21 21:01:29 2025] [::1]:64560 Closing
[Sun Sep 21 21:01:31 2025] [::1]:55873 Accepted
[Sun Sep 21 21:01:31 2025] [::1]:55873 [200]: POST /receiver.php
[Sun Sep 21 21:01:31 2025] [::1]:55873 Closing
[Sun Sep 21 21:01:33 2025] [::1]:50800 Accepted
[Sun Sep 21 21:01:33 2025] [::1]:50800 [200]: POST /receiver.php
[Sun Sep 21 21:01:33 2025] [::1]:50800 Closing
[Sun Sep 21 21:01:35 2025] [::1]:52938 Accepted
[Sun Sep 21 21:01:35 2025] [::1]:52938 [200]: POST /receiver.php
[Sun Sep 21 21:01:35 2025] [::1]:52938 Closing
[Sun Sep 21 21:01:37 2025] [::1]:52939 Accepted
[Sun Sep 21 21:01:37 2025] [::1]:52939 [200]: POST /receiver.php
[Sun Sep 21 21:01:37 2025] [::1]:52939 Closing
[Sun Sep 21 21:01:39 2025] [::1]:54135 Accepted
[Sun Sep 21 21:01:39 2025] [::1]:54135 [200]: POST /receiver.php
[Sun Sep 21 21:01:39 2025] [::1]:54135 Closing
[Sun Sep 21 21:01:41 2025] [::1]:64600 Accepted
[Sun Sep 21 21:01:41 2025] [::1]:64600 [200]: POST /receiver.php
[Sun Sep 21 21:01:41 2025] [::1]:64600 Closing
[Sun Sep 21 21:01:43 2025] [::1]:52546 Accepted
[Sun Sep 21 21:01:43 2025] [::1]:52546 [200]: POST /receiver.php
[Sun Sep 21 21:01:43 2025] [::1]:52546 Closing
[Sun Sep 21 21:01:45 2025] [::1]:52547 Accepted
[Sun Sep 21 21:01:45 2025] [::1]:52547 [200]: POST /receiver.php
[Sun Sep 21 21:01:45 2025] [::1]:52547 Closing
[Sun Sep 21 21:01:47 2025] [::1]:53227 Accepted
[Sun Sep 21 21:01:47 2025] [::1]:53227 [200]: POST /receiver.php
[Sun Sep 21 21:01:47 2025] [::1]:53227 Closing
[Sun Sep 21 21:01:49 2025] [::1]:61935 Accepted
[Sun Sep 21 21:01:49 2025] [::1]:61935 [200]: POST /receiver.php
[Sun Sep 21 21:01:49 2025] [::1]:61935 Closing
[Sun Sep 21 21:01:51 2025] [::1]:58418 Accepted
[Sun Sep 21 21:01:51 2025] [::1]:58418 [200]: POST /receiver.php
[Sun Sep 21 21:01:51 2025] [::1]:58418 Closing
[Sun Sep 21 21:01:53 2025] [::1]:51100 Accepted
[Sun Sep 21 21:01:53 2025] [::1]:51100 [200]: POST /receiver.php
[Sun Sep 21 21:01:53 2025] [::1]:51100 Closing
[Sun Sep 21 21:01:55 2025] [::1]:51101 Accepted
[Sun Sep 21 21:01:55 2025] [::1]:51101 [200]: POST /receiver.php
[Sun Sep 21 21:01:55 2025] [::1]:51101 Closing
[Sun Sep 21 21:01:57 2025] [::1]:61463 Accepted
[Sun Sep 21 21:01:57 2025] [::1]:61463 [200]: POST /receiver.php
[Sun Sep 21 21:01:57 2025] [::1]:61463 Closing
[Sun Sep 21 21:01:59 2025] [::1]:58709 Accepted
[Sun Sep 21 21:01:59 2025] [::1]:58709 [200]: POST /receiver.php
[Sun Sep 21 21:01:59 2025] [::1]:58709 Closing
[Sun Sep 21 21:02:01 2025] [::1]:52936 Accepted
[Sun Sep 21 21:02:01 2025] [::1]:52936 [200]: POST /receiver.php
[Sun Sep 21 21:02:01 2025] [::1]:52936 Closing
[Sun Sep 21 21:02:03 2025] [::1]:53200 Accepted
[Sun Sep 21 21:02:03 2025] [::1]:53200 [200]: POST /receiver.php
[Sun Sep 21 21:02:03 2025] [::1]:53200 Closing
[Sun Sep 21 21:02:05 2025] [::1]:62381 Accepted
[Sun Sep 21 21:02:05 2025] [::1]:62381 [200]: POST /receiver.php
[Sun Sep 21 21:02:05 2025] [::1]:62381 Closing
[Sun Sep 21 21:02:07 2025] [::1]:59253 Accepted
[Sun Sep 21 21:02:07 2025] [::1]:59253 [200]: POST /receiver.php
[Sun Sep 21 21:02:07 2025] [::1]:59253 Closing
[Sun Sep 21 21:02:09 2025] [::1]:56255 Accepted
[Sun Sep 21 21:02:09 2025] [::1]:56255 [200]: POST /receiver.php
[Sun Sep 21 21:02:09 2025] [::1]:56255 Closing
[Sun Sep 21 21:02:11 2025] [::1]:62878 Accepted
[Sun Sep 21 21:02:11 2025] [::1]:62878 [200]: POST /receiver.php
[Sun Sep 21 21:02:11 2025] [::1]:62878 Closing
[Sun Sep 21 21:02:13 2025] [::1]:62879 Accepted
[Sun Sep 21 21:02:13 2025] [::1]:62879 [200]: POST /receiver.php
[Sun Sep 21 21:02:13 2025] [::1]:62879 Closing
[Sun Sep 21 21:02:15 2025] [::1]:56603 Accepted
[Sun Sep 21 21:02:15 2025] [::1]:56603 [200]: POST /receiver.php
[Sun Sep 21 21:02:15 2025] [::1]:56603 Closing
[Sun Sep 21 21:02:17 2025] [::1]:53457 Accepted
[Sun Sep 21 21:02:17 2025] [::1]:53457 [200]: POST /receiver.php
[Sun Sep 21 21:02:17 2025] [::1]:53457 Closing
[Sun Sep 21 21:02:19 2025] [::1]:56472 Accepted
[Sun Sep 21 21:02:19 2025] [::1]:56472 [200]: POST /receiver.php
[Sun Sep 21 21:02:19 2025] [::1]:56472 Closing
[Sun Sep 21 21:02:21 2025] [::1]:64062 Accepted
[Sun Sep 21 21:02:21 2025] [::1]:64062 [200]: POST /receiver.php
[Sun Sep 21 21:02:21 2025] [::1]:64062 Closing
[Sun Sep 21 21:02:21 2025] [::1]:64063 Accepted
[Sun Sep 21 21:02:21 2025] [::1]:64063 [200]: POST /receiver.php
[Sun Sep 21 21:02:21 2025] [::1]:64063 Closing
[Sun Sep 21 21:02:23 2025] [::1]:53736 Accepted
[Sun Sep 21 21:02:23 2025] [::1]:53736 [200]: POST /receiver.php
[Sun Sep 21 21:02:23 2025] [::1]:53736 Closing
[Sun Sep 21 21:02:25 2025] [::1]:52405 Accepted
[Sun Sep 21 21:02:25 2025] [::1]:52405 [200]: POST /receiver.php
[Sun Sep 21 21:02:25 2025] [::1]:52405 Closing
[Sun Sep 21 21:02:27 2025] [::1]:52406 Accepted
[Sun Sep 21 21:02:27 2025] [::1]:52406 [200]: POST /receiver.php
[Sun Sep 21 21:02:27 2025] [::1]:52406 Closing
[Sun Sep 21 21:02:29 2025] [::1]:60061 Accepted
[Sun Sep 21 21:02:29 2025] [::1]:60061 [200]: POST /receiver.php
[Sun Sep 21 21:02:29 2025] [::1]:60061 Closing
[Sun Sep 21 21:02:31 2025] [::1]:50256 Accepted
[Sun Sep 21 21:02:31 2025] [::1]:50256 [200]: POST /receiver.php
[Sun Sep 21 21:02:31 2025] [::1]:50256 Closing
[Sun Sep 21 21:02:33 2025] [::1]:62808 Accepted
[Sun Sep 21 21:02:33 2025] [::1]:62808 [200]: POST /receiver.php
[Sun Sep 21 21:02:33 2025] [::1]:62808 Closing
[Sun Sep 21 21:02:35 2025] [::1]:63333 Accepted
[Sun Sep 21 21:02:35 2025] [::1]:63333 [200]: POST /receiver.php
[Sun Sep 21 21:02:35 2025] [::1]:63333 Closing
[Sun Sep 21 21:02:37 2025] [::1]:57613 Accepted
[Sun Sep 21 21:02:37 2025] [::1]:57613 [200]: POST /receiver.php
[Sun Sep 21 21:02:37 2025] [::1]:57613 Closing
[Sun Sep 21 21:02:39 2025] [::1]:63183 Accepted
[Sun Sep 21 21:02:39 2025] [::1]:63183 [200]: POST /receiver.php
[Sun Sep 21 21:02:39 2025] [::1]:63183 Closing
[Sun Sep 21 21:02:41 2025] [::1]:63184 Accepted
[Sun Sep 21 21:02:41 2025] [::1]:63184 [200]: POST /receiver.php
[Sun Sep 21 21:02:41 2025] [::1]:63184 Closing
[Sun Sep 21 21:02:44 2025] [::1]:57808 Accepted
[Sun Sep 21 21:02:44 2025] [::1]:57808 [200]: POST /receiver.php
[Sun Sep 21 21:02:44 2025] [::1]:57808 Closing
[Sun Sep 21 21:02:46 2025] [::1]:52130 Accepted
[Sun Sep 21 21:02:46 2025] [::1]:52130 [200]: POST /receiver.php
[Sun Sep 21 21:02:46 2025] [::1]:52130 Closing
[Sun Sep 21 21:02:48 2025] [::1]:54613 Accepted
[Sun Sep 21 21:02:48 2025] [::1]:54613 [200]: POST /receiver.php
[Sun Sep 21 21:02:48 2025] [::1]:54613 Closing
[Sun Sep 21 21:02:50 2025] [::1]:54614 Accepted
[Sun Sep 21 21:02:50 2025] [::1]:54614 [200]: POST /receiver.php
[Sun Sep 21 21:02:50 2025] [::1]:54614 Closing
[Sun Sep 21 21:02:52 2025] [::1]:60001 Accepted
[Sun Sep 21 21:02:52 2025] [::1]:60001 [200]: POST /receiver.php
[Sun Sep 21 21:02:52 2025] [::1]:60001 Closing
[Sun Sep 21 21:02:53 2025] [::1]:61111 Accepted
[Sun Sep 21 21:02:53 2025] [::1]:61111 [200]: POST /receiver.php
[Sun Sep 21 21:02:53 2025] [::1]:61111 Closing
[Sun Sep 21 21:02:55 2025] [::1]:50532 Accepted
[Sun Sep 21 21:02:55 2025] [::1]:50532 [200]: POST /receiver.php
[Sun Sep 21 21:02:55 2025] [::1]:50532 Closing
[Sun Sep 21 21:02:57 2025] [::1]:62783 Accepted
[Sun Sep 21 21:02:57 2025] [::1]:62783 [200]: POST /receiver.php
[Sun Sep 21 21:02:57 2025] [::1]:62783 Closing
[Sun Sep 21 21:03:00 2025] [::1]:59034 Accepted
[Sun Sep 21 21:03:00 2025] [::1]:59034 [200]: POST /receiver.php
[Sun Sep 21 21:03:00 2025] [::1]:59034 Closing
[Sun Sep 21 21:03:02 2025] [::1]:65065 Accepted
[Sun Sep 21 21:03:02 2025] [::1]:65065 [200]: POST /receiver.php
[Sun Sep 21 21:03:02 2025] [::1]:65065 Closing
[Sun Sep 21 21:03:02 2025] [::1]:63149 Accepted
[Sun Sep 21 21:03:02 2025] [::1]:63149 [200]: GET /templates/normal_data/index.html
[Sun Sep 21 21:03:02 2025] [::1]:63149 Closing
[Sun Sep 21 21:03:02 2025] [::1]:63150 Accepted
[Sun Sep 21 21:03:02 2025] [::1]:63150 [200]: GET /assets/js/client.min.js
[Sun Sep 21 21:03:02 2025] [::1]:63150 Closing
[Sun Sep 21 21:03:02 2025] [::1]:63151 Accepted
[Sun Sep 21 21:03:02 2025] [::1]:63152 Accepted
[Sun Sep 21 21:03:02 2025] [::1]:63151 [200]: GET /assets/js/jquery.min.js
[Sun Sep 21 21:03:02 2025] [::1]:63152 [200]: GET /assets/js/loc.js
[Sun Sep 21 21:03:02 2025] [::1]:63151 Closing
[Sun Sep 21 21:03:02 2025] [::1]:63152 Closing
[Sun Sep 21 21:03:04 2025] [::1]:56209 Accepted
[Sun Sep 21 21:03:04 2025] [::1]:56209 [200]: POST /receiver.php
[Sun Sep 21 21:03:04 2025] [::1]:56209 Closing
[Sun Sep 21 21:03:04 2025] [::1]:56210 Accepted
[Sun Sep 21 21:03:04 2025] [::1]:56210 [200]: POST /templates/normal_data/handler.php
[Sun Sep 21 21:03:04 2025] [::1]:56210 Closing
[Sun Sep 21 21:03:06 2025] [::1]:58120 Accepted
[Sun Sep 21 21:03:06 2025] [::1]:58120 [200]: POST /receiver.php
[Sun Sep 21 21:03:06 2025] [::1]:58120 Closing
[Sun Sep 21 21:03:08 2025] [::1]:58122 Accepted
[Sun Sep 21 21:03:08 2025] [::1]:58122 [200]: POST /receiver.php
[Sun Sep 21 21:03:08 2025] [::1]:58122 Closing
[Sun Sep 21 21:03:10 2025] [::1]:63200 Accepted
[Sun Sep 21 21:03:10 2025] [::1]:63200 [200]: POST /receiver.php
[Sun Sep 21 21:03:10 2025] [::1]:63200 Closing
[Sun Sep 21 21:03:12 2025] [::1]:56203 Accepted
[Sun Sep 21 21:03:12 2025] [::1]:56203 [200]: POST /receiver.php
[Sun Sep 21 21:03:12 2025] [::1]:56203 Closing
[Sun Sep 21 21:03:14 2025] [::1]:60088 Accepted
[Sun Sep 21 21:03:14 2025] [::1]:60088 [200]: POST /receiver.php
[Sun Sep 21 21:03:14 2025] [::1]:60088 Closing
[Sun Sep 21 21:03:16 2025] [::1]:63521 Accepted
[Sun Sep 21 21:03:16 2025] [::1]:63521 [200]: POST /receiver.php
[Sun Sep 21 21:03:16 2025] [::1]:63521 Closing
[Sun Sep 21 21:03:18 2025] [::1]:54381 Accepted
[Sun Sep 21 21:03:18 2025] [::1]:54381 [200]: POST /receiver.php
[Sun Sep 21 21:03:18 2025] [::1]:54381 Closing
[Sun Sep 21 21:03:20 2025] [::1]:58720 Accepted
[Sun Sep 21 21:03:20 2025] [::1]:58720 [200]: POST /receiver.php
[Sun Sep 21 21:03:20 2025] [::1]:58720 Closing
[Sun Sep 21 21:03:21 2025] [::1]:58723 Accepted
[Sun Sep 21 21:03:21 2025] [::1]:58723 [200]: POST /receiver.php
[Sun Sep 21 21:03:21 2025] [::1]:58723 Closing
[Sun Sep 21 21:03:22 2025] [::1]:54342 Accepted
[Sun Sep 21 21:03:22 2025] [::1]:54342 [200]: POST /receiver.php
[Sun Sep 21 21:03:22 2025] [::1]:54342 Closing
[Sun Sep 21 21:03:24 2025] [::1]:49624 Accepted
[Sun Sep 21 21:03:24 2025] [::1]:49624 [200]: POST /receiver.php
[Sun Sep 21 21:03:24 2025] [::1]:49624 Closing
[Sun Sep 21 21:03:26 2025] [::1]:49625 Accepted
[Sun Sep 21 21:03:26 2025] [::1]:49625 [200]: POST /receiver.php
[Sun Sep 21 21:03:26 2025] [::1]:49625 Closing
[Sun Sep 21 21:03:28 2025] [::1]:53403 Accepted
[Sun Sep 21 21:03:28 2025] [::1]:53403 [200]: POST /receiver.php
[Sun Sep 21 21:03:28 2025] [::1]:53403 Closing
[Sun Sep 21 21:03:29 2025] [::1]:51367 Accepted
[Sun Sep 21 21:03:29 2025] [::1]:51367 [200]: POST /receiver.php
[Sun Sep 21 21:03:29 2025] [::1]:51367 Closing
[Sun Sep 21 21:03:31 2025] [::1]:51368 Accepted
[Sun Sep 21 21:03:31 2025] [::1]:51368 [200]: POST /receiver.php
[Sun Sep 21 21:03:31 2025] [::1]:51368 Closing
[Sun Sep 21 21:03:33 2025] [::1]:56788 Accepted
[Sun Sep 21 21:03:33 2025] [::1]:56788 [200]: POST /receiver.php
[Sun Sep 21 21:03:33 2025] [::1]:56788 Closing
[Sun Sep 21 21:03:35 2025] [::1]:64467 Accepted
[Sun Sep 21 21:03:35 2025] [::1]:64467 [200]: POST /receiver.php
[Sun Sep 21 21:03:35 2025] [::1]:64467 Closing
[Sun Sep 21 21:03:37 2025] [::1]:65260 Accepted
[Sun Sep 21 21:03:37 2025] [::1]:65260 [200]: POST /receiver.php
[Sun Sep 21 21:03:37 2025] [::1]:65260 Closing
[Sun Sep 21 21:03:39 2025] [::1]:56140 Accepted
[Sun Sep 21 21:03:39 2025] [::1]:56140 [200]: POST /receiver.php
[Sun Sep 21 21:03:39 2025] [::1]:56140 Closing
[Sun Sep 21 21:03:41 2025] [::1]:51356 Accepted
[Sun Sep 21 21:03:41 2025] [::1]:51356 [200]: POST /receiver.php
[Sun Sep 21 21:03:41 2025] [::1]:51356 Closing
[Sun Sep 21 21:03:43 2025] [::1]:49164 Accepted
[Sun Sep 21 21:03:43 2025] [::1]:49164 [200]: POST /receiver.php
[Sun Sep 21 21:03:43 2025] [::1]:49164 Closing
[Sun Sep 21 21:03:45 2025] [::1]:49165 Accepted
[Sun Sep 21 21:03:45 2025] [::1]:49165 [200]: POST /receiver.php
[Sun Sep 21 21:03:45 2025] [::1]:49165 Closing
[Sun Sep 21 21:03:47 2025] [::1]:57654 Accepted
[Sun Sep 21 21:03:47 2025] [::1]:57654 [200]: POST /receiver.php
[Sun Sep 21 21:03:47 2025] [::1]:57654 Closing
[Sun Sep 21 21:03:49 2025] [::1]:52433 Accepted
[Sun Sep 21 21:03:49 2025] [::1]:52433 [200]: POST /receiver.php
[Sun Sep 21 21:03:49 2025] [::1]:52433 Closing
[Sun Sep 21 21:03:51 2025] [::1]:54626 Accepted
[Sun Sep 21 21:03:51 2025] [::1]:54626 [200]: POST /receiver.php
[Sun Sep 21 21:03:51 2025] [::1]:54626 Closing
[Sun Sep 21 21:03:53 2025] [::1]:49635 Accepted
[Sun Sep 21 21:03:53 2025] [::1]:49635 [200]: POST /receiver.php
[Sun Sep 21 21:03:53 2025] [::1]:49635 Closing
[Sun Sep 21 21:03:55 2025] [::1]:53101 Accepted
[Sun Sep 21 21:03:55 2025] [::1]:53101 [200]: POST /receiver.php
[Sun Sep 21 21:03:55 2025] [::1]:53101 Closing
[Sun Sep 21 21:03:57 2025] [::1]:56980 Accepted
[Sun Sep 21 21:03:57 2025] [::1]:56980 [200]: POST /receiver.php
[Sun Sep 21 21:03:57 2025] [::1]:56980 Closing
[Sun Sep 21 21:03:59 2025] [::1]:61016 Accepted
[Sun Sep 21 21:03:59 2025] [::1]:61016 [200]: POST /receiver.php
[Sun Sep 21 21:03:59 2025] [::1]:61016 Closing
[Sun Sep 21 21:04:01 2025] [::1]:57598 Accepted
[Sun Sep 21 21:04:01 2025] [::1]:57598 [200]: POST /receiver.php
[Sun Sep 21 21:04:01 2025] [::1]:57598 Closing
[Sun Sep 21 21:04:03 2025] [::1]:57599 Accepted
[Sun Sep 21 21:04:03 2025] [::1]:57599 [200]: POST /receiver.php
[Sun Sep 21 21:04:03 2025] [::1]:57599 Closing
[Sun Sep 21 21:04:05 2025] [::1]:52187 Accepted
[Sun Sep 21 21:04:05 2025] [::1]:52187 [200]: POST /receiver.php
[Sun Sep 21 21:04:05 2025] [::1]:52187 Closing
[Sun Sep 21 21:04:07 2025] [::1]:53142 Accepted
[Sun Sep 21 21:04:07 2025] [::1]:53142 [200]: POST /receiver.php
[Sun Sep 21 21:04:07 2025] [::1]:53142 Closing
[Sun Sep 21 21:04:09 2025] [::1]:63495 Accepted
[Sun Sep 21 21:04:09 2025] [::1]:63495 [200]: POST /receiver.php
[Sun Sep 21 21:04:09 2025] [::1]:63495 Closing
[Sun Sep 21 21:04:11 2025] [::1]:57853 Accepted
[Sun Sep 21 21:04:11 2025] [::1]:57853 [200]: POST /receiver.php
[Sun Sep 21 21:04:11 2025] [::1]:57853 Closing
[Sun Sep 21 21:04:13 2025] [::1]:64828 Accepted
[Sun Sep 21 21:04:13 2025] [::1]:64828 [200]: POST /receiver.php
[Sun Sep 21 21:04:13 2025] [::1]:64828 Closing
[Sun Sep 21 21:04:15 2025] [::1]:61706 Accepted
[Sun Sep 21 21:04:15 2025] [::1]:61706 [200]: POST /receiver.php
[Sun Sep 21 21:04:15 2025] [::1]:61706 Closing
[Sun Sep 21 21:04:17 2025] [::1]:65167 Accepted
[Sun Sep 21 21:04:17 2025] [::1]:65167 [200]: POST /receiver.php
[Sun Sep 21 21:04:17 2025] [::1]:65167 Closing
[Sun Sep 21 21:04:19 2025] [::1]:49727 Accepted
[Sun Sep 21 21:04:19 2025] [::1]:49727 [200]: POST /receiver.php
[Sun Sep 21 21:04:19 2025] [::1]:49727 Closing
[Sun Sep 21 21:04:21 2025] [::1]:49730 Accepted
[Sun Sep 21 21:04:21 2025] [::1]:49730 [200]: POST /receiver.php
[Sun Sep 21 21:04:21 2025] [::1]:49730 Closing
[Sun Sep 21 21:04:23 2025] [::1]:59560 Accepted
[Sun Sep 21 21:04:23 2025] [::1]:59560 [200]: POST /receiver.php
[Sun Sep 21 21:04:23 2025] [::1]:59560 Closing
[Sun Sep 21 21:04:25 2025] [::1]:53546 Accepted
[Sun Sep 21 21:04:25 2025] [::1]:53546 [200]: POST /receiver.php
[Sun Sep 21 21:04:25 2025] [::1]:53546 Closing
[Sun Sep 21 21:04:27 2025] [::1]:58471 Accepted
[Sun Sep 21 21:04:27 2025] [::1]:58471 [200]: POST /receiver.php
[Sun Sep 21 21:04:27 2025] [::1]:58471 Closing
[Sun Sep 21 21:04:29 2025] [::1]:62173 Accepted
[Sun Sep 21 21:04:29 2025] [::1]:62173 [200]: POST /receiver.php
[Sun Sep 21 21:04:29 2025] [::1]:62173 Closing
[Sun Sep 21 21:04:31 2025] [::1]:60386 Accepted
[Sun Sep 21 21:04:31 2025] [::1]:60386 [200]: POST /receiver.php
[Sun Sep 21 21:04:31 2025] [::1]:60386 Closing
[Sun Sep 21 21:04:33 2025] [::1]:61000 Accepted
[Sun Sep 21 21:04:33 2025] [::1]:61000 [200]: POST /receiver.php
[Sun Sep 21 21:04:33 2025] [::1]:61000 Closing
[Sun Sep 21 21:04:35 2025] [::1]:60813 Accepted
[Sun Sep 21 21:04:35 2025] [::1]:60813 [200]: POST /receiver.php
[Sun Sep 21 21:04:35 2025] [::1]:60813 Closing
[Sun Sep 21 21:04:37 2025] [::1]:60814 Accepted
[Sun Sep 21 21:04:37 2025] [::1]:60814 [200]: POST /receiver.php
[Sun Sep 21 21:04:37 2025] [::1]:60814 Closing
[Sun Sep 21 21:04:39 2025] [::1]:65050 Accepted
[Sun Sep 21 21:04:39 2025] [::1]:65050 [200]: POST /receiver.php
[Sun Sep 21 21:04:39 2025] [::1]:65050 Closing
[Sun Sep 21 21:04:41 2025] [::1]:51879 Accepted
[Sun Sep 21 21:04:41 2025] [::1]:51879 [200]: POST /receiver.php
[Sun Sep 21 21:04:41 2025] [::1]:51879 Closing
[Sun Sep 21 21:04:43 2025] [::1]:51218 Accepted
[Sun Sep 21 21:04:43 2025] [::1]:51218 [200]: POST /receiver.php
[Sun Sep 21 21:04:43 2025] [::1]:51218 Closing
[Sun Sep 21 21:04:45 2025] [::1]:58707 Accepted
[Sun Sep 21 21:04:45 2025] [::1]:58707 [200]: POST /receiver.php
[Sun Sep 21 21:04:45 2025] [::1]:58707 Closing
[Sun Sep 21 21:04:47 2025] [::1]:50588 Accepted
[Sun Sep 21 21:04:47 2025] [::1]:50588 [200]: POST /receiver.php
[Sun Sep 21 21:04:47 2025] [::1]:50588 Closing
[Sun Sep 21 21:04:49 2025] [::1]:50589 Accepted
[Sun Sep 21 21:04:49 2025] [::1]:50589 [200]: POST /receiver.php
[Sun Sep 21 21:04:49 2025] [::1]:50589 Closing
[Sun Sep 21 21:04:51 2025] [::1]:49399 Accepted
[Sun Sep 21 21:04:51 2025] [::1]:49399 [200]: POST /receiver.php
[Sun Sep 21 21:04:51 2025] [::1]:49399 Closing
[Sun Sep 21 21:04:53 2025] [::1]:65337 Accepted
[Sun Sep 21 21:04:53 2025] [::1]:65337 [200]: POST /receiver.php
[Sun Sep 21 21:04:53 2025] [::1]:65337 Closing
[Sun Sep 21 21:04:55 2025] [::1]:63513 Accepted
[Sun Sep 21 21:04:55 2025] [::1]:63513 [200]: POST /receiver.php
[Sun Sep 21 21:04:55 2025] [::1]:63513 Closing
[Sun Sep 21 21:04:57 2025] [::1]:55172 Accepted
[Sun Sep 21 21:04:57 2025] [::1]:55172 [200]: POST /receiver.php
[Sun Sep 21 21:04:57 2025] [::1]:55172 Closing
[Sun Sep 21 21:04:59 2025] [::1]:54891 Accepted
[Sun Sep 21 21:04:59 2025] [::1]:54891 [200]: POST /receiver.php
[Sun Sep 21 21:04:59 2025] [::1]:54891 Closing
[Sun Sep 21 21:05:01 2025] [::1]:54734 Accepted
[Sun Sep 21 21:05:01 2025] [::1]:54734 [200]: POST /receiver.php
[Sun Sep 21 21:05:01 2025] [::1]:54734 Closing
[Sun Sep 21 21:05:03 2025] [::1]:62896 Accepted
[Sun Sep 21 21:05:03 2025] [::1]:62896 [200]: POST /receiver.php
[Sun Sep 21 21:05:03 2025] [::1]:62896 Closing
[Sun Sep 21 21:05:05 2025] [::1]:56050 Accepted
[Sun Sep 21 21:05:05 2025] [::1]:56050 [200]: POST /receiver.php
[Sun Sep 21 21:05:05 2025] [::1]:56050 Closing
[Sun Sep 21 21:05:07 2025] [::1]:56051 Accepted
[Sun Sep 21 21:05:07 2025] [::1]:56051 [200]: POST /receiver.php
[Sun Sep 21 21:05:07 2025] [::1]:56051 Closing
[Sun Sep 21 21:05:09 2025] [::1]:60488 Accepted
[Sun Sep 21 21:05:09 2025] [::1]:60488 [200]: POST /receiver.php
[Sun Sep 21 21:05:09 2025] [::1]:60488 Closing
[Sun Sep 21 21:05:11 2025] [::1]:57660 Accepted
[Sun Sep 21 21:05:11 2025] [::1]:57660 [200]: POST /receiver.php
[Sun Sep 21 21:05:11 2025] [::1]:57660 Closing
[Sun Sep 21 21:05:13 2025] [::1]:50741 Accepted
[Sun Sep 21 21:05:13 2025] [::1]:50741 [200]: POST /receiver.php
[Sun Sep 21 21:05:13 2025] [::1]:50741 Closing
[Sun Sep 21 21:05:15 2025] [::1]:57298 Accepted
[Sun Sep 21 21:05:15 2025] [::1]:57298 [200]: POST /receiver.php
[Sun Sep 21 21:05:15 2025] [::1]:57298 Closing
[Sun Sep 21 21:05:17 2025] [::1]:57532 Accepted
[Sun Sep 21 21:05:17 2025] [::1]:57532 [200]: POST /receiver.php
[Sun Sep 21 21:05:17 2025] [::1]:57532 Closing
[Sun Sep 21 21:05:19 2025] [::1]:62884 Accepted
[Sun Sep 21 21:05:19 2025] [::1]:62884 [200]: POST /receiver.php
[Sun Sep 21 21:05:19 2025] [::1]:62884 Closing
[Sun Sep 21 21:05:22 2025] [::1]:61939 Accepted
[Sun Sep 21 21:05:22 2025] [::1]:61939 [200]: POST /receiver.php
[Sun Sep 21 21:05:22 2025] [::1]:61939 Closing
[Sun Sep 21 21:05:23 2025] [::1]:56610 Accepted
[Sun Sep 21 21:05:23 2025] [::1]:56610 [200]: POST /receiver.php
[Sun Sep 21 21:05:23 2025] [::1]:56610 Closing
[Sun Sep 21 21:05:26 2025] [::1]:54780 Accepted
[Sun Sep 21 21:05:26 2025] [::1]:54780 [200]: POST /receiver.php
[Sun Sep 21 21:05:26 2025] [::1]:54780 Closing
[Sun Sep 21 21:05:28 2025] [::1]:50294 Accepted
[Sun Sep 21 21:05:28 2025] [::1]:50294 [200]: POST /receiver.php
[Sun Sep 21 21:05:28 2025] [::1]:50294 Closing
[Sun Sep 21 21:05:30 2025] [::1]:57317 Accepted
[Sun Sep 21 21:05:30 2025] [::1]:57317 [200]: POST /receiver.php
[Sun Sep 21 21:05:30 2025] [::1]:57317 Closing
[Sun Sep 21 21:05:32 2025] [::1]:60821 Accepted
[Sun Sep 21 21:05:32 2025] [::1]:60821 [200]: POST /receiver.php
[Sun Sep 21 21:05:32 2025] [::1]:60821 Closing
[Sun Sep 21 21:05:34 2025] [::1]:60822 Accepted
[Sun Sep 21 21:05:34 2025] [::1]:60822 [200]: POST /receiver.php
[Sun Sep 21 21:05:34 2025] [::1]:60822 Closing
[Sun Sep 21 21:05:36 2025] [::1]:59270 Accepted
[Sun Sep 21 21:05:36 2025] [::1]:59270 [200]: POST /receiver.php
[Sun Sep 21 21:05:36 2025] [::1]:59270 Closing
[Sun Sep 21 21:05:38 2025] [::1]:58583 Accepted
[Sun Sep 21 21:05:38 2025] [::1]:58583 [200]: POST /receiver.php
[Sun Sep 21 21:05:38 2025] [::1]:58583 Closing
[Sun Sep 21 21:05:40 2025] [::1]:61610 Accepted
[Sun Sep 21 21:05:40 2025] [::1]:61610 [200]: POST /receiver.php
[Sun Sep 21 21:05:40 2025] [::1]:61610 Closing
[Sun Sep 21 21:05:42 2025] [::1]:64037 Accepted
[Sun Sep 21 21:05:42 2025] [::1]:64037 [200]: POST /receiver.php
[Sun Sep 21 21:05:42 2025] [::1]:64037 Closing
[Sun Sep 21 21:05:44 2025] [::1]:64038 Accepted
[Sun Sep 21 21:05:44 2025] [::1]:64038 [200]: POST /receiver.php
[Sun Sep 21 21:05:44 2025] [::1]:64038 Closing
[Sun Sep 21 21:05:47 2025] [::1]:49930 Accepted
[Sun Sep 21 21:05:47 2025] [::1]:49930 [200]: POST /receiver.php
[Sun Sep 21 21:05:47 2025] [::1]:49930 Closing
[Sun Sep 21 21:05:48 2025] [::1]:49931 Accepted
[Sun Sep 21 21:05:48 2025] [::1]:49931 [200]: POST /receiver.php
[Sun Sep 21 21:05:48 2025] [::1]:49931 Closing
[Sun Sep 21 21:05:50 2025] [::1]:49517 Accepted
[Sun Sep 21 21:05:50 2025] [::1]:49517 [200]: POST /receiver.php
[Sun Sep 21 21:05:50 2025] [::1]:49517 Closing
[Sun Sep 21 21:05:52 2025] [::1]:64116 Accepted
[Sun Sep 21 21:05:52 2025] [::1]:64116 [200]: POST /receiver.php
[Sun Sep 21 21:05:52 2025] [::1]:64116 Closing
[Sun Sep 21 21:05:54 2025] [::1]:59339 Accepted
[Sun Sep 21 21:05:54 2025] [::1]:59339 [200]: POST /receiver.php
[Sun Sep 21 21:05:54 2025] [::1]:59339 Closing
[Sun Sep 21 21:05:56 2025] [::1]:52532 Accepted
[Sun Sep 21 21:05:56 2025] [::1]:52532 [200]: POST /receiver.php
[Sun Sep 21 21:05:56 2025] [::1]:52532 Closing
[Sun Sep 21 21:05:58 2025] [::1]:52380 Accepted
[Sun Sep 21 21:05:58 2025] [::1]:52380 [200]: POST /receiver.php
[Sun Sep 21 21:05:58 2025] [::1]:52380 Closing
[Sun Sep 21 21:06:00 2025] [::1]:61123 Accepted
[Sun Sep 21 21:06:00 2025] [::1]:61123 [200]: POST /receiver.php
[Sun Sep 21 21:06:00 2025] [::1]:61123 Closing
[Sun Sep 21 21:06:02 2025] [::1]:61124 Accepted
[Sun Sep 21 21:06:02 2025] [::1]:61124 [200]: POST /receiver.php
[Sun Sep 21 21:06:02 2025] [::1]:61124 Closing
[Sun Sep 21 21:06:04 2025] [::1]:49729 Accepted
[Sun Sep 21 21:06:04 2025] [::1]:49729 [200]: POST /receiver.php
[Sun Sep 21 21:06:04 2025] [::1]:49729 Closing
[Sun Sep 21 21:06:06 2025] [::1]:60038 Accepted
[Sun Sep 21 21:06:06 2025] [::1]:60038 [200]: POST /receiver.php
[Sun Sep 21 21:06:06 2025] [::1]:60038 Closing
[Sun Sep 21 21:06:08 2025] [::1]:51045 Accepted
[Sun Sep 21 21:06:08 2025] [::1]:51045 [200]: POST /receiver.php
[Sun Sep 21 21:06:08 2025] [::1]:51045 Closing
[Sun Sep 21 21:06:10 2025] [::1]:60245 Accepted
[Sun Sep 21 21:06:10 2025] [::1]:60245 [200]: POST /receiver.php
[Sun Sep 21 21:06:10 2025] [::1]:60245 Closing
[Sun Sep 21 21:06:12 2025] [::1]:60647 Accepted
[Sun Sep 21 21:06:12 2025] [::1]:60647 [200]: POST /receiver.php
[Sun Sep 21 21:06:12 2025] [::1]:60647 Closing
[Sun Sep 21 21:06:14 2025] [::1]:59201 Accepted
[Sun Sep 21 21:06:14 2025] [::1]:59201 [200]: POST /receiver.php
[Sun Sep 21 21:06:14 2025] [::1]:59201 Closing
[Sun Sep 21 21:06:23 2025] [::1]:49729 Accepted
[Sun Sep 21 21:06:23 2025] [::1]:49729 [200]: POST /receiver.php
[Sun Sep 21 21:06:23 2025] [::1]:49729 Closing
[Sun Sep 21 21:06:29 2025] [::1]:56618 Accepted
[Sun Sep 21 21:06:29 2025] [::1]:56616 Accepted
[Sun Sep 21 21:06:29 2025] [::1]:56617 Accepted
[Sun Sep 21 21:06:29 2025] [::1]:56618 [200]: POST /receiver.php
[Sun Sep 21 21:06:29 2025] [::1]:56618 Closing
[Sun Sep 21 21:06:29 2025] [::1]:56616 [200]: POST /receiver.php
[Sun Sep 21 21:06:29 2025] [::1]:56616 Closing
[Sun Sep 21 21:06:29 2025] [::1]:56617 [200]: POST /receiver.php
[Sun Sep 21 21:06:29 2025] [::1]:56617 Closing
[Sun Sep 21 21:07:20 2025] [::1]:55274 Accepted
[Sun Sep 21 21:07:20 2025] [::1]:55274 [200]: POST /receiver.php
[Sun Sep 21 21:07:20 2025] [::1]:55274 Closing
[Sun Sep 21 21:08:20 2025] [::1]:64939 Accepted
[Sun Sep 21 21:08:20 2025] [::1]:64939 [200]: POST /receiver.php
[Sun Sep 21 21:08:20 2025] [::1]:64939 Closing
[Sun Sep 21 21:09:55 2025] [::1]:58589 Accepted
[Sun Sep 21 21:09:55 2025] [::1]:58589 [302]: GET /
[Sun Sep 21 21:09:55 2025] [::1]:58589 Closing
[Sun Sep 21 21:09:55 2025] [::1]:58590 Accepted
[Sun Sep 21 21:09:55 2025] [::1]:58590 [200]: GET /panel.php
[Sun Sep 21 21:09:55 2025] [::1]:58590 Closing
[Sun Sep 21 21:09:55 2025] [::1]:58591 Accepted
[Sun Sep 21 21:09:55 2025] [::1]:58591 [200]: GET /assets/css/light-theme.min.css
[Sun Sep 21 21:09:55 2025] [::1]:58591 Closing
[Sun Sep 21 21:09:55 2025] [::1]:58593 Accepted
[Sun Sep 21 21:09:55 2025] [::1]:58592 Accepted
[Sun Sep 21 21:09:55 2025] [::1]:58594 Accepted
[Sun Sep 21 21:09:55 2025] [::1]:58595 Accepted
[Sun Sep 21 21:09:55 2025] [::1]:58592 [200]: GET /assets/js/sweetalert2.min.js
[Sun Sep 21 21:09:55 2025] [::1]:58595 [200]: GET /assets/css/bootstrap.min.css
[Sun Sep 21 21:09:55 2025] [::1]:58593 [200]: GET /assets/js/jquery.min.js
[Sun Sep 21 21:09:55 2025] [::1]:58594 [200]: GET /assets/js/script.js
[Sun Sep 21 21:09:55 2025] [::1]:58592 Closing
[Sun Sep 21 21:09:55 2025] [::1]:58595 Closing
[Sun Sep 21 21:09:55 2025] [::1]:58593 Closing
[Sun Sep 21 21:09:55 2025] [::1]:58594 Closing
[Sun Sep 21 21:09:55 2025] [::1]:58596 Accepted
[Sun Sep 21 21:09:55 2025] [::1]:58596 [200]: GET /assets/js/growl-notification.min.js
[Sun Sep 21 21:09:55 2025] [::1]:58596 Closing
[Sun Sep 21 21:09:57 2025] [::1]:53356 Accepted
[Sun Sep 21 21:09:57 2025] [::1]:53357 Accepted
[Sun Sep 21 21:09:58 2025] [::1]:53357 [200]: POST /list_templates.php
[Sun Sep 21 21:09:58 2025] [::1]:53357 Closing
[Sun Sep 21 21:09:58 2025] [::1]:53358 Accepted
[Sun Sep 21 21:09:58 2025] [::1]:53356 [200]: GET /Settings.json
[Sun Sep 21 21:09:58 2025] [::1]:53358 [302]: GET /favicon.ico
[Sun Sep 21 21:09:58 2025] [::1]:53358 Closing
[Sun Sep 21 21:09:58 2025] [::1]:53356 Closing
[Sun Sep 21 21:09:58 2025] [::1]:53359 Accepted
[Sun Sep 21 21:09:58 2025] [::1]:53359 [200]: GET /panel.php
[Sun Sep 21 21:09:58 2025] [::1]:53359 Closing
[Sun Sep 21 21:10:00 2025] [::1]:51506 Accepted
[Sun Sep 21 21:10:00 2025] [::1]:51506 [200]: POST /receiver.php
[Sun Sep 21 21:10:00 2025] [::1]:51506 Closing
[Sun Sep 21 21:10:02 2025] [::1]:59289 Accepted
[Sun Sep 21 21:10:02 2025] [::1]:59289 [200]: POST /receiver.php
[Sun Sep 21 21:10:02 2025] [::1]:59289 Closing
[Sun Sep 21 21:10:04 2025] [::1]:61185 Accepted
[Sun Sep 21 21:10:04 2025] [::1]:61185 [200]: POST /receiver.php
[Sun Sep 21 21:10:04 2025] [::1]:61185 Closing
[Sun Sep 21 21:10:20 2025] [::1]:56823 Accepted
[Sun Sep 21 21:10:20 2025] [::1]:56823 [200]: POST /receiver.php
[Sun Sep 21 21:10:20 2025] [::1]:56823 Closing
[Sun Sep 21 21:10:27 2025] [::1]:59181 Accepted
[Sun Sep 21 21:10:27 2025] [::1]:59181 [200]: POST /receiver.php
[Sun Sep 21 21:10:27 2025] [::1]:59181 Closing
[Sun Sep 21 21:10:29 2025] [::1]:50594 Accepted
[Sun Sep 21 21:10:29 2025] [::1]:50594 [200]: POST /receiver.php
[Sun Sep 21 21:10:29 2025] [::1]:50594 Closing
[Sun Sep 21 21:10:31 2025] [::1]:51320 Accepted
[Sun Sep 21 21:10:31 2025] [::1]:51320 [200]: POST /receiver.php
[Sun Sep 21 21:10:31 2025] [::1]:51320 Closing
[Sun Sep 21 21:10:33 2025] [::1]:53181 Accepted
[Sun Sep 21 21:10:33 2025] [::1]:53181 [200]: POST /receiver.php
[Sun Sep 21 21:10:33 2025] [::1]:53181 Closing
[Sun Sep 21 21:10:35 2025] [::1]:51795 Accepted
[Sun Sep 21 21:10:35 2025] [::1]:51795 [200]: POST /receiver.php
[Sun Sep 21 21:10:35 2025] [::1]:51795 Closing
[Sun Sep 21 21:10:37 2025] [::1]:61219 Accepted
[Sun Sep 21 21:10:37 2025] [::1]:61219 [200]: POST /receiver.php
[Sun Sep 21 21:10:37 2025] [::1]:61219 Closing
[Sun Sep 21 21:10:39 2025] [::1]:54125 Accepted
[Sun Sep 21 21:10:39 2025] [::1]:54125 [200]: POST /receiver.php
[Sun Sep 21 21:10:39 2025] [::1]:54125 Closing
[Sun Sep 21 21:10:41 2025] [::1]:60507 Accepted
[Sun Sep 21 21:10:41 2025] [::1]:60507 [200]: POST /receiver.php
[Sun Sep 21 21:10:41 2025] [::1]:60507 Closing
[Sun Sep 21 21:10:43 2025] [::1]:63378 Accepted
[Sun Sep 21 21:10:43 2025] [::1]:63378 [200]: POST /receiver.php
[Sun Sep 21 21:10:43 2025] [::1]:63378 Closing
[Sun Sep 21 21:10:45 2025] [::1]:63379 Accepted
[Sun Sep 21 21:10:45 2025] [::1]:63379 [200]: POST /receiver.php
[Sun Sep 21 21:10:45 2025] [::1]:63379 Closing
[Sun Sep 21 21:10:47 2025] [::1]:64403 Accepted
[Sun Sep 21 21:10:47 2025] [::1]:64403 [200]: POST /receiver.php
[Sun Sep 21 21:10:47 2025] [::1]:64403 Closing
[Sun Sep 21 21:10:49 2025] [::1]:55993 Accepted
[Sun Sep 21 21:10:49 2025] [::1]:55993 [200]: POST /receiver.php
[Sun Sep 21 21:10:49 2025] [::1]:55993 Closing
[Sun Sep 21 21:10:53 2025] [::1]:62081 Accepted
[Sun Sep 21 21:10:53 2025] [::1]:62081 [200]: POST /receiver.php
[Sun Sep 21 21:10:53 2025] [::1]:62081 Closing
[Sun Sep 21 21:10:54 2025] [::1]:62082 Accepted
[Sun Sep 21 21:10:54 2025] [::1]:62082 [200]: POST /receiver.php
[Sun Sep 21 21:10:54 2025] [::1]:62082 Closing
[Sun Sep 21 21:10:56 2025] [::1]:55503 Accepted
[Sun Sep 21 21:10:56 2025] [::1]:55503 [200]: POST /receiver.php
[Sun Sep 21 21:10:56 2025] [::1]:55503 Closing
[Sun Sep 21 21:10:58 2025] [::1]:56393 Accepted
[Sun Sep 21 21:10:58 2025] [::1]:56393 [200]: POST /receiver.php
[Sun Sep 21 21:10:58 2025] [::1]:56393 Closing
[Sun Sep 21 21:11:00 2025] [::1]:51163 Accepted
[Sun Sep 21 21:11:00 2025] [::1]:51163 [200]: POST /receiver.php
[Sun Sep 21 21:11:00 2025] [::1]:51163 Closing
[Sun Sep 21 21:11:02 2025] [::1]:62918 Accepted
[Sun Sep 21 21:11:02 2025] [::1]:62918 [200]: POST /receiver.php
[Sun Sep 21 21:11:02 2025] [::1]:62918 Closing
[Sun Sep 21 21:11:04 2025] [::1]:62922 Accepted
[Sun Sep 21 21:11:04 2025] [::1]:62922 [200]: POST /receiver.php
[Sun Sep 21 21:11:04 2025] [::1]:62922 Closing
[Sun Sep 21 21:11:05 2025] [::1]:56209 Accepted
[Sun Sep 21 21:11:05 2025] [::1]:56209 [200]: POST /receiver.php
[Sun Sep 21 21:11:05 2025] [::1]:56209 Closing
[Sun Sep 21 21:11:07 2025] [::1]:63071 Accepted
[Sun Sep 21 21:11:07 2025] [::1]:63071 [200]: POST /receiver.php
[Sun Sep 21 21:11:07 2025] [::1]:63071 Closing
[Sun Sep 21 21:11:09 2025] [::1]:63217 Accepted
[Sun Sep 21 21:11:09 2025] [::1]:63217 [200]: POST /receiver.php
[Sun Sep 21 21:11:09 2025] [::1]:63217 Closing
[Sun Sep 21 21:11:11 2025] [::1]:60319 Accepted
[Sun Sep 21 21:11:11 2025] [::1]:60319 [200]: POST /receiver.php
[Sun Sep 21 21:11:11 2025] [::1]:60319 Closing
[Sun Sep 21 21:11:13 2025] [::1]:60320 Accepted
[Sun Sep 21 21:11:13 2025] [::1]:60320 [200]: POST /receiver.php
[Sun Sep 21 21:11:13 2025] [::1]:60320 Closing
[Sun Sep 21 21:11:15 2025] [::1]:49472 Accepted
[Sun Sep 21 21:11:15 2025] [::1]:49472 [200]: POST /receiver.php
[Sun Sep 21 21:11:15 2025] [::1]:49472 Closing
[Sun Sep 21 21:11:17 2025] [::1]:49484 Accepted
[Sun Sep 21 21:11:17 2025] [::1]:49484 [200]: POST /receiver.php
[Sun Sep 21 21:11:17 2025] [::1]:49484 Closing
[Sun Sep 21 21:11:19 2025] [::1]:58571 Accepted
[Sun Sep 21 21:11:19 2025] [::1]:58571 [200]: POST /receiver.php
[Sun Sep 21 21:11:19 2025] [::1]:58571 Closing
[Sun Sep 21 21:11:21 2025] [::1]:59957 Accepted
[Sun Sep 21 21:11:21 2025] [::1]:59957 [200]: POST /receiver.php
[Sun Sep 21 21:11:21 2025] [::1]:59957 Closing
[Sun Sep 21 21:11:23 2025] [::1]:56759 Accepted
[Sun Sep 21 21:11:23 2025] [::1]:56759 [200]: POST /receiver.php
[Sun Sep 21 21:11:23 2025] [::1]:56759 Closing
[Sun Sep 21 21:11:25 2025] [::1]:56089 Accepted
[Sun Sep 21 21:11:25 2025] [::1]:56089 [200]: POST /receiver.php
[Sun Sep 21 21:11:25 2025] [::1]:56089 Closing
[Sun Sep 21 21:11:27 2025] [::1]:56029 Accepted
[Sun Sep 21 21:11:27 2025] [::1]:56029 [200]: POST /receiver.php
[Sun Sep 21 21:11:27 2025] [::1]:56029 Closing
[Sun Sep 21 21:11:29 2025] [::1]:53285 Accepted
[Sun Sep 21 21:11:29 2025] [::1]:53285 [200]: POST /receiver.php
[Sun Sep 21 21:11:29 2025] [::1]:53285 Closing
[Sun Sep 21 21:11:31 2025] [::1]:53286 Accepted
[Sun Sep 21 21:11:31 2025] [::1]:53286 [200]: POST /receiver.php
[Sun Sep 21 21:11:31 2025] [::1]:53286 Closing
[Sun Sep 21 21:11:33 2025] [::1]:53288 Accepted
[Sun Sep 21 21:11:33 2025] [::1]:53288 [200]: POST /receiver.php
[Sun Sep 21 21:11:33 2025] [::1]:53288 Closing
[Sun Sep 21 21:11:35 2025] [::1]:53289 Accepted
[Sun Sep 21 21:11:35 2025] [::1]:53289 [200]: POST /receiver.php
[Sun Sep 21 21:11:35 2025] [::1]:53289 Closing
[Sun Sep 21 21:11:37 2025] [::1]:53290 Accepted
[Sun Sep 21 21:11:37 2025] [::1]:53290 [200]: POST /receiver.php
[Sun Sep 21 21:11:37 2025] [::1]:53290 Closing
[Sun Sep 21 21:11:40 2025] [::1]:53291 Accepted
[Sun Sep 21 21:11:40 2025] [::1]:53291 [200]: POST /receiver.php
[Sun Sep 21 21:11:40 2025] [::1]:53291 Closing
[Sun Sep 21 21:11:41 2025] [::1]:53293 Accepted
[Sun Sep 21 21:11:41 2025] [::1]:53293 [200]: POST /receiver.php
[Sun Sep 21 21:11:41 2025] [::1]:53293 Closing
[Sun Sep 21 21:11:44 2025] [::1]:53294 Accepted
[Sun Sep 21 21:11:44 2025] [::1]:53294 [200]: POST /receiver.php
[Sun Sep 21 21:11:44 2025] [::1]:53294 Closing
[Sun Sep 21 21:11:46 2025] [::1]:53295 Accepted
[Sun Sep 21 21:11:46 2025] [::1]:53295 [200]: POST /receiver.php
[Sun Sep 21 21:11:46 2025] [::1]:53295 Closing
[Sun Sep 21 21:11:48 2025] [::1]:53296 Accepted
[Sun Sep 21 21:11:48 2025] [::1]:53296 [200]: POST /receiver.php
[Sun Sep 21 21:11:48 2025] [::1]:53296 Closing
[Sun Sep 21 21:11:50 2025] [::1]:53297 Accepted
[Sun Sep 21 21:11:50 2025] [::1]:53297 [200]: POST /receiver.php
[Sun Sep 21 21:11:50 2025] [::1]:53297 Closing
[Sun Sep 21 21:11:52 2025] [::1]:53298 Accepted
[Sun Sep 21 21:11:52 2025] [::1]:53298 [200]: POST /receiver.php
[Sun Sep 21 21:11:52 2025] [::1]:53298 Closing
[Sun Sep 21 21:11:54 2025] [::1]:53299 Accepted
[Sun Sep 21 21:11:54 2025] [::1]:53299 [200]: POST /receiver.php
[Sun Sep 21 21:11:54 2025] [::1]:53299 Closing
[Sun Sep 21 21:11:56 2025] [::1]:53300 Accepted
[Sun Sep 21 21:11:56 2025] [::1]:53300 [200]: POST /receiver.php
[Sun Sep 21 21:11:56 2025] [::1]:53300 Closing
[Sun Sep 21 21:11:58 2025] [::1]:53301 Accepted
[Sun Sep 21 21:11:58 2025] [::1]:53301 [200]: POST /receiver.php
[Sun Sep 21 21:11:58 2025] [::1]:53301 Closing
[Sun Sep 21 21:12:00 2025] [::1]:53302 Accepted
[Sun Sep 21 21:12:00 2025] [::1]:53302 [200]: POST /receiver.php
[Sun Sep 21 21:12:00 2025] [::1]:53302 Closing
[Sun Sep 21 21:12:02 2025] [::1]:53304 Accepted
[Sun Sep 21 21:12:02 2025] [::1]:53304 [200]: POST /receiver.php
[Sun Sep 21 21:12:02 2025] [::1]:53304 Closing
[Sun Sep 21 21:12:04 2025] [::1]:53305 Accepted
[Sun Sep 21 21:12:04 2025] [::1]:53305 [200]: POST /receiver.php
[Sun Sep 21 21:12:04 2025] [::1]:53305 Closing
[Sun Sep 21 21:12:06 2025] [::1]:53306 Accepted
[Sun Sep 21 21:12:06 2025] [::1]:53306 [200]: POST /receiver.php
[Sun Sep 21 21:12:06 2025] [::1]:53306 Closing
[Sun Sep 21 21:12:07 2025] [::1]:53309 Accepted
[Sun Sep 21 21:12:07 2025] [::1]:53309 [200]: POST /receiver.php
[Sun Sep 21 21:12:07 2025] [::1]:53309 Closing
[Sun Sep 21 21:12:09 2025] [::1]:53318 Accepted
[Sun Sep 21 21:12:09 2025] [::1]:53318 [200]: POST /receiver.php
[Sun Sep 21 21:12:09 2025] [::1]:53318 Closing
[Sun Sep 21 21:12:11 2025] [::1]:53327 Accepted
[Sun Sep 21 21:12:11 2025] [::1]:53327 [200]: POST /receiver.php
[Sun Sep 21 21:12:11 2025] [::1]:53327 Closing
[Sun Sep 21 21:12:14 2025] [::1]:53334 Accepted
[Sun Sep 21 21:12:14 2025] [::1]:53334 [200]: POST /receiver.php
[Sun Sep 21 21:12:14 2025] [::1]:53334 Closing
[Sun Sep 21 21:12:16 2025] [::1]:53335 Accepted
[Sun Sep 21 21:12:16 2025] [::1]:53335 [200]: POST /receiver.php
[Sun Sep 21 21:12:16 2025] [::1]:53335 Closing
[Sun Sep 21 21:12:18 2025] [::1]:53339 Accepted
[Sun Sep 21 21:12:18 2025] [::1]:53339 [200]: POST /receiver.php
[Sun Sep 21 21:12:18 2025] [::1]:53339 Closing
[Sun Sep 21 21:12:20 2025] [::1]:53346 Accepted
[Sun Sep 21 21:12:20 2025] [::1]:53346 [200]: POST /receiver.php
[Sun Sep 21 21:12:20 2025] [::1]:53346 Closing
[Sun Sep 21 21:12:22 2025] [::1]:53347 Accepted
[Sun Sep 21 21:12:22 2025] [::1]:53347 [200]: POST /receiver.php
[Sun Sep 21 21:12:22 2025] [::1]:53347 Closing
[Sun Sep 21 21:12:24 2025] [::1]:53348 Accepted
[Sun Sep 21 21:12:24 2025] [::1]:53348 [200]: POST /receiver.php
[Sun Sep 21 21:12:24 2025] [::1]:53348 Closing
[Sun Sep 21 21:12:26 2025] [::1]:53349 Accepted
[Sun Sep 21 21:12:26 2025] [::1]:53349 [200]: POST /receiver.php
[Sun Sep 21 21:12:26 2025] [::1]:53349 Closing
[Sun Sep 21 21:12:28 2025] [::1]:53350 Accepted
[Sun Sep 21 21:12:28 2025] [::1]:53350 [200]: POST /receiver.php
[Sun Sep 21 21:12:28 2025] [::1]:53350 Closing
[Sun Sep 21 21:12:30 2025] [::1]:53351 Accepted
[Sun Sep 21 21:12:30 2025] [::1]:53351 [200]: POST /receiver.php
[Sun Sep 21 21:12:30 2025] [::1]:53351 Closing
[Sun Sep 21 21:12:32 2025] [::1]:52904 Accepted
[Sun Sep 21 21:12:32 2025] [::1]:52904 [200]: POST /receiver.php
[Sun Sep 21 21:12:32 2025] [::1]:52904 Closing
[Sun Sep 21 21:12:34 2025] [::1]:52905 Accepted
[Sun Sep 21 21:12:34 2025] [::1]:52905 [200]: POST /receiver.php
[Sun Sep 21 21:12:34 2025] [::1]:52905 Closing
[Sun Sep 21 21:12:36 2025] [::1]:52906 Accepted
[Sun Sep 21 21:12:36 2025] [::1]:52906 [200]: POST /receiver.php
[Sun Sep 21 21:12:36 2025] [::1]:52906 Closing
[Sun Sep 21 21:12:38 2025] [::1]:52907 Accepted
[Sun Sep 21 21:12:38 2025] [::1]:52907 [200]: POST /receiver.php
[Sun Sep 21 21:12:38 2025] [::1]:52907 Closing
[Sun Sep 21 21:12:40 2025] [::1]:52908 Accepted
[Sun Sep 21 21:12:40 2025] [::1]:52908 [200]: POST /receiver.php
[Sun Sep 21 21:12:40 2025] [::1]:52908 Closing
[Sun Sep 21 21:12:42 2025] [::1]:52909 Accepted
[Sun Sep 21 21:12:42 2025] [::1]:52909 [200]: POST /receiver.php
[Sun Sep 21 21:12:42 2025] [::1]:52909 Closing
[Sun Sep 21 21:12:44 2025] [::1]:52910 Accepted
[Sun Sep 21 21:12:44 2025] [::1]:52910 [200]: POST /receiver.php
[Sun Sep 21 21:12:44 2025] [::1]:52910 Closing
[Sun Sep 21 21:12:46 2025] [::1]:52911 Accepted
[Sun Sep 21 21:12:46 2025] [::1]:52911 [200]: POST /receiver.php
[Sun Sep 21 21:12:46 2025] [::1]:52911 Closing
[Sun Sep 21 21:12:48 2025] [::1]:52912 Accepted
[Sun Sep 21 21:12:48 2025] [::1]:52912 [200]: POST /receiver.php
[Sun Sep 21 21:12:48 2025] [::1]:52912 Closing
[Sun Sep 21 21:12:50 2025] [::1]:52913 Accepted
[Sun Sep 21 21:12:50 2025] [::1]:52913 [200]: POST /receiver.php
[Sun Sep 21 21:12:50 2025] [::1]:52913 Closing
[Sun Sep 21 21:12:52 2025] [::1]:52914 Accepted
[Sun Sep 21 21:12:52 2025] [::1]:52914 [200]: POST /receiver.php
[Sun Sep 21 21:12:52 2025] [::1]:52914 Closing
[Sun Sep 21 21:12:54 2025] [::1]:52915 Accepted
[Sun Sep 21 21:12:54 2025] [::1]:52915 [200]: POST /receiver.php
[Sun Sep 21 21:12:54 2025] [::1]:52915 Closing
[Sun Sep 21 21:12:56 2025] [::1]:52916 Accepted
[Sun Sep 21 21:12:56 2025] [::1]:52916 [200]: POST /receiver.php
[Sun Sep 21 21:12:56 2025] [::1]:52916 Closing
[Sun Sep 21 21:12:58 2025] [::1]:52917 Accepted
[Sun Sep 21 21:12:58 2025] [::1]:52917 [200]: POST /receiver.php
[Sun Sep 21 21:12:58 2025] [::1]:52917 Closing
[Sun Sep 21 21:13:00 2025] [::1]:52918 Accepted
[Sun Sep 21 21:13:00 2025] [::1]:52918 [200]: POST /receiver.php
[Sun Sep 21 21:13:00 2025] [::1]:52918 Closing
[Sun Sep 21 21:13:02 2025] [::1]:52919 Accepted
[Sun Sep 21 21:13:02 2025] [::1]:52919 [200]: POST /receiver.php
[Sun Sep 21 21:13:02 2025] [::1]:52919 Closing
[Sun Sep 21 21:13:04 2025] [::1]:52920 Accepted
[Sun Sep 21 21:13:04 2025] [::1]:52920 [200]: POST /receiver.php
[Sun Sep 21 21:13:04 2025] [::1]:52920 Closing
[Sun Sep 21 21:13:06 2025] [::1]:52921 Accepted
[Sun Sep 21 21:13:06 2025] [::1]:52921 [200]: POST /receiver.php
[Sun Sep 21 21:13:06 2025] [::1]:52921 Closing
[Sun Sep 21 21:13:08 2025] [::1]:52922 Accepted
[Sun Sep 21 21:13:08 2025] [::1]:52922 [200]: POST /receiver.php
[Sun Sep 21 21:13:08 2025] [::1]:52922 Closing
[Sun Sep 21 21:13:10 2025] [::1]:52923 Accepted
[Sun Sep 21 21:13:10 2025] [::1]:52923 [200]: POST /receiver.php
[Sun Sep 21 21:13:10 2025] [::1]:52923 Closing
[Sun Sep 21 21:13:12 2025] [::1]:52924 Accepted
[Sun Sep 21 21:13:12 2025] [::1]:52924 [200]: POST /receiver.php
[Sun Sep 21 21:13:12 2025] [::1]:52924 Closing
[Sun Sep 21 21:13:20 2025] [::1]:52949 Accepted
[Sun Sep 21 21:13:20 2025] [::1]:52949 [200]: POST /receiver.php
[Sun Sep 21 21:13:20 2025] [::1]:52949 Closing
[Sun Sep 21 21:14:20 2025] [::1]:55892 Accepted
[Sun Sep 21 21:14:20 2025] [::1]:55892 [200]: POST /receiver.php
[Sun Sep 21 21:14:20 2025] [::1]:55892 Closing
[Sun Sep 21 21:14:40 2025] [::1]:51092 Accepted
[Sun Sep 21 21:14:40 2025] [::1]:51092 [200]: POST /receiver.php
[Sun Sep 21 21:14:40 2025] [::1]:51092 Closing
[Sun Sep 21 21:14:41 2025] [::1]:60296 Accepted
[Sun Sep 21 21:14:41 2025] [::1]:60296 [200]: POST /receiver.php
[Sun Sep 21 21:14:41 2025] [::1]:60296 Closing
[Sun Sep 21 21:14:43 2025] [::1]:53846 Accepted
[Sun Sep 21 21:14:43 2025] [::1]:53846 [200]: POST /receiver.php
[Sun Sep 21 21:14:43 2025] [::1]:53846 Closing
[Sun Sep 21 21:14:45 2025] [::1]:53847 Accepted
[Sun Sep 21 21:14:45 2025] [::1]:53847 [200]: POST /receiver.php
[Sun Sep 21 21:14:45 2025] [::1]:53847 Closing
[Sun Sep 21 21:14:47 2025] [::1]:53848 Accepted
[Sun Sep 21 21:14:47 2025] [::1]:53848 [200]: POST /receiver.php
[Sun Sep 21 21:14:47 2025] [::1]:53848 Closing
[Sun Sep 21 21:14:49 2025] [::1]:53849 Accepted
[Sun Sep 21 21:14:49 2025] [::1]:53849 [200]: POST /receiver.php
[Sun Sep 21 21:14:49 2025] [::1]:53849 Closing
[Sun Sep 21 21:14:51 2025] [::1]:53850 Accepted
[Sun Sep 21 21:14:51 2025] [::1]:53850 [200]: POST /receiver.php
[Sun Sep 21 21:14:51 2025] [::1]:53850 Closing
[Sun Sep 21 21:14:53 2025] [::1]:53851 Accepted
[Sun Sep 21 21:14:53 2025] [::1]:53851 [200]: POST /receiver.php
[Sun Sep 21 21:14:53 2025] [::1]:53851 Closing
[Sun Sep 21 21:14:55 2025] [::1]:53852 Accepted
[Sun Sep 21 21:14:55 2025] [::1]:53852 [200]: POST /receiver.php
[Sun Sep 21 21:14:55 2025] [::1]:53852 Closing
[Sun Sep 21 21:14:57 2025] [::1]:53853 Accepted
[Sun Sep 21 21:14:57 2025] [::1]:53853 [200]: POST /receiver.php
[Sun Sep 21 21:14:57 2025] [::1]:53853 Closing
[Sun Sep 21 21:15:00 2025] [::1]:53854 Accepted
[Sun Sep 21 21:15:00 2025] [::1]:53854 [200]: POST /receiver.php
[Sun Sep 21 21:15:00 2025] [::1]:53854 Closing
[Sun Sep 21 21:15:02 2025] [::1]:53855 Accepted
[Sun Sep 21 21:15:02 2025] [::1]:53855 [200]: POST /receiver.php
[Sun Sep 21 21:15:02 2025] [::1]:53855 Closing
[Sun Sep 21 21:15:04 2025] [::1]:53856 Accepted
[Sun Sep 21 21:15:04 2025] [::1]:53856 [200]: POST /receiver.php
[Sun Sep 21 21:15:04 2025] [::1]:53856 Closing
[Sun Sep 21 21:15:06 2025] [::1]:53857 Accepted
[Sun Sep 21 21:15:06 2025] [::1]:53857 [200]: POST /receiver.php
[Sun Sep 21 21:15:06 2025] [::1]:53857 Closing
[Sun Sep 21 21:15:08 2025] [::1]:53858 Accepted
[Sun Sep 21 21:15:08 2025] [::1]:53858 [200]: POST /receiver.php
[Sun Sep 21 21:15:08 2025] [::1]:53858 Closing
[Sun Sep 21 21:15:10 2025] [::1]:53859 Accepted
[Sun Sep 21 21:15:10 2025] [::1]:53859 [200]: POST /receiver.php
[Sun Sep 21 21:15:10 2025] [::1]:53859 Closing
[Sun Sep 21 21:15:12 2025] [::1]:53860 Accepted
[Sun Sep 21 21:15:12 2025] [::1]:53860 [200]: POST /receiver.php
[Sun Sep 21 21:15:12 2025] [::1]:53860 Closing
[Sun Sep 21 21:15:13 2025] [::1]:53861 Accepted
[Sun Sep 21 21:15:13 2025] [::1]:53861 [200]: POST /receiver.php
[Sun Sep 21 21:15:13 2025] [::1]:53861 Closing
[Sun Sep 21 21:15:15 2025] [::1]:53862 Accepted
[Sun Sep 21 21:15:15 2025] [::1]:53862 [200]: POST /receiver.php
[Sun Sep 21 21:15:15 2025] [::1]:53862 Closing
[Sun Sep 21 21:15:17 2025] [::1]:53863 Accepted
[Sun Sep 21 21:15:17 2025] [::1]:53863 [200]: POST /receiver.php
[Sun Sep 21 21:15:17 2025] [::1]:53863 Closing
[Sun Sep 21 21:15:19 2025] [::1]:53870 Accepted
[Sun Sep 21 21:15:19 2025] [::1]:53870 [200]: POST /receiver.php
[Sun Sep 21 21:15:19 2025] [::1]:53870 Closing
[Sun Sep 21 21:15:21 2025] [::1]:53873 Accepted
[Sun Sep 21 21:15:21 2025] [::1]:53873 [200]: POST /receiver.php
[Sun Sep 21 21:15:21 2025] [::1]:53873 Closing
[Sun Sep 21 21:15:23 2025] [::1]:53874 Accepted
[Sun Sep 21 21:15:23 2025] [::1]:53874 [200]: POST /receiver.php
[Sun Sep 21 21:15:23 2025] [::1]:53874 Closing
[Sun Sep 21 21:15:25 2025] [::1]:53875 Accepted
[Sun Sep 21 21:15:25 2025] [::1]:53875 [200]: POST /receiver.php
[Sun Sep 21 21:15:25 2025] [::1]:53875 Closing
[Sun Sep 21 21:15:27 2025] [::1]:53876 Accepted
[Sun Sep 21 21:15:27 2025] [::1]:53876 [200]: POST /receiver.php
[Sun Sep 21 21:15:27 2025] [::1]:53876 Closing
[Sun Sep 21 21:15:29 2025] [::1]:53877 Accepted
[Sun Sep 21 21:15:29 2025] [::1]:53877 [200]: POST /receiver.php
[Sun Sep 21 21:15:29 2025] [::1]:53877 Closing
[Sun Sep 21 21:15:32 2025] [::1]:53878 Accepted
[Sun Sep 21 21:15:32 2025] [::1]:53878 [200]: POST /receiver.php
[Sun Sep 21 21:15:32 2025] [::1]:53878 Closing
[Sun Sep 21 21:15:34 2025] [::1]:53879 Accepted
[Sun Sep 21 21:15:34 2025] [::1]:53879 [200]: POST /receiver.php
[Sun Sep 21 21:15:34 2025] [::1]:53879 Closing
[Sun Sep 21 21:15:36 2025] [::1]:53880 Accepted
[Sun Sep 21 21:15:36 2025] [::1]:53880 [200]: POST /receiver.php
[Sun Sep 21 21:15:36 2025] [::1]:53880 Closing
[Sun Sep 21 21:15:37 2025] [::1]:53881 Accepted
[Sun Sep 21 21:15:37 2025] [::1]:53881 [200]: POST /receiver.php
[Sun Sep 21 21:15:37 2025] [::1]:53881 Closing
[Sun Sep 21 21:15:39 2025] [::1]:53882 Accepted
[Sun Sep 21 21:15:39 2025] [::1]:53882 [200]: POST /receiver.php
[Sun Sep 21 21:15:39 2025] [::1]:53882 Closing
[Sun Sep 21 21:15:41 2025] [::1]:53883 Accepted
[Sun Sep 21 21:15:41 2025] [::1]:53883 [200]: POST /receiver.php
[Sun Sep 21 21:15:41 2025] [::1]:53883 Closing
[Sun Sep 21 21:15:44 2025] [::1]:53884 Accepted
[Sun Sep 21 21:15:44 2025] [::1]:53884 [200]: POST /receiver.php
[Sun Sep 21 21:15:44 2025] [::1]:53884 Closing
[Sun Sep 21 21:15:46 2025] [::1]:53885 Accepted
[Sun Sep 21 21:15:46 2025] [::1]:53885 [200]: POST /receiver.php
[Sun Sep 21 21:15:46 2025] [::1]:53885 Closing
[Sun Sep 21 21:15:48 2025] [::1]:53886 Accepted
[Sun Sep 21 21:15:48 2025] [::1]:53886 [200]: POST /receiver.php
[Sun Sep 21 21:15:48 2025] [::1]:53886 Closing
[Sun Sep 21 21:15:50 2025] [::1]:53887 Accepted
[Sun Sep 21 21:15:50 2025] [::1]:53887 [200]: POST /receiver.php
[Sun Sep 21 21:15:50 2025] [::1]:53887 Closing
[Sun Sep 21 21:15:52 2025] [::1]:53888 Accepted
[Sun Sep 21 21:15:52 2025] [::1]:53888 [200]: POST /receiver.php
[Sun Sep 21 21:15:52 2025] [::1]:53888 Closing
[Sun Sep 21 21:15:54 2025] [::1]:53889 Accepted
[Sun Sep 21 21:15:54 2025] [::1]:53889 [200]: POST /receiver.php
[Sun Sep 21 21:15:54 2025] [::1]:53889 Closing
[Sun Sep 21 21:15:56 2025] [::1]:53890 Accepted
[Sun Sep 21 21:15:56 2025] [::1]:53890 [200]: POST /receiver.php
[Sun Sep 21 21:15:56 2025] [::1]:53890 Closing
[Sun Sep 21 21:15:57 2025] [::1]:53891 Accepted
[Sun Sep 21 21:15:57 2025] [::1]:53891 [200]: POST /receiver.php
[Sun Sep 21 21:15:57 2025] [::1]:53891 Closing
[Sun Sep 21 21:15:59 2025] [::1]:53892 Accepted
[Sun Sep 21 21:15:59 2025] [::1]:53892 [200]: POST /receiver.php
[Sun Sep 21 21:15:59 2025] [::1]:53892 Closing
[Sun Sep 21 21:16:01 2025] [::1]:53893 Accepted
[Sun Sep 21 21:16:01 2025] [::1]:53893 [200]: POST /receiver.php
[Sun Sep 21 21:16:01 2025] [::1]:53893 Closing
[Sun Sep 21 21:16:03 2025] [::1]:53894 Accepted
[Sun Sep 21 21:16:03 2025] [::1]:53894 [200]: POST /receiver.php
[Sun Sep 21 21:16:03 2025] [::1]:53894 Closing
[Sun Sep 21 21:16:05 2025] [::1]:53895 Accepted
[Sun Sep 21 21:16:05 2025] [::1]:53895 [200]: POST /receiver.php
[Sun Sep 21 21:16:05 2025] [::1]:53895 Closing
[Sun Sep 21 21:16:07 2025] [::1]:53896 Accepted
[Sun Sep 21 21:16:07 2025] [::1]:53896 [200]: POST /receiver.php
[Sun Sep 21 21:16:07 2025] [::1]:53896 Closing
[Sun Sep 21 21:16:09 2025] [::1]:53897 Accepted
[Sun Sep 21 21:16:09 2025] [::1]:53897 [200]: POST /receiver.php
[Sun Sep 21 21:16:09 2025] [::1]:53897 Closing
[Sun Sep 21 21:16:11 2025] [::1]:53898 Accepted
[Sun Sep 21 21:16:11 2025] [::1]:53898 [200]: POST /receiver.php
[Sun Sep 21 21:16:11 2025] [::1]:53898 Closing
[Sun Sep 21 21:16:13 2025] [::1]:53899 Accepted
[Sun Sep 21 21:16:13 2025] [::1]:53899 [200]: POST /receiver.php
[Sun Sep 21 21:16:13 2025] [::1]:53899 Closing
[Sun Sep 21 21:16:15 2025] [::1]:53900 Accepted
[Sun Sep 21 21:16:15 2025] [::1]:53900 [200]: POST /receiver.php
[Sun Sep 21 21:16:15 2025] [::1]:53900 Closing
[Sun Sep 21 21:16:17 2025] [::1]:53901 Accepted
[Sun Sep 21 21:16:17 2025] [::1]:53901 [200]: POST /receiver.php
[Sun Sep 21 21:16:17 2025] [::1]:53901 Closing
[Sun Sep 21 21:16:19 2025] [::1]:53908 Accepted
[Sun Sep 21 21:16:19 2025] [::1]:53908 [200]: POST /receiver.php
[Sun Sep 21 21:16:19 2025] [::1]:53908 Closing
[Sun Sep 21 21:16:21 2025] [::1]:53911 Accepted
[Sun Sep 21 21:16:21 2025] [::1]:53911 [200]: POST /receiver.php
[Sun Sep 21 21:16:21 2025] [::1]:53911 Closing
[Sun Sep 21 21:16:23 2025] [::1]:53912 Accepted
[Sun Sep 21 21:16:23 2025] [::1]:53912 [200]: POST /receiver.php
[Sun Sep 21 21:16:23 2025] [::1]:53912 Closing
[Sun Sep 21 21:16:25 2025] [::1]:53913 Accepted
[Sun Sep 21 21:16:25 2025] [::1]:53913 [200]: POST /receiver.php
[Sun Sep 21 21:16:25 2025] [::1]:53913 Closing
[Sun Sep 21 21:16:27 2025] [::1]:53914 Accepted
[Sun Sep 21 21:16:27 2025] [::1]:53914 [200]: POST /receiver.php
[Sun Sep 21 21:16:27 2025] [::1]:53914 Closing
[Sun Sep 21 21:16:29 2025] [::1]:53915 Accepted
[Sun Sep 21 21:16:29 2025] [::1]:53915 [200]: POST /receiver.php
[Sun Sep 21 21:16:29 2025] [::1]:53915 Closing
[Sun Sep 21 21:16:31 2025] [::1]:53916 Accepted
[Sun Sep 21 21:16:31 2025] [::1]:53916 [200]: POST /receiver.php
[Sun Sep 21 21:16:31 2025] [::1]:53916 Closing
[Sun Sep 21 21:16:33 2025] [::1]:53917 Accepted
[Sun Sep 21 21:16:33 2025] [::1]:53917 [200]: POST /receiver.php
[Sun Sep 21 21:16:33 2025] [::1]:53917 Closing
[Sun Sep 21 21:16:35 2025] [::1]:53918 Accepted
[Sun Sep 21 21:16:35 2025] [::1]:53918 [200]: POST /receiver.php
[Sun Sep 21 21:16:35 2025] [::1]:53918 Closing
[Sun Sep 21 21:16:37 2025] [::1]:53919 Accepted
[Sun Sep 21 21:16:37 2025] [::1]:53919 [200]: POST /receiver.php
[Sun Sep 21 21:16:37 2025] [::1]:53919 Closing
[Sun Sep 21 21:16:39 2025] [::1]:53920 Accepted
[Sun Sep 21 21:16:39 2025] [::1]:53920 [200]: POST /receiver.php
[Sun Sep 21 21:16:39 2025] [::1]:53920 Closing
[Sun Sep 21 21:16:41 2025] [::1]:53921 Accepted
[Sun Sep 21 21:16:41 2025] [::1]:53921 [200]: POST /receiver.php
[Sun Sep 21 21:16:41 2025] [::1]:53921 Closing
[Sun Sep 21 21:16:43 2025] [::1]:53922 Accepted
[Sun Sep 21 21:16:43 2025] [::1]:53922 [200]: POST /receiver.php
[Sun Sep 21 21:16:43 2025] [::1]:53922 Closing
[Sun Sep 21 21:16:45 2025] [::1]:53923 Accepted
[Sun Sep 21 21:16:45 2025] [::1]:53923 [200]: POST /receiver.php
[Sun Sep 21 21:16:45 2025] [::1]:53923 Closing
[Sun Sep 21 21:16:47 2025] [::1]:53924 Accepted
[Sun Sep 21 21:16:47 2025] [::1]:53924 [200]: POST /receiver.php
[Sun Sep 21 21:16:47 2025] [::1]:53924 Closing
[Sun Sep 21 21:16:49 2025] [::1]:53925 Accepted
[Sun Sep 21 21:16:49 2025] [::1]:53925 [200]: POST /receiver.php
[Sun Sep 21 21:16:49 2025] [::1]:53925 Closing
[Sun Sep 21 21:16:51 2025] [::1]:53926 Accepted
[Sun Sep 21 21:16:51 2025] [::1]:53926 [200]: POST /receiver.php
[Sun Sep 21 21:16:51 2025] [::1]:53926 Closing
[Sun Sep 21 21:16:53 2025] [::1]:53927 Accepted
[Sun Sep 21 21:16:53 2025] [::1]:53927 [200]: POST /receiver.php
[Sun Sep 21 21:16:53 2025] [::1]:53927 Closing
[Sun Sep 21 21:16:55 2025] [::1]:53928 Accepted
[Sun Sep 21 21:16:55 2025] [::1]:53928 [200]: POST /receiver.php
[Sun Sep 21 21:16:55 2025] [::1]:53928 Closing
[Sun Sep 21 21:16:57 2025] [::1]:53929 Accepted
[Sun Sep 21 21:16:57 2025] [::1]:53929 [200]: POST /receiver.php
[Sun Sep 21 21:16:57 2025] [::1]:53929 Closing
[Sun Sep 21 21:16:59 2025] [::1]:53930 Accepted
[Sun Sep 21 21:16:59 2025] [::1]:53930 [200]: POST /receiver.php
[Sun Sep 21 21:16:59 2025] [::1]:53930 Closing
[Sun Sep 21 21:17:01 2025] [::1]:53931 Accepted
[Sun Sep 21 21:17:01 2025] [::1]:53931 [200]: POST /receiver.php
[Sun Sep 21 21:17:01 2025] [::1]:53931 Closing
[Sun Sep 21 21:17:03 2025] [::1]:53932 Accepted
[Sun Sep 21 21:17:03 2025] [::1]:53932 [200]: POST /receiver.php
[Sun Sep 21 21:17:03 2025] [::1]:53932 Closing
[Sun Sep 21 21:17:05 2025] [::1]:53933 Accepted
[Sun Sep 21 21:17:05 2025] [::1]:53933 [200]: POST /receiver.php
[Sun Sep 21 21:17:05 2025] [::1]:53933 Closing
[Sun Sep 21 21:17:07 2025] [::1]:53935 Accepted
[Sun Sep 21 21:17:07 2025] [::1]:53935 [200]: POST /receiver.php
[Sun Sep 21 21:17:07 2025] [::1]:53935 Closing
[Sun Sep 21 21:17:09 2025] [::1]:53943 Accepted
[Sun Sep 21 21:17:09 2025] [::1]:53943 [200]: POST /receiver.php
[Sun Sep 21 21:17:09 2025] [::1]:53943 Closing
[Sun Sep 21 21:17:11 2025] [::1]:53944 Accepted
[Sun Sep 21 21:17:11 2025] [::1]:53944 [200]: POST /receiver.php
[Sun Sep 21 21:17:11 2025] [::1]:53944 Closing
[Sun Sep 21 21:17:13 2025] [::1]:53945 Accepted
[Sun Sep 21 21:17:13 2025] [::1]:53945 [200]: POST /receiver.php
[Sun Sep 21 21:17:13 2025] [::1]:53945 Closing
[Sun Sep 21 21:17:15 2025] [::1]:53946 Accepted
[Sun Sep 21 21:17:15 2025] [::1]:53946 [200]: POST /receiver.php
[Sun Sep 21 21:17:15 2025] [::1]:53946 Closing
[Sun Sep 21 21:17:17 2025] [::1]:53947 Accepted
[Sun Sep 21 21:17:17 2025] [::1]:53947 [200]: POST /receiver.php
[Sun Sep 21 21:17:17 2025] [::1]:53947 Closing
[Sun Sep 21 21:17:19 2025] [::1]:53954 Accepted
[Sun Sep 21 21:17:19 2025] [::1]:53954 [200]: POST /receiver.php
[Sun Sep 21 21:17:19 2025] [::1]:53954 Closing
[Sun Sep 21 21:17:22 2025] [::1]:53957 Accepted
[Sun Sep 21 21:17:22 2025] [::1]:53957 [200]: POST /receiver.php
[Sun Sep 21 21:17:22 2025] [::1]:53957 Closing
[Sun Sep 21 21:17:24 2025] [::1]:53958 Accepted
[Sun Sep 21 21:17:24 2025] [::1]:53958 [200]: POST /receiver.php
[Sun Sep 21 21:17:24 2025] [::1]:53958 Closing
[Sun Sep 21 21:17:24 2025] [::1]:53959 Accepted
[Sun Sep 21 21:17:24 2025] [::1]:53959 [302]: GET /panel.php
[Sun Sep 21 21:17:24 2025] [::1]:53959 Closing
[Sun Sep 21 21:17:24 2025] [::1]:53960 Accepted
[Sun Sep 21 21:17:24 2025] [::1]:53960 [200]: GET /login.php
[Sun Sep 21 21:17:24 2025] [::1]:53960 Closing
[Sun Sep 21 21:17:25 2025] [::1]:53961 Accepted
[Sun Sep 21 21:17:25 2025] [::1]:53961 [200]: GET /assets/css/bootstrap.min.css
[Sun Sep 21 21:17:25 2025] [::1]:53961 Closing
[Sun Sep 21 21:17:25 2025] [::1]:53962 Accepted
[Sun Sep 21 21:17:25 2025] [::1]:53962 [200]: GET /assets/css/style.css
[Sun Sep 21 21:17:25 2025] [::1]:53962 Closing
[Sun Sep 21 21:17:26 2025] [::1]:53963 Accepted
[Sun Sep 21 21:17:26 2025] [::1]:53963 [200]: POST /receiver.php
[Sun Sep 21 21:17:26 2025] [::1]:53963 Closing
[Sun Sep 21 21:17:28 2025] [::1]:53964 Accepted
[Sun Sep 21 21:17:28 2025] [::1]:53964 [200]: POST /receiver.php
[Sun Sep 21 21:17:28 2025] [::1]:53964 Closing
[Sun Sep 21 21:17:30 2025] [::1]:53965 Accepted
[Sun Sep 21 21:17:30 2025] [::1]:53965 [200]: POST /receiver.php
[Sun Sep 21 21:17:30 2025] [::1]:53965 Closing
[Sun Sep 21 21:17:32 2025] [::1]:53966 Accepted
[Sun Sep 21 21:17:32 2025] [::1]:53966 [200]: POST /receiver.php
[Sun Sep 21 21:17:32 2025] [::1]:53966 Closing
[Sun Sep 21 21:17:34 2025] [::1]:53967 Accepted
[Sun Sep 21 21:17:34 2025] [::1]:53967 [200]: POST /receiver.php
[Sun Sep 21 21:17:34 2025] [::1]:53967 Closing
[Sun Sep 21 21:17:36 2025] [::1]:53968 Accepted
[Sun Sep 21 21:17:36 2025] [::1]:53968 [200]: POST /receiver.php
[Sun Sep 21 21:17:36 2025] [::1]:53968 Closing
[Sun Sep 21 21:17:38 2025] [::1]:53969 Accepted
[Sun Sep 21 21:17:38 2025] [::1]:53969 [200]: POST /receiver.php
[Sun Sep 21 21:17:38 2025] [::1]:53969 Closing
[Sun Sep 21 21:17:38 2025] [::1]:53970 Accepted
[Sun Sep 21 21:17:38 2025] [::1]:53970 [302]: GET /favicon.ico
[Sun Sep 21 21:17:38 2025] [::1]:53970 Closing
[Sun Sep 21 21:17:38 2025] [::1]:53971 Accepted
[Sun Sep 21 21:17:38 2025] [::1]:53971 [200]: GET /login.php
[Sun Sep 21 21:17:38 2025] [::1]:53971 Closing
[Sun Sep 21 21:17:40 2025] [::1]:53972 Accepted
[Sun Sep 21 21:17:40 2025] [::1]:53972 [200]: POST /receiver.php
[Sun Sep 21 21:17:40 2025] [::1]:53972 Closing
[Sun Sep 21 21:17:41 2025] [::1]:53973 Accepted
[Sun Sep 21 21:17:41 2025] [::1]:53973 [200]: POST /receiver.php
[Sun Sep 21 21:17:41 2025] [::1]:53973 Closing
[Sun Sep 21 21:17:43 2025] [::1]:53974 Accepted
[Sun Sep 21 21:17:43 2025] [::1]:53974 [200]: POST /receiver.php
[Sun Sep 21 21:17:43 2025] [::1]:53974 Closing
[Sun Sep 21 21:17:45 2025] [::1]:53975 Accepted
[Sun Sep 21 21:17:45 2025] [::1]:53975 [200]: POST /receiver.php
[Sun Sep 21 21:17:45 2025] [::1]:53975 Closing
[Sun Sep 21 21:17:47 2025] [::1]:53976 Accepted
[Sun Sep 21 21:17:47 2025] [::1]:53976 [200]: POST /receiver.php
[Sun Sep 21 21:17:47 2025] [::1]:53976 Closing
[Sun Sep 21 21:17:47 2025] [::1]:53977 Accepted
[Sun Sep 21 21:17:47 2025] [::1]:53977 [200]: POST /login.php
[Sun Sep 21 21:17:47 2025] [::1]:53977 Closing
[Sun Sep 21 21:17:48 2025] [::1]:53978 Accepted
[Sun Sep 21 21:17:48 2025] [::1]:53979 Accepted
[Sun Sep 21 21:17:48 2025] [::1]:53978 [200]: GET /assets/css/style.css
[Sun Sep 21 21:17:48 2025] [::1]:53979 [200]: GET /assets/css/bootstrap.min.css
[Sun Sep 21 21:17:48 2025] [::1]:53978 Closing
[Sun Sep 21 21:17:48 2025] [::1]:53979 Closing
[Sun Sep 21 21:17:49 2025] [::1]:53980 Accepted
[Sun Sep 21 21:17:49 2025] [::1]:53980 [200]: POST /receiver.php
[Sun Sep 21 21:17:49 2025] [::1]:53980 Closing
[Sun Sep 21 21:17:49 2025] [::1]:53981 Accepted
[Sun Sep 21 21:17:49 2025] [::1]:53981 [200]: GET /templates/nearyou/index.html
[Sun Sep 21 21:17:49 2025] [::1]:53981 Closing
[Sun Sep 21 21:17:49 2025] [::1]:53982 Accepted
[Sun Sep 21 21:17:49 2025] [::1]:53983 Accepted
[Sun Sep 21 21:17:49 2025] [::1]:53984 Accepted
[Sun Sep 21 21:17:49 2025] [::1]:53982 [200]: GET /assets/js/particles.min.js
[Sun Sep 21 21:17:49 2025] [::1]:53983 [200]: GET /templates/nearyou/fonts.css
[Sun Sep 21 21:17:49 2025] [::1]:53984 [200]: GET /assets/js/location.js
[Sun Sep 21 21:17:49 2025] [::1]:53982 Closing
[Sun Sep 21 21:17:49 2025] [::1]:53983 Closing
[Sun Sep 21 21:17:49 2025] [::1]:53984 Closing
[Sun Sep 21 21:17:49 2025] [::1]:53985 Accepted
[Sun Sep 21 21:17:49 2025] [::1]:53987 Accepted
[Sun Sep 21 21:17:49 2025] [::1]:53986 Accepted
[Sun Sep 21 21:17:49 2025] [::1]:53987 [200]: GET /assets/js/jquery.min.js
[Sun Sep 21 21:17:49 2025] [::1]:53986 [200]: GET /assets/js/warpspeed.min.js
[Sun Sep 21 21:17:49 2025] [::1]:53988 Accepted
[Sun Sep 21 21:17:49 2025] [::1]:53985 [200]: GET /assets/js/loc.js
[Sun Sep 21 21:17:49 2025] [::1]:53987 Closing
[Sun Sep 21 21:17:49 2025] [::1]:53986 Closing
[Sun Sep 21 21:17:49 2025] [::1]:53985 Closing
[Sun Sep 21 21:17:49 2025] [::1]:53988 [200]: GET /templates/nearyou/main.css
[Sun Sep 21 21:17:49 2025] [::1]:53988 Closing
[Sun Sep 21 21:17:49 2025] [::1]:53989 Accepted
[Sun Sep 21 21:17:49 2025] [::1]:53989 [200]: GET /assets/js/client.min.js
[Sun Sep 21 21:17:49 2025] [::1]:53989 Closing
[Sun Sep 21 21:17:51 2025] [::1]:53990 Accepted
[Sun Sep 21 21:17:51 2025] [::1]:53990 [200]: POST /receiver.php
[Sun Sep 21 21:17:51 2025] [::1]:53990 Closing
[Sun Sep 21 21:17:53 2025] [::1]:53991 Accepted
[Sun Sep 21 21:17:53 2025] [::1]:53991 [200]: POST /templates/nearyou/handler.php
[Sun Sep 21 21:17:53 2025] [::1]:53991 Closing
[Sun Sep 21 21:17:53 2025] [::1]:53992 Accepted
[Sun Sep 21 21:17:53 2025] [::1]:53992 [200]: POST /receiver.php
[Sun Sep 21 21:17:53 2025] [::1]:53992 Closing
[Sun Sep 21 21:17:54 2025] [::1]:53993 Accepted
[Sun Sep 21 21:17:54 2025] [::1]:53993 [302]: GET /favicon.ico
[Sun Sep 21 21:17:54 2025] [::1]:53993 Closing
[Sun Sep 21 21:17:54 2025] [::1]:53994 Accepted
[Sun Sep 21 21:17:54 2025] [::1]:53994 [200]: GET /login.php
[Sun Sep 21 21:17:54 2025] [::1]:53994 Closing
[Sun Sep 21 21:17:55 2025] [::1]:53995 Accepted
[Sun Sep 21 21:17:55 2025] [::1]:53995 [200]: POST /receiver.php
[Sun Sep 21 21:17:55 2025] [::1]:53995 Closing
[Sun Sep 21 21:17:56 2025] [::1]:53996 Accepted
[Sun Sep 21 21:17:56 2025] [::1]:53996 [200]: POST /templates/nearyou/handler.php
[Sun Sep 21 21:17:56 2025] [::1]:53996 Closing
[Sun Sep 21 21:17:57 2025] [::1]:53997 Accepted
[Sun Sep 21 21:17:57 2025] [::1]:53997 [200]: POST /receiver.php
[Sun Sep 21 21:17:57 2025] [::1]:53997 Closing
[Sun Sep 21 21:17:59 2025] [::1]:53998 Accepted
[Sun Sep 21 21:17:59 2025] [::1]:53998 [200]: POST /receiver.php
[Sun Sep 21 21:17:59 2025] [::1]:53998 Closing
[Sun Sep 21 21:18:01 2025] [::1]:53999 Accepted
[Sun Sep 21 21:18:01 2025] [::1]:53999 [200]: POST /receiver.php
[Sun Sep 21 21:18:01 2025] [::1]:53999 Closing
[Sun Sep 21 21:18:04 2025] [::1]:56171 Accepted
[Sun Sep 21 21:18:04 2025] [::1]:56171 [200]: POST /receiver.php
[Sun Sep 21 21:18:04 2025] [::1]:56171 Closing
[Sun Sep 21 21:18:06 2025] [::1]:56172 Accepted
[Sun Sep 21 21:18:06 2025] [::1]:56172 [200]: POST /receiver.php
[Sun Sep 21 21:18:06 2025] [::1]:56172 Closing
[Sun Sep 21 21:18:07 2025] [::1]:56173 Accepted
[Sun Sep 21 21:18:07 2025] [::1]:56173 [200]: POST /login.php
[Sun Sep 21 21:18:07 2025] [::1]:56173 Closing
[Sun Sep 21 21:18:08 2025] [::1]:56174 Accepted
[Sun Sep 21 21:18:08 2025] [::1]:56174 [200]: GET /templates/nearyou/index.html
[Sun Sep 21 21:18:08 2025] [::1]:56174 Closing
[Sun Sep 21 21:18:08 2025] [::1]:56175 Accepted
[Sun Sep 21 21:18:08 2025] [::1]:56176 Accepted
[Sun Sep 21 21:18:08 2025] [::1]:56176 [200]: GET /assets/css/bootstrap.min.css
[Sun Sep 21 21:18:08 2025] [::1]:56176 Closing
[Sun Sep 21 21:18:08 2025] [::1]:56175 [200]: GET /assets/css/style.css
[Sun Sep 21 21:18:08 2025] [::1]:56175 Closing
[Sun Sep 21 21:18:08 2025] [::1]:56177 Accepted
[Sun Sep 21 21:18:08 2025] [::1]:56177 [200]: POST /receiver.php
[Sun Sep 21 21:18:08 2025] [::1]:56177 Closing
[Sun Sep 21 21:18:08 2025] [::1]:56179 Accepted
[Sun Sep 21 21:18:08 2025] [::1]:56180 Accepted
[Sun Sep 21 21:18:08 2025] [::1]:56179 [200]: GET /templates/nearyou/fonts.css
[Sun Sep 21 21:18:08 2025] [::1]:56178 Accepted
[Sun Sep 21 21:18:08 2025] [::1]:56180 [200]: GET /templates/nearyou/main.css
[Sun Sep 21 21:18:08 2025] [::1]:56181 Accepted
[Sun Sep 21 21:18:08 2025] [::1]:56178 [200]: GET /assets/js/jquery.min.js
[Sun Sep 21 21:18:08 2025] [::1]:56182 Accepted
[Sun Sep 21 21:18:08 2025] [::1]:56181 [200]: GET /assets/js/particles.min.js
[Sun Sep 21 21:18:08 2025] [::1]:56179 Closing
[Sun Sep 21 21:18:08 2025] [::1]:56185 Accepted
[Sun Sep 21 21:18:08 2025] [::1]:56182 [200]: GET /assets/js/location.js
[Sun Sep 21 21:18:08 2025] [::1]:56180 Closing
[Sun Sep 21 21:18:08 2025] [::1]:56183 Accepted
[Sun Sep 21 21:18:08 2025] [::1]:56185 [200]: GET /assets/js/client.min.js
[Sun Sep 21 21:18:08 2025] [::1]:56178 Closing
[Sun Sep 21 21:18:08 2025] [::1]:56184 Accepted
[Sun Sep 21 21:18:08 2025] [::1]:56183 [200]: GET /assets/js/warpspeed.min.js
[Sun Sep 21 21:18:08 2025] [::1]:56181 Closing
[Sun Sep 21 21:18:08 2025] [::1]:56184 [200]: GET /assets/js/loc.js
[Sun Sep 21 21:18:08 2025] [::1]:56182 Closing
[Sun Sep 21 21:18:08 2025] [::1]:56185 Closing
[Sun Sep 21 21:18:08 2025] [::1]:56183 Closing
[Sun Sep 21 21:18:08 2025] [::1]:56184 Closing
[Sun Sep 21 21:18:10 2025] [::1]:56186 Accepted
[Sun Sep 21 21:18:10 2025] [::1]:56186 [200]: POST /receiver.php
[Sun Sep 21 21:18:10 2025] [::1]:56186 Closing
[Sun Sep 21 21:18:12 2025] [::1]:56187 Accepted
[Sun Sep 21 21:18:12 2025] [::1]:56187 [200]: POST /receiver.php
[Sun Sep 21 21:18:12 2025] [::1]:56187 Closing
[Sun Sep 21 21:18:12 2025] [::1]:56188 Accepted
[Sun Sep 21 21:18:12 2025] [::1]:56188 [200]: POST /templates/nearyou/handler.php
[Sun Sep 21 21:18:12 2025] [::1]:56188 Closing
[Sun Sep 21 21:18:13 2025] [::1]:56189 Accepted
[Sun Sep 21 21:18:13 2025] [::1]:56189 [302]: GET /favicon.ico
[Sun Sep 21 21:18:13 2025] [::1]:56189 Closing
[Sun Sep 21 21:18:14 2025] [::1]:56190 Accepted
[Sun Sep 21 21:18:14 2025] [::1]:56190 [200]: POST /receiver.php
[Sun Sep 21 21:18:14 2025] [::1]:56190 Closing
[Sun Sep 21 21:18:14 2025] [::1]:56191 Accepted
[Sun Sep 21 21:18:14 2025] [::1]:56191 [200]: GET /login.php
[Sun Sep 21 21:18:14 2025] [::1]:56191 Closing
[Sun Sep 21 21:18:16 2025] [::1]:56202 Accepted
[Sun Sep 21 21:18:16 2025] [::1]:56202 [200]: POST /receiver.php
[Sun Sep 21 21:18:16 2025] [::1]:56202 Closing
[Sun Sep 21 21:18:18 2025] [::1]:56211 Accepted
[Sun Sep 21 21:18:18 2025] [::1]:56211 [200]: POST /receiver.php
[Sun Sep 21 21:18:18 2025] [::1]:56211 Closing
[Sun Sep 21 21:18:18 2025] [::1]:56215 Accepted
[Sun Sep 21 21:18:18 2025] [::1]:56215 [200]: POST /templates/nearyou/error.php
[Sun Sep 21 21:18:18 2025] [::1]:56215 Closing
[Sun Sep 21 21:18:20 2025] [::1]:56219 Accepted
[Sun Sep 21 21:18:20 2025] [::1]:56219 [200]: POST /receiver.php
[Sun Sep 21 21:18:20 2025] [::1]:56219 Closing
[Sun Sep 21 21:18:24 2025] [::1]:56220 Accepted
[Sun Sep 21 21:18:24 2025] [::1]:56222 Accepted
[Sun Sep 21 21:18:24 2025] [::1]:56223 Accepted
[Sun Sep 21 21:18:24 2025] [::1]:56221 Accepted
[Sun Sep 21 21:18:24 2025] [::1]:56220 [200]: POST /receiver.php
[Sun Sep 21 21:18:24 2025] [::1]:56220 Closing
[Sun Sep 21 21:18:24 2025] [::1]:56221 [200]: POST /templates/nearyou/handler.php
[Sun Sep 21 21:18:24 2025] [::1]:56221 Closing
[Sun Sep 21 21:18:24 2025] [::1]:56222 [200]: POST /login.php
[Sun Sep 21 21:18:24 2025] [::1]:56222 Closing
[Sun Sep 21 21:18:24 2025] [::1]:56223 [200]: POST /receiver.php
[Sun Sep 21 21:18:24 2025] [::1]:56223 Closing
[Sun Sep 21 21:18:24 2025] [::1]:56224 Accepted
[Sun Sep 21 21:18:24 2025] [::1]:56224 [200]: GET /assets/css/bootstrap.min.css
[Sun Sep 21 21:18:24 2025] [::1]:56224 Closing
[Sun Sep 21 21:18:24 2025] [::1]:56225 Accepted
[Sun Sep 21 21:18:25 2025] [::1]:56225 [200]: GET /assets/css/style.css
[Sun Sep 21 21:18:25 2025] [::1]:56225 Closing
[Sun Sep 21 21:18:26 2025] [::1]:56226 Accepted
[Sun Sep 21 21:18:26 2025] [::1]:56226 [200]: POST /receiver.php
[Sun Sep 21 21:18:26 2025] [::1]:56226 Closing
[Sun Sep 21 21:18:28 2025] [::1]:56227 Accepted
[Sun Sep 21 21:18:28 2025] [::1]:56227 [200]: POST /receiver.php
[Sun Sep 21 21:18:28 2025] [::1]:56227 Closing
[Sun Sep 21 21:18:30 2025] [::1]:56228 Accepted
[Sun Sep 21 21:18:30 2025] [::1]:56228 [200]: POST /receiver.php
[Sun Sep 21 21:18:30 2025] [::1]:56228 Closing
[Sun Sep 21 21:18:30 2025] [::1]:56229 Accepted
[Sun Sep 21 21:18:30 2025] [::1]:56229 [302]: GET /favicon.ico
[Sun Sep 21 21:18:30 2025] [::1]:56229 Closing
[Sun Sep 21 21:18:30 2025] [::1]:56230 Accepted
[Sun Sep 21 21:18:30 2025] [::1]:56230 [200]: GET /login.php
[Sun Sep 21 21:18:30 2025] [::1]:56230 Closing
[Sun Sep 21 21:18:32 2025] [::1]:56231 Accepted
[Sun Sep 21 21:18:32 2025] [::1]:56231 [200]: POST /receiver.php
[Sun Sep 21 21:18:32 2025] [::1]:56231 Closing
[Sun Sep 21 21:18:34 2025] [::1]:56232 Accepted
[Sun Sep 21 21:18:34 2025] [::1]:56232 [200]: POST /receiver.php
[Sun Sep 21 21:18:34 2025] [::1]:56232 Closing
[Sun Sep 21 21:18:36 2025] [::1]:56233 Accepted
[Sun Sep 21 21:18:36 2025] [::1]:56233 [200]: POST /receiver.php
[Sun Sep 21 21:18:36 2025] [::1]:56233 Closing
[Sun Sep 21 21:18:37 2025] [::1]:56234 Accepted
[Sun Sep 21 21:18:37 2025] [::1]:56234 [200]: POST /login.php
[Sun Sep 21 21:18:37 2025] [::1]:56234 Closing
[Sun Sep 21 21:18:37 2025] [::1]:56235 Accepted
[Sun Sep 21 21:18:37 2025] [::1]:56235 [200]: POST /receiver.php
[Sun Sep 21 21:18:37 2025] [::1]:56235 Closing
[Sun Sep 21 21:18:37 2025] [::1]:56236 Accepted
[Sun Sep 21 21:18:37 2025] [::1]:56236 [200]: GET /assets/css/bootstrap.min.css
[Sun Sep 21 21:18:37 2025] [::1]:56236 Closing
[Sun Sep 21 21:18:37 2025] [::1]:56237 Accepted
[Sun Sep 21 21:18:37 2025] [::1]:56237 [200]: GET /assets/css/style.css
[Sun Sep 21 21:18:37 2025] [::1]:56237 Closing
[Sun Sep 21 21:18:40 2025] [::1]:56238 Accepted
[Sun Sep 21 21:18:40 2025] [::1]:56238 [200]: POST /receiver.php
[Sun Sep 21 21:18:40 2025] [::1]:56238 Closing
[Sun Sep 21 21:18:40 2025] [::1]:56239 Accepted
[Sun Sep 21 21:18:40 2025] [::1]:56239 [200]: GET /panel.php
[Sun Sep 21 21:18:40 2025] [::1]:56239 Closing
[Sun Sep 21 21:18:40 2025] [::1]:56241 Accepted
[Sun Sep 21 21:18:40 2025] [::1]:56240 Accepted
[Sun Sep 21 21:18:40 2025] [::1]:56241 [200]: GET /assets/css/bootstrap.min.css
[Sun Sep 21 21:18:40 2025] [::1]:56241 Closing
[Sun Sep 21 21:18:40 2025] [::1]:56240 [200]: GET /assets/css/light-theme.min.css
[Sun Sep 21 21:18:40 2025] [::1]:56240 Closing
[Sun Sep 21 21:18:40 2025] [::1]:56242 Accepted
[Sun Sep 21 21:18:40 2025] [::1]:56243 Accepted
[Sun Sep 21 21:18:40 2025] [::1]:56244 Accepted
[Sun Sep 21 21:18:40 2025] [::1]:56245 Accepted
[Sun Sep 21 21:18:40 2025] [::1]:56243 [200]: GET /assets/js/sweetalert2.min.js
[Sun Sep 21 21:18:40 2025] [::1]:56242 [200]: GET /assets/js/script.js
[Sun Sep 21 21:18:40 2025] [::1]:56244 [200]: GET /assets/js/jquery.min.js
[Sun Sep 21 21:18:40 2025] [::1]:56245 [200]: GET /assets/js/growl-notification.min.js
[Sun Sep 21 21:18:40 2025] [::1]:56243 Closing
[Sun Sep 21 21:18:40 2025] [::1]:56242 Closing
[Sun Sep 21 21:18:40 2025] [::1]:56244 Closing
[Sun Sep 21 21:18:40 2025] [::1]:56245 Closing
[Sun Sep 21 21:18:42 2025] [::1]:56246 Accepted
[Sun Sep 21 21:18:42 2025] [::1]:56246 [200]: POST /receiver.php
[Sun Sep 21 21:18:42 2025] [::1]:56246 Closing
[Sun Sep 21 21:18:44 2025] [::1]:56247 Accepted
[Sun Sep 21 21:18:44 2025] [::1]:56247 [200]: POST /receiver.php
[Sun Sep 21 21:18:44 2025] [::1]:56247 Closing
[Sun Sep 21 21:18:45 2025] [::1]:56248 Accepted
[Sun Sep 21 21:18:45 2025] [::1]:56248 [200]: POST /receiver.php
[Sun Sep 21 21:18:45 2025] [::1]:56248 Closing
[Sun Sep 21 21:18:47 2025] [::1]:56249 Accepted
[Sun Sep 21 21:18:47 2025] [::1]:56249 [200]: POST /receiver.php
[Sun Sep 21 21:18:47 2025] [::1]:56249 Closing
[Sun Sep 21 21:18:48 2025] [::1]:56250 Accepted
[Sun Sep 21 21:18:48 2025] [::1]:56250 [200]: GET /Settings.json
[Sun Sep 21 21:18:48 2025] [::1]:56250 Closing
[Sun Sep 21 21:18:48 2025] [::1]:56251 Accepted
[Sun Sep 21 21:18:48 2025] [::1]:56252 Accepted
[Sun Sep 21 21:18:48 2025] [::1]:56251 [302]: GET /favicon.ico
[Sun Sep 21 21:18:48 2025] [::1]:56251 Closing
[Sun Sep 21 21:18:48 2025] [::1]:56252 [200]: POST /list_templates.php
[Sun Sep 21 21:18:48 2025] [::1]:56252 Closing
[Sun Sep 21 21:18:48 2025] [::1]:56253 Accepted
[Sun Sep 21 21:18:48 2025] [::1]:56253 [200]: GET /panel.php
[Sun Sep 21 21:18:48 2025] [::1]:56253 Closing
[Sun Sep 21 21:18:50 2025] [::1]:56254 Accepted
[Sun Sep 21 21:18:50 2025] [::1]:56254 [200]: POST /receiver.php
[Sun Sep 21 21:18:50 2025] [::1]:56254 Closing
[Sun Sep 21 21:18:51 2025] [::1]:56255 Accepted
[Sun Sep 21 21:18:51 2025] [::1]:56255 [200]: POST /receiver.php
[Sun Sep 21 21:18:51 2025] [::1]:56255 Closing
[Sun Sep 21 21:18:51 2025] [::1]:56256 Accepted
[Sun Sep 21 21:18:51 2025] [::1]:56256 [200]: POST /receiver.php
[Sun Sep 21 21:18:51 2025] [::1]:56256 Closing
[Sun Sep 21 21:18:53 2025] [::1]:56257 Accepted
[Sun Sep 21 21:18:53 2025] [::1]:56257 [200]: POST /receiver.php
[Sun Sep 21 21:18:53 2025] [::1]:56257 Closing
[Sun Sep 21 21:18:53 2025] [::1]:56258 Accepted
[Sun Sep 21 21:18:53 2025] [::1]:56258 [200]: POST /receiver.php
[Sun Sep 21 21:18:53 2025] [::1]:56258 Closing
[Sun Sep 21 21:18:55 2025] [::1]:56259 Accepted
[Sun Sep 21 21:18:55 2025] [::1]:56259 [200]: POST /receiver.php
[Sun Sep 21 21:18:55 2025] [::1]:56259 Closing
[Sun Sep 21 21:18:55 2025] [::1]:56260 Accepted
[Sun Sep 21 21:18:55 2025] [::1]:56260 [200]: POST /receiver.php
[Sun Sep 21 21:18:55 2025] [::1]:56260 Closing
[Sun Sep 21 21:18:57 2025] [::1]:56261 Accepted
[Sun Sep 21 21:18:57 2025] [::1]:56261 [200]: POST /receiver.php
[Sun Sep 21 21:18:57 2025] [::1]:56261 Closing
[Sun Sep 21 21:18:57 2025] [::1]:56262 Accepted
[Sun Sep 21 21:18:57 2025] [::1]:56262 [200]: POST /receiver.php
[Sun Sep 21 21:18:57 2025] [::1]:56262 Closing
[Sun Sep 21 21:18:59 2025] [::1]:56263 Accepted
[Sun Sep 21 21:18:59 2025] [::1]:56263 [200]: POST /receiver.php
[Sun Sep 21 21:18:59 2025] [::1]:56263 Closing
[Sun Sep 21 21:18:59 2025] [::1]:56264 Accepted
[Sun Sep 21 21:18:59 2025] [::1]:56264 [200]: POST /receiver.php
[Sun Sep 21 21:18:59 2025] [::1]:56264 Closing
[Sun Sep 21 21:19:01 2025] [::1]:56265 Accepted
[Sun Sep 21 21:19:01 2025] [::1]:56265 [200]: POST /receiver.php
[Sun Sep 21 21:19:01 2025] [::1]:56265 Closing
[Sun Sep 21 21:19:01 2025] [::1]:56266 Accepted
[Sun Sep 21 21:19:01 2025] [::1]:56266 [200]: POST /receiver.php
[Sun Sep 21 21:19:01 2025] [::1]:56266 Closing
[Sun Sep 21 21:19:03 2025] [::1]:56267 Accepted
[Sun Sep 21 21:19:03 2025] [::1]:56267 [200]: POST /receiver.php
[Sun Sep 21 21:19:03 2025] [::1]:56267 Closing
[Sun Sep 21 21:19:03 2025] [::1]:56268 Accepted
[Sun Sep 21 21:19:03 2025] [::1]:56268 [200]: POST /receiver.php
[Sun Sep 21 21:19:03 2025] [::1]:56268 Closing
[Sun Sep 21 21:19:05 2025] [::1]:56269 Accepted
[Sun Sep 21 21:19:05 2025] [::1]:56269 [200]: POST /receiver.php
[Sun Sep 21 21:19:05 2025] [::1]:56269 Closing
[Sun Sep 21 21:19:05 2025] [::1]:56270 Accepted
[Sun Sep 21 21:19:05 2025] [::1]:56270 [200]: POST /receiver.php
[Sun Sep 21 21:19:05 2025] [::1]:56270 Closing
[Sun Sep 21 21:19:07 2025] [::1]:56271 Accepted
[Sun Sep 21 21:19:07 2025] [::1]:56271 [200]: POST /receiver.php
[Sun Sep 21 21:19:07 2025] [::1]:56271 Closing
[Sun Sep 21 21:19:07 2025] [::1]:56272 Accepted
[Sun Sep 21 21:19:07 2025] [::1]:56272 [200]: POST /receiver.php
[Sun Sep 21 21:19:07 2025] [::1]:56272 Closing
[Sun Sep 21 21:19:09 2025] [::1]:56273 Accepted
[Sun Sep 21 21:19:09 2025] [::1]:56273 [200]: POST /receiver.php
[Sun Sep 21 21:19:09 2025] [::1]:56273 Closing
[Sun Sep 21 21:19:10 2025] [::1]:56274 Accepted
[Sun Sep 21 21:19:10 2025] [::1]:56274 [200]: POST /receiver.php
[Sun Sep 21 21:19:10 2025] [::1]:56274 Closing
[Sun Sep 21 21:19:11 2025] [::1]:56275 Accepted
[Sun Sep 21 21:19:11 2025] [::1]:56275 [200]: POST /receiver.php
[Sun Sep 21 21:19:11 2025] [::1]:56275 Closing
[Sun Sep 21 21:19:12 2025] [::1]:56276 Accepted
[Sun Sep 21 21:19:12 2025] [::1]:56276 [200]: POST /receiver.php
[Sun Sep 21 21:19:12 2025] [::1]:56276 Closing
[Sun Sep 21 21:19:13 2025] [::1]:56277 Accepted
[Sun Sep 21 21:19:13 2025] [::1]:56277 [200]: POST /receiver.php
[Sun Sep 21 21:19:13 2025] [::1]:56277 Closing
[Sun Sep 21 21:19:14 2025] [::1]:56278 Accepted
[Sun Sep 21 21:19:14 2025] [::1]:56278 [200]: POST /receiver.php
[Sun Sep 21 21:19:14 2025] [::1]:56278 Closing
[Sun Sep 21 21:19:15 2025] [::1]:56279 Accepted
[Sun Sep 21 21:19:15 2025] [::1]:56279 [200]: POST /receiver.php
[Sun Sep 21 21:19:15 2025] [::1]:56279 Closing
[Sun Sep 21 21:19:16 2025] [::1]:56280 Accepted
[Sun Sep 21 21:19:16 2025] [::1]:56280 [200]: POST /receiver.php
[Sun Sep 21 21:19:16 2025] [::1]:56280 Closing
[Sun Sep 21 21:19:17 2025] [::1]:56281 Accepted
[Sun Sep 21 21:19:17 2025] [::1]:56281 [200]: POST /receiver.php
[Sun Sep 21 21:19:17 2025] [::1]:56281 Closing
[Sun Sep 21 21:19:18 2025] [::1]:56284 Accepted
[Sun Sep 21 21:19:18 2025] [::1]:56284 [200]: POST /receiver.php
[Sun Sep 21 21:19:18 2025] [::1]:56284 Closing
[Sun Sep 21 21:19:19 2025] [::1]:56289 Accepted
[Sun Sep 21 21:19:19 2025] [::1]:56289 [200]: POST /receiver.php
[Sun Sep 21 21:19:19 2025] [::1]:56289 Closing
[Sun Sep 21 21:19:20 2025] [::1]:56292 Accepted
[Sun Sep 21 21:19:20 2025] [::1]:56292 [200]: POST /receiver.php
[Sun Sep 21 21:19:20 2025] [::1]:56292 Closing
[Sun Sep 21 21:19:21 2025] [::1]:56293 Accepted
[Sun Sep 21 21:19:21 2025] [::1]:56293 [200]: POST /receiver.php
[Sun Sep 21 21:19:21 2025] [::1]:56293 Closing
[Sun Sep 21 21:19:22 2025] [::1]:56294 Accepted
[Sun Sep 21 21:19:22 2025] [::1]:56294 [200]: POST /receiver.php
[Sun Sep 21 21:19:22 2025] [::1]:56294 Closing
[Sun Sep 21 21:19:23 2025] [::1]:56295 Accepted
[Sun Sep 21 21:19:23 2025] [::1]:56295 [200]: POST /receiver.php
[Sun Sep 21 21:19:23 2025] [::1]:56295 Closing
[Sun Sep 21 21:19:24 2025] [::1]:56296 Accepted
[Sun Sep 21 21:19:24 2025] [::1]:56296 [200]: POST /receiver.php
[Sun Sep 21 21:19:24 2025] [::1]:56296 Closing
[Sun Sep 21 21:19:25 2025] [::1]:56297 Accepted
[Sun Sep 21 21:19:25 2025] [::1]:56297 [200]: POST /receiver.php
[Sun Sep 21 21:19:25 2025] [::1]:56297 Closing
[Sun Sep 21 21:19:26 2025] [::1]:56298 Accepted
[Sun Sep 21 21:19:26 2025] [::1]:56298 [200]: POST /receiver.php
[Sun Sep 21 21:19:26 2025] [::1]:56298 Closing
[Sun Sep 21 21:19:27 2025] [::1]:56299 Accepted
[Sun Sep 21 21:19:27 2025] [::1]:56299 [200]: POST /receiver.php
[Sun Sep 21 21:19:27 2025] [::1]:56299 Closing
[Sun Sep 21 21:19:28 2025] [::1]:50769 Accepted
[Sun Sep 21 21:19:28 2025] [::1]:50769 [200]: POST /receiver.php
[Sun Sep 21 21:19:28 2025] [::1]:50769 Closing
[Sun Sep 21 21:19:29 2025] [::1]:50770 Accepted
[Sun Sep 21 21:19:29 2025] [::1]:50770 [200]: POST /receiver.php
[Sun Sep 21 21:19:29 2025] [::1]:50770 Closing
[Sun Sep 21 21:19:30 2025] [::1]:50771 Accepted
[Sun Sep 21 21:19:30 2025] [::1]:50771 [200]: POST /receiver.php
[Sun Sep 21 21:19:30 2025] [::1]:50771 Closing
[Sun Sep 21 21:19:31 2025] [::1]:50772 Accepted
[Sun Sep 21 21:19:31 2025] [::1]:50772 [200]: POST /receiver.php
[Sun Sep 21 21:19:31 2025] [::1]:50772 Closing
[Sun Sep 21 21:19:32 2025] [::1]:50773 Accepted
[Sun Sep 21 21:19:32 2025] [::1]:50773 [200]: POST /receiver.php
[Sun Sep 21 21:19:32 2025] [::1]:50773 Closing
[Sun Sep 21 21:19:33 2025] [::1]:50774 Accepted
[Sun Sep 21 21:19:33 2025] [::1]:50774 [200]: POST /receiver.php
[Sun Sep 21 21:19:33 2025] [::1]:50774 Closing
[Sun Sep 21 21:19:34 2025] [::1]:50775 Accepted
[Sun Sep 21 21:19:34 2025] [::1]:50775 [200]: POST /receiver.php
[Sun Sep 21 21:19:34 2025] [::1]:50775 Closing
[Sun Sep 21 21:19:35 2025] [::1]:50776 Accepted
[Sun Sep 21 21:19:35 2025] [::1]:50776 [200]: POST /receiver.php
[Sun Sep 21 21:19:35 2025] [::1]:50776 Closing
[Sun Sep 21 21:19:36 2025] [::1]:50777 Accepted
[Sun Sep 21 21:19:36 2025] [::1]:50777 [200]: POST /receiver.php
[Sun Sep 21 21:19:36 2025] [::1]:50777 Closing
[Sun Sep 21 21:19:37 2025] [::1]:50778 Accepted
[Sun Sep 21 21:19:37 2025] [::1]:50778 [200]: POST /receiver.php
[Sun Sep 21 21:19:37 2025] [::1]:50778 Closing
[Sun Sep 21 21:19:38 2025] [::1]:50779 Accepted
[Sun Sep 21 21:19:38 2025] [::1]:50779 [200]: POST /receiver.php
[Sun Sep 21 21:19:38 2025] [::1]:50779 Closing
[Sun Sep 21 21:19:39 2025] [::1]:50780 Accepted
[Sun Sep 21 21:19:39 2025] [::1]:50780 [200]: POST /receiver.php
[Sun Sep 21 21:19:39 2025] [::1]:50780 Closing
[Sun Sep 21 21:19:40 2025] [::1]:50781 Accepted
[Sun Sep 21 21:19:40 2025] [::1]:50781 [200]: POST /receiver.php
[Sun Sep 21 21:19:40 2025] [::1]:50781 Closing
[Sun Sep 21 21:19:41 2025] [::1]:50783 Accepted
[Sun Sep 21 21:19:41 2025] [::1]:50782 Accepted
[Sun Sep 21 21:19:41 2025] [::1]:50782 [200]: POST /receiver.php
[Sun Sep 21 21:19:41 2025] [::1]:50782 Closing
[Sun Sep 21 21:19:41 2025] [::1]:50783 [200]: POST /receiver.php
[Sun Sep 21 21:19:41 2025] [::1]:50783 Closing
[Sun Sep 21 21:19:44 2025] [::1]:50784 Accepted
[Sun Sep 21 21:19:44 2025] [::1]:50784 [200]: POST /receiver.php
[Sun Sep 21 21:19:44 2025] [::1]:50784 Closing
[Sun Sep 21 21:19:45 2025] [::1]:50785 Accepted
[Sun Sep 21 21:19:45 2025] [::1]:50785 [200]: POST /receiver.php
[Sun Sep 21 21:19:45 2025] [::1]:50785 Closing
[Sun Sep 21 21:19:46 2025] [::1]:50786 Accepted
[Sun Sep 21 21:19:46 2025] [::1]:50786 [200]: POST /receiver.php
[Sun Sep 21 21:19:46 2025] [::1]:50786 Closing
[Sun Sep 21 21:19:48 2025] [::1]:50787 Accepted
[Sun Sep 21 21:19:48 2025] [::1]:50787 [200]: POST /receiver.php
[Sun Sep 21 21:19:48 2025] [::1]:50787 Closing
[Sun Sep 21 21:19:48 2025] [::1]:50788 Accepted
[Sun Sep 21 21:19:48 2025] [::1]:50788 [200]: POST /receiver.php
[Sun Sep 21 21:19:48 2025] [::1]:50788 Closing
[Sun Sep 21 21:19:48 2025] [::1]:50789 Accepted
[Sun Sep 21 21:19:48 2025] [::1]:50789 [200]: POST /receiver.php
[Sun Sep 21 21:19:48 2025] [::1]:50789 Closing
[Sun Sep 21 21:19:50 2025] [::1]:50790 Accepted
[Sun Sep 21 21:19:50 2025] [::1]:50790 [200]: POST /receiver.php
[Sun Sep 21 21:19:50 2025] [::1]:50790 Closing
[Sun Sep 21 21:19:50 2025] [::1]:50791 Accepted
[Sun Sep 21 21:19:50 2025] [::1]:50791 [200]: GET /templates/nearyou/index.html
[Sun Sep 21 21:19:50 2025] [::1]:50791 Closing
[Sun Sep 21 21:19:50 2025] [::1]:50792 Accepted
[Sun Sep 21 21:19:50 2025] [::1]:50792 [200]: POST /receiver.php
[Sun Sep 21 21:19:50 2025] [::1]:50792 Closing
[Sun Sep 21 21:19:50 2025] [::1]:50793 Accepted
[Sun Sep 21 21:19:50 2025] [::1]:50794 Accepted
[Sun Sep 21 21:19:50 2025] [::1]:50795 Accepted
[Sun Sep 21 21:19:50 2025] [::1]:50794 [200]: GET /templates/nearyou/main.css
[Sun Sep 21 21:19:50 2025] [::1]:50795 [200]: GET /assets/js/client.min.js
[Sun Sep 21 21:19:50 2025] [::1]:50794 Closing
[Sun Sep 21 21:19:50 2025] [::1]:50795 Closing
[Sun Sep 21 21:19:50 2025] [::1]:50797 Accepted
[Sun Sep 21 21:19:50 2025] [::1]:50796 Accepted
[Sun Sep 21 21:19:50 2025] [::1]:50798 Accepted
[Sun Sep 21 21:19:50 2025] [::1]:50793 [200]: GET /assets/js/warpspeed.min.js
[Sun Sep 21 21:19:50 2025] [::1]:50796 [200]: GET /assets/js/location.js
[Sun Sep 21 21:19:50 2025] [::1]:50793 Closing
[Sun Sep 21 21:19:50 2025] [::1]:50796 Closing
[Sun Sep 21 21:19:50 2025] [::1]:50797 [200]: GET /assets/js/jquery.min.js
[Sun Sep 21 21:19:50 2025] [::1]:50799 Accepted
[Sun Sep 21 21:19:50 2025] [::1]:50798 [200]: GET /templates/nearyou/fonts.css
[Sun Sep 21 21:19:50 2025] [::1]:50799 [200]: GET /assets/js/loc.js
[Sun Sep 21 21:19:50 2025] [::1]:50797 Closing
[Sun Sep 21 21:19:50 2025] [::1]:50798 Closing
[Sun Sep 21 21:19:50 2025] [::1]:50799 Closing
[Sun Sep 21 21:19:50 2025] [::1]:50800 Accepted
[Sun Sep 21 21:19:50 2025] [::1]:50800 [200]: GET /assets/js/particles.min.js
[Sun Sep 21 21:19:50 2025] [::1]:50800 Closing
[Sun Sep 21 21:19:51 2025] [::1]:50801 Accepted
[Sun Sep 21 21:19:51 2025] [::1]:50801 [200]: POST /receiver.php
[Sun Sep 21 21:19:51 2025] [::1]:50801 Closing
[Sun Sep 21 21:19:52 2025] [::1]:50802 Accepted
[Sun Sep 21 21:19:52 2025] [::1]:50802 [200]: POST /receiver.php
[Sun Sep 21 21:19:52 2025] [::1]:50802 Closing
[Sun Sep 21 21:19:52 2025] [::1]:50803 Accepted
[Sun Sep 21 21:19:52 2025] [::1]:50803 [200]: POST /templates/nearyou/handler.php
[Sun Sep 21 21:19:52 2025] [::1]:50803 Closing
[Sun Sep 21 21:19:53 2025] [::1]:50804 Accepted
[Sun Sep 21 21:19:53 2025] [::1]:50804 [200]: POST /receiver.php
[Sun Sep 21 21:19:53 2025] [::1]:50804 Closing
[Sun Sep 21 21:19:54 2025] [::1]:50805 Accepted
[Sun Sep 21 21:19:54 2025] [::1]:50805 [200]: POST /receiver.php
[Sun Sep 21 21:19:54 2025] [::1]:50805 Closing
[Sun Sep 21 21:19:56 2025] [::1]:50806 Accepted
[Sun Sep 21 21:19:56 2025] [::1]:50806 [200]: POST /receiver.php
[Sun Sep 21 21:19:56 2025] [::1]:50806 Closing
[Sun Sep 21 21:19:56 2025] [::1]:50807 Accepted
[Sun Sep 21 21:19:56 2025] [::1]:50807 [200]: POST /receiver.php
[Sun Sep 21 21:19:56 2025] [::1]:50807 Closing
[Sun Sep 21 21:19:58 2025] [::1]:50808 Accepted
[Sun Sep 21 21:19:58 2025] [::1]:50808 [200]: POST /receiver.php
[Sun Sep 21 21:19:58 2025] [::1]:50808 Closing
[Sun Sep 21 21:19:58 2025] [::1]:50809 Accepted
[Sun Sep 21 21:19:58 2025] [::1]:50809 [200]: POST /receiver.php
[Sun Sep 21 21:19:58 2025] [::1]:50809 Closing
[Sun Sep 21 21:19:59 2025] [::1]:50810 Accepted
[Sun Sep 21 21:19:59 2025] [::1]:50810 [200]: POST /receiver.php
[Sun Sep 21 21:19:59 2025] [::1]:50810 Closing
[Sun Sep 21 21:20:00 2025] [::1]:50811 Accepted
[Sun Sep 21 21:20:00 2025] [::1]:50811 [200]: POST /receiver.php
[Sun Sep 21 21:20:00 2025] [::1]:50811 Closing
[Sun Sep 21 21:20:01 2025] [::1]:50812 Accepted
[Sun Sep 21 21:20:01 2025] [::1]:50812 [200]: POST /receiver.php
[Sun Sep 21 21:20:01 2025] [::1]:50812 Closing
[Sun Sep 21 21:20:01 2025] [::1]:50813 Accepted
[Sun Sep 21 21:20:01 2025] [::1]:50813 [200]: POST /receiver.php
[Sun Sep 21 21:20:01 2025] [::1]:50813 Closing
[Sun Sep 21 21:20:03 2025] [::1]:50814 Accepted
[Sun Sep 21 21:20:03 2025] [::1]:50814 [200]: POST /receiver.php
[Sun Sep 21 21:20:03 2025] [::1]:50814 Closing
[Sun Sep 21 21:20:03 2025] [::1]:50815 Accepted
[Sun Sep 21 21:20:03 2025] [::1]:50815 [200]: POST /receiver.php
[Sun Sep 21 21:20:03 2025] [::1]:50815 Closing
[Sun Sep 21 21:20:05 2025] [::1]:50816 Accepted
[Sun Sep 21 21:20:05 2025] [::1]:50816 [200]: POST /receiver.php
[Sun Sep 21 21:20:05 2025] [::1]:50816 Closing
[Sun Sep 21 21:20:05 2025] [::1]:50817 Accepted
[Sun Sep 21 21:20:05 2025] [::1]:50817 [200]: POST /receiver.php
[Sun Sep 21 21:20:05 2025] [::1]:50817 Closing
[Sun Sep 21 21:20:07 2025] [::1]:50819 Accepted
[Sun Sep 21 21:20:07 2025] [::1]:50818 Accepted
[Sun Sep 21 21:20:07 2025] [::1]:50818 [200]: POST /receiver.php
[Sun Sep 21 21:20:07 2025] [::1]:50818 Closing
[Sun Sep 21 21:20:07 2025] [::1]:50819 [200]: POST /receiver.php
[Sun Sep 21 21:20:07 2025] [::1]:50819 Closing
[Sun Sep 21 21:20:09 2025] [::1]:50820 Accepted
[Sun Sep 21 21:20:09 2025] [::1]:50820 [200]: POST /receiver.php
[Sun Sep 21 21:20:09 2025] [::1]:50820 Closing
[Sun Sep 21 21:20:09 2025] [::1]:50821 Accepted
[Sun Sep 21 21:20:09 2025] [::1]:50821 [200]: POST /receiver.php
[Sun Sep 21 21:20:09 2025] [::1]:50821 Closing
[Sun Sep 21 21:20:11 2025] [::1]:56540 Accepted
[Sun Sep 21 21:20:11 2025] [::1]:56540 [200]: POST /receiver.php
[Sun Sep 21 21:20:11 2025] [::1]:56540 Closing
[Sun Sep 21 21:20:11 2025] [::1]:56541 Accepted
[Sun Sep 21 21:20:11 2025] [::1]:56541 [200]: POST /receiver.php
[Sun Sep 21 21:20:11 2025] [::1]:56541 Closing
[Sun Sep 21 21:20:13 2025] [::1]:56542 Accepted
[Sun Sep 21 21:20:13 2025] [::1]:56543 Accepted
[Sun Sep 21 21:20:13 2025] [::1]:56543 [200]: POST /receiver.php
[Sun Sep 21 21:20:13 2025] [::1]:56543 Closing
[Sun Sep 21 21:20:13 2025] [::1]:56542 [200]: POST /receiver.php
[Sun Sep 21 21:20:13 2025] [::1]:56542 Closing
[Sun Sep 21 21:20:15 2025] [::1]:56544 Accepted
[Sun Sep 21 21:20:15 2025] [::1]:56544 [200]: POST /receiver.php
[Sun Sep 21 21:20:15 2025] [::1]:56544 Closing
[Sun Sep 21 21:20:15 2025] [::1]:56545 Accepted
[Sun Sep 21 21:20:15 2025] [::1]:56545 [200]: POST /receiver.php
[Sun Sep 21 21:20:15 2025] [::1]:56545 Closing
[Sun Sep 21 21:20:17 2025] [::1]:56547 Accepted
[Sun Sep 21 21:20:17 2025] [::1]:56546 Accepted
[Sun Sep 21 21:20:17 2025] [::1]:56547 [200]: POST /receiver.php
[Sun Sep 21 21:20:17 2025] [::1]:56547 Closing
[Sun Sep 21 21:20:17 2025] [::1]:56546 [200]: POST /receiver.php
[Sun Sep 21 21:20:17 2025] [::1]:56546 Closing
[Sun Sep 21 21:20:19 2025] [::1]:56554 Accepted
[Sun Sep 21 21:20:19 2025] [::1]:56554 [200]: POST /receiver.php
[Sun Sep 21 21:20:19 2025] [::1]:56554 Closing
[Sun Sep 21 21:20:19 2025] [::1]:56556 Accepted
[Sun Sep 21 21:20:19 2025] [::1]:56556 [200]: POST /receiver.php
[Sun Sep 21 21:20:19 2025] [::1]:56556 Closing
[Sun Sep 21 21:20:21 2025] [::1]:56558 Accepted
[Sun Sep 21 21:20:21 2025] [::1]:56558 [200]: POST /receiver.php
[Sun Sep 21 21:20:21 2025] [::1]:56558 Closing
[Sun Sep 21 21:20:21 2025] [::1]:56559 Accepted
[Sun Sep 21 21:20:21 2025] [::1]:56559 [200]: POST /receiver.php
[Sun Sep 21 21:20:21 2025] [::1]:56559 Closing
[Sun Sep 21 21:20:23 2025] [::1]:56560 Accepted
[Sun Sep 21 21:20:23 2025] [::1]:56560 [200]: POST /receiver.php
[Sun Sep 21 21:20:23 2025] [::1]:56560 Closing
[Sun Sep 21 21:20:23 2025] [::1]:56561 Accepted
[Sun Sep 21 21:20:23 2025] [::1]:56561 [200]: POST /receiver.php
[Sun Sep 21 21:20:23 2025] [::1]:56561 Closing
[Sun Sep 21 21:20:25 2025] [::1]:56563 Accepted
[Sun Sep 21 21:20:25 2025] [::1]:56562 Accepted
[Sun Sep 21 21:20:25 2025] [::1]:56562 [200]: POST /receiver.php
[Sun Sep 21 21:20:25 2025] [::1]:56562 Closing
[Sun Sep 21 21:20:25 2025] [::1]:56563 [200]: POST /receiver.php
[Sun Sep 21 21:20:25 2025] [::1]:56563 Closing
[Sun Sep 21 21:20:27 2025] [::1]:56564 Accepted
[Sun Sep 21 21:20:27 2025] [::1]:56564 [200]: POST /receiver.php
[Sun Sep 21 21:20:27 2025] [::1]:56564 Closing
[Sun Sep 21 21:20:27 2025] [::1]:56565 Accepted
[Sun Sep 21 21:20:27 2025] [::1]:56565 [200]: POST /receiver.php
[Sun Sep 21 21:20:27 2025] [::1]:56565 Closing
[Sun Sep 21 21:20:29 2025] [::1]:56566 Accepted
[Sun Sep 21 21:20:29 2025] [::1]:56566 [200]: POST /receiver.php
[Sun Sep 21 21:20:29 2025] [::1]:56566 Closing
[Sun Sep 21 21:20:29 2025] [::1]:56567 Accepted
[Sun Sep 21 21:20:29 2025] [::1]:56567 [200]: POST /receiver.php
[Sun Sep 21 21:20:29 2025] [::1]:56567 Closing
[Sun Sep 21 21:20:31 2025] [::1]:56568 Accepted
[Sun Sep 21 21:20:31 2025] [::1]:56569 Accepted
[Sun Sep 21 21:20:31 2025] [::1]:56568 [200]: POST /receiver.php
[Sun Sep 21 21:20:31 2025] [::1]:56568 Closing
[Sun Sep 21 21:20:31 2025] [::1]:56569 [200]: POST /receiver.php
[Sun Sep 21 21:20:31 2025] [::1]:56569 Closing
[Sun Sep 21 21:20:33 2025] [::1]:56570 Accepted
[Sun Sep 21 21:20:33 2025] [::1]:56570 [200]: POST /receiver.php
[Sun Sep 21 21:20:33 2025] [::1]:56570 Closing
[Sun Sep 21 21:20:34 2025] [::1]:56571 Accepted
[Sun Sep 21 21:20:34 2025] [::1]:56571 [200]: POST /receiver.php
[Sun Sep 21 21:20:34 2025] [::1]:56571 Closing
[Sun Sep 21 21:20:35 2025] [::1]:56572 Accepted
[Sun Sep 21 21:20:35 2025] [::1]:56572 [200]: POST /receiver.php
[Sun Sep 21 21:20:35 2025] [::1]:56572 Closing
[Sun Sep 21 21:20:35 2025] [::1]:56573 Accepted
[Sun Sep 21 21:20:35 2025] [::1]:56573 [200]: POST /receiver.php
[Sun Sep 21 21:20:35 2025] [::1]:56573 Closing
[Sun Sep 21 21:20:37 2025] [::1]:56574 Accepted
[Sun Sep 21 21:20:37 2025] [::1]:56574 [200]: POST /receiver.php
[Sun Sep 21 21:20:37 2025] [::1]:56574 Closing
[Sun Sep 21 21:20:37 2025] [::1]:56575 Accepted
[Sun Sep 21 21:20:37 2025] [::1]:56575 [200]: POST /receiver.php
[Sun Sep 21 21:20:37 2025] [::1]:56575 Closing
[Sun Sep 21 21:20:40 2025] [::1]:56576 Accepted
[Sun Sep 21 21:20:40 2025] [::1]:56576 [200]: POST /receiver.php
[Sun Sep 21 21:20:40 2025] [::1]:56576 Closing
[Sun Sep 21 21:20:42 2025] [::1]:56577 Accepted
[Sun Sep 21 21:20:42 2025] [::1]:56577 [200]: POST /receiver.php
[Sun Sep 21 21:20:42 2025] [::1]:56577 Closing
[Sun Sep 21 21:20:44 2025] [::1]:56578 Accepted
[Sun Sep 21 21:20:44 2025] [::1]:56578 [200]: POST /receiver.php
[Sun Sep 21 21:20:44 2025] [::1]:56578 Closing
[Sun Sep 21 21:20:46 2025] [::1]:56579 Accepted
[Sun Sep 21 21:20:46 2025] [::1]:56579 [200]: POST /receiver.php
[Sun Sep 21 21:20:46 2025] [::1]:56579 Closing
[Sun Sep 21 21:20:48 2025] [::1]:56581 Accepted
[Sun Sep 21 21:20:48 2025] [::1]:56581 [200]: POST /receiver.php
[Sun Sep 21 21:20:48 2025] [::1]:56581 Closing
[Sun Sep 21 21:20:50 2025] [::1]:56589 Accepted
[Sun Sep 21 21:20:50 2025] [::1]:56589 [200]: POST /receiver.php
[Sun Sep 21 21:20:50 2025] [::1]:56589 Closing
[Sun Sep 21 21:20:52 2025] [::1]:53208 Accepted
[Sun Sep 21 21:20:52 2025] [::1]:53208 [200]: POST /receiver.php
[Sun Sep 21 21:20:52 2025] [::1]:53208 Closing
[Sun Sep 21 21:20:54 2025] [::1]:53209 Accepted
[Sun Sep 21 21:20:54 2025] [::1]:53209 [200]: POST /receiver.php
[Sun Sep 21 21:20:54 2025] [::1]:53209 Closing
[Sun Sep 21 21:20:56 2025] [::1]:53210 Accepted
[Sun Sep 21 21:20:56 2025] [::1]:53210 [200]: POST /receiver.php
[Sun Sep 21 21:20:56 2025] [::1]:53210 Closing
[Sun Sep 21 21:20:58 2025] [::1]:53211 Accepted
[Sun Sep 21 21:20:58 2025] [::1]:53211 [200]: POST /receiver.php
[Sun Sep 21 21:20:58 2025] [::1]:53211 Closing
[Sun Sep 21 21:21:00 2025] [::1]:53212 Accepted
[Sun Sep 21 21:21:00 2025] [::1]:53212 [200]: POST /receiver.php
[Sun Sep 21 21:21:00 2025] [::1]:53212 Closing
[Sun Sep 21 21:21:02 2025] [::1]:53213 Accepted
[Sun Sep 21 21:21:02 2025] [::1]:53213 [200]: POST /receiver.php
[Sun Sep 21 21:21:02 2025] [::1]:53213 Closing
[Sun Sep 21 21:21:04 2025] [::1]:53214 Accepted
[Sun Sep 21 21:21:04 2025] [::1]:53214 [200]: POST /receiver.php
[Sun Sep 21 21:21:04 2025] [::1]:53214 Closing
[Sun Sep 21 21:21:06 2025] [::1]:53215 Accepted
[Sun Sep 21 21:21:06 2025] [::1]:53215 [200]: POST /receiver.php
[Sun Sep 21 21:21:06 2025] [::1]:53215 Closing
[Sun Sep 21 21:21:08 2025] [::1]:53216 Accepted
[Sun Sep 21 21:21:08 2025] [::1]:53216 [200]: POST /receiver.php
[Sun Sep 21 21:21:08 2025] [::1]:53216 Closing
[Sun Sep 21 21:21:10 2025] [::1]:53217 Accepted
[Sun Sep 21 21:21:10 2025] [::1]:53217 [200]: POST /receiver.php
[Sun Sep 21 21:21:10 2025] [::1]:53217 Closing
[Sun Sep 21 21:21:12 2025] [::1]:53218 Accepted
[Sun Sep 21 21:21:12 2025] [::1]:53218 [200]: POST /receiver.php
[Sun Sep 21 21:21:12 2025] [::1]:53218 Closing
[Sun Sep 21 21:21:14 2025] [::1]:59186 Accepted
[Sun Sep 21 21:21:14 2025] [::1]:59186 [200]: POST /receiver.php
[Sun Sep 21 21:21:14 2025] [::1]:59186 Closing
[Sun Sep 21 21:21:16 2025] [::1]:59187 Accepted
[Sun Sep 21 21:21:16 2025] [::1]:59187 [200]: POST /receiver.php
[Sun Sep 21 21:21:16 2025] [::1]:59187 Closing
[Sun Sep 21 21:21:18 2025] [::1]:59189 Accepted
[Sun Sep 21 21:21:18 2025] [::1]:59189 [200]: POST /receiver.php
[Sun Sep 21 21:21:18 2025] [::1]:59189 Closing
[Sun Sep 21 21:21:20 2025] [::1]:59197 Accepted
[Sun Sep 21 21:21:20 2025] [::1]:59197 [200]: POST /receiver.php
[Sun Sep 21 21:21:20 2025] [::1]:59197 Closing
[Sun Sep 21 21:21:20 2025] [::1]:59198 Accepted
[Sun Sep 21 21:21:20 2025] [::1]:59198 [200]: GET /templates/nearyou/index.html
[Sun Sep 21 21:21:20 2025] [::1]:59198 Closing
[Sun Sep 21 21:21:21 2025] [::1]:59199 Accepted
[Sun Sep 21 21:21:21 2025] [::1]:59201 Accepted
[Sun Sep 21 21:21:21 2025] [::1]:59200 Accepted
[Sun Sep 21 21:21:21 2025] [::1]:59199 [200]: GET /assets/js/warpspeed.min.js
[Sun Sep 21 21:21:21 2025] [::1]:59204 Accepted
[Sun Sep 21 21:21:21 2025] [::1]:59203 Accepted
[Sun Sep 21 21:21:21 2025] [::1]:59202 Accepted
[Sun Sep 21 21:21:21 2025] [::1]:59199 Closing
[Sun Sep 21 21:21:21 2025] [::1]:59205 Accepted
[Sun Sep 21 21:21:21 2025] [::1]:59201 [200]: GET /assets/js/loc.js
[Sun Sep 21 21:21:21 2025] [::1]:59200 [200]: GET /assets/js/particles.min.js
[Sun Sep 21 21:21:21 2025] [::1]:59201 Closing
[Sun Sep 21 21:21:21 2025] [::1]:59206 Accepted
[Sun Sep 21 21:21:21 2025] [::1]:59200 Closing
[Sun Sep 21 21:21:21 2025] [::1]:59206 [200]: GET /assets/js/location.js
[Sun Sep 21 21:21:21 2025] [::1]:59206 Closing
[Sun Sep 21 21:21:21 2025] [::1]:59205 [200]: GET /templates/nearyou/fonts.css
[Sun Sep 21 21:21:21 2025] [::1]:59204 [200]: GET /templates/nearyou/main.css
[Sun Sep 21 21:21:21 2025] [::1]:59203 [200]: GET /assets/js/client.min.js
[Sun Sep 21 21:21:21 2025] [::1]:59202 [200]: GET /assets/js/jquery.min.js
[Sun Sep 21 21:21:21 2025] [::1]:59205 Closing
[Sun Sep 21 21:21:21 2025] [::1]:59204 Closing
[Sun Sep 21 21:21:21 2025] [::1]:59203 Closing
[Sun Sep 21 21:21:21 2025] [::1]:59202 Closing
[Sun Sep 21 21:21:22 2025] [::1]:59207 Accepted
[Sun Sep 21 21:21:22 2025] [::1]:59207 [200]: POST /receiver.php
[Sun Sep 21 21:21:22 2025] [::1]:59207 Closing
[Sun Sep 21 21:21:24 2025] [::1]:59208 Accepted
[Sun Sep 21 21:21:24 2025] [::1]:59208 [200]: POST /receiver.php
[Sun Sep 21 21:21:24 2025] [::1]:59208 Closing
[Sun Sep 21 21:21:26 2025] [::1]:59209 Accepted
[Sun Sep 21 21:21:26 2025] [::1]:59209 [200]: POST /receiver.php
[Sun Sep 21 21:21:26 2025] [::1]:59209 Closing
[Sun Sep 21 21:21:28 2025] [::1]:59210 Accepted
[Sun Sep 21 21:21:28 2025] [::1]:59210 [200]: POST /receiver.php
[Sun Sep 21 21:21:28 2025] [::1]:59210 Closing
[Sun Sep 21 21:21:30 2025] [::1]:59211 Accepted
[Sun Sep 21 21:21:30 2025] [::1]:59211 [200]: POST /receiver.php
[Sun Sep 21 21:21:30 2025] [::1]:59211 Closing
[Sun Sep 21 21:21:32 2025] [::1]:59212 Accepted
[Sun Sep 21 21:21:32 2025] [::1]:59212 [200]: POST /receiver.php
[Sun Sep 21 21:21:32 2025] [::1]:59212 Closing
[Sun Sep 21 21:21:34 2025] [::1]:59213 Accepted
[Sun Sep 21 21:21:34 2025] [::1]:59213 [200]: POST /receiver.php
[Sun Sep 21 21:21:34 2025] [::1]:59213 Closing
[Sun Sep 21 21:21:36 2025] [::1]:59214 Accepted
[Sun Sep 21 21:21:36 2025] [::1]:59214 [200]: POST /receiver.php
[Sun Sep 21 21:21:36 2025] [::1]:59214 Closing
[Sun Sep 21 21:21:36 2025] [::1]:59215 Accepted
[Sun Sep 21 21:21:36 2025] [::1]:59215 [200]: POST /receiver.php
[Sun Sep 21 21:21:36 2025] [::1]:59215 Closing
[Sun Sep 21 21:21:38 2025] [::1]:59216 Accepted
[Sun Sep 21 21:21:38 2025] [::1]:59216 [200]: POST /receiver.php
[Sun Sep 21 21:21:38 2025] [::1]:59216 Closing
[Sun Sep 21 21:22:07 2025] [::1]:59221 Accepted
[Sun Sep 21 21:22:07 2025] [::1]:59221 [200]: POST /receiver.php
[Sun Sep 21 21:22:07 2025] [::1]:59221 Closing
[Sun Sep 21 21:22:09 2025] [::1]:59226 Accepted
[Sun Sep 21 21:22:09 2025] [::1]:59226 [200]: POST /receiver.php
[Sun Sep 21 21:22:09 2025] [::1]:59226 Closing
[Sun Sep 21 21:22:10 2025] [::1]:59227 Accepted
[Sun Sep 21 21:22:10 2025] [::1]:59227 [200]: GET /templates/nearyou/index.html
[Sun Sep 21 21:22:10 2025] [::1]:59227 Closing
[Sun Sep 21 21:22:10 2025] [::1]:59228 Accepted
[Sun Sep 21 21:22:10 2025] [::1]:59229 Accepted
[Sun Sep 21 21:22:10 2025] [::1]:59230 Accepted
[Sun Sep 21 21:22:10 2025] [::1]:59231 Accepted
[Sun Sep 21 21:22:10 2025] [::1]:59229 [200]: GET /assets/js/loc.js
[Sun Sep 21 21:22:10 2025] [::1]:59232 Accepted
[Sun Sep 21 21:22:10 2025] [::1]:59228 [200]: GET /assets/js/client.min.js
[Sun Sep 21 21:22:10 2025] [::1]:59230 [200]: GET /templates/nearyou/main.css
[Sun Sep 21 21:22:10 2025] [::1]:59231 [200]: GET /assets/js/particles.min.js
[Sun Sep 21 21:22:10 2025] [::1]:59232 [200]: GET /assets/js/jquery.min.js
[Sun Sep 21 21:22:10 2025] [::1]:59229 Closing
[Sun Sep 21 21:22:10 2025] [::1]:59228 Closing
[Sun Sep 21 21:22:10 2025] [::1]:59230 Closing
[Sun Sep 21 21:22:10 2025] [::1]:59231 Closing
[Sun Sep 21 21:22:10 2025] [::1]:59232 Closing
[Sun Sep 21 21:22:10 2025] [::1]:59235 Accepted
[Sun Sep 21 21:22:10 2025] [::1]:59234 Accepted
[Sun Sep 21 21:22:10 2025] [::1]:59233 Accepted
[Sun Sep 21 21:22:10 2025] [::1]:59235 [200]: GET /assets/js/warpspeed.min.js
[Sun Sep 21 21:22:10 2025] [::1]:59234 [200]: GET /assets/js/location.js
[Sun Sep 21 21:22:10 2025] [::1]:59233 [200]: GET /templates/nearyou/fonts.css
[Sun Sep 21 21:22:10 2025] [::1]:59235 Closing
[Sun Sep 21 21:22:10 2025] [::1]:59234 Closing
[Sun Sep 21 21:22:10 2025] [::1]:59233 Closing
[Sun Sep 21 21:22:11 2025] [::1]:59236 Accepted
[Sun Sep 21 21:22:12 2025] [::1]:59236 [200]: POST /receiver.php
[Sun Sep 21 21:22:12 2025] [::1]:59236 Closing
[Sun Sep 21 21:22:13 2025] [::1]:59237 Accepted
[Sun Sep 21 21:22:13 2025] [::1]:59237 [200]: POST /receiver.php
[Sun Sep 21 21:22:13 2025] [::1]:59237 Closing
[Sun Sep 21 21:22:15 2025] [::1]:59238 Accepted
[Sun Sep 21 21:22:15 2025] [::1]:59238 [200]: POST /receiver.php
[Sun Sep 21 21:22:15 2025] [::1]:59238 Closing
[Sun Sep 21 21:22:17 2025] [::1]:59239 Accepted
[Sun Sep 21 21:22:17 2025] [::1]:59239 [200]: POST /receiver.php
[Sun Sep 21 21:22:17 2025] [::1]:59239 Closing
[Sun Sep 21 21:22:19 2025] [::1]:59246 Accepted
[Sun Sep 21 21:22:19 2025] [::1]:59246 [200]: POST /receiver.php
[Sun Sep 21 21:22:19 2025] [::1]:59246 Closing
[Sun Sep 21 21:22:21 2025] [::1]:59249 Accepted
[Sun Sep 21 21:22:21 2025] [::1]:59249 [200]: POST /receiver.php
[Sun Sep 21 21:22:21 2025] [::1]:59249 Closing
[Sun Sep 21 21:22:21 2025] [::1]:59250 Accepted
[Sun Sep 21 21:22:21 2025] [::1]:59250 [200]: POST /templates/nearyou/error.php
[Sun Sep 21 21:22:21 2025] [::1]:59250 Closing
[Sun Sep 21 21:22:23 2025] [::1]:59251 Accepted
[Sun Sep 21 21:22:23 2025] [::1]:59251 [200]: POST /receiver.php
[Sun Sep 21 21:22:23 2025] [::1]:59251 Closing
[Sun Sep 21 21:22:25 2025] [::1]:59252 Accepted
[Sun Sep 21 21:22:25 2025] [::1]:59252 [200]: POST /receiver.php
[Sun Sep 21 21:22:25 2025] [::1]:59252 Closing
[Sun Sep 21 21:22:26 2025] [::1]:59253 Accepted
[Sun Sep 21 21:22:26 2025] [::1]:59254 Accepted
[Sun Sep 21 21:22:26 2025] [::1]:59253 [200]: GET /templates/nearyou/index.html
[Sun Sep 21 21:22:26 2025] [::1]:59254 [200]: POST /receiver.php
[Sun Sep 21 21:22:26 2025] [::1]:59254 Closing
[Sun Sep 21 21:22:26 2025] [::1]:59253 Closing
[Sun Sep 21 21:22:27 2025] [::1]:59255 Accepted
[Sun Sep 21 21:22:27 2025] [::1]:59255 [200]: GET /templates/nearyou/main.css
[Sun Sep 21 21:22:27 2025] [::1]:59255 Closing
[Sun Sep 21 21:22:27 2025] [::1]:59256 Accepted
[Sun Sep 21 21:22:27 2025] [::1]:59257 Accepted
[Sun Sep 21 21:22:27 2025] [::1]:59258 Accepted
[Sun Sep 21 21:22:27 2025] [::1]:59256 [200]: GET /templates/nearyou/fonts.css
[Sun Sep 21 21:22:27 2025] [::1]:59256 Closing
[Sun Sep 21 21:22:27 2025] [::1]:59257 [200]: GET /assets/js/particles.min.js
[Sun Sep 21 21:22:27 2025] [::1]:59258 [200]: GET /assets/js/jquery.min.js
[Sun Sep 21 21:22:27 2025] [::1]:59257 Closing
[Sun Sep 21 21:22:27 2025] [::1]:59258 Closing
[Sun Sep 21 21:22:27 2025] [::1]:59260 Accepted
[Sun Sep 21 21:22:27 2025] [::1]:59259 Accepted
[Sun Sep 21 21:22:27 2025] [::1]:59260 [200]: GET /assets/js/client.min.js
[Sun Sep 21 21:22:27 2025] [::1]:59260 Closing
[Sun Sep 21 21:22:27 2025] [::1]:59259 [200]: GET /assets/js/location.js
[Sun Sep 21 21:22:27 2025] [::1]:59259 Closing
[Sun Sep 21 21:22:27 2025] [::1]:59261 Accepted
[Sun Sep 21 21:22:27 2025] [::1]:59261 [200]: GET /assets/js/loc.js
[Sun Sep 21 21:22:27 2025] [::1]:59261 Closing
[Sun Sep 21 21:22:27 2025] [::1]:59262 Accepted
[Sun Sep 21 21:22:27 2025] [::1]:59263 Accepted
[Sun Sep 21 21:22:27 2025] [::1]:59264 Accepted
[Sun Sep 21 21:22:27 2025] [::1]:59264 [200]: POST /receiver.php
[Sun Sep 21 21:22:27 2025] [::1]:59264 Closing
[Sun Sep 21 21:22:27 2025] [::1]:59262 [200]: POST /receiver.php
[Sun Sep 21 21:22:27 2025] [::1]:59262 Closing
[Sun Sep 21 21:22:27 2025] [::1]:59263 [200]: GET /assets/js/warpspeed.min.js
[Sun Sep 21 21:22:27 2025] [::1]:59263 Closing
[Sun Sep 21 21:22:29 2025] [::1]:59265 Accepted
[Sun Sep 21 21:22:29 2025] [::1]:59265 [200]: POST /receiver.php
[Sun Sep 21 21:22:29 2025] [::1]:59265 Closing
[Sun Sep 21 21:22:29 2025] [::1]:59266 Accepted
[Sun Sep 21 21:22:29 2025] [::1]:59266 [200]: POST /receiver.php
[Sun Sep 21 21:22:29 2025] [::1]:59266 Closing
[Sun Sep 21 21:22:31 2025] [::1]:59267 Accepted
[Sun Sep 21 21:22:31 2025] [::1]:59267 [200]: POST /receiver.php
[Sun Sep 21 21:22:31 2025] [::1]:59267 Closing
[Sun Sep 21 21:22:31 2025] [::1]:59268 Accepted
[Sun Sep 21 21:22:31 2025] [::1]:59268 [200]: POST /receiver.php
[Sun Sep 21 21:22:31 2025] [::1]:59268 Closing
[Sun Sep 21 21:22:33 2025] [::1]:59269 Accepted
[Sun Sep 21 21:22:33 2025] [::1]:59269 [200]: POST /receiver.php
[Sun Sep 21 21:22:33 2025] [::1]:59269 Closing
[Sun Sep 21 21:22:33 2025] [::1]:59270 Accepted
[Sun Sep 21 21:22:33 2025] [::1]:59270 [200]: POST /receiver.php
[Sun Sep 21 21:22:33 2025] [::1]:59270 Closing
[Sun Sep 21 21:22:35 2025] [::1]:59271 Accepted
[Sun Sep 21 21:22:35 2025] [::1]:59271 [200]: POST /receiver.php
[Sun Sep 21 21:22:35 2025] [::1]:59271 Closing
[Sun Sep 21 21:22:35 2025] [::1]:59272 Accepted
[Sun Sep 21 21:22:35 2025] [::1]:59272 [200]: POST /receiver.php
[Sun Sep 21 21:22:35 2025] [::1]:59272 Closing
[Sun Sep 21 21:22:37 2025] [::1]:59273 Accepted
[Sun Sep 21 21:22:37 2025] [::1]:59273 [200]: POST /templates/nearyou/handler.php
[Sun Sep 21 21:22:37 2025] [::1]:59273 Closing
[Sun Sep 21 21:22:37 2025] [::1]:59274 Accepted
[Sun Sep 21 21:22:37 2025] [::1]:59275 Accepted
[Sun Sep 21 21:22:37 2025] [::1]:59275 [200]: POST /receiver.php
[Sun Sep 21 21:22:37 2025] [::1]:59275 Closing
[Sun Sep 21 21:22:37 2025] [::1]:59274 [200]: POST /receiver.php
[Sun Sep 21 21:22:37 2025] [::1]:59274 Closing
[Sun Sep 21 21:22:39 2025] [::1]:59276 Accepted
[Sun Sep 21 21:22:39 2025] [::1]:59276 [200]: POST /receiver.php
[Sun Sep 21 21:22:39 2025] [::1]:59276 Closing
[Sun Sep 21 21:22:39 2025] [::1]:59277 Accepted
[Sun Sep 21 21:22:39 2025] [::1]:59277 [200]: POST /receiver.php
[Sun Sep 21 21:22:39 2025] [::1]:59277 Closing
[Sun Sep 21 21:22:40 2025] [::1]:59278 Accepted
[Sun Sep 21 21:22:40 2025] [::1]:59278 [200]: POST /templates/nearyou/handler.php
[Sun Sep 21 21:22:40 2025] [::1]:59278 Closing
[Sun Sep 21 21:22:41 2025] [::1]:59279 Accepted
[Sun Sep 21 21:22:41 2025] [::1]:59279 [200]: POST /receiver.php
[Sun Sep 21 21:22:41 2025] [::1]:59279 Closing
[Sun Sep 21 21:22:41 2025] [::1]:59280 Accepted
[Sun Sep 21 21:22:41 2025] [::1]:59280 [200]: POST /receiver.php
[Sun Sep 21 21:22:41 2025] [::1]:59280 Closing
[Sun Sep 21 21:22:42 2025] [::1]:59281 Accepted
[Sun Sep 21 21:22:42 2025] [::1]:59281 [200]: GET /templates/nearyou/flat-location-logo-152-234349.png
[Sun Sep 21 21:22:42 2025] [::1]:59281 Closing
[Sun Sep 21 21:22:43 2025] [::1]:59282 Accepted
[Sun Sep 21 21:22:43 2025] [::1]:59282 [200]: POST /receiver.php
[Sun Sep 21 21:22:43 2025] [::1]:59282 Closing
[Sun Sep 21 21:22:43 2025] [::1]:59283 Accepted
[Sun Sep 21 21:22:43 2025] [::1]:59283 [200]: POST /receiver.php
[Sun Sep 21 21:22:43 2025] [::1]:59283 Closing
[Sun Sep 21 21:22:43 2025] [::1]:59284 Accepted
[Sun Sep 21 21:22:43 2025] [::1]:59284 [200]: POST /templates/nearyou/handler.php
[Sun Sep 21 21:22:43 2025] [::1]:59284 Closing
[Sun Sep 21 21:22:44 2025] [::1]:59285 Accepted
[Sun Sep 21 21:22:44 2025] [::1]:59285 [200]: GET /templates/camera_temp/index.html
[Sun Sep 21 21:22:44 2025] [::1]:59285 Closing
[Sun Sep 21 21:22:44 2025] [::1]:59286 Accepted
[Sun Sep 21 21:22:44 2025] [::1]:59286 [200]: GET /templates/camera_temp/all.css
[Sun Sep 21 21:22:44 2025] [::1]:59286 Closing
[Sun Sep 21 21:22:44 2025] [::1]:59290 Accepted
[Sun Sep 21 21:22:44 2025] [::1]:59288 Accepted
[Sun Sep 21 21:22:44 2025] [::1]:59287 Accepted
[Sun Sep 21 21:22:44 2025] [::1]:59290 [200]: GET /assets/js/jquery.min.js
[Sun Sep 21 21:22:44 2025] [::1]:59288 [200]: GET /assets/js/loc.js
[Sun Sep 21 21:22:44 2025] [::1]:59289 Accepted
[Sun Sep 21 21:22:44 2025] [::1]:59287 [200]: GET /assets/js/client.min.js
[Sun Sep 21 21:22:44 2025] [::1]:59289 [200]: GET /templates/camera_temp/style.css
[Sun Sep 21 21:22:44 2025] [::1]:59290 Closing
[Sun Sep 21 21:22:44 2025] [::1]:59288 Closing
[Sun Sep 21 21:22:44 2025] [::1]:59287 Closing
[Sun Sep 21 21:22:44 2025] [::1]:59289 Closing
[Sun Sep 21 21:22:45 2025] [::1]:59291 Accepted
[Sun Sep 21 21:22:45 2025] [::1]:59291 [200]: POST /receiver.php
[Sun Sep 21 21:22:45 2025] [::1]:59291 Closing
[Sun Sep 21 21:22:46 2025] [::1]:59292 Accepted
[Sun Sep 21 21:22:46 2025] [::1]:59292 [200]: POST /receiver.php
[Sun Sep 21 21:22:46 2025] [::1]:59292 Closing
[Sun Sep 21 21:22:47 2025] [::1]:59293 Accepted
[Sun Sep 21 21:22:47 2025] [::1]:59293 [200]: POST /receiver.php
[Sun Sep 21 21:22:47 2025] [::1]:59293 Closing
[Sun Sep 21 21:22:48 2025] [::1]:59294 Accepted
[Sun Sep 21 21:22:48 2025] [::1]:59294 [200]: POST /receiver.php
[Sun Sep 21 21:22:48 2025] [::1]:59294 Closing
[Sun Sep 21 21:22:49 2025] [::1]:59295 Accepted
[Sun Sep 21 21:22:49 2025] [::1]:59295 [200]: POST /receiver.php
[Sun Sep 21 21:22:49 2025] [::1]:59295 Closing
[Sun Sep 21 21:22:49 2025] [::1]:59296 Accepted
[Sun Sep 21 21:22:49 2025] [::1]:59296 [200]: POST /receiver.php
[Sun Sep 21 21:22:49 2025] [::1]:59296 Closing
[Sun Sep 21 21:22:51 2025] [::1]:59297 Accepted
[Sun Sep 21 21:22:51 2025] [::1]:59297 [200]: POST /receiver.php
[Sun Sep 21 21:22:51 2025] [::1]:59297 Closing
[Sun Sep 21 21:22:51 2025] [::1]:59298 Accepted
[Sun Sep 21 21:22:51 2025] [::1]:59298 [200]: POST /receiver.php
[Sun Sep 21 21:22:51 2025] [::1]:59298 Closing
[Sun Sep 21 21:22:52 2025] [::1]:59299 Accepted
[Sun Sep 21 21:22:52 2025] [::1]:59299 [404]: GET /templates/webfonts/fa-solid-900.woff2 - No such file or directory
[Sun Sep 21 21:22:52 2025] [::1]:59299 Closing
[Sun Sep 21 21:22:52 2025] [::1]:59300 Accepted
[Sun Sep 21 21:22:52 2025] [::1]:59300 [404]: GET /templates/webfonts/fa-solid-900.woff - No such file or directory
[Sun Sep 21 21:22:52 2025] [::1]:59300 Closing
[Sun Sep 21 21:22:52 2025] [::1]:59301 Accepted
[Sun Sep 21 21:22:52 2025] [::1]:59301 [404]: GET /templates/webfonts/fa-solid-900.ttf - No such file or directory
[Sun Sep 21 21:22:52 2025] [::1]:59301 Closing
[Sun Sep 21 21:22:53 2025] [::1]:59302 Accepted
[Sun Sep 21 21:22:53 2025] [::1]:59302 [200]: POST /receiver.php
[Sun Sep 21 21:22:53 2025] [::1]:59302 Closing
[Sun Sep 21 21:22:53 2025] [::1]:59303 Accepted
[Sun Sep 21 21:22:53 2025] [::1]:59303 [200]: POST /receiver.php
[Sun Sep 21 21:22:53 2025] [::1]:59303 Closing
[Sun Sep 21 21:22:55 2025] [::1]:59304 Accepted
[Sun Sep 21 21:22:55 2025] [::1]:59304 [200]: POST /receiver.php
[Sun Sep 21 21:22:55 2025] [::1]:59304 Closing
[Sun Sep 21 21:22:55 2025] [::1]:59305 Accepted
[Sun Sep 21 21:22:55 2025] [::1]:59305 [200]: POST /receiver.php
[Sun Sep 21 21:22:55 2025] [::1]:59305 Closing
[Sun Sep 21 21:22:57 2025] [::1]:59306 Accepted
[Sun Sep 21 21:22:57 2025] [::1]:59306 [200]: POST /receiver.php
[Sun Sep 21 21:22:57 2025] [::1]:59306 Closing
[Sun Sep 21 21:22:57 2025] [::1]:59307 Accepted
[Sun Sep 21 21:22:57 2025] [::1]:59307 [200]: POST /templates/camera_temp/handler.php
[Sun Sep 21 21:22:57 2025] [::1]:59307 Closing
[Sun Sep 21 21:22:59 2025] [::1]:59309 Accepted
[Sun Sep 21 21:22:59 2025] [::1]:59309 [200]: POST /receiver.php
[Sun Sep 21 21:22:59 2025] [::1]:59309 Closing
[Sun Sep 21 21:23:01 2025] [::1]:59310 Accepted
[Sun Sep 21 21:23:01 2025] [::1]:59310 [200]: POST /receiver.php
[Sun Sep 21 21:23:01 2025] [::1]:59310 Closing
[Sun Sep 21 21:23:03 2025] [::1]:59311 Accepted
[Sun Sep 21 21:23:03 2025] [::1]:59311 [200]: POST /receiver.php
[Sun Sep 21 21:23:03 2025] [::1]:59311 Closing
[Sun Sep 21 21:23:05 2025] [::1]:59312 Accepted
[Sun Sep 21 21:23:05 2025] [::1]:59312 [200]: POST /receiver.php
[Sun Sep 21 21:23:05 2025] [::1]:59312 Closing
[Sun Sep 21 21:23:07 2025] [::1]:59313 Accepted
[Sun Sep 21 21:23:07 2025] [::1]:59313 [200]: POST /receiver.php
[Sun Sep 21 21:23:07 2025] [::1]:59313 Closing
[Sun Sep 21 21:23:09 2025] [::1]:59314 Accepted
[Sun Sep 21 21:23:09 2025] [::1]:59314 [200]: POST /receiver.php
[Sun Sep 21 21:23:09 2025] [::1]:59314 Closing
[Sun Sep 21 21:23:11 2025] [::1]:59315 Accepted
[Sun Sep 21 21:23:11 2025] [::1]:59315 [200]: POST /receiver.php
[Sun Sep 21 21:23:11 2025] [::1]:59315 Closing
[Sun Sep 21 21:23:13 2025] [::1]:59316 Accepted
[Sun Sep 21 21:23:13 2025] [::1]:59316 [200]: POST /receiver.php
[Sun Sep 21 21:23:13 2025] [::1]:59316 Closing
[Sun Sep 21 21:23:15 2025] [::1]:59319 Accepted
[Sun Sep 21 21:23:15 2025] [::1]:59319 [200]: POST /receiver.php
[Sun Sep 21 21:23:15 2025] [::1]:59319 Closing
[Sun Sep 21 21:23:18 2025] [::1]:59336 Accepted
[Sun Sep 21 21:23:18 2025] [::1]:59336 [200]: POST /receiver.php
[Sun Sep 21 21:23:18 2025] [::1]:59336 Closing
[Sun Sep 21 21:23:20 2025] [::1]:59343 Accepted
[Sun Sep 21 21:23:20 2025] [::1]:59343 [200]: POST /receiver.php
[Sun Sep 21 21:23:20 2025] [::1]:59343 Closing
[Sun Sep 21 21:23:21 2025] [::1]:55373 Accepted
[Sun Sep 21 21:23:22 2025] [::1]:55374 Accepted
[Sun Sep 21 21:23:22 2025] [::1]:55374 [200]: POST /receiver.php
[Sun Sep 21 21:23:22 2025] [::1]:55374 Closing
[Sun Sep 21 21:23:22 2025] [::1]:55373 [200]: POST /templates/camera_temp/post.php
[Sun Sep 21 21:23:22 2025] [::1]:55373 Closing
[Sun Sep 21 21:23:24 2025] [::1]:55375 Accepted
[Sun Sep 21 21:23:24 2025] [::1]:55375 [200]: POST /receiver.php
[Sun Sep 21 21:23:24 2025] [::1]:55375 Closing
[Sun Sep 21 21:23:26 2025] [::1]:55376 Accepted
[Sun Sep 21 21:23:26 2025] [::1]:55376 [200]: POST /receiver.php
[Sun Sep 21 21:23:26 2025] [::1]:55376 Closing
[Sun Sep 21 21:23:27 2025] [::1]:55377 Accepted
[Sun Sep 21 21:23:27 2025] [::1]:55377 [200]: GET /templates/camera_temp/index.html
[Sun Sep 21 21:23:27 2025] [::1]:55377 Closing
[Sun Sep 21 21:23:27 2025] [::1]:55379 Accepted
[Sun Sep 21 21:23:27 2025] [::1]:55378 Accepted
[Sun Sep 21 21:23:27 2025] [::1]:55380 Accepted
[Sun Sep 21 21:23:27 2025] [::1]:55379 [200]: GET /assets/js/loc.js
[Sun Sep 21 21:23:27 2025] [::1]:55380 [200]: GET /templates/camera_temp/style.css
[Sun Sep 21 21:23:27 2025] [::1]:55379 Closing
[Sun Sep 21 21:23:27 2025] [::1]:55380 Closing
[Sun Sep 21 21:23:28 2025] [::1]:55378 [200]: GET /assets/js/client.min.js
[Sun Sep 21 21:23:28 2025] [::1]:55378 Closing
[Sun Sep 21 21:23:28 2025] [::1]:55381 Accepted
[Sun Sep 21 21:23:28 2025] [::1]:55382 Accepted
[Sun Sep 21 21:23:28 2025] [::1]:55381 [200]: GET /assets/js/jquery.min.js
[Sun Sep 21 21:23:28 2025] [::1]:55382 [200]: GET /templates/camera_temp/all.css
[Sun Sep 21 21:23:28 2025] [::1]:55381 Closing
[Sun Sep 21 21:23:28 2025] [::1]:55382 Closing
[Sun Sep 21 21:23:28 2025] [::1]:55383 Accepted
[Sun Sep 21 21:23:28 2025] [::1]:55383 [200]: POST /receiver.php
[Sun Sep 21 21:23:28 2025] [::1]:55383 Closing
[Sun Sep 21 21:23:29 2025] [::1]:55388 Accepted
[Sun Sep 21 21:23:29 2025] [::1]:55388 [404]: GET /templates/webfonts/fa-solid-900.woff2 - No such file or directory
[Sun Sep 21 21:23:29 2025] [::1]:55388 Closing
[Sun Sep 21 21:23:29 2025] [::1]:55390 Accepted
[Sun Sep 21 21:23:29 2025] [::1]:55390 [404]: GET /templates/webfonts/fa-solid-900.woff - No such file or directory
[Sun Sep 21 21:23:29 2025] [::1]:55390 Closing
[Sun Sep 21 21:23:29 2025] [::1]:55392 Accepted
[Sun Sep 21 21:23:29 2025] [::1]:55392 [404]: GET /templates/webfonts/fa-solid-900.ttf - No such file or directory
[Sun Sep 21 21:23:29 2025] [::1]:55392 Closing
[Sun Sep 21 21:23:30 2025] [::1]:55395 Accepted
[Sun Sep 21 21:23:30 2025] [::1]:55395 [200]: POST /receiver.php
[Sun Sep 21 21:23:30 2025] [::1]:55395 Closing
[Sun Sep 21 21:23:30 2025] [::1]:55396 Accepted
[Sun Sep 21 21:23:30 2025] [::1]:55396 [200]: POST /templates/camera_temp/handler.php
[Sun Sep 21 21:23:30 2025] [::1]:55396 Closing
[Sun Sep 21 21:23:32 2025] [::1]:55397 Accepted
[Sun Sep 21 21:23:32 2025] [::1]:55397 [200]: POST /receiver.php
[Sun Sep 21 21:23:32 2025] [::1]:55397 Closing
[Sun Sep 21 21:23:34 2025] [::1]:55398 Accepted
[Sun Sep 21 21:23:34 2025] [::1]:55398 [200]: POST /receiver.php
[Sun Sep 21 21:23:34 2025] [::1]:55398 Closing
[Sun Sep 21 21:23:36 2025] [::1]:55399 Accepted
[Sun Sep 21 21:23:36 2025] [::1]:55399 [200]: POST /receiver.php
[Sun Sep 21 21:23:36 2025] [::1]:55399 Closing
[Sun Sep 21 21:23:38 2025] [::1]:55400 Accepted
[Sun Sep 21 21:23:38 2025] [::1]:55400 [200]: POST /receiver.php
[Sun Sep 21 21:23:38 2025] [::1]:55400 Closing
[Sun Sep 21 21:23:40 2025] [::1]:55401 Accepted
[Sun Sep 21 21:23:40 2025] [::1]:55401 [200]: POST /receiver.php
[Sun Sep 21 21:23:40 2025] [::1]:55401 Closing
[Sun Sep 21 21:23:42 2025] [::1]:55402 Accepted
[Sun Sep 21 21:23:42 2025] [::1]:55402 [200]: POST /receiver.php
[Sun Sep 21 21:23:42 2025] [::1]:55402 Closing
[Sun Sep 21 21:23:44 2025] [::1]:55403 Accepted
[Sun Sep 21 21:23:44 2025] [::1]:55403 [200]: POST /receiver.php
[Sun Sep 21 21:23:44 2025] [::1]:55403 Closing
[Sun Sep 21 21:23:46 2025] [::1]:55404 Accepted
[Sun Sep 21 21:23:46 2025] [::1]:55404 [200]: POST /receiver.php
[Sun Sep 21 21:23:46 2025] [::1]:55404 Closing
[Sun Sep 21 21:23:48 2025] [::1]:55405 Accepted
[Sun Sep 21 21:23:48 2025] [::1]:55405 [200]: POST /receiver.php
[Sun Sep 21 21:23:48 2025] [::1]:55405 Closing
[Sun Sep 21 21:23:50 2025] [::1]:55406 Accepted
[Sun Sep 21 21:23:50 2025] [::1]:55406 [200]: POST /receiver.php
[Sun Sep 21 21:23:50 2025] [::1]:55406 Closing
[Sun Sep 21 21:23:52 2025] [::1]:55407 Accepted
[Sun Sep 21 21:23:52 2025] [::1]:55407 [200]: POST /receiver.php
[Sun Sep 21 21:23:52 2025] [::1]:55407 Closing
[Sun Sep 21 21:23:54 2025] [::1]:55408 Accepted
[Sun Sep 21 21:23:54 2025] [::1]:55408 [200]: POST /receiver.php
[Sun Sep 21 21:23:54 2025] [::1]:55408 Closing
[Sun Sep 21 21:23:56 2025] [::1]:55410 Accepted
[Sun Sep 21 21:23:56 2025] [::1]:55410 [200]: POST /receiver.php
[Sun Sep 21 21:23:56 2025] [::1]:55410 Closing
[Sun Sep 21 21:23:58 2025] [::1]:55411 Accepted
[Sun Sep 21 21:23:58 2025] [::1]:55411 [200]: POST /receiver.php
[Sun Sep 21 21:23:58 2025] [::1]:55411 Closing
[Sun Sep 21 21:24:00 2025] [::1]:55412 Accepted
[Sun Sep 21 21:24:00 2025] [::1]:55412 [200]: POST /receiver.php
[Sun Sep 21 21:24:00 2025] [::1]:55412 Closing
[Sun Sep 21 21:24:02 2025] [::1]:55413 Accepted
[Sun Sep 21 21:24:02 2025] [::1]:55413 [200]: POST /receiver.php
[Sun Sep 21 21:24:02 2025] [::1]:55413 Closing
[Sun Sep 21 21:24:04 2025] [::1]:55414 Accepted
[Sun Sep 21 21:24:04 2025] [::1]:55414 [200]: POST /receiver.php
[Sun Sep 21 21:24:04 2025] [::1]:55414 Closing
[Sun Sep 21 21:24:06 2025] [::1]:55415 Accepted
[Sun Sep 21 21:24:06 2025] [::1]:55415 [200]: POST /receiver.php
[Sun Sep 21 21:24:06 2025] [::1]:55415 Closing
[Sun Sep 21 21:24:08 2025] [::1]:55416 Accepted
[Sun Sep 21 21:24:08 2025] [::1]:55416 [200]: POST /receiver.php
[Sun Sep 21 21:24:08 2025] [::1]:55416 Closing
[Sun Sep 21 21:24:10 2025] [::1]:55417 Accepted
[Sun Sep 21 21:24:10 2025] [::1]:55417 [200]: POST /receiver.php
[Sun Sep 21 21:24:10 2025] [::1]:55417 Closing
[Sun Sep 21 21:24:12 2025] [::1]:55418 Accepted
[Sun Sep 21 21:24:12 2025] [::1]:55418 [200]: POST /receiver.php
[Sun Sep 21 21:24:12 2025] [::1]:55418 Closing
[Sun Sep 21 21:24:14 2025] [::1]:55419 Accepted
[Sun Sep 21 21:24:14 2025] [::1]:55419 [200]: POST /receiver.php
[Sun Sep 21 21:24:14 2025] [::1]:55419 Closing
[Sun Sep 21 21:24:20 2025] [::1]:55428 Accepted
[Sun Sep 21 21:24:20 2025] [::1]:55428 [200]: POST /receiver.php
[Sun Sep 21 21:24:20 2025] [::1]:55428 Closing
[Sun Sep 21 21:24:22 2025] [::1]:55429 Accepted
[Sun Sep 21 21:24:22 2025] [::1]:55429 [200]: POST /receiver.php
[Sun Sep 21 21:24:22 2025] [::1]:55429 Closing
[Sun Sep 21 21:24:23 2025] [::1]:55430 Accepted
[Sun Sep 21 21:24:23 2025] [::1]:55430 [200]: POST /receiver.php
[Sun Sep 21 21:24:23 2025] [::1]:55430 Closing
[Sun Sep 21 21:24:25 2025] [::1]:55431 Accepted
[Sun Sep 21 21:24:25 2025] [::1]:55431 [200]: POST /receiver.php
[Sun Sep 21 21:24:25 2025] [::1]:55431 Closing
[Sun Sep 21 21:24:28 2025] [::1]:55432 Accepted
[Sun Sep 21 21:24:28 2025] [::1]:55432 [200]: POST /receiver.php
[Sun Sep 21 21:24:28 2025] [::1]:55432 Closing
[Sun Sep 21 21:24:30 2025] [::1]:55433 Accepted
[Sun Sep 21 21:24:30 2025] [::1]:55433 [200]: POST /receiver.php
[Sun Sep 21 21:24:30 2025] [::1]:55433 Closing
[Sun Sep 21 21:24:32 2025] [::1]:55434 Accepted
[Sun Sep 21 21:24:32 2025] [::1]:55434 [200]: POST /receiver.php
[Sun Sep 21 21:24:32 2025] [::1]:55434 Closing
[Sun Sep 21 21:24:34 2025] [::1]:55435 Accepted
[Sun Sep 21 21:24:34 2025] [::1]:55435 [200]: POST /receiver.php
[Sun Sep 21 21:24:34 2025] [::1]:55435 Closing
[Sun Sep 21 21:24:36 2025] [::1]:55436 Accepted
[Sun Sep 21 21:24:36 2025] [::1]:55436 [200]: POST /receiver.php
[Sun Sep 21 21:24:36 2025] [::1]:55436 Closing
[Sun Sep 21 21:24:38 2025] [::1]:55437 Accepted
[Sun Sep 21 21:24:38 2025] [::1]:55437 [200]: POST /receiver.php
[Sun Sep 21 21:24:38 2025] [::1]:55437 Closing
[Sun Sep 21 21:24:40 2025] [::1]:55438 Accepted
[Sun Sep 21 21:24:40 2025] [::1]:55438 [200]: POST /receiver.php
[Sun Sep 21 21:24:40 2025] [::1]:55438 Closing
[Sun Sep 21 21:24:42 2025] [::1]:55439 Accepted
[Sun Sep 21 21:24:42 2025] [::1]:55439 [200]: POST /receiver.php
[Sun Sep 21 21:24:42 2025] [::1]:55439 Closing
[Sun Sep 21 21:24:44 2025] [::1]:55440 Accepted
[Sun Sep 21 21:24:44 2025] [::1]:55440 [200]: POST /receiver.php
[Sun Sep 21 21:24:44 2025] [::1]:55440 Closing
[Sun Sep 21 21:24:46 2025] [::1]:55441 Accepted
[Sun Sep 21 21:24:46 2025] [::1]:55441 [200]: POST /receiver.php
[Sun Sep 21 21:24:46 2025] [::1]:55441 Closing
[Sun Sep 21 21:24:48 2025] [::1]:55442 Accepted
[Sun Sep 21 21:24:48 2025] [::1]:55442 [200]: POST /receiver.php
[Sun Sep 21 21:24:48 2025] [::1]:55442 Closing
[Sun Sep 21 21:24:50 2025] [::1]:55443 Accepted
[Sun Sep 21 21:24:50 2025] [::1]:55443 [200]: POST /receiver.php
[Sun Sep 21 21:24:50 2025] [::1]:55443 Closing
[Sun Sep 21 21:24:52 2025] [::1]:55444 Accepted
[Sun Sep 21 21:24:52 2025] [::1]:55444 [200]: POST /receiver.php
[Sun Sep 21 21:24:52 2025] [::1]:55444 Closing
[Sun Sep 21 21:24:54 2025] [::1]:55445 Accepted
[Sun Sep 21 21:24:54 2025] [::1]:55445 [200]: POST /receiver.php
[Sun Sep 21 21:24:54 2025] [::1]:55445 Closing
[Sun Sep 21 21:24:56 2025] [::1]:55446 Accepted
[Sun Sep 21 21:24:56 2025] [::1]:55446 [200]: POST /receiver.php
[Sun Sep 21 21:24:56 2025] [::1]:55446 Closing
[Sun Sep 21 21:24:58 2025] [::1]:55447 Accepted
[Sun Sep 21 21:24:58 2025] [::1]:55447 [200]: POST /receiver.php
[Sun Sep 21 21:24:58 2025] [::1]:55447 Closing
[Sun Sep 21 21:25:00 2025] [::1]:55448 Accepted
[Sun Sep 21 21:25:00 2025] [::1]:55448 [200]: POST /receiver.php
[Sun Sep 21 21:25:00 2025] [::1]:55448 Closing
[Sun Sep 21 21:25:02 2025] [::1]:55449 Accepted
[Sun Sep 21 21:25:02 2025] [::1]:55449 [200]: POST /receiver.php
[Sun Sep 21 21:25:02 2025] [::1]:55449 Closing
[Sun Sep 21 21:25:04 2025] [::1]:55450 Accepted
[Sun Sep 21 21:25:04 2025] [::1]:55450 [200]: POST /receiver.php
[Sun Sep 21 21:25:04 2025] [::1]:55450 Closing
[Sun Sep 21 21:25:06 2025] [::1]:55451 Accepted
[Sun Sep 21 21:25:06 2025] [::1]:55451 [200]: POST /receiver.php
[Sun Sep 21 21:25:06 2025] [::1]:55451 Closing
[Sun Sep 21 21:25:08 2025] [::1]:55452 Accepted
[Sun Sep 21 21:25:08 2025] [::1]:55452 [200]: POST /receiver.php
[Sun Sep 21 21:25:08 2025] [::1]:55452 Closing
[Sun Sep 21 21:25:09 2025] [::1]:55453 Accepted
[Sun Sep 21 21:25:09 2025] [::1]:55453 [200]: POST /receiver.php
[Sun Sep 21 21:25:09 2025] [::1]:55453 Closing
[Sun Sep 21 21:25:11 2025] [::1]:55454 Accepted
[Sun Sep 21 21:25:11 2025] [::1]:55454 [200]: POST /receiver.php
[Sun Sep 21 21:25:11 2025] [::1]:55454 Closing
[Sun Sep 21 21:25:13 2025] [::1]:55455 Accepted
[Sun Sep 21 21:25:13 2025] [::1]:55455 [200]: POST /receiver.php
[Sun Sep 21 21:25:13 2025] [::1]:55455 Closing
[Sun Sep 21 21:25:15 2025] [::1]:55456 Accepted
[Sun Sep 21 21:25:15 2025] [::1]:55456 [200]: POST /receiver.php
[Sun Sep 21 21:25:15 2025] [::1]:55456 Closing
[Sun Sep 21 21:25:17 2025] [::1]:55457 Accepted
[Sun Sep 21 21:25:17 2025] [::1]:55457 [200]: POST /receiver.php
[Sun Sep 21 21:25:17 2025] [::1]:55457 Closing
[Sun Sep 21 21:25:19 2025] [::1]:55464 Accepted
[Sun Sep 21 21:25:19 2025] [::1]:55464 [200]: POST /receiver.php
[Sun Sep 21 21:25:19 2025] [::1]:55464 Closing
[Sun Sep 21 21:25:21 2025] [::1]:55467 Accepted
[Sun Sep 21 21:25:21 2025] [::1]:55467 [200]: POST /receiver.php
[Sun Sep 21 21:25:21 2025] [::1]:55467 Closing
[Sun Sep 21 21:25:24 2025] [::1]:55468 Accepted
[Sun Sep 21 21:25:24 2025] [::1]:55468 [200]: POST /receiver.php
[Sun Sep 21 21:25:24 2025] [::1]:55468 Closing
[Sun Sep 21 21:25:26 2025] [::1]:55469 Accepted
[Sun Sep 21 21:25:26 2025] [::1]:55469 [200]: POST /receiver.php
[Sun Sep 21 21:25:26 2025] [::1]:55469 Closing
[Sun Sep 21 21:25:28 2025] [::1]:63049 Accepted
[Sun Sep 21 21:25:28 2025] [::1]:63049 [200]: POST /receiver.php
[Sun Sep 21 21:25:28 2025] [::1]:63049 Closing
[Sun Sep 21 21:25:30 2025] [::1]:63050 Accepted
[Sun Sep 21 21:25:30 2025] [::1]:63050 [200]: POST /receiver.php
[Sun Sep 21 21:25:30 2025] [::1]:63050 Closing
[Sun Sep 21 21:25:32 2025] [::1]:63051 Accepted
[Sun Sep 21 21:25:32 2025] [::1]:63051 [200]: POST /receiver.php
[Sun Sep 21 21:25:32 2025] [::1]:63051 Closing
[Sun Sep 21 21:25:34 2025] [::1]:63052 Accepted
[Sun Sep 21 21:25:34 2025] [::1]:63052 [200]: POST /receiver.php
[Sun Sep 21 21:25:34 2025] [::1]:63052 Closing
[Sun Sep 21 21:25:35 2025] [::1]:63053 Accepted
[Sun Sep 21 21:25:35 2025] [::1]:63053 [200]: POST /receiver.php
[Sun Sep 21 21:25:35 2025] [::1]:63053 Closing
[Sun Sep 21 21:25:37 2025] [::1]:63054 Accepted
[Sun Sep 21 21:25:37 2025] [::1]:63054 [200]: POST /receiver.php
[Sun Sep 21 21:25:37 2025] [::1]:63054 Closing
[Sun Sep 21 21:25:39 2025] [::1]:63055 Accepted
[Sun Sep 21 21:25:39 2025] [::1]:63055 [200]: POST /receiver.php
[Sun Sep 21 21:25:39 2025] [::1]:63055 Closing
[Sun Sep 21 21:25:41 2025] [::1]:63056 Accepted
[Sun Sep 21 21:25:41 2025] [::1]:63056 [200]: POST /receiver.php
[Sun Sep 21 21:25:41 2025] [::1]:63056 Closing
[Sun Sep 21 21:25:43 2025] [::1]:63057 Accepted
[Sun Sep 21 21:25:43 2025] [::1]:63057 [200]: POST /receiver.php
[Sun Sep 21 21:25:43 2025] [::1]:63057 Closing
[Sun Sep 21 21:25:45 2025] [::1]:63058 Accepted
[Sun Sep 21 21:25:45 2025] [::1]:63058 [200]: POST /receiver.php
[Sun Sep 21 21:25:45 2025] [::1]:63058 Closing
[Sun Sep 21 21:25:47 2025] [::1]:63059 Accepted
[Sun Sep 21 21:25:47 2025] [::1]:63059 [200]: POST /receiver.php
[Sun Sep 21 21:25:47 2025] [::1]:63059 Closing
[Sun Sep 21 21:25:49 2025] [::1]:63060 Accepted
[Sun Sep 21 21:25:49 2025] [::1]:63060 [200]: POST /receiver.php
[Sun Sep 21 21:25:49 2025] [::1]:63060 Closing
[Sun Sep 21 21:25:51 2025] [::1]:63061 Accepted
[Sun Sep 21 21:25:51 2025] [::1]:63061 [200]: POST /receiver.php
[Sun Sep 21 21:25:51 2025] [::1]:63061 Closing
[Sun Sep 21 21:25:53 2025] [::1]:63062 Accepted
[Sun Sep 21 21:25:53 2025] [::1]:63062 [200]: POST /receiver.php
[Sun Sep 21 21:25:53 2025] [::1]:63062 Closing
[Sun Sep 21 21:25:56 2025] [::1]:63063 Accepted
[Sun Sep 21 21:25:56 2025] [::1]:63063 [200]: POST /receiver.php
[Sun Sep 21 21:25:56 2025] [::1]:63063 Closing
[Sun Sep 21 21:25:58 2025] [::1]:63064 Accepted
[Sun Sep 21 21:25:58 2025] [::1]:63064 [200]: POST /receiver.php
[Sun Sep 21 21:25:58 2025] [::1]:63064 Closing
[Sun Sep 21 21:26:00 2025] [::1]:63065 Accepted
[Sun Sep 21 21:26:00 2025] [::1]:63065 [200]: POST /receiver.php
[Sun Sep 21 21:26:00 2025] [::1]:63065 Closing
[Sun Sep 21 21:26:02 2025] [::1]:63066 Accepted
[Sun Sep 21 21:26:02 2025] [::1]:63066 [200]: POST /receiver.php
[Sun Sep 21 21:26:02 2025] [::1]:63066 Closing
[Sun Sep 21 21:26:04 2025] [::1]:63067 Accepted
[Sun Sep 21 21:26:04 2025] [::1]:63067 [200]: POST /receiver.php
[Sun Sep 21 21:26:04 2025] [::1]:63067 Closing
[Sun Sep 21 21:26:06 2025] [::1]:63068 Accepted
[Sun Sep 21 21:26:06 2025] [::1]:63068 [200]: POST /receiver.php
[Sun Sep 21 21:26:06 2025] [::1]:63068 Closing
[Sun Sep 21 21:26:08 2025] [::1]:63069 Accepted
[Sun Sep 21 21:26:08 2025] [::1]:63069 [200]: POST /receiver.php
[Sun Sep 21 21:26:08 2025] [::1]:63069 Closing
[Sun Sep 21 21:26:10 2025] [::1]:63070 Accepted
[Sun Sep 21 21:26:10 2025] [::1]:63070 [200]: POST /receiver.php
[Sun Sep 21 21:26:10 2025] [::1]:63070 Closing
[Sun Sep 21 21:26:12 2025] [::1]:63071 Accepted
[Sun Sep 21 21:26:12 2025] [::1]:63071 [200]: POST /receiver.php
[Sun Sep 21 21:26:12 2025] [::1]:63071 Closing
[Sun Sep 21 21:26:14 2025] [::1]:63072 Accepted
[Sun Sep 21 21:26:14 2025] [::1]:63072 [200]: POST /receiver.php
[Sun Sep 21 21:26:14 2025] [::1]:63072 Closing
[Sun Sep 21 21:26:16 2025] [::1]:63073 Accepted
[Sun Sep 21 21:26:16 2025] [::1]:63073 [200]: POST /receiver.php
[Sun Sep 21 21:26:16 2025] [::1]:63073 Closing
[Sun Sep 21 21:26:18 2025] [::1]:53958 Accepted
[Sun Sep 21 21:26:18 2025] [::1]:53958 [200]: POST /receiver.php
[Sun Sep 21 21:26:18 2025] [::1]:53958 Closing
[Sun Sep 21 21:26:20 2025] [::1]:53965 Accepted
[Sun Sep 21 21:26:20 2025] [::1]:53965 [200]: POST /receiver.php
[Sun Sep 21 21:26:20 2025] [::1]:53965 Closing
[Sun Sep 21 21:26:22 2025] [::1]:53966 Accepted
[Sun Sep 21 21:26:22 2025] [::1]:53966 [200]: POST /receiver.php
[Sun Sep 21 21:26:22 2025] [::1]:53966 Closing
[Sun Sep 21 21:26:24 2025] [::1]:53967 Accepted
[Sun Sep 21 21:26:24 2025] [::1]:53967 [200]: POST /receiver.php
[Sun Sep 21 21:26:24 2025] [::1]:53967 Closing
[Sun Sep 21 21:26:26 2025] [::1]:53969 Accepted
[Sun Sep 21 21:26:26 2025] [::1]:53969 [200]: POST /receiver.php
[Sun Sep 21 21:26:26 2025] [::1]:53969 Closing
[Sun Sep 21 21:26:28 2025] [::1]:53970 Accepted
[Sun Sep 21 21:26:28 2025] [::1]:53970 [200]: POST /receiver.php
[Sun Sep 21 21:26:28 2025] [::1]:53970 Closing
[Sun Sep 21 21:26:30 2025] [::1]:53971 Accepted
[Sun Sep 21 21:26:30 2025] [::1]:53971 [200]: POST /receiver.php
[Sun Sep 21 21:26:30 2025] [::1]:53971 Closing
[Sun Sep 21 21:26:32 2025] [::1]:53972 Accepted
[Sun Sep 21 21:26:32 2025] [::1]:53972 [200]: POST /receiver.php
[Sun Sep 21 21:26:32 2025] [::1]:53972 Closing
[Sun Sep 21 21:26:34 2025] [::1]:53973 Accepted
[Sun Sep 21 21:26:34 2025] [::1]:53973 [200]: POST /receiver.php
[Sun Sep 21 21:26:34 2025] [::1]:53973 Closing
[Sun Sep 21 21:26:36 2025] [::1]:53974 Accepted
[Sun Sep 21 21:26:36 2025] [::1]:53974 [200]: POST /receiver.php
[Sun Sep 21 21:26:36 2025] [::1]:53974 Closing
[Sun Sep 21 21:26:40 2025] [::1]:53975 Accepted
[Sun Sep 21 21:26:40 2025] [::1]:53976 Accepted
[Sun Sep 21 21:26:40 2025] [::1]:53976 [200]: POST /receiver.php
[Sun Sep 21 21:26:40 2025] [::1]:53976 Closing
[Sun Sep 21 21:26:40 2025] [::1]:53975 [200]: POST /receiver.php
[Sun Sep 21 21:26:40 2025] [::1]:53975 Closing
[Sun Sep 21 21:26:42 2025] [::1]:53977 Accepted
[Sun Sep 21 21:26:42 2025] [::1]:53977 [200]: POST /receiver.php
[Sun Sep 21 21:26:42 2025] [::1]:53977 Closing
[Sun Sep 21 21:26:44 2025] [::1]:53978 Accepted
[Sun Sep 21 21:26:44 2025] [::1]:53978 [200]: POST /receiver.php
[Sun Sep 21 21:26:44 2025] [::1]:53978 Closing
[Sun Sep 21 21:26:46 2025] [::1]:53979 Accepted
[Sun Sep 21 21:26:46 2025] [::1]:53979 [200]: POST /receiver.php
[Sun Sep 21 21:26:46 2025] [::1]:53979 Closing
[Sun Sep 21 21:26:48 2025] [::1]:53980 Accepted
[Sun Sep 21 21:26:48 2025] [::1]:53980 [200]: POST /receiver.php
[Sun Sep 21 21:26:48 2025] [::1]:53980 Closing
[Sun Sep 21 21:26:50 2025] [::1]:53981 Accepted
[Sun Sep 21 21:26:50 2025] [::1]:53981 [200]: POST /receiver.php
[Sun Sep 21 21:26:50 2025] [::1]:53981 Closing
[Sun Sep 21 21:26:52 2025] [::1]:53982 Accepted
[Sun Sep 21 21:26:52 2025] [::1]:53982 [200]: POST /receiver.php
[Sun Sep 21 21:26:52 2025] [::1]:53982 Closing
[Sun Sep 21 21:26:53 2025] [::1]:53983 Accepted
[Sun Sep 21 21:26:53 2025] [::1]:53983 [200]: POST /receiver.php
[Sun Sep 21 21:26:53 2025] [::1]:53983 Closing
[Sun Sep 21 21:26:55 2025] [::1]:53984 Accepted
[Sun Sep 21 21:26:55 2025] [::1]:53984 [200]: POST /receiver.php
[Sun Sep 21 21:26:55 2025] [::1]:53984 Closing
[Sun Sep 21 21:26:57 2025] [::1]:53985 Accepted
[Sun Sep 21 21:26:57 2025] [::1]:53985 [200]: POST /receiver.php
[Sun Sep 21 21:26:57 2025] [::1]:53985 Closing
[Sun Sep 21 21:26:59 2025] [::1]:53986 Accepted
[Sun Sep 21 21:26:59 2025] [::1]:53986 [200]: POST /receiver.php
[Sun Sep 21 21:26:59 2025] [::1]:53986 Closing
[Sun Sep 21 21:27:01 2025] [::1]:53987 Accepted
[Sun Sep 21 21:27:01 2025] [::1]:53987 [200]: POST /receiver.php
[Sun Sep 21 21:27:01 2025] [::1]:53987 Closing
[Sun Sep 21 21:27:03 2025] [::1]:53988 Accepted
[Sun Sep 21 21:27:03 2025] [::1]:53988 [200]: POST /receiver.php
[Sun Sep 21 21:27:03 2025] [::1]:53988 Closing
[Sun Sep 21 21:27:06 2025] [::1]:53989 Accepted
[Sun Sep 21 21:27:06 2025] [::1]:53989 [200]: POST /receiver.php
[Sun Sep 21 21:27:06 2025] [::1]:53989 Closing
[Sun Sep 21 21:27:08 2025] [::1]:53994 Accepted
[Sun Sep 21 21:27:08 2025] [::1]:53994 [200]: POST /receiver.php
[Sun Sep 21 21:27:08 2025] [::1]:53994 Closing
[Sun Sep 21 21:27:09 2025] [::1]:53999 Accepted
[Sun Sep 21 21:27:09 2025] [::1]:53999 [200]: POST /receiver.php
[Sun Sep 21 21:27:09 2025] [::1]:53999 Closing
[Sun Sep 21 21:27:11 2025] [::1]:54000 Accepted
[Sun Sep 21 21:27:11 2025] [::1]:54000 [200]: POST /receiver.php
[Sun Sep 21 21:27:11 2025] [::1]:54000 Closing
[Sun Sep 21 21:27:13 2025] [::1]:54001 Accepted
[Sun Sep 21 21:27:13 2025] [::1]:54001 [200]: POST /receiver.php
[Sun Sep 21 21:27:13 2025] [::1]:54001 Closing
[Sun Sep 21 21:27:15 2025] [::1]:54002 Accepted
[Sun Sep 21 21:27:15 2025] [::1]:54002 [200]: POST /receiver.php
[Sun Sep 21 21:27:15 2025] [::1]:54002 Closing
[Sun Sep 21 21:27:17 2025] [::1]:54003 Accepted
[Sun Sep 21 21:27:17 2025] [::1]:54003 [200]: POST /receiver.php
[Sun Sep 21 21:27:17 2025] [::1]:54003 Closing
[Sun Sep 21 21:27:19 2025] [::1]:54010 Accepted
[Sun Sep 21 21:27:19 2025] [::1]:54010 [200]: POST /receiver.php
[Sun Sep 21 21:27:19 2025] [::1]:54010 Closing
[Sun Sep 21 21:27:21 2025] [::1]:54013 Accepted
[Sun Sep 21 21:27:21 2025] [::1]:54013 [200]: POST /receiver.php
[Sun Sep 21 21:27:21 2025] [::1]:54013 Closing
[Sun Sep 21 21:27:23 2025] [::1]:54014 Accepted
[Sun Sep 21 21:27:23 2025] [::1]:54014 [200]: POST /receiver.php
[Sun Sep 21 21:27:23 2025] [::1]:54014 Closing
[Sun Sep 21 21:27:26 2025] [::1]:54015 Accepted
[Sun Sep 21 21:27:26 2025] [::1]:54015 [200]: POST /receiver.php
[Sun Sep 21 21:27:26 2025] [::1]:54015 Closing
[Sun Sep 21 21:27:27 2025] [::1]:54016 Accepted
[Sun Sep 21 21:27:27 2025] [::1]:54016 [200]: POST /receiver.php
[Sun Sep 21 21:27:27 2025] [::1]:54016 Closing
[Sun Sep 21 21:27:29 2025] [::1]:62813 Accepted
[Sun Sep 21 21:27:29 2025] [::1]:62813 [200]: POST /receiver.php
[Sun Sep 21 21:27:29 2025] [::1]:62813 Closing
[Sun Sep 21 21:27:31 2025] [::1]:62814 Accepted
[Sun Sep 21 21:27:31 2025] [::1]:62814 [200]: POST /receiver.php
[Sun Sep 21 21:27:31 2025] [::1]:62814 Closing
[Sun Sep 21 21:27:33 2025] [::1]:62815 Accepted
[Sun Sep 21 21:27:33 2025] [::1]:62815 [200]: POST /receiver.php
[Sun Sep 21 21:27:33 2025] [::1]:62815 Closing
[Sun Sep 21 21:27:35 2025] [::1]:62816 Accepted
[Sun Sep 21 21:27:35 2025] [::1]:62816 [302]: GET /
[Sun Sep 21 21:27:35 2025] [::1]:62816 Closing
[Sun Sep 21 21:27:35 2025] [::1]:62817 Accepted
[Sun Sep 21 21:27:35 2025] [::1]:62817 [200]: POST /receiver.php
[Sun Sep 21 21:27:35 2025] [::1]:62817 Closing
[Sun Sep 21 21:27:36 2025] [::1]:62818 Accepted
[Sun Sep 21 21:27:36 2025] [::1]:62818 [302]: GET /
[Sun Sep 21 21:27:36 2025] [::1]:62818 Closing
[Sun Sep 21 21:27:36 2025] [::1]:62819 Accepted
[Sun Sep 21 21:27:36 2025] [::1]:62819 [200]: GET /panel.php
[Sun Sep 21 21:27:36 2025] [::1]:62819 Closing
[Sun Sep 21 21:27:37 2025] [::1]:62820 Accepted
[Sun Sep 21 21:27:37 2025] [::1]:62820 [200]: GET /assets/css/bootstrap.min.css
[Sun Sep 21 21:27:37 2025] [::1]:62820 Closing
[Sun Sep 21 21:27:37 2025] [::1]:62821 Accepted
[Sun Sep 21 21:27:37 2025] [::1]:62821 [200]: GET /assets/css/light-theme.min.css
[Sun Sep 21 21:27:37 2025] [::1]:62821 Closing
[Sun Sep 21 21:27:37 2025] [::1]:62823 Accepted
[Sun Sep 21 21:27:37 2025] [::1]:62822 Accepted
[Sun Sep 21 21:27:37 2025] [::1]:62823 [200]: POST /receiver.php
[Sun Sep 21 21:27:37 2025] [::1]:62823 Closing
[Sun Sep 21 21:27:37 2025] [::1]:62822 [200]: GET /assets/js/jquery.min.js
[Sun Sep 21 21:27:37 2025] [::1]:62822 Closing
[Sun Sep 21 21:27:37 2025] [::1]:62824 Accepted
[Sun Sep 21 21:27:37 2025] [::1]:62825 Accepted
[Sun Sep 21 21:27:37 2025] [::1]:62825 [200]: GET /assets/js/growl-notification.min.js
[Sun Sep 21 21:27:37 2025] [::1]:62825 Closing
[Sun Sep 21 21:27:37 2025] [::1]:62824 [200]: GET /assets/js/script.js
[Sun Sep 21 21:27:37 2025] [::1]:62824 Closing
[Sun Sep 21 21:27:37 2025] [::1]:62826 Accepted
[Sun Sep 21 21:27:37 2025] [::1]:62826 [200]: GET /assets/js/sweetalert2.min.js
[Sun Sep 21 21:27:37 2025] [::1]:62826 Closing
[Sun Sep 21 21:27:39 2025] [::1]:62827 Accepted
[Sun Sep 21 21:27:39 2025] [::1]:62827 [200]: POST /receiver.php
[Sun Sep 21 21:27:39 2025] [::1]:62827 Closing
[Sun Sep 21 21:27:41 2025] [::1]:62828 Accepted
[Sun Sep 21 21:27:41 2025] [::1]:62828 [200]: POST /receiver.php
[Sun Sep 21 21:27:41 2025] [::1]:62828 Closing
[Sun Sep 21 21:27:41 2025] [::1]:62830 Accepted
[Sun Sep 21 21:27:41 2025] [::1]:62829 Accepted
[Sun Sep 21 21:27:41 2025] [::1]:62829 [200]: GET /Settings.json
[Sun Sep 21 21:27:41 2025] [::1]:62830 [200]: POST /list_templates.php
[Sun Sep 21 21:27:41 2025] [::1]:62830 Closing
[Sun Sep 21 21:27:41 2025] [::1]:62829 Closing
[Sun Sep 21 21:27:41 2025] [::1]:62831 Accepted
[Sun Sep 21 21:27:41 2025] [::1]:62831 [302]: GET /favicon.ico
[Sun Sep 21 21:27:41 2025] [::1]:62831 Closing
[Sun Sep 21 21:27:42 2025] [::1]:62832 Accepted
[Sun Sep 21 21:27:42 2025] [::1]:62832 [200]: GET /panel.php
[Sun Sep 21 21:27:42 2025] [::1]:62832 Closing
[Sun Sep 21 21:27:43 2025] [::1]:62833 Accepted
[Sun Sep 21 21:27:43 2025] [::1]:62833 [200]: POST /receiver.php
[Sun Sep 21 21:27:43 2025] [::1]:62833 Closing
[Sun Sep 21 21:27:45 2025] [::1]:62834 Accepted
[Sun Sep 21 21:27:45 2025] [::1]:62834 [200]: POST /receiver.php
[Sun Sep 21 21:27:45 2025] [::1]:62834 Closing
[Sun Sep 21 21:27:45 2025] [::1]:62835 Accepted
[Sun Sep 21 21:27:45 2025] [::1]:62835 [200]: POST /receiver.php
[Sun Sep 21 21:27:45 2025] [::1]:62835 Closing
[Sun Sep 21 21:27:46 2025] [::1]:62836 Accepted
[Sun Sep 21 21:27:46 2025] [::1]:62836 [200]: POST /receiver.php
[Sun Sep 21 21:27:46 2025] [::1]:62836 Closing
[Sun Sep 21 21:27:47 2025] [::1]:62837 Accepted
[Sun Sep 21 21:27:47 2025] [::1]:62837 [200]: POST /receiver.php
[Sun Sep 21 21:27:47 2025] [::1]:62837 Closing
[Sun Sep 21 21:27:48 2025] [::1]:62838 Accepted
[Sun Sep 21 21:27:48 2025] [::1]:62838 [200]: POST /receiver.php
[Sun Sep 21 21:27:48 2025] [::1]:62838 Closing
[Sun Sep 21 21:27:49 2025] [::1]:62839 Accepted
[Sun Sep 21 21:27:49 2025] [::1]:62839 [200]: POST /receiver.php
[Sun Sep 21 21:27:49 2025] [::1]:62839 Closing
[Sun Sep 21 21:27:50 2025] [::1]:62840 Accepted
[Sun Sep 21 21:27:50 2025] [::1]:62840 [200]: POST /receiver.php
[Sun Sep 21 21:27:50 2025] [::1]:62840 Closing
[Sun Sep 21 21:27:51 2025] [::1]:62841 Accepted
[Sun Sep 21 21:27:51 2025] [::1]:62841 [200]: POST /receiver.php
[Sun Sep 21 21:27:51 2025] [::1]:62841 Closing
[Sun Sep 21 21:27:52 2025] [::1]:62842 Accepted
[Sun Sep 21 21:27:52 2025] [::1]:62842 [200]: POST /receiver.php
[Sun Sep 21 21:27:52 2025] [::1]:62842 Closing
[Sun Sep 21 21:27:53 2025] [::1]:62843 Accepted
[Sun Sep 21 21:27:53 2025] [::1]:62843 [200]: POST /receiver.php
[Sun Sep 21 21:27:53 2025] [::1]:62843 Closing
[Sun Sep 21 21:27:54 2025] [::1]:62844 Accepted
[Sun Sep 21 21:27:54 2025] [::1]:62844 [200]: POST /receiver.php
[Sun Sep 21 21:27:54 2025] [::1]:62844 Closing
[Sun Sep 21 21:27:55 2025] [::1]:62845 Accepted
[Sun Sep 21 21:27:55 2025] [::1]:62845 [200]: POST /receiver.php
[Sun Sep 21 21:27:55 2025] [::1]:62845 Closing
[Sun Sep 21 21:27:56 2025] [::1]:62846 Accepted
[Sun Sep 21 21:27:56 2025] [::1]:62846 [200]: POST /receiver.php
[Sun Sep 21 21:27:56 2025] [::1]:62846 Closing
[Sun Sep 21 21:27:57 2025] [::1]:62847 Accepted
[Sun Sep 21 21:27:57 2025] [::1]:62847 [200]: POST /receiver.php
[Sun Sep 21 21:27:57 2025] [::1]:62847 Closing
[Sun Sep 21 21:27:58 2025] [::1]:62848 Accepted
[Sun Sep 21 21:27:58 2025] [::1]:62848 [200]: POST /receiver.php
[Sun Sep 21 21:27:58 2025] [::1]:62848 Closing
[Sun Sep 21 21:27:59 2025] [::1]:62849 Accepted
[Sun Sep 21 21:27:59 2025] [::1]:62849 [200]: POST /receiver.php
[Sun Sep 21 21:27:59 2025] [::1]:62849 Closing
[Sun Sep 21 21:28:00 2025] [::1]:62850 Accepted
[Sun Sep 21 21:28:00 2025] [::1]:62850 [200]: POST /receiver.php
[Sun Sep 21 21:28:00 2025] [::1]:62850 Closing
[Sun Sep 21 21:28:01 2025] [::1]:62851 Accepted
[Sun Sep 21 21:28:01 2025] [::1]:62851 [200]: POST /receiver.php
[Sun Sep 21 21:28:01 2025] [::1]:62851 Closing
[Sun Sep 21 21:28:02 2025] [::1]:62852 Accepted
[Sun Sep 21 21:28:02 2025] [::1]:62852 [200]: POST /receiver.php
[Sun Sep 21 21:28:02 2025] [::1]:62852 Closing
[Sun Sep 21 21:28:03 2025] [::1]:62853 Accepted
[Sun Sep 21 21:28:03 2025] [::1]:62853 [200]: POST /receiver.php
[Sun Sep 21 21:28:03 2025] [::1]:62853 Closing
[Sun Sep 21 21:28:04 2025] [::1]:62854 Accepted
[Sun Sep 21 21:28:04 2025] [::1]:62854 [200]: POST /receiver.php
[Sun Sep 21 21:28:04 2025] [::1]:62854 Closing
[Sun Sep 21 21:28:05 2025] [::1]:62855 Accepted
[Sun Sep 21 21:28:05 2025] [::1]:62855 [200]: POST /receiver.php
[Sun Sep 21 21:28:05 2025] [::1]:62855 Closing
[Sun Sep 21 21:28:06 2025] [::1]:62856 Accepted
[Sun Sep 21 21:28:06 2025] [::1]:62856 [200]: POST /receiver.php
[Sun Sep 21 21:28:06 2025] [::1]:62856 Closing
[Sun Sep 21 21:28:07 2025] [::1]:62857 Accepted
[Sun Sep 21 21:28:07 2025] [::1]:62857 [200]: POST /receiver.php
[Sun Sep 21 21:28:07 2025] [::1]:62857 Closing
[Sun Sep 21 21:28:08 2025] [::1]:62858 Accepted
[Sun Sep 21 21:28:08 2025] [::1]:62858 [200]: POST /receiver.php
[Sun Sep 21 21:28:08 2025] [::1]:62858 Closing
[Sun Sep 21 21:28:09 2025] [::1]:62859 Accepted
[Sun Sep 21 21:28:09 2025] [::1]:62859 [200]: POST /receiver.php
[Sun Sep 21 21:28:09 2025] [::1]:62859 Closing
[Sun Sep 21 21:28:10 2025] [::1]:62860 Accepted
[Sun Sep 21 21:28:10 2025] [::1]:62860 [200]: POST /receiver.php
[Sun Sep 21 21:28:10 2025] [::1]:62860 Closing
[Sun Sep 21 21:28:11 2025] [::1]:62861 Accepted
[Sun Sep 21 21:28:11 2025] [::1]:62861 [200]: POST /receiver.php
[Sun Sep 21 21:28:11 2025] [::1]:62861 Closing
[Sun Sep 21 21:28:12 2025] [::1]:62862 Accepted
[Sun Sep 21 21:28:12 2025] [::1]:62862 [200]: POST /receiver.php
[Sun Sep 21 21:28:12 2025] [::1]:62862 Closing
[Sun Sep 21 21:28:13 2025] [::1]:62863 Accepted
[Sun Sep 21 21:28:13 2025] [::1]:62863 [200]: POST /receiver.php
[Sun Sep 21 21:28:13 2025] [::1]:62863 Closing
[Sun Sep 21 21:28:14 2025] [::1]:62864 Accepted
[Sun Sep 21 21:28:14 2025] [::1]:62864 [200]: POST /receiver.php
[Sun Sep 21 21:28:14 2025] [::1]:62864 Closing
[Sun Sep 21 21:28:15 2025] [::1]:62867 Accepted
[Sun Sep 21 21:28:15 2025] [::1]:62867 [200]: POST /receiver.php
[Sun Sep 21 21:28:15 2025] [::1]:62867 Closing
[Sun Sep 21 21:28:16 2025] [::1]:62876 Accepted
[Sun Sep 21 21:28:16 2025] [::1]:62876 [200]: POST /receiver.php
[Sun Sep 21 21:28:16 2025] [::1]:62876 Closing
[Sun Sep 21 21:28:17 2025] [::1]:62883 Accepted
[Sun Sep 21 21:28:17 2025] [::1]:62883 [200]: POST /receiver.php
[Sun Sep 21 21:28:17 2025] [::1]:62883 Closing
[Sun Sep 21 21:28:18 2025] [::1]:62887 Accepted
[Sun Sep 21 21:28:18 2025] [::1]:62887 [200]: POST /receiver.php
[Sun Sep 21 21:28:18 2025] [::1]:62887 Closing
[Sun Sep 21 21:28:19 2025] [::1]:62891 Accepted
[Sun Sep 21 21:28:19 2025] [::1]:62891 [200]: POST /receiver.php
[Sun Sep 21 21:28:19 2025] [::1]:62891 Closing
[Sun Sep 21 21:28:20 2025] [::1]:62894 Accepted
[Sun Sep 21 21:28:20 2025] [::1]:62894 [200]: POST /receiver.php
[Sun Sep 21 21:28:20 2025] [::1]:62894 Closing
[Sun Sep 21 21:28:21 2025] [::1]:62895 Accepted
[Sun Sep 21 21:28:21 2025] [::1]:62895 [200]: POST /receiver.php
[Sun Sep 21 21:28:21 2025] [::1]:62895 Closing
[Sun Sep 21 21:28:22 2025] [::1]:62896 Accepted
[Sun Sep 21 21:28:22 2025] [::1]:62896 [200]: POST /receiver.php
[Sun Sep 21 21:28:22 2025] [::1]:62896 Closing
[Sun Sep 21 21:28:23 2025] [::1]:62897 Accepted
[Sun Sep 21 21:28:23 2025] [::1]:62897 [200]: POST /receiver.php
[Sun Sep 21 21:28:23 2025] [::1]:62897 Closing
[Sun Sep 21 21:28:24 2025] [::1]:62898 Accepted
[Sun Sep 21 21:28:24 2025] [::1]:62898 [200]: POST /receiver.php
[Sun Sep 21 21:28:24 2025] [::1]:62898 Closing
[Sun Sep 21 21:28:25 2025] [::1]:62899 Accepted
[Sun Sep 21 21:28:25 2025] [::1]:62899 [200]: POST /receiver.php
[Sun Sep 21 21:28:25 2025] [::1]:62899 Closing
[Sun Sep 21 21:28:26 2025] [::1]:62900 Accepted
[Sun Sep 21 21:28:26 2025] [::1]:62900 [200]: POST /receiver.php
[Sun Sep 21 21:28:26 2025] [::1]:62900 Closing
[Sun Sep 21 21:28:27 2025] [::1]:62901 Accepted
[Sun Sep 21 21:28:27 2025] [::1]:62901 [200]: POST /receiver.php
[Sun Sep 21 21:28:27 2025] [::1]:62901 Closing
[Sun Sep 21 21:28:28 2025] [::1]:62902 Accepted
[Sun Sep 21 21:28:28 2025] [::1]:62902 [200]: POST /receiver.php
[Sun Sep 21 21:28:28 2025] [::1]:62902 Closing
[Sun Sep 21 21:28:29 2025] [::1]:62903 Accepted
[Sun Sep 21 21:28:29 2025] [::1]:62903 [200]: POST /receiver.php
[Sun Sep 21 21:28:29 2025] [::1]:62903 Closing
[Sun Sep 21 21:28:30 2025] [::1]:62904 Accepted
[Sun Sep 21 21:28:30 2025] [::1]:62904 [200]: POST /receiver.php
[Sun Sep 21 21:28:30 2025] [::1]:62904 Closing
[Sun Sep 21 21:28:31 2025] [::1]:62905 Accepted
[Sun Sep 21 21:28:31 2025] [::1]:62905 [200]: POST /receiver.php
[Sun Sep 21 21:28:31 2025] [::1]:62905 Closing
[Sun Sep 21 21:28:32 2025] [::1]:62906 Accepted
[Sun Sep 21 21:28:32 2025] [::1]:62906 [200]: POST /receiver.php
[Sun Sep 21 21:28:32 2025] [::1]:62906 Closing
[Sun Sep 21 21:28:33 2025] [::1]:62907 Accepted
[Sun Sep 21 21:28:33 2025] [::1]:62907 [200]: POST /receiver.php
[Sun Sep 21 21:28:33 2025] [::1]:62907 Closing
[Sun Sep 21 21:28:34 2025] [::1]:62908 Accepted
[Sun Sep 21 21:28:34 2025] [::1]:62908 [200]: POST /receiver.php
[Sun Sep 21 21:28:34 2025] [::1]:62908 Closing
[Sun Sep 21 21:28:35 2025] [::1]:62909 Accepted
[Sun Sep 21 21:28:35 2025] [::1]:62909 [200]: POST /receiver.php
[Sun Sep 21 21:28:35 2025] [::1]:62909 Closing
[Sun Sep 21 21:28:36 2025] [::1]:62910 Accepted
[Sun Sep 21 21:28:36 2025] [::1]:62910 [200]: POST /receiver.php
[Sun Sep 21 21:28:36 2025] [::1]:62910 Closing
[Sun Sep 21 21:28:37 2025] [::1]:62911 Accepted
[Sun Sep 21 21:28:37 2025] [::1]:62911 [200]: POST /receiver.php
[Sun Sep 21 21:28:37 2025] [::1]:62911 Closing
[Sun Sep 21 21:28:38 2025] [::1]:62912 Accepted
[Sun Sep 21 21:28:38 2025] [::1]:62912 [200]: POST /receiver.php
[Sun Sep 21 21:28:38 2025] [::1]:62912 Closing
[Sun Sep 21 21:28:39 2025] [::1]:62913 Accepted
[Sun Sep 21 21:28:39 2025] [::1]:62913 [200]: POST /receiver.php
[Sun Sep 21 21:28:39 2025] [::1]:62913 Closing
[Sun Sep 21 21:28:40 2025] [::1]:62914 Accepted
[Sun Sep 21 21:28:40 2025] [::1]:62914 [200]: POST /receiver.php
[Sun Sep 21 21:28:40 2025] [::1]:62914 Closing
[Sun Sep 21 21:28:41 2025] [::1]:62915 Accepted
[Sun Sep 21 21:28:41 2025] [::1]:62915 [200]: POST /receiver.php
[Sun Sep 21 21:28:41 2025] [::1]:62915 Closing
[Sun Sep 21 21:28:42 2025] [::1]:62916 Accepted
[Sun Sep 21 21:28:42 2025] [::1]:62916 [200]: POST /receiver.php
[Sun Sep 21 21:28:42 2025] [::1]:62916 Closing
[Sun Sep 21 21:28:43 2025] [::1]:62917 Accepted
[Sun Sep 21 21:28:43 2025] [::1]:62917 [200]: POST /receiver.php
[Sun Sep 21 21:28:43 2025] [::1]:62917 Closing
[Sun Sep 21 21:28:44 2025] [::1]:62918 Accepted
[Sun Sep 21 21:28:44 2025] [::1]:62918 [200]: POST /receiver.php
[Sun Sep 21 21:28:44 2025] [::1]:62918 Closing
[Sun Sep 21 21:28:45 2025] [::1]:62919 Accepted
[Sun Sep 21 21:28:45 2025] [::1]:62919 [200]: POST /receiver.php
[Sun Sep 21 21:28:45 2025] [::1]:62919 Closing
[Sun Sep 21 21:28:46 2025] [::1]:62920 Accepted
[Sun Sep 21 21:28:46 2025] [::1]:62920 [200]: POST /receiver.php
[Sun Sep 21 21:28:46 2025] [::1]:62920 Closing
[Sun Sep 21 21:28:47 2025] [::1]:62921 Accepted
[Sun Sep 21 21:28:47 2025] [::1]:62921 [200]: POST /receiver.php
[Sun Sep 21 21:28:47 2025] [::1]:62921 Closing
[Sun Sep 21 21:28:48 2025] [::1]:62922 Accepted
[Sun Sep 21 21:28:48 2025] [::1]:62922 [200]: POST /receiver.php
[Sun Sep 21 21:28:48 2025] [::1]:62922 Closing
[Sun Sep 21 21:28:49 2025] [::1]:62923 Accepted
[Sun Sep 21 21:28:49 2025] [::1]:62923 [200]: POST /receiver.php
[Sun Sep 21 21:28:49 2025] [::1]:62923 Closing
[Sun Sep 21 21:28:50 2025] [::1]:62924 Accepted
[Sun Sep 21 21:28:50 2025] [::1]:62924 [200]: POST /receiver.php
[Sun Sep 21 21:28:50 2025] [::1]:62924 Closing
[Sun Sep 21 21:28:51 2025] [::1]:62925 Accepted
[Sun Sep 21 21:28:51 2025] [::1]:62925 [200]: POST /receiver.php
[Sun Sep 21 21:28:51 2025] [::1]:62925 Closing
[Sun Sep 21 21:28:52 2025] [::1]:62926 Accepted
[Sun Sep 21 21:28:52 2025] [::1]:62926 [200]: POST /receiver.php
[Sun Sep 21 21:28:52 2025] [::1]:62926 Closing
[Sun Sep 21 21:28:53 2025] [::1]:62927 Accepted
[Sun Sep 21 21:28:53 2025] [::1]:62927 [200]: POST /receiver.php
[Sun Sep 21 21:28:53 2025] [::1]:62927 Closing
[Sun Sep 21 21:28:54 2025] [::1]:62928 Accepted
[Sun Sep 21 21:28:54 2025] [::1]:62928 [200]: POST /receiver.php
[Sun Sep 21 21:28:54 2025] [::1]:62928 Closing
[Sun Sep 21 21:28:55 2025] [::1]:62929 Accepted
[Sun Sep 21 21:28:55 2025] [::1]:62929 [200]: POST /receiver.php
[Sun Sep 21 21:28:55 2025] [::1]:62929 Closing
[Sun Sep 21 21:28:57 2025] [::1]:62930 Accepted
[Sun Sep 21 21:28:57 2025] [::1]:62930 [200]: POST /receiver.php
[Sun Sep 21 21:28:57 2025] [::1]:62930 Closing
[Sun Sep 21 21:28:59 2025] [::1]:62931 Accepted
[Sun Sep 21 21:28:59 2025] [::1]:62931 [200]: POST /receiver.php
[Sun Sep 21 21:28:59 2025] [::1]:62931 Closing
[Sun Sep 21 21:29:01 2025] [::1]:62932 Accepted
[Sun Sep 21 21:29:01 2025] [::1]:62932 [200]: POST /receiver.php
[Sun Sep 21 21:29:01 2025] [::1]:62932 Closing
[Sun Sep 21 21:29:03 2025] [::1]:62933 Accepted
[Sun Sep 21 21:29:03 2025] [::1]:62933 [200]: POST /receiver.php
[Sun Sep 21 21:29:03 2025] [::1]:62933 Closing
[Sun Sep 21 21:29:05 2025] [::1]:62934 Accepted
[Sun Sep 21 21:29:05 2025] [::1]:62934 [200]: POST /receiver.php
[Sun Sep 21 21:29:05 2025] [::1]:62934 Closing
[Sun Sep 21 21:29:07 2025] [::1]:62935 Accepted
[Sun Sep 21 21:29:07 2025] [::1]:62935 [200]: POST /receiver.php
[Sun Sep 21 21:29:07 2025] [::1]:62935 Closing
[Sun Sep 21 21:29:09 2025] [::1]:62936 Accepted
[Sun Sep 21 21:29:09 2025] [::1]:62936 [200]: POST /receiver.php
[Sun Sep 21 21:29:09 2025] [::1]:62936 Closing
[Sun Sep 21 21:29:12 2025] [::1]:62937 Accepted
[Sun Sep 21 21:29:12 2025] [::1]:62937 [200]: POST /receiver.php
[Sun Sep 21 21:29:12 2025] [::1]:62937 Closing
[Sun Sep 21 21:29:14 2025] [::1]:62938 Accepted
[Sun Sep 21 21:29:14 2025] [::1]:62938 [200]: POST /receiver.php
[Sun Sep 21 21:29:14 2025] [::1]:62938 Closing
[Sun Sep 21 21:29:15 2025] [::1]:62939 Accepted
[Sun Sep 21 21:29:15 2025] [::1]:62939 [200]: POST /receiver.php
[Sun Sep 21 21:29:15 2025] [::1]:62939 Closing
[Sun Sep 21 21:29:17 2025] [::1]:62940 Accepted
[Sun Sep 21 21:29:17 2025] [::1]:62940 [200]: POST /receiver.php
[Sun Sep 21 21:29:17 2025] [::1]:62940 Closing
[Sun Sep 21 21:29:19 2025] [::1]:62947 Accepted
[Sun Sep 21 21:29:19 2025] [::1]:62947 [200]: POST /receiver.php
[Sun Sep 21 21:29:19 2025] [::1]:62947 Closing
[Sun Sep 21 21:29:21 2025] [::1]:62950 Accepted
[Sun Sep 21 21:29:21 2025] [::1]:62950 [200]: POST /receiver.php
[Sun Sep 21 21:29:21 2025] [::1]:62950 Closing
[Sun Sep 21 21:29:23 2025] [::1]:62951 Accepted
[Sun Sep 21 21:29:23 2025] [::1]:62951 [200]: POST /receiver.php
[Sun Sep 21 21:29:23 2025] [::1]:62951 Closing
[Sun Sep 21 21:29:25 2025] [::1]:62952 Accepted
[Sun Sep 21 21:29:25 2025] [::1]:62952 [200]: POST /receiver.php
[Sun Sep 21 21:29:25 2025] [::1]:62952 Closing
[Sun Sep 21 21:29:27 2025] [::1]:62953 Accepted
[Sun Sep 21 21:29:27 2025] [::1]:62953 [200]: POST /receiver.php
[Sun Sep 21 21:29:27 2025] [::1]:62953 Closing
[Sun Sep 21 21:29:29 2025] [::1]:62954 Accepted
[Sun Sep 21 21:29:29 2025] [::1]:62954 [200]: POST /receiver.php
[Sun Sep 21 21:29:29 2025] [::1]:62954 Closing
[Sun Sep 21 21:29:31 2025] [::1]:62955 Accepted
[Sun Sep 21 21:29:31 2025] [::1]:62955 [200]: POST /receiver.php
[Sun Sep 21 21:29:31 2025] [::1]:62955 Closing
[Sun Sep 21 21:29:33 2025] [::1]:62956 Accepted
[Sun Sep 21 21:29:33 2025] [::1]:62956 [200]: POST /receiver.php
[Sun Sep 21 21:29:33 2025] [::1]:62956 Closing
[Sun Sep 21 21:29:35 2025] [::1]:62957 Accepted
[Sun Sep 21 21:29:35 2025] [::1]:62957 [200]: POST /receiver.php
[Sun Sep 21 21:29:35 2025] [::1]:62957 Closing
[Sun Sep 21 21:29:37 2025] [::1]:62958 Accepted
[Sun Sep 21 21:29:37 2025] [::1]:62958 [200]: POST /receiver.php
[Sun Sep 21 21:29:37 2025] [::1]:62958 Closing
[Sun Sep 21 21:29:39 2025] [::1]:62959 Accepted
[Sun Sep 21 21:29:39 2025] [::1]:62959 [200]: POST /receiver.php
[Sun Sep 21 21:29:39 2025] [::1]:62959 Closing
[Sun Sep 21 21:29:41 2025] [::1]:62960 Accepted
[Sun Sep 21 21:29:41 2025] [::1]:62960 [200]: POST /receiver.php
[Sun Sep 21 21:29:41 2025] [::1]:62960 Closing
[Sun Sep 21 21:29:42 2025] [::1]:62961 Accepted
[Sun Sep 21 21:29:42 2025] [::1]:62961 [200]: POST /receiver.php
[Sun Sep 21 21:29:42 2025] [::1]:62961 Closing
[Sun Sep 21 21:29:43 2025] [::1]:62962 Accepted
[Sun Sep 21 21:29:43 2025] [::1]:62962 [200]: POST /receiver.php
[Sun Sep 21 21:29:43 2025] [::1]:62962 Closing
[Sun Sep 21 21:29:45 2025] [::1]:62963 Accepted
[Sun Sep 21 21:29:45 2025] [::1]:62963 [200]: POST /receiver.php
[Sun Sep 21 21:29:45 2025] [::1]:62963 Closing
[Sun Sep 21 21:29:47 2025] [::1]:62964 Accepted
[Sun Sep 21 21:29:47 2025] [::1]:62964 [200]: POST /receiver.php
[Sun Sep 21 21:29:47 2025] [::1]:62964 Closing
[Sun Sep 21 21:29:49 2025] [::1]:62965 Accepted
[Sun Sep 21 21:29:49 2025] [::1]:62965 [200]: POST /receiver.php
[Sun Sep 21 21:29:49 2025] [::1]:62965 Closing
[Sun Sep 21 21:29:51 2025] [::1]:62966 Accepted
[Sun Sep 21 21:29:51 2025] [::1]:62966 [200]: POST /receiver.php
[Sun Sep 21 21:29:51 2025] [::1]:62966 Closing
[Sun Sep 21 21:29:53 2025] [::1]:62967 Accepted
[Sun Sep 21 21:29:53 2025] [::1]:62967 [200]: POST /receiver.php
[Sun Sep 21 21:29:53 2025] [::1]:62967 Closing
[Sun Sep 21 21:29:55 2025] [::1]:62968 Accepted
[Sun Sep 21 21:29:55 2025] [::1]:62968 [200]: POST /receiver.php
[Sun Sep 21 21:29:55 2025] [::1]:62968 Closing
[Sun Sep 21 21:29:57 2025] [::1]:62969 Accepted
[Sun Sep 21 21:29:57 2025] [::1]:62969 [200]: POST /receiver.php
[Sun Sep 21 21:29:57 2025] [::1]:62969 Closing
[Sun Sep 21 21:29:59 2025] [::1]:62970 Accepted
[Sun Sep 21 21:29:59 2025] [::1]:62970 [200]: POST /receiver.php
[Sun Sep 21 21:29:59 2025] [::1]:62970 Closing
[Sun Sep 21 21:30:01 2025] [::1]:62971 Accepted
[Sun Sep 21 21:30:01 2025] [::1]:62971 [200]: POST /receiver.php
[Sun Sep 21 21:30:01 2025] [::1]:62971 Closing
[Sun Sep 21 21:30:03 2025] [::1]:62972 Accepted
[Sun Sep 21 21:30:03 2025] [::1]:62972 [200]: POST /receiver.php
[Sun Sep 21 21:30:03 2025] [::1]:62972 Closing
[Sun Sep 21 21:30:05 2025] [::1]:62973 Accepted
[Sun Sep 21 21:30:05 2025] [::1]:62973 [200]: POST /receiver.php
[Sun Sep 21 21:30:05 2025] [::1]:62973 Closing
[Sun Sep 21 21:30:07 2025] [::1]:62974 Accepted
[Sun Sep 21 21:30:07 2025] [::1]:62974 [200]: POST /receiver.php
[Sun Sep 21 21:30:07 2025] [::1]:62974 Closing
[Sun Sep 21 21:30:09 2025] [::1]:62975 Accepted
[Sun Sep 21 21:30:09 2025] [::1]:62975 [200]: POST /receiver.php
[Sun Sep 21 21:30:09 2025] [::1]:62975 Closing
[Sun Sep 21 21:30:11 2025] [::1]:62976 Accepted
[Sun Sep 21 21:30:11 2025] [::1]:62976 [200]: POST /receiver.php
[Sun Sep 21 21:30:11 2025] [::1]:62976 Closing
[Sun Sep 21 21:30:13 2025] [::1]:62977 Accepted
[Sun Sep 21 21:30:13 2025] [::1]:62977 [200]: POST /receiver.php
[Sun Sep 21 21:30:13 2025] [::1]:62977 Closing
[Sun Sep 21 21:30:15 2025] [::1]:62978 Accepted
[Sun Sep 21 21:30:15 2025] [::1]:62978 [200]: POST /receiver.php
[Sun Sep 21 21:30:15 2025] [::1]:62978 Closing
[Sun Sep 21 21:30:17 2025] [::1]:62979 Accepted
[Sun Sep 21 21:30:17 2025] [::1]:62979 [200]: POST /receiver.php
[Sun Sep 21 21:30:17 2025] [::1]:62979 Closing
[Sun Sep 21 21:30:19 2025] [::1]:62986 Accepted
[Sun Sep 21 21:30:19 2025] [::1]:62986 [200]: POST /receiver.php
[Sun Sep 21 21:30:19 2025] [::1]:62986 Closing
[Sun Sep 21 21:30:21 2025] [::1]:62989 Accepted
[Sun Sep 21 21:30:21 2025] [::1]:62989 [200]: POST /receiver.php
[Sun Sep 21 21:30:21 2025] [::1]:62989 Closing
[Sun Sep 21 21:30:23 2025] [::1]:62990 Accepted
[Sun Sep 21 21:30:23 2025] [::1]:62990 [200]: POST /receiver.php
[Sun Sep 21 21:30:23 2025] [::1]:62990 Closing
[Sun Sep 21 21:30:25 2025] [::1]:62991 Accepted
[Sun Sep 21 21:30:25 2025] [::1]:62991 [200]: POST /receiver.php
[Sun Sep 21 21:30:25 2025] [::1]:62991 Closing
[Sun Sep 21 21:30:27 2025] [::1]:62992 Accepted
[Sun Sep 21 21:30:27 2025] [::1]:62992 [200]: POST /receiver.php
[Sun Sep 21 21:30:27 2025] [::1]:62992 Closing
[Sun Sep 21 21:30:29 2025] [::1]:62993 Accepted
[Sun Sep 21 21:30:29 2025] [::1]:62993 [200]: POST /receiver.php
[Sun Sep 21 21:30:29 2025] [::1]:62993 Closing
[Sun Sep 21 21:30:31 2025] [::1]:62994 Accepted
[Sun Sep 21 21:30:31 2025] [::1]:62994 [200]: POST /receiver.php
[Sun Sep 21 21:30:31 2025] [::1]:62994 Closing
[Sun Sep 21 21:30:33 2025] [::1]:62995 Accepted
[Sun Sep 21 21:30:33 2025] [::1]:62995 [200]: POST /receiver.php
[Sun Sep 21 21:30:33 2025] [::1]:62995 Closing
[Sun Sep 21 21:30:35 2025] [::1]:62996 Accepted
[Sun Sep 21 21:30:35 2025] [::1]:62996 [200]: POST /receiver.php
[Sun Sep 21 21:30:35 2025] [::1]:62996 Closing
[Sun Sep 21 21:30:37 2025] [::1]:62997 Accepted
[Sun Sep 21 21:30:37 2025] [::1]:62997 [200]: POST /receiver.php
[Sun Sep 21 21:30:37 2025] [::1]:62997 Closing
[Sun Sep 21 21:30:39 2025] [::1]:62998 Accepted
[Sun Sep 21 21:30:39 2025] [::1]:62998 [200]: POST /receiver.php
[Sun Sep 21 21:30:39 2025] [::1]:62998 Closing
[Sun Sep 21 21:30:41 2025] [::1]:62999 Accepted
[Sun Sep 21 21:30:41 2025] [::1]:62999 [200]: POST /receiver.php
[Sun Sep 21 21:30:41 2025] [::1]:62999 Closing
[Sun Sep 21 21:30:42 2025] [::1]:63000 Accepted
[Sun Sep 21 21:30:43 2025] [::1]:63000 [200]: POST /receiver.php
[Sun Sep 21 21:30:43 2025] [::1]:63000 Closing
[Sun Sep 21 21:30:43 2025] [::1]:63001 Accepted
[Sun Sep 21 21:30:43 2025] [::1]:63001 [200]: POST /receiver.php
[Sun Sep 21 21:30:43 2025] [::1]:63001 Closing
[Sun Sep 21 21:30:45 2025] [::1]:63002 Accepted
[Sun Sep 21 21:30:45 2025] [::1]:63002 [200]: POST /receiver.php
[Sun Sep 21 21:30:45 2025] [::1]:63002 Closing
[Sun Sep 21 21:30:47 2025] [::1]:63003 Accepted
[Sun Sep 21 21:30:47 2025] [::1]:63003 [200]: POST /receiver.php
[Sun Sep 21 21:30:47 2025] [::1]:63003 Closing
[Sun Sep 21 21:30:49 2025] [::1]:63004 Accepted
[Sun Sep 21 21:30:49 2025] [::1]:63004 [200]: POST /receiver.php
[Sun Sep 21 21:30:49 2025] [::1]:63004 Closing
[Sun Sep 21 21:30:51 2025] [::1]:63005 Accepted
[Sun Sep 21 21:30:51 2025] [::1]:63005 [200]: POST /receiver.php
[Sun Sep 21 21:30:51 2025] [::1]:63005 Closing
[Sun Sep 21 21:30:53 2025] [::1]:63006 Accepted
[Sun Sep 21 21:30:53 2025] [::1]:63006 [200]: POST /receiver.php
[Sun Sep 21 21:30:53 2025] [::1]:63006 Closing
[Sun Sep 21 21:30:55 2025] [::1]:63007 Accepted
[Sun Sep 21 21:30:55 2025] [::1]:63007 [200]: POST /receiver.php
[Sun Sep 21 21:30:55 2025] [::1]:63007 Closing
[Sun Sep 21 21:30:57 2025] [::1]:63008 Accepted
[Sun Sep 21 21:30:57 2025] [::1]:63008 [200]: POST /receiver.php
[Sun Sep 21 21:30:57 2025] [::1]:63008 Closing
[Sun Sep 21 21:30:59 2025] [::1]:63009 Accepted
[Sun Sep 21 21:30:59 2025] [::1]:63009 [200]: POST /receiver.php
[Sun Sep 21 21:30:59 2025] [::1]:63009 Closing
[Sun Sep 21 21:31:01 2025] [::1]:63010 Accepted
[Sun Sep 21 21:31:01 2025] [::1]:63010 [200]: POST /receiver.php
[Sun Sep 21 21:31:01 2025] [::1]:63010 Closing
[Sun Sep 21 21:31:03 2025] [::1]:63011 Accepted
[Sun Sep 21 21:31:03 2025] [::1]:63011 [200]: POST /receiver.php
[Sun Sep 21 21:31:03 2025] [::1]:63011 Closing
[Sun Sep 21 21:31:06 2025] [::1]:63012 Accepted
[Sun Sep 21 21:31:06 2025] [::1]:63012 [200]: POST /receiver.php
[Sun Sep 21 21:31:06 2025] [::1]:63012 Closing
[Sun Sep 21 21:31:06 2025] [::1]:63013 Accepted
[Sun Sep 21 21:31:06 2025] [::1]:63013 [200]: POST /receiver.php
[Sun Sep 21 21:31:06 2025] [::1]:63013 Closing
[Sun Sep 21 21:31:06 2025] [::1]:63014 Accepted
[Sun Sep 21 21:31:06 2025] [::1]:63014 [200]: GET /templates/nearyou/index.html
[Sun Sep 21 21:31:06 2025] [::1]:63014 Closing
[Sun Sep 21 21:31:06 2025] [::1]:63015 Accepted
[Sun Sep 21 21:31:06 2025] [::1]:63015 [200]: POST /receiver.php
[Sun Sep 21 21:31:06 2025] [::1]:63015 Closing
[Sun Sep 21 21:31:07 2025] [::1]:63016 Accepted
[Sun Sep 21 21:31:07 2025] [::1]:63016 [200]: POST /receiver.php
[Sun Sep 21 21:31:07 2025] [::1]:63016 Closing
[Sun Sep 21 21:31:09 2025] [::1]:63017 Accepted
[Sun Sep 21 21:31:09 2025] [::1]:63017 [200]: POST /receiver.php
[Sun Sep 21 21:31:09 2025] [::1]:63017 Closing
[Sun Sep 21 21:31:09 2025] [::1]:63018 Accepted
[Sun Sep 21 21:31:09 2025] [::1]:63019 Accepted
[Sun Sep 21 21:31:09 2025] [::1]:63018 [200]: GET /templates/nearyou/fonts.css
[Sun Sep 21 21:31:09 2025] [::1]:63019 [200]: GET /assets/js/jquery.min.js
[Sun Sep 21 21:31:09 2025] [::1]:63018 Closing
[Sun Sep 21 21:31:09 2025] [::1]:63019 Closing
[Sun Sep 21 21:31:09 2025] [::1]:63020 Accepted
[Sun Sep 21 21:31:09 2025] [::1]:63021 Accepted
[Sun Sep 21 21:31:09 2025] [::1]:63021 [200]: GET /templates/nearyou/main.css
[Sun Sep 21 21:31:09 2025] [::1]:63020 [200]: GET /assets/js/particles.min.js
[Sun Sep 21 21:31:10 2025] [::1]:63021 Closing
[Sun Sep 21 21:31:10 2025] [::1]:63020 Closing
[Sun Sep 21 21:31:10 2025] [::1]:63022 Accepted
[Sun Sep 21 21:31:10 2025] [::1]:63023 Accepted
[Sun Sep 21 21:31:10 2025] [::1]:63023 [200]: GET /assets/js/warpspeed.min.js
[Sun Sep 21 21:31:10 2025] [::1]:63022 [200]: GET /assets/js/location.js
[Sun Sep 21 21:31:10 2025] [::1]:63023 Closing
[Sun Sep 21 21:31:10 2025] [::1]:63022 Closing
[Sun Sep 21 21:31:10 2025] [::1]:63025 Accepted
[Sun Sep 21 21:31:10 2025] [::1]:63024 Accepted
[Sun Sep 21 21:31:10 2025] [::1]:63026 Accepted
[Sun Sep 21 21:31:10 2025] [::1]:63025 [200]: GET /assets/js/loc.js
[Sun Sep 21 21:31:10 2025] [::1]:63024 [200]: GET /assets/js/client.min.js
[Sun Sep 21 21:31:10 2025] [::1]:63026 [200]: POST /receiver.php
[Sun Sep 21 21:31:10 2025] [::1]:63026 Closing
[Sun Sep 21 21:31:10 2025] [::1]:63025 Closing
[Sun Sep 21 21:31:10 2025] [::1]:63024 Closing
[Sun Sep 21 21:31:11 2025] [::1]:63027 Accepted
[Sun Sep 21 21:31:11 2025] [::1]:63027 [200]: POST /receiver.php
[Sun Sep 21 21:31:11 2025] [::1]:63027 Closing
[Sun Sep 21 21:31:12 2025] [::1]:63028 Accepted
[Sun Sep 21 21:31:12 2025] [::1]:63028 [200]: POST /receiver.php
[Sun Sep 21 21:31:12 2025] [::1]:63028 Closing
[Sun Sep 21 21:31:12 2025] [::1]:63029 Accepted
[Sun Sep 21 21:31:12 2025] [::1]:63029 [200]: POST /receiver.php
[Sun Sep 21 21:31:12 2025] [::1]:63029 Closing
[Sun Sep 21 21:31:14 2025] [::1]:63030 Accepted
[Sun Sep 21 21:31:15 2025] [::1]:63031 Accepted
[Sun Sep 21 21:31:15 2025] [::1]:63031 [200]: POST /receiver.php
[Sun Sep 21 21:31:15 2025] [::1]:63031 Closing
[Sun Sep 21 21:31:15 2025] [::1]:63030 [200]: POST /receiver.php
[Sun Sep 21 21:31:15 2025] [::1]:63030 Closing
[Sun Sep 21 21:31:16 2025] [::1]:63032 Accepted
[Sun Sep 21 21:31:16 2025] [::1]:63032 [200]: POST /receiver.php
[Sun Sep 21 21:31:16 2025] [::1]:63032 Closing
[Sun Sep 21 21:31:18 2025] [::1]:63033 Accepted
[Sun Sep 21 21:31:18 2025] [::1]:63033 [200]: POST /receiver.php
[Sun Sep 21 21:31:18 2025] [::1]:63033 Closing
[Sun Sep 21 21:31:19 2025] [::1]:63034 Accepted
[Sun Sep 21 21:31:19 2025] [::1]:63035 Accepted
[Sun Sep 21 21:31:19 2025] [::1]:63035 [200]: POST /receiver.php
[Sun Sep 21 21:31:19 2025] [::1]:63035 Closing
[Sun Sep 21 21:31:19 2025] [::1]:63034 [200]: POST /receiver.php
[Sun Sep 21 21:31:19 2025] [::1]:63034 Closing
[Sun Sep 21 21:31:20 2025] [::1]:63036 Accepted
[Sun Sep 21 21:31:20 2025] [::1]:63036 [200]: POST /receiver.php
[Sun Sep 21 21:31:20 2025] [::1]:63036 Closing
[Sun Sep 21 21:31:20 2025] [::1]:63037 Accepted
[Sun Sep 21 21:31:20 2025] [::1]:63037 [200]: POST /receiver.php
[Sun Sep 21 21:31:20 2025] [::1]:63037 Closing
[Sun Sep 21 21:31:22 2025] [::1]:63038 Accepted
[Sun Sep 21 21:31:22 2025] [::1]:63038 [200]: POST /receiver.php
[Sun Sep 21 21:31:22 2025] [::1]:63038 Closing
[Sun Sep 21 21:31:22 2025] [::1]:63039 Accepted
[Sun Sep 21 21:31:22 2025] [::1]:63039 [200]: POST /receiver.php
[Sun Sep 21 21:31:22 2025] [::1]:63039 Closing
[Sun Sep 21 21:31:24 2025] [::1]:63040 Accepted
[Sun Sep 21 21:31:24 2025] [::1]:63040 [200]: POST /receiver.php
[Sun Sep 21 21:31:24 2025] [::1]:63040 Closing
[Sun Sep 21 21:31:24 2025] [::1]:63041 Accepted
[Sun Sep 21 21:31:24 2025] [::1]:63041 [200]: POST /receiver.php
[Sun Sep 21 21:31:24 2025] [::1]:63041 Closing
[Sun Sep 21 21:31:26 2025] [::1]:63042 Accepted
[Sun Sep 21 21:31:26 2025] [::1]:63042 [200]: POST /receiver.php
[Sun Sep 21 21:31:26 2025] [::1]:63042 Closing
[Sun Sep 21 21:31:26 2025] [::1]:63043 Accepted
[Sun Sep 21 21:31:26 2025] [::1]:63043 [200]: POST /receiver.php
[Sun Sep 21 21:31:26 2025] [::1]:63043 Closing
[Sun Sep 21 21:31:28 2025] [::1]:63045 Accepted
[Sun Sep 21 21:31:28 2025] [::1]:63045 [200]: POST /receiver.php
[Sun Sep 21 21:31:28 2025] [::1]:63045 Closing
[Sun Sep 21 21:31:28 2025] [::1]:63046 Accepted
[Sun Sep 21 21:31:28 2025] [::1]:63046 [200]: POST /receiver.php
[Sun Sep 21 21:31:28 2025] [::1]:63046 Closing
[Sun Sep 21 21:31:30 2025] [::1]:63049 Accepted
[Sun Sep 21 21:31:30 2025] [::1]:63049 [200]: POST /receiver.php
[Sun Sep 21 21:31:30 2025] [::1]:63049 Closing
[Sun Sep 21 21:31:30 2025] [::1]:63050 Accepted
[Sun Sep 21 21:31:30 2025] [::1]:63050 [200]: POST /receiver.php
[Sun Sep 21 21:31:30 2025] [::1]:63050 Closing
[Sun Sep 21 21:31:32 2025] [::1]:63051 Accepted
[Sun Sep 21 21:31:32 2025] [::1]:63051 [200]: POST /receiver.php
[Sun Sep 21 21:31:32 2025] [::1]:63051 Closing
[Sun Sep 21 21:31:32 2025] [::1]:63052 Accepted
[Sun Sep 21 21:31:32 2025] [::1]:63052 [200]: POST /receiver.php
[Sun Sep 21 21:31:32 2025] [::1]:63052 Closing
[Sun Sep 21 21:31:39 2025] [::1]:64103 Accepted
[Sun Sep 21 21:31:39 2025] [::1]:64103 [200]: POST /receiver.php
[Sun Sep 21 21:31:39 2025] [::1]:64103 Closing
[Sun Sep 21 21:31:39 2025] [::1]:64104 Accepted
[Sun Sep 21 21:31:39 2025] [::1]:64104 [200]: POST /receiver.php
[Sun Sep 21 21:31:39 2025] [::1]:64104 Closing
[Sun Sep 21 21:31:40 2025] [::1]:64105 Accepted
[Sun Sep 21 21:31:40 2025] [::1]:64105 [200]: POST /receiver.php
[Sun Sep 21 21:31:40 2025] [::1]:64105 Closing
[Sun Sep 21 21:31:41 2025] [::1]:64106 Accepted
[Sun Sep 21 21:31:41 2025] [::1]:64106 [200]: POST /receiver.php
[Sun Sep 21 21:31:41 2025] [::1]:64106 Closing
[Sun Sep 21 21:31:42 2025] [::1]:64107 Accepted
[Sun Sep 21 21:31:42 2025] [::1]:64107 [200]: POST /receiver.php
[Sun Sep 21 21:31:42 2025] [::1]:64107 Closing
[Sun Sep 21 21:31:43 2025] [::1]:64108 Accepted
[Sun Sep 21 21:31:43 2025] [::1]:64108 [200]: POST /receiver.php
[Sun Sep 21 21:31:43 2025] [::1]:64108 Closing
[Sun Sep 21 21:31:44 2025] [::1]:64109 Accepted
[Sun Sep 21 21:31:44 2025] [::1]:64109 [200]: POST /receiver.php
[Sun Sep 21 21:31:44 2025] [::1]:64109 Closing
[Sun Sep 21 21:31:45 2025] [::1]:64110 Accepted
[Sun Sep 21 21:31:45 2025] [::1]:64110 [200]: POST /receiver.php
[Sun Sep 21 21:31:45 2025] [::1]:64110 Closing
[Sun Sep 21 21:31:46 2025] [::1]:64111 Accepted
[Sun Sep 21 21:31:46 2025] [::1]:64111 [200]: POST /receiver.php
[Sun Sep 21 21:31:46 2025] [::1]:64111 Closing
[Sun Sep 21 21:31:47 2025] [::1]:64112 Accepted
[Sun Sep 21 21:31:47 2025] [::1]:64112 [200]: POST /receiver.php
[Sun Sep 21 21:31:47 2025] [::1]:64112 Closing
[Sun Sep 21 21:31:48 2025] [::1]:64113 Accepted
[Sun Sep 21 21:31:48 2025] [::1]:64113 [200]: POST /receiver.php
[Sun Sep 21 21:31:48 2025] [::1]:64113 Closing
[Sun Sep 21 21:31:49 2025] [::1]:64114 Accepted
[Sun Sep 21 21:31:49 2025] [::1]:64114 [200]: POST /receiver.php
[Sun Sep 21 21:31:49 2025] [::1]:64114 Closing
[Sun Sep 21 21:31:50 2025] [::1]:64115 Accepted
[Sun Sep 21 21:31:50 2025] [::1]:64115 [200]: POST /receiver.php
[Sun Sep 21 21:31:50 2025] [::1]:64115 Closing
[Sun Sep 21 21:31:51 2025] [::1]:64116 Accepted
[Sun Sep 21 21:31:51 2025] [::1]:64116 [200]: POST /receiver.php
[Sun Sep 21 21:31:51 2025] [::1]:64116 Closing
[Sun Sep 21 21:31:52 2025] [::1]:64118 Accepted
[Sun Sep 21 21:31:52 2025] [::1]:64118 [200]: POST /receiver.php
[Sun Sep 21 21:31:52 2025] [::1]:64118 Closing
[Sun Sep 21 21:31:53 2025] [::1]:64119 Accepted
[Sun Sep 21 21:31:53 2025] [::1]:64119 [200]: POST /receiver.php
[Sun Sep 21 21:31:53 2025] [::1]:64119 Closing
[Sun Sep 21 21:31:54 2025] [::1]:64120 Accepted
[Sun Sep 21 21:31:54 2025] [::1]:64120 [200]: POST /receiver.php
[Sun Sep 21 21:31:54 2025] [::1]:64120 Closing
[Sun Sep 21 21:31:55 2025] [::1]:64121 Accepted
[Sun Sep 21 21:31:55 2025] [::1]:64121 [200]: POST /receiver.php
[Sun Sep 21 21:31:55 2025] [::1]:64121 Closing
[Sun Sep 21 21:31:56 2025] [::1]:64122 Accepted
[Sun Sep 21 21:31:56 2025] [::1]:64122 [200]: POST /receiver.php
[Sun Sep 21 21:31:56 2025] [::1]:64122 Closing
[Sun Sep 21 21:31:57 2025] [::1]:64123 Accepted
[Sun Sep 21 21:31:57 2025] [::1]:64123 [200]: POST /receiver.php
[Sun Sep 21 21:31:57 2025] [::1]:64123 Closing
[Sun Sep 21 21:31:59 2025] [::1]:64124 Accepted
[Sun Sep 21 21:31:59 2025] [::1]:64124 [200]: POST /receiver.php
[Sun Sep 21 21:31:59 2025] [::1]:64124 Closing
[Sun Sep 21 21:32:01 2025] [::1]:64125 Accepted
[Sun Sep 21 21:32:01 2025] [::1]:64126 Accepted
[Sun Sep 21 21:32:01 2025] [::1]:64127 Accepted
[Sun Sep 21 21:32:01 2025] [::1]:64125 [200]: POST /receiver.php
[Sun Sep 21 21:32:01 2025] [::1]:64125 Closing
[Sun Sep 21 21:32:01 2025] [::1]:64126 [200]: POST /receiver.php
[Sun Sep 21 21:32:01 2025] [::1]:64126 Closing
[Sun Sep 21 21:32:01 2025] [::1]:64127 [200]: POST /receiver.php
[Sun Sep 21 21:32:01 2025] [::1]:64127 Closing
[Sun Sep 21 21:32:02 2025] [::1]:64128 Accepted
[Sun Sep 21 21:32:02 2025] [::1]:64128 [200]: POST /receiver.php
[Sun Sep 21 21:32:02 2025] [::1]:64128 Closing
[Sun Sep 21 21:32:03 2025] [::1]:64129 Accepted
[Sun Sep 21 21:32:03 2025] [::1]:64129 [200]: POST /receiver.php
[Sun Sep 21 21:32:03 2025] [::1]:64129 Closing
[Sun Sep 21 21:32:04 2025] [::1]:64130 Accepted
[Sun Sep 21 21:32:04 2025] [::1]:64130 [200]: POST /receiver.php
[Sun Sep 21 21:32:04 2025] [::1]:64130 Closing
[Sun Sep 21 21:32:05 2025] [::1]:64131 Accepted
[Sun Sep 21 21:32:05 2025] [::1]:64131 [200]: POST /receiver.php
[Sun Sep 21 21:32:05 2025] [::1]:64131 Closing
[Sun Sep 21 21:32:07 2025] [::1]:64134 Accepted
[Sun Sep 21 21:32:07 2025] [::1]:64134 [200]: POST /receiver.php
[Sun Sep 21 21:32:07 2025] [::1]:64134 Closing
[Sun Sep 21 21:32:09 2025] [::1]:64141 Accepted
[Sun Sep 21 21:32:09 2025] [::1]:64141 [200]: POST /receiver.php
[Sun Sep 21 21:32:09 2025] [::1]:64141 Closing
[Sun Sep 21 21:32:11 2025] [::1]:64142 Accepted
[Sun Sep 21 21:32:11 2025] [::1]:64142 [200]: POST /receiver.php
[Sun Sep 21 21:32:11 2025] [::1]:64142 Closing
[Sun Sep 21 21:32:13 2025] [::1]:64143 Accepted
[Sun Sep 21 21:32:13 2025] [::1]:64143 [200]: POST /receiver.php
[Sun Sep 21 21:32:13 2025] [::1]:64143 Closing
[Sun Sep 21 21:32:15 2025] [::1]:64144 Accepted
[Sun Sep 21 21:32:15 2025] [::1]:64144 [200]: POST /receiver.php
[Sun Sep 21 21:32:15 2025] [::1]:64144 Closing
[Sun Sep 21 21:32:17 2025] [::1]:64145 Accepted
[Sun Sep 21 21:32:17 2025] [::1]:64145 [200]: POST /receiver.php
[Sun Sep 21 21:32:17 2025] [::1]:64145 Closing
[Sun Sep 21 21:32:19 2025] [::1]:64152 Accepted
[Sun Sep 21 21:32:19 2025] [::1]:64152 [200]: POST /receiver.php
[Sun Sep 21 21:32:19 2025] [::1]:64152 Closing
[Sun Sep 21 21:32:21 2025] [::1]:64155 Accepted
[Sun Sep 21 21:32:21 2025] [::1]:64155 [200]: POST /receiver.php
[Sun Sep 21 21:32:21 2025] [::1]:64155 Closing
[Sun Sep 21 21:32:23 2025] [::1]:64156 Accepted
[Sun Sep 21 21:32:23 2025] [::1]:64156 [200]: POST /receiver.php
[Sun Sep 21 21:32:23 2025] [::1]:64156 Closing
[Sun Sep 21 21:32:25 2025] [::1]:64157 Accepted
[Sun Sep 21 21:32:25 2025] [::1]:64157 [200]: POST /receiver.php
[Sun Sep 21 21:32:25 2025] [::1]:64157 Closing
[Sun Sep 21 21:32:27 2025] [::1]:64158 Accepted
[Sun Sep 21 21:32:27 2025] [::1]:64158 [200]: POST /receiver.php
[Sun Sep 21 21:32:27 2025] [::1]:64158 Closing
[Sun Sep 21 21:32:29 2025] [::1]:64159 Accepted
[Sun Sep 21 21:32:29 2025] [::1]:64159 [200]: POST /receiver.php
[Sun Sep 21 21:32:29 2025] [::1]:64159 Closing
[Sun Sep 21 21:32:31 2025] [::1]:64160 Accepted
[Sun Sep 21 21:32:31 2025] [::1]:64160 [200]: POST /receiver.php
[Sun Sep 21 21:32:31 2025] [::1]:64160 Closing
[Sun Sep 21 21:32:33 2025] [::1]:64161 Accepted
[Sun Sep 21 21:32:33 2025] [::1]:64161 [200]: POST /receiver.php
[Sun Sep 21 21:32:33 2025] [::1]:64161 Closing
[Sun Sep 21 21:32:35 2025] [::1]:64162 Accepted
[Sun Sep 21 21:32:35 2025] [::1]:64162 [200]: POST /receiver.php
[Sun Sep 21 21:32:35 2025] [::1]:64162 Closing
[Sun Sep 21 21:32:37 2025] [::1]:64163 Accepted
[Sun Sep 21 21:32:37 2025] [::1]:64163 [200]: POST /receiver.php
[Sun Sep 21 21:32:37 2025] [::1]:64163 Closing
[Sun Sep 21 21:32:39 2025] [::1]:64164 Accepted
[Sun Sep 21 21:32:39 2025] [::1]:64164 [200]: POST /receiver.php
[Sun Sep 21 21:32:39 2025] [::1]:64164 Closing
[Sun Sep 21 21:32:41 2025] [::1]:64165 Accepted
[Sun Sep 21 21:32:41 2025] [::1]:64165 [200]: POST /receiver.php
[Sun Sep 21 21:32:41 2025] [::1]:64165 Closing
[Sun Sep 21 21:32:43 2025] [::1]:64166 Accepted
[Sun Sep 21 21:32:43 2025] [::1]:64166 [200]: POST /receiver.php
[Sun Sep 21 21:32:43 2025] [::1]:64166 Closing
[Sun Sep 21 21:32:45 2025] [::1]:64167 Accepted
[Sun Sep 21 21:32:45 2025] [::1]:64167 [200]: POST /receiver.php
[Sun Sep 21 21:32:45 2025] [::1]:64167 Closing
[Sun Sep 21 21:32:47 2025] [::1]:64168 Accepted
[Sun Sep 21 21:32:47 2025] [::1]:64168 [200]: POST /receiver.php
[Sun Sep 21 21:32:47 2025] [::1]:64168 Closing
[Sun Sep 21 21:32:49 2025] [::1]:64169 Accepted
[Sun Sep 21 21:32:49 2025] [::1]:64169 [200]: POST /receiver.php
[Sun Sep 21 21:32:49 2025] [::1]:64169 Closing
[Sun Sep 21 21:32:51 2025] [::1]:64170 Accepted
[Sun Sep 21 21:32:51 2025] [::1]:64170 [200]: POST /receiver.php
[Sun Sep 21 21:32:51 2025] [::1]:64170 Closing
[Sun Sep 21 21:32:53 2025] [::1]:64171 Accepted
[Sun Sep 21 21:32:53 2025] [::1]:64171 [200]: POST /receiver.php
[Sun Sep 21 21:32:53 2025] [::1]:64171 Closing
[Sun Sep 21 21:32:55 2025] [::1]:64172 Accepted
[Sun Sep 21 21:32:55 2025] [::1]:64172 [200]: POST /receiver.php
[Sun Sep 21 21:32:55 2025] [::1]:64172 Closing
[Sun Sep 21 21:32:57 2025] [::1]:64173 Accepted
[Sun Sep 21 21:32:57 2025] [::1]:64173 [200]: POST /receiver.php
[Sun Sep 21 21:32:57 2025] [::1]:64173 Closing
[Sun Sep 21 21:32:59 2025] [::1]:64174 Accepted
[Sun Sep 21 21:32:59 2025] [::1]:64174 [200]: POST /receiver.php
[Sun Sep 21 21:32:59 2025] [::1]:64174 Closing
[Sun Sep 21 21:33:01 2025] [::1]:64175 Accepted
[Sun Sep 21 21:33:01 2025] [::1]:64175 [200]: POST /receiver.php
[Sun Sep 21 21:33:01 2025] [::1]:64175 Closing
[Sun Sep 21 21:33:03 2025] [::1]:64176 Accepted
[Sun Sep 21 21:33:03 2025] [::1]:64176 [200]: POST /receiver.php
[Sun Sep 21 21:33:03 2025] [::1]:64176 Closing
[Sun Sep 21 21:33:05 2025] [::1]:64177 Accepted
[Sun Sep 21 21:33:05 2025] [::1]:64177 [200]: POST /receiver.php
[Sun Sep 21 21:33:05 2025] [::1]:64177 Closing
[Sun Sep 21 21:33:07 2025] [::1]:64178 Accepted
[Sun Sep 21 21:33:07 2025] [::1]:64178 [200]: POST /receiver.php
[Sun Sep 21 21:33:07 2025] [::1]:64178 Closing
[Sun Sep 21 21:33:09 2025] [::1]:64179 Accepted
[Sun Sep 21 21:33:09 2025] [::1]:64179 [200]: POST /receiver.php
[Sun Sep 21 21:33:09 2025] [::1]:64179 Closing
[Sun Sep 21 21:33:11 2025] [::1]:64180 Accepted
[Sun Sep 21 21:33:11 2025] [::1]:64180 [200]: POST /receiver.php
[Sun Sep 21 21:33:11 2025] [::1]:64180 Closing
[Sun Sep 21 21:33:13 2025] [::1]:64181 Accepted
[Sun Sep 21 21:33:13 2025] [::1]:64181 [200]: POST /receiver.php
[Sun Sep 21 21:33:13 2025] [::1]:64181 Closing
[Sun Sep 21 21:33:15 2025] [::1]:64184 Accepted
[Sun Sep 21 21:33:15 2025] [::1]:64184 [200]: POST /receiver.php
[Sun Sep 21 21:33:15 2025] [::1]:64184 Closing
[Sun Sep 21 21:33:17 2025] [::1]:64199 Accepted
[Sun Sep 21 21:33:17 2025] [::1]:64199 [200]: POST /receiver.php
[Sun Sep 21 21:33:17 2025] [::1]:64199 Closing
[Sun Sep 21 21:33:19 2025] [::1]:64206 Accepted
[Sun Sep 21 21:33:19 2025] [::1]:64206 [200]: POST /receiver.php
[Sun Sep 21 21:33:19 2025] [::1]:64206 Closing
[Sun Sep 21 21:33:21 2025] [::1]:64209 Accepted
[Sun Sep 21 21:33:21 2025] [::1]:64209 [200]: POST /receiver.php
[Sun Sep 21 21:33:21 2025] [::1]:64209 Closing
[Sun Sep 21 21:33:23 2025] [::1]:64210 Accepted
[Sun Sep 21 21:33:23 2025] [::1]:64210 [200]: POST /receiver.php
[Sun Sep 21 21:33:23 2025] [::1]:64210 Closing
[Sun Sep 21 21:33:25 2025] [::1]:64211 Accepted
[Sun Sep 21 21:33:25 2025] [::1]:64211 [200]: POST /receiver.php
[Sun Sep 21 21:33:25 2025] [::1]:64211 Closing
[Sun Sep 21 21:33:27 2025] [::1]:64212 Accepted
[Sun Sep 21 21:33:27 2025] [::1]:64212 [200]: POST /receiver.php
[Sun Sep 21 21:33:27 2025] [::1]:64212 Closing
[Sun Sep 21 21:33:29 2025] [::1]:64213 Accepted
[Sun Sep 21 21:33:29 2025] [::1]:64213 [200]: POST /receiver.php
[Sun Sep 21 21:33:29 2025] [::1]:64213 Closing
[Sun Sep 21 21:33:31 2025] [::1]:64214 Accepted
[Sun Sep 21 21:33:31 2025] [::1]:64214 [200]: POST /receiver.php
[Sun Sep 21 21:33:31 2025] [::1]:64214 Closing
[Sun Sep 21 21:33:33 2025] [::1]:64215 Accepted
[Sun Sep 21 21:33:33 2025] [::1]:64215 [200]: POST /receiver.php
[Sun Sep 21 21:33:33 2025] [::1]:64215 Closing
[Sun Sep 21 21:33:35 2025] [::1]:64216 Accepted
[Sun Sep 21 21:33:35 2025] [::1]:64216 [200]: POST /receiver.php
[Sun Sep 21 21:33:35 2025] [::1]:64216 Closing
[Sun Sep 21 21:33:37 2025] [::1]:64217 Accepted
[Sun Sep 21 21:33:37 2025] [::1]:64217 [200]: POST /receiver.php
[Sun Sep 21 21:33:37 2025] [::1]:64217 Closing
[Sun Sep 21 21:33:39 2025] [::1]:64218 Accepted
[Sun Sep 21 21:33:39 2025] [::1]:64218 [200]: POST /receiver.php
[Sun Sep 21 21:33:39 2025] [::1]:64218 Closing
[Sun Sep 21 21:33:41 2025] [::1]:64219 Accepted
[Sun Sep 21 21:33:41 2025] [::1]:64219 [200]: POST /receiver.php
[Sun Sep 21 21:33:41 2025] [::1]:64219 Closing
[Sun Sep 21 21:33:43 2025] [::1]:64220 Accepted
[Sun Sep 21 21:33:43 2025] [::1]:64220 [200]: POST /receiver.php
[Sun Sep 21 21:33:43 2025] [::1]:64220 Closing
[Sun Sep 21 21:33:45 2025] [::1]:64221 Accepted
[Sun Sep 21 21:33:45 2025] [::1]:64221 [200]: POST /receiver.php
[Sun Sep 21 21:33:45 2025] [::1]:64221 Closing
[Sun Sep 21 21:33:47 2025] [::1]:64222 Accepted
[Sun Sep 21 21:33:47 2025] [::1]:64222 [200]: POST /receiver.php
[Sun Sep 21 21:33:47 2025] [::1]:64222 Closing
[Sun Sep 21 21:33:49 2025] [::1]:64223 Accepted
[Sun Sep 21 21:33:49 2025] [::1]:64223 [200]: POST /receiver.php
[Sun Sep 21 21:33:49 2025] [::1]:64223 Closing
[Sun Sep 21 21:33:51 2025] [::1]:64224 Accepted
[Sun Sep 21 21:33:51 2025] [::1]:64224 [200]: POST /receiver.php
[Sun Sep 21 21:33:51 2025] [::1]:64224 Closing
[Sun Sep 21 21:33:53 2025] [::1]:64225 Accepted
[Sun Sep 21 21:33:53 2025] [::1]:64225 [200]: POST /receiver.php
[Sun Sep 21 21:33:53 2025] [::1]:64225 Closing
[Sun Sep 21 21:33:55 2025] [::1]:64226 Accepted
[Sun Sep 21 21:33:55 2025] [::1]:64226 [200]: POST /receiver.php
[Sun Sep 21 21:33:55 2025] [::1]:64226 Closing
[Sun Sep 21 21:33:57 2025] [::1]:64227 Accepted
[Sun Sep 21 21:33:57 2025] [::1]:64227 [200]: POST /receiver.php
[Sun Sep 21 21:33:57 2025] [::1]:64227 Closing
[Sun Sep 21 21:33:59 2025] [::1]:64228 Accepted
[Sun Sep 21 21:33:59 2025] [::1]:64228 [200]: POST /receiver.php
[Sun Sep 21 21:33:59 2025] [::1]:64228 Closing
[Sun Sep 21 21:34:01 2025] [::1]:64229 Accepted
[Sun Sep 21 21:34:01 2025] [::1]:64229 [200]: POST /receiver.php
[Sun Sep 21 21:34:01 2025] [::1]:64229 Closing
[Sun Sep 21 21:34:03 2025] [::1]:64230 Accepted
[Sun Sep 21 21:34:03 2025] [::1]:64230 [200]: POST /receiver.php
[Sun Sep 21 21:34:03 2025] [::1]:64230 Closing
[Sun Sep 21 21:34:05 2025] [::1]:64231 Accepted
[Sun Sep 21 21:34:05 2025] [::1]:64231 [200]: POST /receiver.php
[Sun Sep 21 21:34:05 2025] [::1]:64231 Closing
[Sun Sep 21 21:34:05 2025] [::1]:64232 Accepted
[Sun Sep 21 21:34:05 2025] [::1]:64232 [200]: POST /receiver.php
[Sun Sep 21 21:34:05 2025] [::1]:64232 Closing
[Sun Sep 21 21:34:07 2025] [::1]:64233 Accepted
[Sun Sep 21 21:34:07 2025] [::1]:64233 [200]: POST /receiver.php
[Sun Sep 21 21:34:07 2025] [::1]:64233 Closing
[Sun Sep 21 21:34:09 2025] [::1]:64234 Accepted
[Sun Sep 21 21:34:09 2025] [::1]:64234 [200]: POST /receiver.php
[Sun Sep 21 21:34:09 2025] [::1]:64234 Closing
[Sun Sep 21 21:34:11 2025] [::1]:64235 Accepted
[Sun Sep 21 21:34:11 2025] [::1]:64235 [200]: POST /receiver.php
[Sun Sep 21 21:34:11 2025] [::1]:64235 Closing
[Sun Sep 21 21:34:13 2025] [::1]:64236 Accepted
[Sun Sep 21 21:34:13 2025] [::1]:64236 [200]: POST /receiver.php
[Sun Sep 21 21:34:13 2025] [::1]:64236 Closing
[Sun Sep 21 21:34:15 2025] [::1]:64237 Accepted
[Sun Sep 21 21:34:15 2025] [::1]:64237 [200]: POST /receiver.php
[Sun Sep 21 21:34:15 2025] [::1]:64237 Closing
[Sun Sep 21 21:34:17 2025] [::1]:64238 Accepted
[Sun Sep 21 21:34:17 2025] [::1]:64238 [200]: POST /receiver.php
[Sun Sep 21 21:34:17 2025] [::1]:64238 Closing
[Sun Sep 21 21:34:19 2025] [::1]:64245 Accepted
[Sun Sep 21 21:34:19 2025] [::1]:64245 [200]: POST /receiver.php
[Sun Sep 21 21:34:19 2025] [::1]:64245 Closing
[Sun Sep 21 21:34:21 2025] [::1]:64248 Accepted
[Sun Sep 21 21:34:21 2025] [::1]:64248 [200]: POST /receiver.php
[Sun Sep 21 21:34:21 2025] [::1]:64248 Closing
[Sun Sep 21 21:34:23 2025] [::1]:64249 Accepted
[Sun Sep 21 21:34:23 2025] [::1]:64249 [200]: POST /receiver.php
[Sun Sep 21 21:34:23 2025] [::1]:64249 Closing
[Sun Sep 21 21:34:25 2025] [::1]:64250 Accepted
[Sun Sep 21 21:34:25 2025] [::1]:64250 [200]: POST /receiver.php
[Sun Sep 21 21:34:25 2025] [::1]:64250 Closing
[Sun Sep 21 21:34:27 2025] [::1]:64251 Accepted
[Sun Sep 21 21:34:27 2025] [::1]:64251 [200]: POST /receiver.php
[Sun Sep 21 21:34:27 2025] [::1]:64251 Closing
[Sun Sep 21 21:34:29 2025] [::1]:64252 Accepted
[Sun Sep 21 21:34:29 2025] [::1]:64252 [200]: POST /receiver.php
[Sun Sep 21 21:34:29 2025] [::1]:64252 Closing
[Sun Sep 21 21:34:31 2025] [::1]:64253 Accepted
[Sun Sep 21 21:34:31 2025] [::1]:64253 [200]: POST /receiver.php
[Sun Sep 21 21:34:31 2025] [::1]:64253 Closing
[Sun Sep 21 21:34:33 2025] [::1]:64254 Accepted
[Sun Sep 21 21:34:33 2025] [::1]:64254 [200]: POST /receiver.php
[Sun Sep 21 21:34:33 2025] [::1]:64254 Closing
[Sun Sep 21 21:34:35 2025] [::1]:64255 Accepted
[Sun Sep 21 21:34:35 2025] [::1]:64255 [200]: POST /receiver.php
[Sun Sep 21 21:34:35 2025] [::1]:64255 Closing
[Sun Sep 21 21:34:37 2025] [::1]:64256 Accepted
[Sun Sep 21 21:34:37 2025] [::1]:64256 [200]: POST /receiver.php
[Sun Sep 21 21:34:37 2025] [::1]:64256 Closing
[Sun Sep 21 21:34:39 2025] [::1]:64257 Accepted
[Sun Sep 21 21:34:39 2025] [::1]:64257 [200]: POST /receiver.php
[Sun Sep 21 21:34:39 2025] [::1]:64257 Closing
[Sun Sep 21 21:34:41 2025] [::1]:64258 Accepted
[Sun Sep 21 21:34:41 2025] [::1]:64258 [200]: POST /receiver.php
[Sun Sep 21 21:34:41 2025] [::1]:64258 Closing
[Sun Sep 21 21:34:43 2025] [::1]:64259 Accepted
[Sun Sep 21 21:34:43 2025] [::1]:64259 [200]: POST /receiver.php
[Sun Sep 21 21:34:43 2025] [::1]:64259 Closing
[Sun Sep 21 21:34:43 2025] [::1]:64260 Accepted
[Sun Sep 21 21:34:43 2025] [::1]:64260 [200]: POST /receiver.php
[Sun Sep 21 21:34:43 2025] [::1]:64260 Closing
[Sun Sep 21 21:34:45 2025] [::1]:64261 Accepted
[Sun Sep 21 21:34:45 2025] [::1]:64261 [200]: POST /receiver.php
[Sun Sep 21 21:34:45 2025] [::1]:64261 Closing
[Sun Sep 21 21:34:47 2025] [::1]:64262 Accepted
[Sun Sep 21 21:34:47 2025] [::1]:64262 [200]: POST /receiver.php
[Sun Sep 21 21:34:47 2025] [::1]:64262 Closing
[Sun Sep 21 21:34:49 2025] [::1]:64263 Accepted
[Sun Sep 21 21:34:49 2025] [::1]:64263 [200]: POST /receiver.php
[Sun Sep 21 21:34:49 2025] [::1]:64263 Closing
[Sun Sep 21 21:34:51 2025] [::1]:64264 Accepted
[Sun Sep 21 21:34:51 2025] [::1]:64264 [200]: POST /receiver.php
[Sun Sep 21 21:34:51 2025] [::1]:64264 Closing
[Sun Sep 21 21:34:53 2025] [::1]:64265 Accepted
[Sun Sep 21 21:34:53 2025] [::1]:64265 [200]: POST /receiver.php
[Sun Sep 21 21:34:53 2025] [::1]:64265 Closing
[Sun Sep 21 21:34:55 2025] [::1]:64266 Accepted
[Sun Sep 21 21:34:55 2025] [::1]:64266 [200]: POST /receiver.php
[Sun Sep 21 21:34:55 2025] [::1]:64266 Closing
[Sun Sep 21 21:34:57 2025] [::1]:64267 Accepted
[Sun Sep 21 21:34:57 2025] [::1]:64267 [200]: POST /receiver.php
[Sun Sep 21 21:34:57 2025] [::1]:64267 Closing
[Sun Sep 21 21:34:59 2025] [::1]:64268 Accepted
[Sun Sep 21 21:34:59 2025] [::1]:64268 [200]: POST /receiver.php
[Sun Sep 21 21:34:59 2025] [::1]:64268 Closing
[Sun Sep 21 21:35:01 2025] [::1]:64269 Accepted
[Sun Sep 21 21:35:01 2025] [::1]:64269 [200]: POST /receiver.php
[Sun Sep 21 21:35:01 2025] [::1]:64269 Closing
[Sun Sep 21 21:35:03 2025] [::1]:64270 Accepted
[Sun Sep 21 21:35:03 2025] [::1]:64270 [200]: POST /receiver.php
[Sun Sep 21 21:35:03 2025] [::1]:64270 Closing
[Sun Sep 21 21:35:05 2025] [::1]:64271 Accepted
[Sun Sep 21 21:35:05 2025] [::1]:64271 [200]: POST /receiver.php
[Sun Sep 21 21:35:05 2025] [::1]:64271 Closing
[Sun Sep 21 21:35:07 2025] [::1]:64272 Accepted
[Sun Sep 21 21:35:07 2025] [::1]:64272 [200]: POST /receiver.php
[Sun Sep 21 21:35:07 2025] [::1]:64272 Closing
[Sun Sep 21 21:35:10 2025] [::1]:64273 Accepted
[Sun Sep 21 21:35:10 2025] [::1]:64273 [200]: POST /receiver.php
[Sun Sep 21 21:35:10 2025] [::1]:64273 Closing
[Sun Sep 21 21:35:12 2025] [::1]:64274 Accepted
[Sun Sep 21 21:35:12 2025] [::1]:64274 [200]: POST /receiver.php
[Sun Sep 21 21:35:12 2025] [::1]:64274 Closing
[Sun Sep 21 21:35:13 2025] [::1]:64275 Accepted
[Sun Sep 21 21:35:13 2025] [::1]:64275 [200]: POST /receiver.php
[Sun Sep 21 21:35:13 2025] [::1]:64275 Closing
[Sun Sep 21 21:35:13 2025] [::1]:64276 Accepted
[Sun Sep 21 21:35:13 2025] [::1]:64276 [302]: GET /
[Sun Sep 21 21:35:13 2025] [::1]:64276 Closing
[Sun Sep 21 21:35:14 2025] [::1]:64277 Accepted
[Sun Sep 21 21:35:14 2025] [::1]:64277 [200]: POST /receiver.php
[Sun Sep 21 21:35:14 2025] [::1]:64277 Closing
[Sun Sep 21 21:35:14 2025] [::1]:64278 Accepted
[Sun Sep 21 21:35:14 2025] [::1]:64278 [200]: GET /panel.php
[Sun Sep 21 21:35:14 2025] [::1]:64278 Closing
[Sun Sep 21 21:35:14 2025] [::1]:64279 Accepted
[Sun Sep 21 21:35:14 2025] [::1]:64279 [200]: GET /assets/css/bootstrap.min.css
[Sun Sep 21 21:35:14 2025] [::1]:64279 Closing
[Sun Sep 21 21:35:14 2025] [::1]:64280 Accepted
[Sun Sep 21 21:35:14 2025] [::1]:64280 [200]: GET /assets/css/light-theme.min.css
[Sun Sep 21 21:35:14 2025] [::1]:64280 Closing
[Sun Sep 21 21:35:14 2025] [::1]:64281 Accepted
[Sun Sep 21 21:35:14 2025] [::1]:64281 [200]: GET /assets/js/jquery.min.js
[Sun Sep 21 21:35:14 2025] [::1]:64281 Closing
[Sun Sep 21 21:35:14 2025] [::1]:64283 Accepted
[Sun Sep 21 21:35:14 2025] [::1]:64284 Accepted
[Sun Sep 21 21:35:14 2025] [::1]:64282 Accepted
[Sun Sep 21 21:35:14 2025] [::1]:64283 [200]: GET /assets/js/sweetalert2.min.js
[Sun Sep 21 21:35:14 2025] [::1]:64284 [200]: GET /assets/js/script.js
[Sun Sep 21 21:35:14 2025] [::1]:64282 [200]: GET /assets/js/growl-notification.min.js
[Sun Sep 21 21:35:14 2025] [::1]:64283 Closing
[Sun Sep 21 21:35:14 2025] [::1]:64284 Closing
[Sun Sep 21 21:35:14 2025] [::1]:64282 Closing
[Sun Sep 21 21:35:14 2025] [::1]:64285 Accepted
[Sun Sep 21 21:35:14 2025] [::1]:64285 [200]: POST /receiver.php
[Sun Sep 21 21:35:14 2025] [::1]:64285 Closing
[Sun Sep 21 21:35:16 2025] [::1]:64286 Accepted
[Sun Sep 21 21:35:16 2025] [::1]:64286 [200]: POST /receiver.php
[Sun Sep 21 21:35:16 2025] [::1]:64286 Closing
[Sun Sep 21 21:35:17 2025] [::1]:64287 Accepted
[Sun Sep 21 21:35:17 2025] [::1]:64287 [200]: POST /receiver.php
[Sun Sep 21 21:35:17 2025] [::1]:64287 Closing
[Sun Sep 21 21:35:18 2025] [::1]:64289 Accepted
[Sun Sep 21 21:35:18 2025] [::1]:64289 [200]: POST /receiver.php
[Sun Sep 21 21:35:18 2025] [::1]:64289 Closing
[Sun Sep 21 21:35:18 2025] [::1]:64291 Accepted
[Sun Sep 21 21:35:18 2025] [::1]:64291 [200]: POST /receiver.php
[Sun Sep 21 21:35:18 2025] [::1]:64291 Closing
[Sun Sep 21 21:35:20 2025] [::1]:64296 Accepted
[Sun Sep 21 21:35:20 2025] [::1]:64296 [200]: POST /receiver.php
[Sun Sep 21 21:35:20 2025] [::1]:64296 Closing
[Sun Sep 21 21:35:20 2025] [::1]:64299 Accepted
[Sun Sep 21 21:35:20 2025] [::1]:64299 [200]: POST /receiver.php
[Sun Sep 21 21:35:20 2025] [::1]:64299 Closing
[Sun Sep 21 21:35:22 2025] [::1]:64300 Accepted
[Sun Sep 21 21:35:22 2025] [::1]:64300 [200]: POST /receiver.php
[Sun Sep 21 21:35:22 2025] [::1]:64300 Closing
[Sun Sep 21 21:35:22 2025] [::1]:64301 Accepted
[Sun Sep 21 21:35:22 2025] [::1]:64301 [200]: POST /receiver.php
[Sun Sep 21 21:35:22 2025] [::1]:64301 Closing
[Sun Sep 21 21:35:24 2025] [::1]:64302 Accepted
[Sun Sep 21 21:35:24 2025] [::1]:64302 [200]: POST /receiver.php
[Sun Sep 21 21:35:24 2025] [::1]:64302 Closing
[Sun Sep 21 21:35:24 2025] [::1]:64303 Accepted
[Sun Sep 21 21:35:24 2025] [::1]:64303 [200]: POST /receiver.php
[Sun Sep 21 21:35:24 2025] [::1]:64303 Closing
[Sun Sep 21 21:35:26 2025] [::1]:64304 Accepted
[Sun Sep 21 21:35:26 2025] [::1]:64304 [200]: POST /receiver.php
[Sun Sep 21 21:35:26 2025] [::1]:64304 Closing
[Sun Sep 21 21:35:26 2025] [::1]:64305 Accepted
[Sun Sep 21 21:35:26 2025] [::1]:64305 [200]: POST /receiver.php
[Sun Sep 21 21:35:26 2025] [::1]:64305 Closing
[Sun Sep 21 21:35:28 2025] [::1]:64306 Accepted
[Sun Sep 21 21:35:28 2025] [::1]:64306 [200]: POST /receiver.php
[Sun Sep 21 21:35:28 2025] [::1]:64306 Closing
[Sun Sep 21 21:35:28 2025] [::1]:64307 Accepted
[Sun Sep 21 21:35:28 2025] [::1]:64307 [200]: POST /receiver.php
[Sun Sep 21 21:35:28 2025] [::1]:64307 Closing
[Sun Sep 21 21:35:30 2025] [::1]:64308 Accepted
[Sun Sep 21 21:35:30 2025] [::1]:64308 [200]: POST /receiver.php
[Sun Sep 21 21:35:30 2025] [::1]:64308 Closing
[Sun Sep 21 21:35:30 2025] [::1]:64309 Accepted
[Sun Sep 21 21:35:30 2025] [::1]:64309 [200]: POST /receiver.php
[Sun Sep 21 21:35:30 2025] [::1]:64309 Closing
[Sun Sep 21 21:35:32 2025] [::1]:64310 Accepted
[Sun Sep 21 21:35:32 2025] [::1]:64310 [200]: POST /receiver.php
[Sun Sep 21 21:35:32 2025] [::1]:64310 Closing
[Sun Sep 21 21:35:32 2025] [::1]:64311 Accepted
[Sun Sep 21 21:35:32 2025] [::1]:64311 [200]: POST /receiver.php
[Sun Sep 21 21:35:32 2025] [::1]:64311 Closing
[Sun Sep 21 21:35:34 2025] [::1]:64312 Accepted
[Sun Sep 21 21:35:34 2025] [::1]:64312 [200]: POST /receiver.php
[Sun Sep 21 21:35:34 2025] [::1]:64312 Closing
[Sun Sep 21 21:35:34 2025] [::1]:64313 Accepted
[Sun Sep 21 21:35:34 2025] [::1]:64313 [200]: POST /receiver.php
[Sun Sep 21 21:35:34 2025] [::1]:64313 Closing
[Sun Sep 21 21:35:36 2025] [::1]:64314 Accepted
[Sun Sep 21 21:35:36 2025] [::1]:64314 [200]: POST /receiver.php
[Sun Sep 21 21:35:36 2025] [::1]:64314 Closing
[Sun Sep 21 21:35:36 2025] [::1]:64315 Accepted
[Sun Sep 21 21:35:36 2025] [::1]:64315 [200]: POST /receiver.php
[Sun Sep 21 21:35:36 2025] [::1]:64315 Closing
[Sun Sep 21 21:35:38 2025] [::1]:64316 Accepted
[Sun Sep 21 21:35:38 2025] [::1]:64316 [200]: POST /receiver.php
[Sun Sep 21 21:35:38 2025] [::1]:64316 Closing
[Sun Sep 21 21:35:38 2025] [::1]:64317 Accepted
[Sun Sep 21 21:35:38 2025] [::1]:64317 [200]: GET /Settings.json
[Sun Sep 21 21:35:38 2025] [::1]:64317 Closing
[Sun Sep 21 21:35:38 2025] [::1]:64318 Accepted
[Sun Sep 21 21:35:38 2025] [::1]:64318 [200]: POST /list_templates.php
[Sun Sep 21 21:35:38 2025] [::1]:64318 Closing
[Sun Sep 21 21:35:38 2025] [::1]:64319 Accepted
[Sun Sep 21 21:35:38 2025] [::1]:64319 [302]: GET /favicon.ico
[Sun Sep 21 21:35:38 2025] [::1]:64319 Closing
[Sun Sep 21 21:35:38 2025] [::1]:64320 Accepted
[Sun Sep 21 21:35:38 2025] [::1]:64320 [200]: POST /receiver.php
[Sun Sep 21 21:35:38 2025] [::1]:64320 Closing
[Sun Sep 21 21:35:39 2025] [::1]:64321 Accepted
[Sun Sep 21 21:35:39 2025] [::1]:64321 [200]: GET /panel.php
[Sun Sep 21 21:35:39 2025] [::1]:64321 Closing
[Sun Sep 21 21:35:40 2025] [::1]:64322 Accepted
[Sun Sep 21 21:35:40 2025] [::1]:64322 [200]: POST /receiver.php
[Sun Sep 21 21:35:40 2025] [::1]:64322 Closing
[Sun Sep 21 21:35:40 2025] [::1]:64323 Accepted
[Sun Sep 21 21:35:40 2025] [::1]:64323 [200]: POST /receiver.php
[Sun Sep 21 21:35:40 2025] [::1]:64323 Closing
[Sun Sep 21 21:35:41 2025] [::1]:64324 Accepted
[Sun Sep 21 21:35:41 2025] [::1]:64324 [200]: POST /receiver.php
[Sun Sep 21 21:35:41 2025] [::1]:64324 Closing
[Sun Sep 21 21:35:42 2025] [::1]:64325 Accepted
[Sun Sep 21 21:35:42 2025] [::1]:64325 [200]: POST /receiver.php
[Sun Sep 21 21:35:42 2025] [::1]:64325 Closing
[Sun Sep 21 21:35:42 2025] [::1]:64326 Accepted
[Sun Sep 21 21:35:42 2025] [::1]:64326 [200]: POST /receiver.php
[Sun Sep 21 21:35:42 2025] [::1]:64326 Closing
[Sun Sep 21 21:35:43 2025] [::1]:64327 Accepted
[Sun Sep 21 21:35:43 2025] [::1]:64327 [200]: POST /receiver.php
[Sun Sep 21 21:35:43 2025] [::1]:64327 Closing
[Sun Sep 21 21:35:44 2025] [::1]:64328 Accepted
[Sun Sep 21 21:35:44 2025] [::1]:64328 [200]: POST /receiver.php
[Sun Sep 21 21:35:44 2025] [::1]:64328 Closing
[Sun Sep 21 21:35:44 2025] [::1]:64329 Accepted
[Sun Sep 21 21:35:44 2025] [::1]:64329 [200]: POST /receiver.php
[Sun Sep 21 21:35:44 2025] [::1]:64329 Closing
[Sun Sep 21 21:35:45 2025] [::1]:64330 Accepted
[Sun Sep 21 21:35:45 2025] [::1]:64330 [200]: POST /receiver.php
[Sun Sep 21 21:35:45 2025] [::1]:64330 Closing
[Sun Sep 21 21:35:46 2025] [::1]:64331 Accepted
[Sun Sep 21 21:35:46 2025] [::1]:64331 [200]: POST /receiver.php
[Sun Sep 21 21:35:46 2025] [::1]:64331 Closing
[Sun Sep 21 21:35:46 2025] [::1]:64332 Accepted
[Sun Sep 21 21:35:46 2025] [::1]:64332 [200]: POST /receiver.php
[Sun Sep 21 21:35:46 2025] [::1]:64332 Closing
[Sun Sep 21 21:35:47 2025] [::1]:64333 Accepted
[Sun Sep 21 21:35:47 2025] [::1]:64333 [200]: POST /receiver.php
[Sun Sep 21 21:35:47 2025] [::1]:64333 Closing
[Sun Sep 21 21:35:48 2025] [::1]:64334 Accepted
[Sun Sep 21 21:35:48 2025] [::1]:64334 [200]: POST /receiver.php
[Sun Sep 21 21:35:48 2025] [::1]:64334 Closing
[Sun Sep 21 21:35:48 2025] [::1]:64335 Accepted
[Sun Sep 21 21:35:48 2025] [::1]:64335 [200]: POST /receiver.php
[Sun Sep 21 21:35:48 2025] [::1]:64335 Closing
[Sun Sep 21 21:35:49 2025] [::1]:64336 Accepted
[Sun Sep 21 21:35:49 2025] [::1]:64336 [200]: POST /receiver.php
[Sun Sep 21 21:35:49 2025] [::1]:64336 Closing
[Sun Sep 21 21:35:50 2025] [::1]:64337 Accepted
[Sun Sep 21 21:35:50 2025] [::1]:64337 [200]: POST /receiver.php
[Sun Sep 21 21:35:50 2025] [::1]:64337 Closing
[Sun Sep 21 21:35:50 2025] [::1]:64338 Accepted
[Sun Sep 21 21:35:50 2025] [::1]:64338 [200]: POST /receiver.php
[Sun Sep 21 21:35:50 2025] [::1]:64338 Closing
[Sun Sep 21 21:35:51 2025] [::1]:64339 Accepted
[Sun Sep 21 21:35:51 2025] [::1]:64339 [200]: POST /receiver.php
[Sun Sep 21 21:35:51 2025] [::1]:64339 Closing
[Sun Sep 21 21:35:52 2025] [::1]:64340 Accepted
[Sun Sep 21 21:35:52 2025] [::1]:64340 [200]: POST /receiver.php
[Sun Sep 21 21:35:52 2025] [::1]:64340 Closing
[Sun Sep 21 21:35:52 2025] [::1]:64341 Accepted
[Sun Sep 21 21:35:52 2025] [::1]:64341 [200]: POST /receiver.php
[Sun Sep 21 21:35:52 2025] [::1]:64341 Closing
[Sun Sep 21 21:35:53 2025] [::1]:64342 Accepted
[Sun Sep 21 21:35:53 2025] [::1]:64342 [200]: POST /receiver.php
[Sun Sep 21 21:35:53 2025] [::1]:64342 Closing
[Sun Sep 21 21:35:53 2025] [::1]:64343 Accepted
[Sun Sep 21 21:35:53 2025] [::1]:64343 [200]: POST /receiver.php
[Sun Sep 21 21:35:53 2025] [::1]:64343 Closing
[Sun Sep 21 21:35:55 2025] [::1]:64344 Accepted
[Sun Sep 21 21:35:55 2025] [::1]:64344 [200]: POST /receiver.php
[Sun Sep 21 21:35:55 2025] [::1]:64344 Closing
[Sun Sep 21 21:35:55 2025] [::1]:64345 Accepted
[Sun Sep 21 21:35:55 2025] [::1]:64345 [200]: POST /receiver.php
[Sun Sep 21 21:35:55 2025] [::1]:64345 Closing
[Sun Sep 21 21:35:55 2025] [::1]:64346 Accepted
[Sun Sep 21 21:35:55 2025] [::1]:64346 [200]: POST /receiver.php
[Sun Sep 21 21:35:55 2025] [::1]:64346 Closing
[Sun Sep 21 21:35:56 2025] [::1]:64347 Accepted
[Sun Sep 21 21:35:56 2025] [::1]:64347 [200]: POST /receiver.php
[Sun Sep 21 21:35:56 2025] [::1]:64347 Closing
[Sun Sep 21 21:35:57 2025] [::1]:64348 Accepted
[Sun Sep 21 21:35:57 2025] [::1]:64348 [200]: POST /receiver.php
[Sun Sep 21 21:35:57 2025] [::1]:64348 Closing
[Sun Sep 21 21:35:57 2025] [::1]:64349 Accepted
[Sun Sep 21 21:35:57 2025] [::1]:64349 [200]: POST /receiver.php
[Sun Sep 21 21:35:57 2025] [::1]:64349 Closing
[Sun Sep 21 21:35:58 2025] [::1]:64350 Accepted
[Sun Sep 21 21:35:58 2025] [::1]:64350 [200]: POST /receiver.php
[Sun Sep 21 21:35:58 2025] [::1]:64350 Closing
[Sun Sep 21 21:35:59 2025] [::1]:64351 Accepted
[Sun Sep 21 21:35:59 2025] [::1]:64351 [200]: POST /receiver.php
[Sun Sep 21 21:35:59 2025] [::1]:64351 Closing
[Sun Sep 21 21:35:59 2025] [::1]:64352 Accepted
[Sun Sep 21 21:35:59 2025] [::1]:64352 [200]: POST /receiver.php
[Sun Sep 21 21:35:59 2025] [::1]:64352 Closing
[Sun Sep 21 21:36:00 2025] [::1]:64353 Accepted
[Sun Sep 21 21:36:00 2025] [::1]:64353 [200]: POST /receiver.php
[Sun Sep 21 21:36:00 2025] [::1]:64353 Closing
[Sun Sep 21 21:36:01 2025] [::1]:64354 Accepted
[Sun Sep 21 21:36:01 2025] [::1]:64354 [200]: POST /receiver.php
[Sun Sep 21 21:36:01 2025] [::1]:64354 Closing
[Sun Sep 21 21:36:01 2025] [::1]:64355 Accepted
[Sun Sep 21 21:36:01 2025] [::1]:64355 [200]: POST /receiver.php
[Sun Sep 21 21:36:01 2025] [::1]:64355 Closing
[Sun Sep 21 21:36:02 2025] [::1]:64356 Accepted
[Sun Sep 21 21:36:02 2025] [::1]:64356 [200]: POST /receiver.php
[Sun Sep 21 21:36:02 2025] [::1]:64356 Closing
[Sun Sep 21 21:36:03 2025] [::1]:64357 Accepted
[Sun Sep 21 21:36:03 2025] [::1]:64357 [200]: POST /receiver.php
[Sun Sep 21 21:36:03 2025] [::1]:64357 Closing
[Sun Sep 21 21:36:03 2025] [::1]:64358 Accepted
[Sun Sep 21 21:36:03 2025] [::1]:64358 [200]: POST /receiver.php
[Sun Sep 21 21:36:03 2025] [::1]:64358 Closing
[Sun Sep 21 21:36:04 2025] [::1]:64359 Accepted
[Sun Sep 21 21:36:04 2025] [::1]:64359 [200]: POST /receiver.php
[Sun Sep 21 21:36:04 2025] [::1]:64359 Closing
[Sun Sep 21 21:36:05 2025] [::1]:64360 Accepted
[Sun Sep 21 21:36:05 2025] [::1]:64360 [200]: POST /receiver.php
[Sun Sep 21 21:36:05 2025] [::1]:64360 Closing
[Sun Sep 21 21:36:05 2025] [::1]:64361 Accepted
[Sun Sep 21 21:36:05 2025] [::1]:64361 [200]: POST /receiver.php
[Sun Sep 21 21:36:05 2025] [::1]:64361 Closing
[Sun Sep 21 21:36:06 2025] [::1]:64362 Accepted
[Sun Sep 21 21:36:06 2025] [::1]:64362 [200]: POST /receiver.php
[Sun Sep 21 21:36:06 2025] [::1]:64362 Closing
[Sun Sep 21 21:36:07 2025] [::1]:64363 Accepted
[Sun Sep 21 21:36:07 2025] [::1]:64363 [200]: POST /receiver.php
[Sun Sep 21 21:36:07 2025] [::1]:64363 Closing
[Sun Sep 21 21:36:07 2025] [::1]:64364 Accepted
[Sun Sep 21 21:36:07 2025] [::1]:64364 [200]: POST /receiver.php
[Sun Sep 21 21:36:07 2025] [::1]:64364 Closing
[Sun Sep 21 21:36:08 2025] [::1]:64365 Accepted
[Sun Sep 21 21:36:08 2025] [::1]:64365 [200]: POST /receiver.php
[Sun Sep 21 21:36:08 2025] [::1]:64365 Closing
[Sun Sep 21 21:36:09 2025] [::1]:64366 Accepted
[Sun Sep 21 21:36:09 2025] [::1]:64366 [200]: POST /receiver.php
[Sun Sep 21 21:36:09 2025] [::1]:64366 Closing
[Sun Sep 21 21:36:09 2025] [::1]:64367 Accepted
[Sun Sep 21 21:36:09 2025] [::1]:64367 [200]: POST /receiver.php
[Sun Sep 21 21:36:09 2025] [::1]:64367 Closing
[Sun Sep 21 21:36:10 2025] [::1]:64368 Accepted
[Sun Sep 21 21:36:10 2025] [::1]:64368 [200]: POST /receiver.php
[Sun Sep 21 21:36:10 2025] [::1]:64368 Closing
[Sun Sep 21 21:36:11 2025] [::1]:64369 Accepted
[Sun Sep 21 21:36:11 2025] [::1]:64369 [200]: POST /receiver.php
[Sun Sep 21 21:36:11 2025] [::1]:64369 Closing
[Sun Sep 21 21:36:12 2025] [::1]:64370 Accepted
[Sun Sep 21 21:36:12 2025] [::1]:64370 [200]: POST /receiver.php
[Sun Sep 21 21:36:12 2025] [::1]:64370 Closing
[Sun Sep 21 21:36:12 2025] [::1]:64371 Accepted
[Sun Sep 21 21:36:12 2025] [::1]:64371 [200]: POST /receiver.php
[Sun Sep 21 21:36:12 2025] [::1]:64371 Closing
[Sun Sep 21 21:36:13 2025] [::1]:64372 Accepted
[Sun Sep 21 21:36:13 2025] [::1]:64372 [200]: POST /receiver.php
[Sun Sep 21 21:36:13 2025] [::1]:64372 Closing
[Sun Sep 21 21:36:14 2025] [::1]:64373 Accepted
[Sun Sep 21 21:36:14 2025] [::1]:64373 [200]: POST /receiver.php
[Sun Sep 21 21:36:14 2025] [::1]:64373 Closing
[Sun Sep 21 21:36:15 2025] [::1]:64374 Accepted
[Sun Sep 21 21:36:15 2025] [::1]:64374 [200]: POST /receiver.php
[Sun Sep 21 21:36:15 2025] [::1]:64374 Closing
[Sun Sep 21 21:36:16 2025] [::1]:64375 Accepted
[Sun Sep 21 21:36:16 2025] [::1]:64375 [200]: POST /receiver.php
[Sun Sep 21 21:36:16 2025] [::1]:64375 Closing
[Sun Sep 21 21:36:17 2025] [::1]:64376 Accepted
[Sun Sep 21 21:36:17 2025] [::1]:64376 [200]: POST /receiver.php
[Sun Sep 21 21:36:17 2025] [::1]:64376 Closing
[Sun Sep 21 21:36:18 2025] [::1]:64379 Accepted
[Sun Sep 21 21:36:18 2025] [::1]:64379 [200]: POST /receiver.php
[Sun Sep 21 21:36:18 2025] [::1]:64379 Closing
[Sun Sep 21 21:36:19 2025] [::1]:64385 Accepted
[Sun Sep 21 21:36:19 2025] [::1]:64385 [200]: POST /receiver.php
[Sun Sep 21 21:36:19 2025] [::1]:64385 Closing
[Sun Sep 21 21:36:20 2025] [::1]:64387 Accepted
[Sun Sep 21 21:36:20 2025] [::1]:64387 [200]: POST /receiver.php
[Sun Sep 21 21:36:20 2025] [::1]:64387 Closing
[Sun Sep 21 21:36:21 2025] [::1]:64392 Accepted
[Sun Sep 21 21:36:21 2025] [::1]:64392 [200]: POST /receiver.php
[Sun Sep 21 21:36:21 2025] [::1]:64392 Closing
[Sun Sep 21 21:36:22 2025] [::1]:64397 Accepted
[Sun Sep 21 21:36:22 2025] [::1]:64397 [200]: POST /receiver.php
[Sun Sep 21 21:36:22 2025] [::1]:64397 Closing
[Sun Sep 21 21:36:23 2025] [::1]:64405 Accepted
[Sun Sep 21 21:36:23 2025] [::1]:64405 [200]: POST /receiver.php
[Sun Sep 21 21:36:23 2025] [::1]:64405 Closing
[Sun Sep 21 21:36:24 2025] [::1]:64408 Accepted
[Sun Sep 21 21:36:24 2025] [::1]:64408 [200]: POST /receiver.php
[Sun Sep 21 21:36:24 2025] [::1]:64408 Closing
[Sun Sep 21 21:36:25 2025] [::1]:64409 Accepted
[Sun Sep 21 21:36:25 2025] [::1]:64409 [200]: POST /receiver.php
[Sun Sep 21 21:36:25 2025] [::1]:64409 Closing
[Sun Sep 21 21:36:26 2025] [::1]:64410 Accepted
[Sun Sep 21 21:36:26 2025] [::1]:64410 [200]: POST /receiver.php
[Sun Sep 21 21:36:26 2025] [::1]:64410 Closing
[Sun Sep 21 21:36:27 2025] [::1]:64411 Accepted
[Sun Sep 21 21:36:27 2025] [::1]:64411 [200]: POST /receiver.php
[Sun Sep 21 21:36:27 2025] [::1]:64411 Closing
[Sun Sep 21 21:36:28 2025] [::1]:64412 Accepted
[Sun Sep 21 21:36:28 2025] [::1]:64412 [200]: POST /receiver.php
[Sun Sep 21 21:36:28 2025] [::1]:64412 Closing
[Sun Sep 21 21:36:30 2025] [::1]:64413 Accepted
[Sun Sep 21 21:36:30 2025] [::1]:64414 Accepted
[Sun Sep 21 21:36:30 2025] [::1]:64414 [200]: POST /receiver.php
[Sun Sep 21 21:36:30 2025] [::1]:64414 Closing
[Sun Sep 21 21:36:30 2025] [::1]:64413 [200]: POST /receiver.php
[Sun Sep 21 21:36:30 2025] [::1]:64413 Closing
[Sun Sep 21 21:36:31 2025] [::1]:64415 Accepted
[Sun Sep 21 21:36:31 2025] [::1]:64415 [200]: POST /receiver.php
[Sun Sep 21 21:36:31 2025] [::1]:64415 Closing
[Sun Sep 21 21:36:32 2025] [::1]:64416 Accepted
[Sun Sep 21 21:36:32 2025] [::1]:64416 [200]: POST /receiver.php
[Sun Sep 21 21:36:32 2025] [::1]:64416 Closing
[Sun Sep 21 21:36:33 2025] [::1]:64417 Accepted
[Sun Sep 21 21:36:33 2025] [::1]:64417 [200]: POST /receiver.php
[Sun Sep 21 21:36:33 2025] [::1]:64417 Closing
[Sun Sep 21 21:36:34 2025] [::1]:64418 Accepted
[Sun Sep 21 21:36:34 2025] [::1]:64418 [200]: POST /receiver.php
[Sun Sep 21 21:36:34 2025] [::1]:64418 Closing
[Sun Sep 21 21:36:35 2025] [::1]:64419 Accepted
[Sun Sep 21 21:36:35 2025] [::1]:64419 [200]: POST /receiver.php
[Sun Sep 21 21:36:35 2025] [::1]:64419 Closing
[Sun Sep 21 21:36:35 2025] [::1]:64420 Accepted
[Sun Sep 21 21:36:35 2025] [::1]:64420 [200]: POST /receiver.php
[Sun Sep 21 21:36:35 2025] [::1]:64420 Closing
[Sun Sep 21 21:36:37 2025] [::1]:64421 Accepted
[Sun Sep 21 21:36:37 2025] [::1]:64421 [200]: POST /receiver.php
[Sun Sep 21 21:36:37 2025] [::1]:64421 Closing
[Sun Sep 21 21:36:37 2025] [::1]:64422 Accepted
[Sun Sep 21 21:36:37 2025] [::1]:64422 [200]: POST /receiver.php
[Sun Sep 21 21:36:37 2025] [::1]:64422 Closing
[Sun Sep 21 21:36:39 2025] [::1]:64423 Accepted
[Sun Sep 21 21:36:39 2025] [::1]:64423 [200]: POST /receiver.php
[Sun Sep 21 21:36:39 2025] [::1]:64423 Closing
[Sun Sep 21 21:36:39 2025] [::1]:64424 Accepted
[Sun Sep 21 21:36:39 2025] [::1]:64424 [200]: POST /receiver.php
[Sun Sep 21 21:36:39 2025] [::1]:64424 Closing
[Sun Sep 21 21:36:39 2025] [::1]:64425 Accepted
[Sun Sep 21 21:36:39 2025] [::1]:64425 [200]: GET /panel.php
[Sun Sep 21 21:36:39 2025] [::1]:64425 Closing
[Sun Sep 21 21:36:40 2025] [::1]:64428 Accepted
[Sun Sep 21 21:36:40 2025] [::1]:64426 Accepted
[Sun Sep 21 21:36:40 2025] [::1]:64427 Accepted
[Sun Sep 21 21:36:40 2025] [::1]:64428 [200]: GET /assets/js/jquery.min.js
[Sun Sep 21 21:36:40 2025] [::1]:64426 [200]: GET /assets/css/bootstrap.min.css
[Sun Sep 21 21:36:40 2025] [::1]:64427 [200]: GET /assets/css/light-theme.min.css
[Sun Sep 21 21:36:40 2025] [::1]:64428 Closing
[Sun Sep 21 21:36:40 2025] [::1]:64427 Closing
[Sun Sep 21 21:36:40 2025] [::1]:64426 Closing
[Sun Sep 21 21:36:40 2025] [::1]:64429 Accepted
[Sun Sep 21 21:36:40 2025] [::1]:64429 [200]: GET /assets/js/script.js
[Sun Sep 21 21:36:40 2025] [::1]:64429 Closing
[Sun Sep 21 21:36:40 2025] [::1]:64430 Accepted
[Sun Sep 21 21:36:40 2025] [::1]:64431 Accepted
[Sun Sep 21 21:36:40 2025] [::1]:64430 [200]: GET /assets/js/sweetalert2.min.js
[Sun Sep 21 21:36:40 2025] [::1]:64431 [200]: GET /assets/js/growl-notification.min.js
[Sun Sep 21 21:36:40 2025] [::1]:64430 Closing
[Sun Sep 21 21:36:40 2025] [::1]:64431 Closing
[Sun Sep 21 21:36:41 2025] [::1]:64432 Accepted
[Sun Sep 21 21:36:41 2025] [::1]:64432 [200]: POST /receiver.php
[Sun Sep 21 21:36:41 2025] [::1]:64432 Closing
[Sun Sep 21 21:36:42 2025] [::1]:64433 Accepted
[Sun Sep 21 21:36:42 2025] [::1]:64434 Accepted
[Sun Sep 21 21:36:42 2025] [::1]:64435 Accepted
[Sun Sep 21 21:36:42 2025] [::1]:64433 [200]: GET /Settings.json
[Sun Sep 21 21:36:42 2025] [::1]:64434 [302]: GET /favicon.ico
[Sun Sep 21 21:36:42 2025] [::1]:64434 Closing
[Sun Sep 21 21:36:42 2025] [::1]:64435 [200]: POST /list_templates.php
[Sun Sep 21 21:36:42 2025] [::1]:64435 Closing
[Sun Sep 21 21:36:42 2025] [::1]:64433 Closing
[Sun Sep 21 21:36:42 2025] [::1]:64436 Accepted
[Sun Sep 21 21:36:42 2025] [::1]:64436 [200]: POST /receiver.php
[Sun Sep 21 21:36:42 2025] [::1]:64436 Closing
[Sun Sep 21 21:36:42 2025] [::1]:64437 Accepted
[Sun Sep 21 21:36:42 2025] [::1]:64437 [200]: GET /panel.php
[Sun Sep 21 21:36:42 2025] [::1]:64437 Closing
[Sun Sep 21 21:36:43 2025] [::1]:64438 Accepted
[Sun Sep 21 21:36:43 2025] [::1]:64438 [200]: POST /receiver.php
[Sun Sep 21 21:36:43 2025] [::1]:64438 Closing
[Sun Sep 21 21:36:45 2025] [::1]:60516 Accepted
[Sun Sep 21 21:36:45 2025] [::1]:60516 [200]: POST /receiver.php
[Sun Sep 21 21:36:45 2025] [::1]:60516 Closing
[Sun Sep 21 21:36:45 2025] [::1]:60517 Accepted
[Sun Sep 21 21:36:45 2025] [::1]:60517 [200]: POST /receiver.php
[Sun Sep 21 21:36:45 2025] [::1]:60517 Closing
[Sun Sep 21 21:36:47 2025] [::1]:60518 Accepted
[Sun Sep 21 21:36:47 2025] [::1]:60518 [200]: POST /receiver.php
[Sun Sep 21 21:36:47 2025] [::1]:60518 Closing
[Sun Sep 21 21:36:47 2025] [::1]:60519 Accepted
[Sun Sep 21 21:36:47 2025] [::1]:60519 [200]: POST /receiver.php
[Sun Sep 21 21:36:47 2025] [::1]:60519 Closing
[Sun Sep 21 21:36:49 2025] [::1]:60520 Accepted
[Sun Sep 21 21:36:49 2025] [::1]:60520 [200]: POST /receiver.php
[Sun Sep 21 21:36:49 2025] [::1]:60520 Closing
[Sun Sep 21 21:36:49 2025] [::1]:60521 Accepted
[Sun Sep 21 21:36:49 2025] [::1]:60521 [200]: POST /receiver.php
[Sun Sep 21 21:36:49 2025] [::1]:60521 Closing
[Sun Sep 21 21:36:51 2025] [::1]:60522 Accepted
[Sun Sep 21 21:36:51 2025] [::1]:60522 [200]: POST /receiver.php
[Sun Sep 21 21:36:51 2025] [::1]:60522 Closing
[Sun Sep 21 21:36:51 2025] [::1]:60523 Accepted
[Sun Sep 21 21:36:51 2025] [::1]:60523 [200]: POST /receiver.php
[Sun Sep 21 21:36:51 2025] [::1]:60523 Closing
[Sun Sep 21 21:36:53 2025] [::1]:60524 Accepted
[Sun Sep 21 21:36:53 2025] [::1]:60524 [200]: POST /receiver.php
[Sun Sep 21 21:36:53 2025] [::1]:60524 Closing
[Sun Sep 21 21:36:53 2025] [::1]:60525 Accepted
[Sun Sep 21 21:36:53 2025] [::1]:60525 [200]: POST /receiver.php
[Sun Sep 21 21:36:53 2025] [::1]:60525 Closing
[Sun Sep 21 21:36:55 2025] [::1]:60526 Accepted
[Sun Sep 21 21:36:55 2025] [::1]:60526 [200]: POST /receiver.php
[Sun Sep 21 21:36:55 2025] [::1]:60526 Closing
[Sun Sep 21 21:36:55 2025] [::1]:60527 Accepted
[Sun Sep 21 21:36:55 2025] [::1]:60527 [200]: POST /receiver.php
[Sun Sep 21 21:36:55 2025] [::1]:60527 Closing
[Sun Sep 21 21:36:57 2025] [::1]:60528 Accepted
[Sun Sep 21 21:36:57 2025] [::1]:60528 [200]: POST /receiver.php
[Sun Sep 21 21:36:57 2025] [::1]:60528 Closing
[Sun Sep 21 21:36:57 2025] [::1]:60529 Accepted
[Sun Sep 21 21:36:57 2025] [::1]:60529 [200]: POST /receiver.php
[Sun Sep 21 21:36:57 2025] [::1]:60529 Closing
[Sun Sep 21 21:36:59 2025] [::1]:60530 Accepted
[Sun Sep 21 21:36:59 2025] [::1]:60530 [200]: POST /receiver.php
[Sun Sep 21 21:36:59 2025] [::1]:60530 Closing
[Sun Sep 21 21:36:59 2025] [::1]:60531 Accepted
[Sun Sep 21 21:36:59 2025] [::1]:60531 [200]: POST /receiver.php
[Sun Sep 21 21:36:59 2025] [::1]:60531 Closing
[Sun Sep 21 21:37:01 2025] [::1]:60532 Accepted
[Sun Sep 21 21:37:01 2025] [::1]:60532 [200]: POST /receiver.php
[Sun Sep 21 21:37:01 2025] [::1]:60532 Closing
[Sun Sep 21 21:37:01 2025] [::1]:60533 Accepted
[Sun Sep 21 21:37:01 2025] [::1]:60533 [200]: POST /receiver.php
[Sun Sep 21 21:37:01 2025] [::1]:60533 Closing
[Sun Sep 21 21:37:03 2025] [::1]:60534 Accepted
[Sun Sep 21 21:37:03 2025] [::1]:60534 [200]: POST /receiver.php
[Sun Sep 21 21:37:03 2025] [::1]:60534 Closing
[Sun Sep 21 21:37:03 2025] [::1]:60535 Accepted
[Sun Sep 21 21:37:03 2025] [::1]:60535 [200]: POST /receiver.php
[Sun Sep 21 21:37:03 2025] [::1]:60535 Closing
[Sun Sep 21 21:37:05 2025] [::1]:60536 Accepted
[Sun Sep 21 21:37:05 2025] [::1]:60536 [200]: POST /receiver.php
[Sun Sep 21 21:37:05 2025] [::1]:60536 Closing
[Sun Sep 21 21:37:05 2025] [::1]:60537 Accepted
[Sun Sep 21 21:37:05 2025] [::1]:60537 [200]: POST /receiver.php
[Sun Sep 21 21:37:05 2025] [::1]:60537 Closing
[Sun Sep 21 21:37:07 2025] [::1]:60540 Accepted
[Sun Sep 21 21:37:07 2025] [::1]:60540 [200]: POST /receiver.php
[Sun Sep 21 21:37:07 2025] [::1]:60540 Closing
[Sun Sep 21 21:37:07 2025] [::1]:60543 Accepted
[Sun Sep 21 21:37:07 2025] [::1]:60543 [200]: POST /receiver.php
[Sun Sep 21 21:37:07 2025] [::1]:60543 Closing
[Sun Sep 21 21:37:09 2025] [::1]:60548 Accepted
[Sun Sep 21 21:37:09 2025] [::1]:60548 [200]: POST /receiver.php
[Sun Sep 21 21:37:09 2025] [::1]:60548 Closing
[Sun Sep 21 21:37:09 2025] [::1]:60549 Accepted
[Sun Sep 21 21:37:09 2025] [::1]:60549 [200]: POST /receiver.php
[Sun Sep 21 21:37:09 2025] [::1]:60549 Closing
[Sun Sep 21 21:37:11 2025] [::1]:60550 Accepted
[Sun Sep 21 21:37:11 2025] [::1]:60550 [200]: POST /receiver.php
[Sun Sep 21 21:37:11 2025] [::1]:60550 Closing
[Sun Sep 21 21:37:11 2025] [::1]:60551 Accepted
[Sun Sep 21 21:37:11 2025] [::1]:60551 [200]: POST /receiver.php
[Sun Sep 21 21:37:11 2025] [::1]:60551 Closing
[Sun Sep 21 21:37:13 2025] [::1]:60552 Accepted
[Sun Sep 21 21:37:13 2025] [::1]:60552 [200]: POST /receiver.php
[Sun Sep 21 21:37:13 2025] [::1]:60552 Closing
[Sun Sep 21 21:37:13 2025] [::1]:60553 Accepted
[Sun Sep 21 21:37:13 2025] [::1]:60553 [200]: POST /receiver.php
[Sun Sep 21 21:37:13 2025] [::1]:60553 Closing
[Sun Sep 21 21:37:15 2025] [::1]:60554 Accepted
[Sun Sep 21 21:37:15 2025] [::1]:60554 [200]: POST /receiver.php
[Sun Sep 21 21:37:15 2025] [::1]:60554 Closing
[Sun Sep 21 21:37:15 2025] [::1]:60555 Accepted
[Sun Sep 21 21:37:15 2025] [::1]:60555 [200]: POST /receiver.php
[Sun Sep 21 21:37:15 2025] [::1]:60555 Closing
[Sun Sep 21 21:37:17 2025] [::1]:60556 Accepted
[Sun Sep 21 21:37:17 2025] [::1]:60556 [200]: POST /receiver.php
[Sun Sep 21 21:37:17 2025] [::1]:60556 Closing
[Sun Sep 21 21:37:17 2025] [::1]:60558 Accepted
[Sun Sep 21 21:37:17 2025] [::1]:60558 [200]: POST /receiver.php
[Sun Sep 21 21:37:17 2025] [::1]:60558 Closing
[Sun Sep 21 21:37:19 2025] [::1]:60565 Accepted
[Sun Sep 21 21:37:19 2025] [::1]:60565 [200]: POST /receiver.php
[Sun Sep 21 21:37:19 2025] [::1]:60565 Closing
[Sun Sep 21 21:37:19 2025] [::1]:60567 Accepted
[Sun Sep 21 21:37:19 2025] [::1]:60567 [200]: POST /receiver.php
[Sun Sep 21 21:37:19 2025] [::1]:60567 Closing
[Sun Sep 21 21:37:21 2025] [::1]:60568 Accepted
[Sun Sep 21 21:37:21 2025] [::1]:60568 [200]: POST /receiver.php
[Sun Sep 21 21:37:21 2025] [::1]:60568 Closing
[Sun Sep 21 21:37:21 2025] [::1]:60569 Accepted
[Sun Sep 21 21:37:21 2025] [::1]:60569 [200]: POST /receiver.php
[Sun Sep 21 21:37:21 2025] [::1]:60569 Closing
[Sun Sep 21 21:37:23 2025] [::1]:60570 Accepted
[Sun Sep 21 21:37:23 2025] [::1]:60570 [200]: POST /receiver.php
[Sun Sep 21 21:37:23 2025] [::1]:60570 Closing
[Sun Sep 21 21:37:23 2025] [::1]:60571 Accepted
[Sun Sep 21 21:37:23 2025] [::1]:60571 [200]: POST /receiver.php
[Sun Sep 21 21:37:23 2025] [::1]:60571 Closing
[Sun Sep 21 21:37:25 2025] [::1]:60572 Accepted
[Sun Sep 21 21:37:25 2025] [::1]:60572 [200]: POST /receiver.php
[Sun Sep 21 21:37:25 2025] [::1]:60572 Closing
[Sun Sep 21 21:37:26 2025] [::1]:60573 Accepted
[Sun Sep 21 21:37:26 2025] [::1]:60573 [200]: POST /receiver.php
[Sun Sep 21 21:37:26 2025] [::1]:60573 Closing
[Sun Sep 21 21:37:27 2025] [::1]:60574 Accepted
[Sun Sep 21 21:37:27 2025] [::1]:60574 [200]: POST /receiver.php
[Sun Sep 21 21:37:27 2025] [::1]:60574 Closing
[Sun Sep 21 21:37:27 2025] [::1]:60575 Accepted
[Sun Sep 21 21:37:27 2025] [::1]:60575 [200]: POST /receiver.php
[Sun Sep 21 21:37:27 2025] [::1]:60575 Closing
[Sun Sep 21 21:37:29 2025] [::1]:60576 Accepted
[Sun Sep 21 21:37:29 2025] [::1]:60576 [200]: POST /receiver.php
[Sun Sep 21 21:37:29 2025] [::1]:60576 Closing
[Sun Sep 21 21:37:29 2025] [::1]:60577 Accepted
[Sun Sep 21 21:37:29 2025] [::1]:60577 [200]: POST /receiver.php
[Sun Sep 21 21:37:29 2025] [::1]:60577 Closing
[Sun Sep 21 21:37:31 2025] [::1]:60578 Accepted
[Sun Sep 21 21:37:31 2025] [::1]:60578 [200]: POST /receiver.php
[Sun Sep 21 21:37:31 2025] [::1]:60578 Closing
[Sun Sep 21 21:37:31 2025] [::1]:60579 Accepted
[Sun Sep 21 21:37:31 2025] [::1]:60579 [200]: POST /receiver.php
[Sun Sep 21 21:37:31 2025] [::1]:60579 Closing
[Sun Sep 21 21:37:33 2025] [::1]:60580 Accepted
[Sun Sep 21 21:37:33 2025] [::1]:60580 [200]: POST /receiver.php
[Sun Sep 21 21:37:33 2025] [::1]:60580 Closing
[Sun Sep 21 21:37:33 2025] [::1]:60581 Accepted
[Sun Sep 21 21:37:33 2025] [::1]:60581 [200]: POST /receiver.php
[Sun Sep 21 21:37:33 2025] [::1]:60581 Closing
[Sun Sep 21 21:37:35 2025] [::1]:60582 Accepted
[Sun Sep 21 21:37:35 2025] [::1]:60582 [200]: POST /receiver.php
[Sun Sep 21 21:37:35 2025] [::1]:60582 Closing
[Sun Sep 21 21:37:35 2025] [::1]:60583 Accepted
[Sun Sep 21 21:37:35 2025] [::1]:60583 [200]: POST /receiver.php
[Sun Sep 21 21:37:35 2025] [::1]:60583 Closing
[Sun Sep 21 21:37:37 2025] [::1]:60584 Accepted
[Sun Sep 21 21:37:37 2025] [::1]:60584 [200]: POST /receiver.php
[Sun Sep 21 21:37:37 2025] [::1]:60584 Closing
[Sun Sep 21 21:37:37 2025] [::1]:60585 Accepted
[Sun Sep 21 21:37:37 2025] [::1]:60585 [200]: POST /receiver.php
[Sun Sep 21 21:37:37 2025] [::1]:60585 Closing
[Sun Sep 21 21:37:39 2025] [::1]:60586 Accepted
[Sun Sep 21 21:37:39 2025] [::1]:60586 [200]: POST /receiver.php
[Sun Sep 21 21:37:39 2025] [::1]:60586 Closing
[Sun Sep 21 21:37:39 2025] [::1]:60587 Accepted
[Sun Sep 21 21:37:39 2025] [::1]:60587 [200]: POST /receiver.php
[Sun Sep 21 21:37:39 2025] [::1]:60587 Closing
[Sun Sep 21 21:37:41 2025] [::1]:60588 Accepted
[Sun Sep 21 21:37:41 2025] [::1]:60589 Accepted
[Sun Sep 21 21:37:41 2025] [::1]:60588 [200]: POST /receiver.php
[Sun Sep 21 21:37:41 2025] [::1]:60588 Closing
[Sun Sep 21 21:37:41 2025] [::1]:60589 [200]: POST /receiver.php
[Sun Sep 21 21:37:41 2025] [::1]:60589 Closing
[Sun Sep 21 21:37:42 2025] [::1]:60590 Accepted
[Sun Sep 21 21:37:42 2025] [::1]:60590 [200]: POST /receiver.php
[Sun Sep 21 21:37:42 2025] [::1]:60590 Closing
[Sun Sep 21 21:37:43 2025] [::1]:60591 Accepted
[Sun Sep 21 21:37:43 2025] [::1]:60592 Accepted
[Sun Sep 21 21:37:43 2025] [::1]:60592 [200]: POST /receiver.php
[Sun Sep 21 21:37:43 2025] [::1]:60592 Closing
[Sun Sep 21 21:37:43 2025] [::1]:60591 [200]: POST /receiver.php
[Sun Sep 21 21:37:43 2025] [::1]:60591 Closing
[Sun Sep 21 21:37:45 2025] [::1]:60594 Accepted
[Sun Sep 21 21:37:45 2025] [::1]:60593 Accepted
[Sun Sep 21 21:37:45 2025] [::1]:60594 [200]: POST /receiver.php
[Sun Sep 21 21:37:45 2025] [::1]:60594 Closing
[Sun Sep 21 21:37:45 2025] [::1]:60593 [200]: POST /receiver.php
[Sun Sep 21 21:37:45 2025] [::1]:60593 Closing
[Sun Sep 21 21:37:47 2025] [::1]:60595 Accepted
[Sun Sep 21 21:37:47 2025] [::1]:60595 [200]: POST /receiver.php
[Sun Sep 21 21:37:47 2025] [::1]:60595 Closing
[Sun Sep 21 21:37:47 2025] [::1]:60596 Accepted
[Sun Sep 21 21:37:47 2025] [::1]:60596 [200]: POST /receiver.php
[Sun Sep 21 21:37:47 2025] [::1]:60596 Closing
[Sun Sep 21 21:37:49 2025] [::1]:60597 Accepted
[Sun Sep 21 21:37:49 2025] [::1]:60597 [200]: POST /receiver.php
[Sun Sep 21 21:37:49 2025] [::1]:60597 Closing
[Sun Sep 21 21:37:49 2025] [::1]:60598 Accepted
[Sun Sep 21 21:37:49 2025] [::1]:60598 [200]: POST /receiver.php
[Sun Sep 21 21:37:49 2025] [::1]:60598 Closing
[Sun Sep 21 21:37:51 2025] [::1]:60599 Accepted
[Sun Sep 21 21:37:51 2025] [::1]:60599 [200]: POST /receiver.php
[Sun Sep 21 21:37:51 2025] [::1]:60599 Closing
[Sun Sep 21 21:37:51 2025] [::1]:60600 Accepted
[Sun Sep 21 21:37:51 2025] [::1]:60600 [200]: POST /receiver.php
[Sun Sep 21 21:37:51 2025] [::1]:60600 Closing
[Sun Sep 21 21:37:53 2025] [::1]:60601 Accepted
[Sun Sep 21 21:37:53 2025] [::1]:60601 [200]: POST /receiver.php
[Sun Sep 21 21:37:53 2025] [::1]:60601 Closing
[Sun Sep 21 21:37:53 2025] [::1]:60602 Accepted
[Sun Sep 21 21:37:53 2025] [::1]:60602 [200]: POST /receiver.php
[Sun Sep 21 21:37:53 2025] [::1]:60602 Closing
[Sun Sep 21 21:37:55 2025] [::1]:60603 Accepted
[Sun Sep 21 21:37:55 2025] [::1]:60603 [200]: POST /receiver.php
[Sun Sep 21 21:37:55 2025] [::1]:60603 Closing
[Sun Sep 21 21:37:55 2025] [::1]:60604 Accepted
[Sun Sep 21 21:37:55 2025] [::1]:60604 [200]: POST /receiver.php
[Sun Sep 21 21:37:55 2025] [::1]:60604 Closing
[Sun Sep 21 21:37:57 2025] [::1]:60605 Accepted
[Sun Sep 21 21:37:57 2025] [::1]:60605 [200]: POST /receiver.php
[Sun Sep 21 21:37:57 2025] [::1]:60605 Closing
[Sun Sep 21 21:37:58 2025] [::1]:60606 Accepted
[Sun Sep 21 21:37:58 2025] [::1]:60606 [200]: POST /receiver.php
[Sun Sep 21 21:37:58 2025] [::1]:60606 Closing
[Sun Sep 21 21:37:59 2025] [::1]:60607 Accepted
[Sun Sep 21 21:37:59 2025] [::1]:60607 [200]: POST /receiver.php
[Sun Sep 21 21:37:59 2025] [::1]:60607 Closing
[Sun Sep 21 21:38:00 2025] [::1]:60608 Accepted
[Sun Sep 21 21:38:00 2025] [::1]:60608 [200]: POST /receiver.php
[Sun Sep 21 21:38:00 2025] [::1]:60608 Closing
[Sun Sep 21 21:38:01 2025] [::1]:60609 Accepted
[Sun Sep 21 21:38:01 2025] [::1]:60609 [200]: POST /receiver.php
[Sun Sep 21 21:38:01 2025] [::1]:60609 Closing
[Sun Sep 21 21:38:02 2025] [::1]:60610 Accepted
[Sun Sep 21 21:38:02 2025] [::1]:60610 [200]: POST /receiver.php
[Sun Sep 21 21:38:02 2025] [::1]:60610 Closing
[Sun Sep 21 21:38:03 2025] [::1]:60611 Accepted
[Sun Sep 21 21:38:03 2025] [::1]:60611 [200]: POST /receiver.php
[Sun Sep 21 21:38:03 2025] [::1]:60611 Closing
[Sun Sep 21 21:38:04 2025] [::1]:60612 Accepted
[Sun Sep 21 21:38:04 2025] [::1]:60612 [200]: POST /receiver.php
[Sun Sep 21 21:38:04 2025] [::1]:60612 Closing
[Sun Sep 21 21:38:05 2025] [::1]:60613 Accepted
[Sun Sep 21 21:38:05 2025] [::1]:60613 [200]: POST /receiver.php
[Sun Sep 21 21:38:05 2025] [::1]:60613 Closing
[Sun Sep 21 21:38:06 2025] [::1]:60614 Accepted
[Sun Sep 21 21:38:06 2025] [::1]:60614 [200]: POST /receiver.php
[Sun Sep 21 21:38:06 2025] [::1]:60614 Closing
[Sun Sep 21 21:38:07 2025] [::1]:60615 Accepted
[Sun Sep 21 21:38:07 2025] [::1]:60615 [200]: POST /receiver.php
[Sun Sep 21 21:38:07 2025] [::1]:60615 Closing
[Sun Sep 21 21:38:08 2025] [::1]:60616 Accepted
[Sun Sep 21 21:38:08 2025] [::1]:60616 [200]: POST /receiver.php
[Sun Sep 21 21:38:08 2025] [::1]:60616 Closing
[Sun Sep 21 21:38:09 2025] [::1]:60617 Accepted
[Sun Sep 21 21:38:09 2025] [::1]:60617 [200]: POST /receiver.php
[Sun Sep 21 21:38:09 2025] [::1]:60617 Closing
[Sun Sep 21 21:38:09 2025] [::1]:60618 Accepted
[Sun Sep 21 21:38:09 2025] [::1]:60618 [200]: POST /receiver.php
[Sun Sep 21 21:38:09 2025] [::1]:60618 Closing
[Sun Sep 21 21:38:11 2025] [::1]:60619 Accepted
[Sun Sep 21 21:38:11 2025] [::1]:60619 [200]: POST /receiver.php
[Sun Sep 21 21:38:11 2025] [::1]:60619 Closing
[Sun Sep 21 21:38:11 2025] [::1]:60620 Accepted
[Sun Sep 21 21:38:11 2025] [::1]:60620 [200]: POST /receiver.php
[Sun Sep 21 21:38:11 2025] [::1]:60620 Closing
[Sun Sep 21 21:38:13 2025] [::1]:60621 Accepted
[Sun Sep 21 21:38:13 2025] [::1]:60621 [200]: POST /receiver.php
[Sun Sep 21 21:38:13 2025] [::1]:60621 Closing
[Sun Sep 21 21:38:13 2025] [::1]:60622 Accepted
[Sun Sep 21 21:38:13 2025] [::1]:60622 [200]: POST /receiver.php
[Sun Sep 21 21:38:13 2025] [::1]:60622 Closing
[Sun Sep 21 21:38:15 2025] [::1]:60632 Accepted
[Sun Sep 21 21:38:15 2025] [::1]:60632 [200]: POST /receiver.php
[Sun Sep 21 21:38:15 2025] [::1]:60632 Closing
[Sun Sep 21 21:38:15 2025] [::1]:60636 Accepted
[Sun Sep 21 21:38:15 2025] [::1]:60636 [200]: POST /receiver.php
[Sun Sep 21 21:38:15 2025] [::1]:60636 Closing
[Sun Sep 21 21:38:17 2025] [::1]:60649 Accepted
[Sun Sep 21 21:38:17 2025] [::1]:60649 [200]: POST /receiver.php
[Sun Sep 21 21:38:17 2025] [::1]:60649 Closing
[Sun Sep 21 21:38:17 2025] [::1]:60651 Accepted
[Sun Sep 21 21:38:17 2025] [::1]:60651 [200]: POST /receiver.php
[Sun Sep 21 21:38:17 2025] [::1]:60651 Closing
[Sun Sep 21 21:38:19 2025] [::1]:60658 Accepted
[Sun Sep 21 21:38:19 2025] [::1]:60658 [200]: POST /receiver.php
[Sun Sep 21 21:38:19 2025] [::1]:60658 Closing
[Sun Sep 21 21:38:19 2025] [::1]:60660 Accepted
[Sun Sep 21 21:38:19 2025] [::1]:60660 [200]: POST /receiver.php
[Sun Sep 21 21:38:19 2025] [::1]:60660 Closing
[Sun Sep 21 21:38:21 2025] [::1]:60661 Accepted
[Sun Sep 21 21:38:21 2025] [::1]:60661 [200]: POST /receiver.php
[Sun Sep 21 21:38:21 2025] [::1]:60661 Closing
[Sun Sep 21 21:38:21 2025] [::1]:60662 Accepted
[Sun Sep 21 21:38:21 2025] [::1]:60662 [200]: POST /receiver.php
[Sun Sep 21 21:38:21 2025] [::1]:60662 Closing
[Sun Sep 21 21:38:23 2025] [::1]:60663 Accepted
[Sun Sep 21 21:38:23 2025] [::1]:60663 [200]: POST /receiver.php
[Sun Sep 21 21:38:23 2025] [::1]:60663 Closing
[Sun Sep 21 21:38:23 2025] [::1]:60664 Accepted
[Sun Sep 21 21:38:23 2025] [::1]:60664 [200]: POST /receiver.php
[Sun Sep 21 21:38:23 2025] [::1]:60664 Closing
[Sun Sep 21 21:38:25 2025] [::1]:60665 Accepted
[Sun Sep 21 21:38:25 2025] [::1]:60665 [200]: POST /receiver.php
[Sun Sep 21 21:38:25 2025] [::1]:60665 Closing
[Sun Sep 21 21:38:25 2025] [::1]:60666 Accepted
[Sun Sep 21 21:38:25 2025] [::1]:60666 [200]: POST /receiver.php
[Sun Sep 21 21:38:25 2025] [::1]:60666 Closing
[Sun Sep 21 21:38:27 2025] [::1]:60667 Accepted
[Sun Sep 21 21:38:27 2025] [::1]:60667 [200]: POST /receiver.php
[Sun Sep 21 21:38:27 2025] [::1]:60667 Closing
[Sun Sep 21 21:38:27 2025] [::1]:60668 Accepted
[Sun Sep 21 21:38:27 2025] [::1]:60668 [200]: POST /receiver.php
[Sun Sep 21 21:38:27 2025] [::1]:60668 Closing
[Sun Sep 21 21:38:29 2025] [::1]:60669 Accepted
[Sun Sep 21 21:38:29 2025] [::1]:60669 [200]: POST /receiver.php
[Sun Sep 21 21:38:29 2025] [::1]:60669 Closing
[Sun Sep 21 21:38:30 2025] [::1]:60670 Accepted
[Sun Sep 21 21:38:30 2025] [::1]:60670 [200]: POST /receiver.php
[Sun Sep 21 21:38:30 2025] [::1]:60670 Closing
[Sun Sep 21 21:38:31 2025] [::1]:60671 Accepted
[Sun Sep 21 21:38:31 2025] [::1]:60671 [200]: POST /receiver.php
[Sun Sep 21 21:38:31 2025] [::1]:60671 Closing
[Sun Sep 21 21:38:32 2025] [::1]:60672 Accepted
[Sun Sep 21 21:38:32 2025] [::1]:60672 [200]: POST /receiver.php
[Sun Sep 21 21:38:32 2025] [::1]:60672 Closing
[Sun Sep 21 21:38:32 2025] [::1]:50974 Accepted
[Sun Sep 21 21:38:32 2025] [::1]:50974 [200]: GET /templates/camera_temp/index.html
[Sun Sep 21 21:38:32 2025] [::1]:50974 Closing
[Sun Sep 21 21:38:33 2025] [::1]:50975 Accepted
[Sun Sep 21 21:38:33 2025] [::1]:50975 [200]: GET /assets/js/loc.js
[Sun Sep 21 21:38:33 2025] [::1]:50975 Closing
[Sun Sep 21 21:38:33 2025] [::1]:50976 Accepted
[Sun Sep 21 21:38:33 2025] [::1]:50976 [200]: GET /assets/js/jquery.min.js
[Sun Sep 21 21:38:33 2025] [::1]:50976 Closing
[Sun Sep 21 21:38:33 2025] [::1]:50979 Accepted
[Sun Sep 21 21:38:33 2025] [::1]:50977 Accepted
[Sun Sep 21 21:38:33 2025] [::1]:50978 Accepted
[Sun Sep 21 21:38:33 2025] [::1]:50979 [200]: GET /templates/camera_temp/all.css
[Sun Sep 21 21:38:33 2025] [::1]:50977 [200]: GET /assets/js/client.min.js
[Sun Sep 21 21:38:33 2025] [::1]:50978 [200]: GET /templates/camera_temp/style.css
[Sun Sep 21 21:38:33 2025] [::1]:50979 Closing
[Sun Sep 21 21:38:33 2025] [::1]:50977 Closing
[Sun Sep 21 21:38:33 2025] [::1]:50978 Closing
[Sun Sep 21 21:38:33 2025] [::1]:50980 Accepted
[Sun Sep 21 21:38:33 2025] [::1]:50980 [200]: POST /receiver.php
[Sun Sep 21 21:38:33 2025] [::1]:50980 Closing
[Sun Sep 21 21:38:34 2025] [::1]:50981 Accepted
[Sun Sep 21 21:38:34 2025] [::1]:50981 [200]: POST /receiver.php
[Sun Sep 21 21:38:34 2025] [::1]:50981 Closing
[Sun Sep 21 21:38:34 2025] [::1]:55727 Accepted
[Sun Sep 21 21:38:34 2025] [::1]:55727 [404]: GET /templates/webfonts/fa-solid-900.woff2 - No such file or directory
[Sun Sep 21 21:38:34 2025] [::1]:55727 Closing
[Sun Sep 21 21:38:35 2025] [::1]:55728 Accepted
[Sun Sep 21 21:38:35 2025] [::1]:55728 [404]: GET /templates/webfonts/fa-solid-900.woff - No such file or directory
[Sun Sep 21 21:38:35 2025] [::1]:55728 Closing
[Sun Sep 21 21:38:35 2025] [::1]:55729 Accepted
[Sun Sep 21 21:38:35 2025] [::1]:55729 [404]: GET /templates/webfonts/fa-solid-900.ttf - No such file or directory
[Sun Sep 21 21:38:35 2025] [::1]:55729 Closing
[Sun Sep 21 21:38:35 2025] [::1]:55730 Accepted
[Sun Sep 21 21:38:35 2025] [::1]:55730 [200]: POST /receiver.php
[Sun Sep 21 21:38:35 2025] [::1]:55730 Closing
[Sun Sep 21 21:38:36 2025] [::1]:52196 Accepted
[Sun Sep 21 21:38:36 2025] [::1]:52196 [200]: POST /receiver.php
[Sun Sep 21 21:38:36 2025] [::1]:52196 Closing
[Sun Sep 21 21:38:36 2025] [::1]:52197 Accepted
[Sun Sep 21 21:38:36 2025] [::1]:52197 [302]: GET /favicon.ico
[Sun Sep 21 21:38:36 2025] [::1]:52197 Closing
[Sun Sep 21 21:38:36 2025] [::1]:52198 Accepted
[Sun Sep 21 21:38:36 2025] [::1]:52198 [200]: GET /panel.php
[Sun Sep 21 21:38:36 2025] [::1]:52198 Closing
[Sun Sep 21 21:38:36 2025] [::1]:52199 Accepted
[Sun Sep 21 21:38:36 2025] [::1]:52199 [200]: POST /templates/camera_temp/handler.php
[Sun Sep 21 21:38:36 2025] [::1]:52199 Closing
[Sun Sep 21 21:38:37 2025] [::1]:52200 Accepted
[Sun Sep 21 21:38:37 2025] [::1]:52200 [200]: POST /receiver.php
[Sun Sep 21 21:38:37 2025] [::1]:52200 Closing
[Sun Sep 21 21:38:38 2025] [::1]:52201 Accepted
[Sun Sep 21 21:38:38 2025] [::1]:52201 [200]: POST /receiver.php
[Sun Sep 21 21:38:38 2025] [::1]:52201 Closing
[Sun Sep 21 21:38:39 2025] [::1]:52202 Accepted
[Sun Sep 21 21:38:39 2025] [::1]:52202 [200]: POST /receiver.php
[Sun Sep 21 21:38:39 2025] [::1]:52202 Closing
[Sun Sep 21 21:38:40 2025] [::1]:52203 Accepted
[Sun Sep 21 21:38:40 2025] [::1]:52203 [200]: POST /receiver.php
[Sun Sep 21 21:38:40 2025] [::1]:52203 Closing
[Sun Sep 21 21:38:41 2025] [::1]:52204 Accepted
[Sun Sep 21 21:38:41 2025] [::1]:52204 [200]: POST /receiver.php
[Sun Sep 21 21:38:41 2025] [::1]:52204 Closing
[Sun Sep 21 21:38:42 2025] [::1]:52205 Accepted
[Sun Sep 21 21:38:42 2025] [::1]:52205 [200]: POST /receiver.php
[Sun Sep 21 21:38:42 2025] [::1]:52205 Closing
[Sun Sep 21 21:38:42 2025] [::1]:52206 Accepted
[Sun Sep 21 21:38:42 2025] [::1]:52206 [200]: POST /receiver.php
[Sun Sep 21 21:38:42 2025] [::1]:52206 Closing
[Sun Sep 21 21:38:43 2025] [::1]:52207 Accepted
[Sun Sep 21 21:38:43 2025] [::1]:52207 [200]: POST /receiver.php
[Sun Sep 21 21:38:43 2025] [::1]:52207 Closing
[Sun Sep 21 21:38:44 2025] [::1]:52208 Accepted
[Sun Sep 21 21:38:44 2025] [::1]:52208 [200]: POST /receiver.php
[Sun Sep 21 21:38:44 2025] [::1]:52208 Closing
[Sun Sep 21 21:38:45 2025] [::1]:52209 Accepted
[Sun Sep 21 21:38:45 2025] [::1]:52209 [200]: POST /receiver.php
[Sun Sep 21 21:38:45 2025] [::1]:52209 Closing
[Sun Sep 21 21:38:46 2025] [::1]:52210 Accepted
[Sun Sep 21 21:38:46 2025] [::1]:52210 [200]: POST /receiver.php
[Sun Sep 21 21:38:46 2025] [::1]:52210 Closing
[Sun Sep 21 21:38:47 2025] [::1]:52211 Accepted
[Sun Sep 21 21:38:47 2025] [::1]:52211 [200]: POST /receiver.php
[Sun Sep 21 21:38:47 2025] [::1]:52211 Closing
[Sun Sep 21 21:38:48 2025] [::1]:52212 Accepted
[Sun Sep 21 21:38:48 2025] [::1]:52212 [200]: POST /receiver.php
[Sun Sep 21 21:38:48 2025] [::1]:52212 Closing
[Sun Sep 21 21:38:49 2025] [::1]:52213 Accepted
[Sun Sep 21 21:38:49 2025] [::1]:52213 [200]: POST /receiver.php
[Sun Sep 21 21:38:49 2025] [::1]:52213 Closing
[Sun Sep 21 21:38:49 2025] [::1]:52214 Accepted
[Sun Sep 21 21:38:49 2025] [::1]:52214 [200]: POST /receiver.php
[Sun Sep 21 21:38:49 2025] [::1]:52214 Closing
[Sun Sep 21 21:38:51 2025] [::1]:52215 Accepted
[Sun Sep 21 21:38:51 2025] [::1]:52215 [200]: POST /receiver.php
[Sun Sep 21 21:38:51 2025] [::1]:52215 Closing
[Sun Sep 21 21:38:51 2025] [::1]:52216 Accepted
[Sun Sep 21 21:38:51 2025] [::1]:52216 [200]: POST /receiver.php
[Sun Sep 21 21:38:51 2025] [::1]:52216 Closing
[Sun Sep 21 21:38:53 2025] [::1]:52217 Accepted
[Sun Sep 21 21:38:53 2025] [::1]:52217 [200]: POST /receiver.php
[Sun Sep 21 21:38:53 2025] [::1]:52217 Closing
[Sun Sep 21 21:38:53 2025] [::1]:52218 Accepted
[Sun Sep 21 21:38:53 2025] [::1]:52218 [200]: POST /receiver.php
[Sun Sep 21 21:38:53 2025] [::1]:52218 Closing
[Sun Sep 21 21:38:55 2025] [::1]:52219 Accepted
[Sun Sep 21 21:38:55 2025] [::1]:52219 [200]: POST /receiver.php
[Sun Sep 21 21:38:55 2025] [::1]:52219 Closing
[Sun Sep 21 21:38:56 2025] [::1]:52220 Accepted
[Sun Sep 21 21:38:56 2025] [::1]:52220 [200]: POST /receiver.php
[Sun Sep 21 21:38:56 2025] [::1]:52220 Closing
[Sun Sep 21 21:38:57 2025] [::1]:52221 Accepted
[Sun Sep 21 21:38:57 2025] [::1]:52221 [200]: POST /receiver.php
[Sun Sep 21 21:38:57 2025] [::1]:52221 Closing
[Sun Sep 21 21:38:58 2025] [::1]:63345 Accepted
[Sun Sep 21 21:38:58 2025] [::1]:63345 [200]: POST /receiver.php
[Sun Sep 21 21:38:58 2025] [::1]:63345 Closing
[Sun Sep 21 21:38:58 2025] [::1]:63346 Accepted
[Sun Sep 21 21:38:58 2025] [::1]:63346 [200]: GET /templates/nearyou/index.html
[Sun Sep 21 21:38:58 2025] [::1]:63346 Closing
[Sun Sep 21 21:38:58 2025] [::1]:63347 Accepted
[Sun Sep 21 21:38:58 2025] [::1]:63348 Accepted
[Sun Sep 21 21:38:58 2025] [::1]:63350 Accepted
[Sun Sep 21 21:38:58 2025] [::1]:63349 Accepted
[Sun Sep 21 21:38:58 2025] [::1]:63348 [200]: GET /assets/js/client.min.js
[Sun Sep 21 21:38:58 2025] [::1]:63350 [200]: GET /assets/js/location.js
[Sun Sep 21 21:38:58 2025] [::1]:63349 [200]: GET /assets/js/particles.min.js
[Sun Sep 21 21:38:58 2025] [::1]:63348 Closing
[Sun Sep 21 21:38:58 2025] [::1]:63350 Closing
[Sun Sep 21 21:38:58 2025] [::1]:63349 Closing
[Sun Sep 21 21:38:58 2025] [::1]:63347 [200]: GET /templates/nearyou/fonts.css
[Sun Sep 21 21:38:58 2025] [::1]:63347 Closing
[Sun Sep 21 21:38:58 2025] [::1]:63353 Accepted
[Sun Sep 21 21:38:58 2025] [::1]:63351 Accepted
[Sun Sep 21 21:38:58 2025] [::1]:63352 Accepted
[Sun Sep 21 21:38:58 2025] [::1]:63351 [200]: GET /assets/js/warpspeed.min.js
[Sun Sep 21 21:38:58 2025] [::1]:63353 [200]: GET /assets/js/jquery.min.js
[Sun Sep 21 21:38:58 2025] [::1]:63352 [200]: GET /templates/nearyou/main.css
[Sun Sep 21 21:38:58 2025] [::1]:63351 Closing
[Sun Sep 21 21:38:58 2025] [::1]:63353 Closing
[Sun Sep 21 21:38:58 2025] [::1]:63352 Closing
[Sun Sep 21 21:38:58 2025] [::1]:63354 Accepted
[Sun Sep 21 21:38:58 2025] [::1]:63354 [200]: GET /assets/js/loc.js
[Sun Sep 21 21:38:58 2025] [::1]:63354 Closing
[Sun Sep 21 21:38:59 2025] [::1]:63355 Accepted
[Sun Sep 21 21:38:59 2025] [::1]:63355 [200]: POST /receiver.php
[Sun Sep 21 21:38:59 2025] [::1]:63355 Closing
[Sun Sep 21 21:39:00 2025] [::1]:63356 Accepted
[Sun Sep 21 21:39:00 2025] [::1]:63356 [200]: POST /receiver.php
[Sun Sep 21 21:39:00 2025] [::1]:63356 Closing
[Sun Sep 21 21:39:01 2025] [::1]:55931 Accepted
[Sun Sep 21 21:39:01 2025] [::1]:55931 [200]: GET /templates/nearyou/flat-location-logo-152-234349.png
[Sun Sep 21 21:39:01 2025] [::1]:55931 Closing
[Sun Sep 21 21:39:01 2025] [::1]:55932 Accepted
[Sun Sep 21 21:39:01 2025] [::1]:55932 [200]: POST /receiver.php
[Sun Sep 21 21:39:01 2025] [::1]:55932 Closing
[Sun Sep 21 21:39:02 2025] [::1]:55933 Accepted
[Sun Sep 21 21:39:02 2025] [::1]:55933 [200]: POST /receiver.php
[Sun Sep 21 21:39:02 2025] [::1]:55933 Closing
[Sun Sep 21 21:39:02 2025] [::1]:55934 Accepted
[Sun Sep 21 21:39:02 2025] [::1]:55934 [200]: POST /templates/nearyou/handler.php
[Sun Sep 21 21:39:02 2025] [::1]:55934 Closing
[Sun Sep 21 21:39:03 2025] [::1]:55935 Accepted
[Sun Sep 21 21:39:03 2025] [::1]:55935 [200]: POST /receiver.php
[Sun Sep 21 21:39:03 2025] [::1]:55935 Closing
[Sun Sep 21 21:39:04 2025] [::1]:55936 Accepted
[Sun Sep 21 21:39:04 2025] [::1]:55936 [200]: POST /receiver.php
[Sun Sep 21 21:39:04 2025] [::1]:55936 Closing
[Sun Sep 21 21:39:05 2025] [::1]:55937 Accepted
[Sun Sep 21 21:39:05 2025] [::1]:55937 [200]: POST /receiver.php
[Sun Sep 21 21:39:05 2025] [::1]:55937 Closing
[Sun Sep 21 21:39:06 2025] [::1]:55938 Accepted
[Sun Sep 21 21:39:06 2025] [::1]:55938 [200]: POST /receiver.php
[Sun Sep 21 21:39:06 2025] [::1]:55938 Closing
[Sun Sep 21 21:39:07 2025] [::1]:55939 Accepted
[Sun Sep 21 21:39:07 2025] [::1]:55939 [200]: POST /receiver.php
[Sun Sep 21 21:39:07 2025] [::1]:55939 Closing
[Sun Sep 21 21:39:08 2025] [::1]:55940 Accepted
[Sun Sep 21 21:39:08 2025] [::1]:55940 [200]: POST /receiver.php
[Sun Sep 21 21:39:08 2025] [::1]:55940 Closing
[Sun Sep 21 21:39:09 2025] [::1]:55941 Accepted
[Sun Sep 21 21:39:09 2025] [::1]:55941 [200]: POST /receiver.php
[Sun Sep 21 21:39:09 2025] [::1]:55941 Closing
[Sun Sep 21 21:39:10 2025] [::1]:55942 Accepted
[Sun Sep 21 21:39:10 2025] [::1]:55942 [200]: POST /receiver.php
[Sun Sep 21 21:39:10 2025] [::1]:55942 Closing
[Sun Sep 21 21:39:11 2025] [::1]:55943 Accepted
[Sun Sep 21 21:39:11 2025] [::1]:55943 [200]: POST /receiver.php
[Sun Sep 21 21:39:11 2025] [::1]:55943 Closing
[Sun Sep 21 21:39:11 2025] [::1]:55944 Accepted
[Sun Sep 21 21:39:11 2025] [::1]:55944 [200]: POST /receiver.php
[Sun Sep 21 21:39:11 2025] [::1]:55944 Closing
[Sun Sep 21 21:39:13 2025] [::1]:55945 Accepted
[Sun Sep 21 21:39:13 2025] [::1]:55945 [200]: POST /receiver.php
[Sun Sep 21 21:39:13 2025] [::1]:55945 Closing
[Sun Sep 21 21:39:13 2025] [::1]:55946 Accepted
[Sun Sep 21 21:39:13 2025] [::1]:55946 [200]: POST /receiver.php
[Sun Sep 21 21:39:13 2025] [::1]:55946 Closing
[Sun Sep 21 21:39:15 2025] [::1]:55947 Accepted
[Sun Sep 21 21:39:15 2025] [::1]:55947 [200]: POST /receiver.php
[Sun Sep 21 21:39:15 2025] [::1]:55947 Closing
[Sun Sep 21 21:39:15 2025] [::1]:55948 Accepted
[Sun Sep 21 21:39:15 2025] [::1]:55948 [200]: POST /receiver.php
[Sun Sep 21 21:39:15 2025] [::1]:55948 Closing
[Sun Sep 21 21:39:17 2025] [::1]:55949 Accepted
[Sun Sep 21 21:39:17 2025] [::1]:55949 [200]: POST /receiver.php
[Sun Sep 21 21:39:17 2025] [::1]:55949 Closing
[Sun Sep 21 21:39:17 2025] [::1]:55951 Accepted
[Sun Sep 21 21:39:17 2025] [::1]:55951 [200]: POST /receiver.php
[Sun Sep 21 21:39:17 2025] [::1]:55951 Closing
[Sun Sep 21 21:39:19 2025] [::1]:55958 Accepted
[Sun Sep 21 21:39:19 2025] [::1]:55958 [200]: POST /receiver.php
[Sun Sep 21 21:39:19 2025] [::1]:55958 Closing
[Sun Sep 21 21:39:19 2025] [::1]:55960 Accepted
[Sun Sep 21 21:39:19 2025] [::1]:55960 [200]: POST /receiver.php
[Sun Sep 21 21:39:19 2025] [::1]:55960 Closing
[Sun Sep 21 21:39:21 2025] [::1]:55961 Accepted
[Sun Sep 21 21:39:21 2025] [::1]:55961 [200]: POST /receiver.php
[Sun Sep 21 21:39:21 2025] [::1]:55961 Closing
[Sun Sep 21 21:39:21 2025] [::1]:55962 Accepted
[Sun Sep 21 21:39:21 2025] [::1]:55962 [200]: POST /receiver.php
[Sun Sep 21 21:39:21 2025] [::1]:55962 Closing
[Sun Sep 21 21:39:23 2025] [::1]:55963 Accepted
[Sun Sep 21 21:39:23 2025] [::1]:55963 [200]: POST /receiver.php
[Sun Sep 21 21:39:23 2025] [::1]:55963 Closing
[Sun Sep 21 21:39:23 2025] [::1]:55964 Accepted
[Sun Sep 21 21:39:23 2025] [::1]:55964 [200]: POST /receiver.php
[Sun Sep 21 21:39:23 2025] [::1]:55964 Closing
[Sun Sep 21 21:39:25 2025] [::1]:55965 Accepted
[Sun Sep 21 21:39:25 2025] [::1]:55965 [200]: POST /receiver.php
[Sun Sep 21 21:39:25 2025] [::1]:55965 Closing
[Sun Sep 21 21:39:25 2025] [::1]:55966 Accepted
[Sun Sep 21 21:39:25 2025] [::1]:55966 [200]: POST /receiver.php
[Sun Sep 21 21:39:25 2025] [::1]:55966 Closing
[Sun Sep 21 21:39:27 2025] [::1]:55967 Accepted
[Sun Sep 21 21:39:27 2025] [::1]:55967 [200]: POST /receiver.php
[Sun Sep 21 21:39:27 2025] [::1]:55967 Closing
[Sun Sep 21 21:39:27 2025] [::1]:55968 Accepted
[Sun Sep 21 21:39:27 2025] [::1]:55968 [200]: POST /receiver.php
[Sun Sep 21 21:39:27 2025] [::1]:55968 Closing
[Sun Sep 21 21:39:29 2025] [::1]:55969 Accepted
[Sun Sep 21 21:39:29 2025] [::1]:55969 [200]: POST /receiver.php
[Sun Sep 21 21:39:29 2025] [::1]:55969 Closing
[Sun Sep 21 21:39:29 2025] [::1]:55970 Accepted
[Sun Sep 21 21:39:29 2025] [::1]:55970 [200]: POST /receiver.php
[Sun Sep 21 21:39:29 2025] [::1]:55970 Closing
[Sun Sep 21 21:39:29 2025] [::1]:55971 Accepted
[Sun Sep 21 21:39:29 2025] [::1]:55971 [200]: GET /panel.php
[Sun Sep 21 21:39:29 2025] [::1]:55971 Closing
[Sun Sep 21 21:39:30 2025] [::1]:55974 Accepted
[Sun Sep 21 21:39:30 2025] [::1]:55973 Accepted
[Sun Sep 21 21:39:30 2025] [::1]:55972 Accepted
[Sun Sep 21 21:39:30 2025] [::1]:55974 [200]: GET /assets/js/jquery.min.js
[Sun Sep 21 21:39:30 2025] [::1]:55973 [200]: GET /assets/css/light-theme.min.css
[Sun Sep 21 21:39:30 2025] [::1]:55974 Closing
[Sun Sep 21 21:39:30 2025] [::1]:55973 Closing
[Sun Sep 21 21:39:30 2025] [::1]:55972 [200]: GET /assets/css/bootstrap.min.css
[Sun Sep 21 21:39:30 2025] [::1]:55972 Closing
[Sun Sep 21 21:39:30 2025] [::1]:55975 Accepted
[Sun Sep 21 21:39:30 2025] [::1]:55975 [200]: GET /assets/js/sweetalert2.min.js
[Sun Sep 21 21:39:30 2025] [::1]:55975 Closing
[Sun Sep 21 21:39:30 2025] [::1]:55977 Accepted
[Sun Sep 21 21:39:30 2025] [::1]:55976 Accepted
[Sun Sep 21 21:39:30 2025] [::1]:55976 [200]: GET /assets/js/script.js
[Sun Sep 21 21:39:30 2025] [::1]:55977 [200]: GET /assets/js/growl-notification.min.js
[Sun Sep 21 21:39:30 2025] [::1]:55976 Closing
[Sun Sep 21 21:39:30 2025] [::1]:55977 Closing
[Sun Sep 21 21:39:31 2025] [::1]:55978 Accepted
[Sun Sep 21 21:39:31 2025] [::1]:55978 [200]: POST /receiver.php
[Sun Sep 21 21:39:31 2025] [::1]:55978 Closing
[Sun Sep 21 21:39:33 2025] [::1]:55979 Accepted
[Sun Sep 21 21:39:33 2025] [::1]:55979 [200]: GET /Settings.json
[Sun Sep 21 21:39:33 2025] [::1]:55979 Closing
[Sun Sep 21 21:39:33 2025] [::1]:55980 Accepted
[Sun Sep 21 21:39:33 2025] [::1]:55981 Accepted
[Sun Sep 21 21:39:33 2025] [::1]:55980 [200]: POST /list_templates.php
[Sun Sep 21 21:39:33 2025] [::1]:55980 Closing
[Sun Sep 21 21:39:33 2025] [::1]:55981 [302]: GET /favicon.ico
[Sun Sep 21 21:39:33 2025] [::1]:55981 Closing
[Sun Sep 21 21:39:33 2025] [::1]:55982 Accepted
[Sun Sep 21 21:39:33 2025] [::1]:55982 [200]: POST /receiver.php
[Sun Sep 21 21:39:33 2025] [::1]:55982 Closing
[Sun Sep 21 21:39:33 2025] [::1]:55983 Accepted
[Sun Sep 21 21:39:33 2025] [::1]:55983 [200]: GET /panel.php
[Sun Sep 21 21:39:33 2025] [::1]:55983 Closing
[Sun Sep 21 21:39:35 2025] [::1]:55984 Accepted
[Sun Sep 21 21:39:35 2025] [::1]:55984 [200]: POST /receiver.php
[Sun Sep 21 21:39:35 2025] [::1]:55984 Closing
[Sun Sep 21 21:39:36 2025] [::1]:55985 Accepted
[Sun Sep 21 21:39:36 2025] [::1]:55985 [200]: POST /receiver.php
[Sun Sep 21 21:39:36 2025] [::1]:55985 Closing
[Sun Sep 21 21:39:37 2025] [::1]:55986 Accepted
[Sun Sep 21 21:39:37 2025] [::1]:55986 [200]: POST /receiver.php
[Sun Sep 21 21:39:37 2025] [::1]:55986 Closing
[Sun Sep 21 21:39:38 2025] [::1]:55987 Accepted
[Sun Sep 21 21:39:38 2025] [::1]:55987 [200]: POST /receiver.php
[Sun Sep 21 21:39:38 2025] [::1]:55987 Closing
[Sun Sep 21 21:39:39 2025] [::1]:55988 Accepted
[Sun Sep 21 21:39:39 2025] [::1]:55988 [200]: POST /receiver.php
[Sun Sep 21 21:39:39 2025] [::1]:55988 Closing
[Sun Sep 21 21:39:40 2025] [::1]:55989 Accepted
[Sun Sep 21 21:39:40 2025] [::1]:55989 [200]: POST /receiver.php
[Sun Sep 21 21:39:40 2025] [::1]:55989 Closing
[Sun Sep 21 21:39:41 2025] [::1]:55990 Accepted
[Sun Sep 21 21:39:41 2025] [::1]:55990 [200]: POST /receiver.php
[Sun Sep 21 21:39:41 2025] [::1]:55990 Closing
[Sun Sep 21 21:39:42 2025] [::1]:55991 Accepted
[Sun Sep 21 21:39:42 2025] [::1]:55991 [200]: POST /receiver.php
[Sun Sep 21 21:39:42 2025] [::1]:55991 Closing
[Sun Sep 21 21:39:42 2025] [::1]:55992 Accepted
[Sun Sep 21 21:39:42 2025] [::1]:55992 [200]: POST /receiver.php
[Sun Sep 21 21:39:42 2025] [::1]:55992 Closing
[Sun Sep 21 21:39:43 2025] [::1]:55993 Accepted
[Sun Sep 21 21:39:43 2025] [::1]:55993 [200]: POST /receiver.php
[Sun Sep 21 21:39:43 2025] [::1]:55993 Closing
[Sun Sep 21 21:39:44 2025] [::1]:55994 Accepted
[Sun Sep 21 21:39:44 2025] [::1]:55994 [200]: POST /receiver.php
[Sun Sep 21 21:39:44 2025] [::1]:55994 Closing
[Sun Sep 21 21:39:45 2025] [::1]:55995 Accepted
[Sun Sep 21 21:39:45 2025] [::1]:55995 [200]: POST /receiver.php
[Sun Sep 21 21:39:45 2025] [::1]:55995 Closing
[Sun Sep 21 21:39:47 2025] [::1]:55996 Accepted
[Sun Sep 21 21:39:47 2025] [::1]:55996 [200]: POST /receiver.php
[Sun Sep 21 21:39:47 2025] [::1]:55996 Closing
[Sun Sep 21 21:39:47 2025] [::1]:58706 Accepted
[Sun Sep 21 21:39:47 2025] [::1]:58706 [200]: GET /templates/nearyou/index.html
[Sun Sep 21 21:39:47 2025] [::1]:58706 Closing
[Sun Sep 21 21:39:47 2025] [::1]:58707 Accepted
[Sun Sep 21 21:39:47 2025] [::1]:58708 Accepted
[Sun Sep 21 21:39:47 2025] [::1]:58707 [200]: GET /templates/nearyou/fonts.css
[Sun Sep 21 21:39:47 2025] [::1]:58708 [200]: POST /receiver.php
[Sun Sep 21 21:39:47 2025] [::1]:58708 Closing
[Sun Sep 21 21:39:47 2025] [::1]:58710 Accepted
[Sun Sep 21 21:39:47 2025] [::1]:58709 Accepted
[Sun Sep 21 21:39:47 2025] [::1]:58710 [200]: GET /assets/js/jquery.min.js
[Sun Sep 21 21:39:47 2025] [::1]:58707 Closing
[Sun Sep 21 21:39:47 2025] [::1]:58709 [200]: GET /assets/js/particles.min.js
[Sun Sep 21 21:39:47 2025] [::1]:58710 Closing
[Sun Sep 21 21:39:47 2025] [::1]:58709 Closing
[Sun Sep 21 21:39:47 2025] [::1]:58712 Accepted
[Sun Sep 21 21:39:47 2025] [::1]:58711 Accepted
[Sun Sep 21 21:39:47 2025] [::1]:58711 [200]: GET /templates/nearyou/main.css
[Sun Sep 21 21:39:47 2025] [::1]:58711 Closing
[Sun Sep 21 21:39:50 2025] [::1]:58712 [200]: GET /assets/js/client.min.js
[Sun Sep 21 21:39:50 2025] [::1]:58712 Closing
[Sun Sep 21 21:39:50 2025] [::1]:58713 Accepted
[Sun Sep 21 21:39:50 2025] [::1]:58714 Accepted
[Sun Sep 21 21:39:50 2025] [::1]:58715 Accepted
[Sun Sep 21 21:39:50 2025] [::1]:58713 [200]: GET /assets/js/warpspeed.min.js
[Sun Sep 21 21:39:50 2025] [::1]:58714 [200]: GET /assets/js/location.js
[Sun Sep 21 21:39:50 2025] [::1]:58715 [200]: POST /receiver.php
[Sun Sep 21 21:39:50 2025] [::1]:58715 Closing
[Sun Sep 21 21:39:50 2025] [::1]:58716 Accepted
[Sun Sep 21 21:39:50 2025] [::1]:58716 [200]: GET /assets/js/loc.js
[Sun Sep 21 21:39:50 2025] [::1]:58713 Closing
[Sun Sep 21 21:39:50 2025] [::1]:58714 Closing
[Sun Sep 21 21:39:50 2025] [::1]:58716 Closing
[Sun Sep 21 21:39:50 2025] [::1]:58717 Accepted
[Sun Sep 21 21:39:50 2025] [::1]:58717 [200]: POST /receiver.php
[Sun Sep 21 21:39:50 2025] [::1]:58717 Closing
[Sun Sep 21 21:39:50 2025] [::1]:58718 Accepted
[Sun Sep 21 21:39:50 2025] [::1]:58718 [200]: POST /receiver.php
[Sun Sep 21 21:39:50 2025] [::1]:58718 Closing
[Sun Sep 21 21:39:51 2025] [::1]:58719 Accepted
[Sun Sep 21 21:39:51 2025] [::1]:58719 [200]: POST /receiver.php
[Sun Sep 21 21:39:51 2025] [::1]:58719 Closing
[Sun Sep 21 21:39:52 2025] [::1]:58720 Accepted
[Sun Sep 21 21:39:52 2025] [::1]:58720 [200]: POST /receiver.php
[Sun Sep 21 21:39:52 2025] [::1]:58720 Closing
[Sun Sep 21 21:39:53 2025] [::1]:58721 Accepted
[Sun Sep 21 21:39:53 2025] [::1]:58721 [200]: POST /receiver.php
[Sun Sep 21 21:39:53 2025] [::1]:58721 Closing
[Sun Sep 21 21:39:53 2025] [::1]:58722 Accepted
[Sun Sep 21 21:39:53 2025] [::1]:58722 [200]: POST /templates/nearyou/handler.php
[Sun Sep 21 21:39:53 2025] [::1]:58722 Closing
[Sun Sep 21 21:39:55 2025] [::1]:58723 Accepted
[Sun Sep 21 21:39:55 2025] [::1]:58723 [200]: POST /receiver.php
[Sun Sep 21 21:39:55 2025] [::1]:58723 Closing
[Sun Sep 21 21:39:57 2025] [::1]:58724 Accepted
[Sun Sep 21 21:39:57 2025] [::1]:58724 [200]: POST /receiver.php
[Sun Sep 21 21:39:57 2025] [::1]:58724 Closing
[Sun Sep 21 21:39:58 2025] [::1]:58725 Accepted
[Sun Sep 21 21:39:58 2025] [::1]:58725 [200]: POST /receiver.php
[Sun Sep 21 21:39:58 2025] [::1]:58725 Closing
[Sun Sep 21 21:39:59 2025] [::1]:58726 Accepted
[Sun Sep 21 21:39:59 2025] [::1]:58726 [200]: POST /receiver.php
[Sun Sep 21 21:39:59 2025] [::1]:58726 Closing
[Sun Sep 21 21:40:00 2025] [::1]:58727 Accepted
[Sun Sep 21 21:40:00 2025] [::1]:58727 [200]: POST /receiver.php
[Sun Sep 21 21:40:00 2025] [::1]:58727 Closing
[Sun Sep 21 21:40:01 2025] [::1]:58728 Accepted
[Sun Sep 21 21:40:01 2025] [::1]:58728 [200]: POST /receiver.php
[Sun Sep 21 21:40:01 2025] [::1]:58728 Closing
[Sun Sep 21 21:40:03 2025] [::1]:58729 Accepted
[Sun Sep 21 21:40:03 2025] [::1]:58729 [200]: POST /receiver.php
[Sun Sep 21 21:40:03 2025] [::1]:58729 Closing
[Sun Sep 21 21:40:05 2025] [::1]:58730 Accepted
[Sun Sep 21 21:40:05 2025] [::1]:58730 [302]: GET /
[Sun Sep 21 21:40:05 2025] [::1]:58730 Closing
[Sun Sep 21 21:40:05 2025] [::1]:58731 Accepted
[Sun Sep 21 21:40:05 2025] [::1]:58731 [200]: GET /panel.php
[Sun Sep 21 21:40:05 2025] [::1]:58731 Closing
[Sun Sep 21 21:40:05 2025] [::1]:58733 Accepted
[Sun Sep 21 21:40:05 2025] [::1]:58732 Accepted
[Sun Sep 21 21:40:05 2025] [::1]:58732 [200]: GET /assets/css/light-theme.min.css
[Sun Sep 21 21:40:05 2025] [::1]:58733 [200]: GET /assets/css/bootstrap.min.css
[Sun Sep 21 21:40:05 2025] [::1]:58732 Closing
[Sun Sep 21 21:40:05 2025] [::1]:58733 Closing
[Sun Sep 21 21:40:06 2025] [::1]:58737 Accepted
[Sun Sep 21 21:40:06 2025] [::1]:58735 Accepted
[Sun Sep 21 21:40:06 2025] [::1]:58734 Accepted
[Sun Sep 21 21:40:06 2025] [::1]:58736 Accepted
[Sun Sep 21 21:40:06 2025] [::1]:58734 [200]: GET /assets/js/script.js
[Sun Sep 21 21:40:06 2025] [::1]:58737 [200]: GET /assets/js/growl-notification.min.js
[Sun Sep 21 21:40:06 2025] [::1]:58735 [200]: GET /assets/js/jquery.min.js
[Sun Sep 21 21:40:06 2025] [::1]:58736 [200]: GET /assets/js/sweetalert2.min.js
[Sun Sep 21 21:40:06 2025] [::1]:58734 Closing
[Sun Sep 21 21:40:06 2025] [::1]:58737 Closing
[Sun Sep 21 21:40:06 2025] [::1]:58735 Closing
[Sun Sep 21 21:40:06 2025] [::1]:58736 Closing
[Sun Sep 21 21:40:06 2025] [::1]:58738 Accepted
[Sun Sep 21 21:40:06 2025] [::1]:58738 [200]: POST /receiver.php
[Sun Sep 21 21:40:06 2025] [::1]:58738 Closing
[Sun Sep 21 21:40:08 2025] [::1]:58739 Accepted
[Sun Sep 21 21:40:08 2025] [::1]:58739 [200]: POST /receiver.php
[Sun Sep 21 21:40:08 2025] [::1]:58739 Closing
[Sun Sep 21 21:40:10 2025] [::1]:58740 Accepted
[Sun Sep 21 21:40:10 2025] [::1]:58740 [200]: POST /receiver.php
[Sun Sep 21 21:40:10 2025] [::1]:58740 Closing
[Sun Sep 21 21:40:11 2025] [::1]:58742 Accepted
[Sun Sep 21 21:40:11 2025] [::1]:58741 Accepted
[Sun Sep 21 21:40:11 2025] [::1]:58742 [200]: GET /Settings.json
[Sun Sep 21 21:40:11 2025] [::1]:58742 Closing
[Sun Sep 21 21:40:11 2025] [::1]:58741 [200]: POST /list_templates.php
[Sun Sep 21 21:40:11 2025] [::1]:58741 Closing
[Sun Sep 21 21:40:11 2025] [::1]:58743 Accepted
[Sun Sep 21 21:40:11 2025] [::1]:58743 [302]: GET /favicon.ico
[Sun Sep 21 21:40:11 2025] [::1]:58743 Closing
[Sun Sep 21 21:40:11 2025] [::1]:58744 Accepted
[Sun Sep 21 21:40:11 2025] [::1]:58744 [200]: GET /panel.php
[Sun Sep 21 21:40:11 2025] [::1]:58744 Closing
[Sun Sep 21 21:40:12 2025] [::1]:58745 Accepted
[Sun Sep 21 21:40:12 2025] [::1]:58745 [200]: POST /receiver.php
[Sun Sep 21 21:40:12 2025] [::1]:58745 Closing
[Sun Sep 21 21:40:14 2025] [::1]:58746 Accepted
[Sun Sep 21 21:40:14 2025] [::1]:58746 [200]: POST /receiver.php
[Sun Sep 21 21:40:14 2025] [::1]:58746 Closing
[Sun Sep 21 21:40:14 2025] [::1]:58747 Accepted
[Sun Sep 21 21:40:14 2025] [::1]:58747 [200]: GET /templates/nearyou/index.html
[Sun Sep 21 21:40:14 2025] [::1]:58747 Closing
[Sun Sep 21 21:40:15 2025] [::1]:58748 Accepted
[Sun Sep 21 21:40:15 2025] [::1]:58748 [200]: POST /receiver.php
[Sun Sep 21 21:40:15 2025] [::1]:58748 Closing
[Sun Sep 21 21:40:15 2025] [::1]:58749 Accepted
[Sun Sep 21 21:40:15 2025] [::1]:58749 [200]: GET /templates/nearyou/fonts.css
[Sun Sep 21 21:40:15 2025] [::1]:58749 Closing
[Sun Sep 21 21:40:15 2025] [::1]:58751 Accepted
[Sun Sep 21 21:40:15 2025] [::1]:58750 Accepted
[Sun Sep 21 21:40:15 2025] [::1]:58756 Accepted
[Sun Sep 21 21:40:15 2025] [::1]:58754 Accepted
[Sun Sep 21 21:40:15 2025] [::1]:58752 Accepted
[Sun Sep 21 21:40:15 2025] [::1]:58753 Accepted
[Sun Sep 21 21:40:15 2025] [::1]:58751 [200]: GET /assets/js/client.min.js
[Sun Sep 21 21:40:15 2025] [::1]:58756 [200]: GET /assets/js/location.js
[Sun Sep 21 21:40:15 2025] [::1]:58755 Accepted
[Sun Sep 21 21:40:15 2025] [::1]:58750 [200]: GET /assets/js/loc.js
[Sun Sep 21 21:40:15 2025] [::1]:58754 [200]: GET /assets/js/warpspeed.min.js
[Sun Sep 21 21:40:15 2025] [::1]:58752 [200]: GET /assets/js/particles.min.js
[Sun Sep 21 21:40:15 2025] [::1]:58753 [200]: GET /templates/nearyou/main.css
[Sun Sep 21 21:40:15 2025] [::1]:58755 [200]: GET /assets/js/jquery.min.js
[Sun Sep 21 21:40:15 2025] [::1]:58751 Closing
[Sun Sep 21 21:40:15 2025] [::1]:58756 Closing
[Sun Sep 21 21:40:15 2025] [::1]:58750 Closing
[Sun Sep 21 21:40:15 2025] [::1]:58754 Closing
[Sun Sep 21 21:40:15 2025] [::1]:58752 Closing
[Sun Sep 21 21:40:15 2025] [::1]:58753 Closing
[Sun Sep 21 21:40:15 2025] [::1]:58755 Closing
[Sun Sep 21 21:40:17 2025] [::1]:58757 Accepted
[Sun Sep 21 21:40:17 2025] [::1]:58757 [200]: POST /receiver.php
[Sun Sep 21 21:40:17 2025] [::1]:58757 Closing
[Sun Sep 21 21:40:17 2025] [::1]:58758 Accepted
[Sun Sep 21 21:40:17 2025] [::1]:58758 [200]: POST /receiver.php
[Sun Sep 21 21:40:17 2025] [::1]:58758 Closing
[Sun Sep 21 21:40:17 2025] [::1]:58759 Accepted
[Sun Sep 21 21:40:17 2025] [::1]:58759 [200]: POST /receiver.php
[Sun Sep 21 21:40:17 2025] [::1]:58759 Closing
[Sun Sep 21 21:40:17 2025] [::1]:58760 Accepted
[Sun Sep 21 21:40:17 2025] [::1]:58761 Accepted
[Sun Sep 21 21:40:17 2025] [::1]:58760 [200]: POST /receiver.php
[Sun Sep 21 21:40:17 2025] [::1]:58760 Closing
[Sun Sep 21 21:40:17 2025] [::1]:58761 [200]: GET /templates/nearyou/flat-location-logo-152-234349.png
[Sun Sep 21 21:40:17 2025] [::1]:58761 Closing
[Sun Sep 21 21:40:18 2025] [::1]:58764 Accepted
[Sun Sep 21 21:40:18 2025] [::1]:58764 [200]: POST /templates/nearyou/handler.php
[Sun Sep 21 21:40:18 2025] [::1]:58764 Closing
[Sun Sep 21 21:40:19 2025] [::1]:58769 Accepted
[Sun Sep 21 21:40:19 2025] [::1]:58769 [200]: POST /receiver.php
[Sun Sep 21 21:40:19 2025] [::1]:58769 Closing
[Sun Sep 21 21:40:19 2025] [::1]:58772 Accepted
[Sun Sep 21 21:40:19 2025] [::1]:58772 [200]: POST /receiver.php
[Sun Sep 21 21:40:19 2025] [::1]:58772 Closing
[Sun Sep 21 21:40:20 2025] [::1]:58773 Accepted
[Sun Sep 21 21:40:20 2025] [::1]:58773 [200]: POST /receiver.php
[Sun Sep 21 21:40:20 2025] [::1]:58773 Closing
[Sun Sep 21 21:40:21 2025] [::1]:58774 Accepted
[Sun Sep 21 21:40:21 2025] [::1]:58774 [200]: POST /receiver.php
[Sun Sep 21 21:40:21 2025] [::1]:58774 Closing
[Sun Sep 21 21:40:22 2025] [::1]:58775 Accepted
[Sun Sep 21 21:40:22 2025] [::1]:58775 [200]: POST /receiver.php
[Sun Sep 21 21:40:22 2025] [::1]:58775 Closing
[Sun Sep 21 21:40:22 2025] [::1]:58776 Accepted
[Sun Sep 21 21:40:22 2025] [::1]:58776 [200]: POST /receiver.php
[Sun Sep 21 21:40:22 2025] [::1]:58776 Closing
[Sun Sep 21 21:40:23 2025] [::1]:58777 Accepted
[Sun Sep 21 21:40:23 2025] [::1]:58777 [200]: POST /receiver.php
[Sun Sep 21 21:40:23 2025] [::1]:58777 Closing
[Sun Sep 21 21:40:24 2025] [::1]:58778 Accepted
[Sun Sep 21 21:40:24 2025] [::1]:58778 [200]: POST /receiver.php
[Sun Sep 21 21:40:24 2025] [::1]:58778 Closing
[Sun Sep 21 21:40:24 2025] [::1]:58779 Accepted
[Sun Sep 21 21:40:24 2025] [::1]:58779 [200]: POST /receiver.php
[Sun Sep 21 21:40:24 2025] [::1]:58779 Closing
[Sun Sep 21 21:40:25 2025] [::1]:58780 Accepted
[Sun Sep 21 21:40:25 2025] [::1]:58780 [200]: POST /receiver.php
[Sun Sep 21 21:40:25 2025] [::1]:58780 Closing
[Sun Sep 21 21:40:26 2025] [::1]:58781 Accepted
[Sun Sep 21 21:40:26 2025] [::1]:58781 [200]: POST /receiver.php
[Sun Sep 21 21:40:26 2025] [::1]:58781 Closing
[Sun Sep 21 21:40:27 2025] [::1]:58782 Accepted
[Sun Sep 21 21:40:27 2025] [::1]:58782 [200]: POST /receiver.php
[Sun Sep 21 21:40:27 2025] [::1]:58782 Closing
[Sun Sep 21 21:40:28 2025] [::1]:58783 Accepted
[Sun Sep 21 21:40:28 2025] [::1]:58783 [200]: POST /receiver.php
[Sun Sep 21 21:40:28 2025] [::1]:58783 Closing
[Sun Sep 21 21:40:29 2025] [::1]:58784 Accepted
[Sun Sep 21 21:40:29 2025] [::1]:58784 [200]: POST /receiver.php
[Sun Sep 21 21:40:29 2025] [::1]:58784 Closing
[Sun Sep 21 21:40:30 2025] [::1]:58785 Accepted
[Sun Sep 21 21:40:30 2025] [::1]:58785 [200]: POST /receiver.php
[Sun Sep 21 21:40:30 2025] [::1]:58785 Closing
[Sun Sep 21 21:40:31 2025] [::1]:58786 Accepted
[Sun Sep 21 21:40:31 2025] [::1]:58786 [200]: POST /receiver.php
[Sun Sep 21 21:40:31 2025] [::1]:58786 Closing
[Sun Sep 21 21:40:32 2025] [::1]:58787 Accepted
[Sun Sep 21 21:40:32 2025] [::1]:58787 [200]: POST /receiver.php
[Sun Sep 21 21:40:32 2025] [::1]:58787 Closing
[Sun Sep 21 21:40:33 2025] [::1]:58788 Accepted
[Sun Sep 21 21:40:33 2025] [::1]:58788 [200]: POST /receiver.php
[Sun Sep 21 21:40:33 2025] [::1]:58788 Closing
[Sun Sep 21 21:40:34 2025] [::1]:58789 Accepted
[Sun Sep 21 21:40:34 2025] [::1]:58789 [200]: POST /receiver.php
[Sun Sep 21 21:40:34 2025] [::1]:58789 Closing
[Sun Sep 21 21:40:35 2025] [::1]:58790 Accepted
[Sun Sep 21 21:40:35 2025] [::1]:58790 [200]: POST /receiver.php
[Sun Sep 21 21:40:35 2025] [::1]:58790 Closing
[Sun Sep 21 21:40:36 2025] [::1]:58791 Accepted
[Sun Sep 21 21:40:36 2025] [::1]:58791 [200]: POST /receiver.php
[Sun Sep 21 21:40:36 2025] [::1]:58791 Closing
[Sun Sep 21 21:40:37 2025] [::1]:58792 Accepted
[Sun Sep 21 21:40:37 2025] [::1]:58792 [200]: POST /receiver.php
[Sun Sep 21 21:40:37 2025] [::1]:58792 Closing
[Sun Sep 21 21:40:38 2025] [::1]:58793 Accepted
[Sun Sep 21 21:40:38 2025] [::1]:58793 [200]: POST /receiver.php
[Sun Sep 21 21:40:38 2025] [::1]:58793 Closing
[Sun Sep 21 21:40:39 2025] [::1]:58794 Accepted
[Sun Sep 21 21:40:39 2025] [::1]:58794 [200]: POST /receiver.php
[Sun Sep 21 21:40:39 2025] [::1]:58794 Closing
[Sun Sep 21 21:40:40 2025] [::1]:58795 Accepted
[Sun Sep 21 21:40:40 2025] [::1]:58795 [200]: POST /receiver.php
[Sun Sep 21 21:40:40 2025] [::1]:58795 Closing
[Sun Sep 21 21:40:40 2025] [::1]:58796 Accepted
[Sun Sep 21 21:40:40 2025] [::1]:58796 [200]: POST /receiver.php
[Sun Sep 21 21:40:40 2025] [::1]:58796 Closing
[Sun Sep 21 21:40:41 2025] [::1]:58797 Accepted
[Sun Sep 21 21:40:41 2025] [::1]:58797 [200]: POST /receiver.php
[Sun Sep 21 21:40:41 2025] [::1]:58797 Closing
[Sun Sep 21 21:40:41 2025] [::1]:58798 Accepted
[Sun Sep 21 21:40:41 2025] [::1]:58798 [200]: POST /receiver.php
[Sun Sep 21 21:40:41 2025] [::1]:58798 Closing
[Sun Sep 21 21:40:42 2025] [::1]:58799 Accepted
[Sun Sep 21 21:40:42 2025] [::1]:58799 [200]: POST /receiver.php
[Sun Sep 21 21:40:42 2025] [::1]:58799 Closing
[Sun Sep 21 21:40:43 2025] [::1]:58800 Accepted
[Sun Sep 21 21:40:43 2025] [::1]:58800 [200]: POST /receiver.php
[Sun Sep 21 21:40:43 2025] [::1]:58800 Closing
[Sun Sep 21 21:40:43 2025] [::1]:58801 Accepted
[Sun Sep 21 21:40:43 2025] [::1]:58801 [200]: POST /receiver.php
[Sun Sep 21 21:40:43 2025] [::1]:58801 Closing
[Sun Sep 21 21:40:44 2025] [::1]:58802 Accepted
[Sun Sep 21 21:40:44 2025] [::1]:58802 [200]: POST /receiver.php
[Sun Sep 21 21:40:44 2025] [::1]:58802 Closing
[Sun Sep 21 21:40:45 2025] [::1]:58803 Accepted
[Sun Sep 21 21:40:45 2025] [::1]:58803 [200]: POST /receiver.php
[Sun Sep 21 21:40:45 2025] [::1]:58803 Closing
[Sun Sep 21 21:40:46 2025] [::1]:58804 Accepted
[Sun Sep 21 21:40:46 2025] [::1]:58804 [200]: POST /receiver.php
[Sun Sep 21 21:40:46 2025] [::1]:58804 Closing
[Sun Sep 21 21:40:47 2025] [::1]:58805 Accepted
[Sun Sep 21 21:40:47 2025] [::1]:58805 [200]: POST /receiver.php
[Sun Sep 21 21:40:47 2025] [::1]:58805 Closing
[Sun Sep 21 21:40:48 2025] [::1]:58806 Accepted
[Sun Sep 21 21:40:48 2025] [::1]:58806 [200]: POST /receiver.php
[Sun Sep 21 21:40:48 2025] [::1]:58806 Closing
[Sun Sep 21 21:40:49 2025] [::1]:58807 Accepted
[Sun Sep 21 21:40:49 2025] [::1]:58807 [200]: POST /receiver.php
[Sun Sep 21 21:40:49 2025] [::1]:58807 Closing
[Sun Sep 21 21:40:50 2025] [::1]:58808 Accepted
[Sun Sep 21 21:40:50 2025] [::1]:58808 [200]: POST /receiver.php
[Sun Sep 21 21:40:50 2025] [::1]:58808 Closing
[Sun Sep 21 21:40:50 2025] [::1]:58809 Accepted
[Sun Sep 21 21:40:50 2025] [::1]:58809 [200]: POST /receiver.php
[Sun Sep 21 21:40:50 2025] [::1]:58809 Closing
[Sun Sep 21 21:40:51 2025] [::1]:58810 Accepted
[Sun Sep 21 21:40:51 2025] [::1]:58810 [200]: POST /receiver.php
[Sun Sep 21 21:40:51 2025] [::1]:58810 Closing
[Sun Sep 21 21:40:52 2025] [::1]:58811 Accepted
[Sun Sep 21 21:40:52 2025] [::1]:58811 [200]: POST /receiver.php
[Sun Sep 21 21:40:52 2025] [::1]:58811 Closing
[Sun Sep 21 21:40:52 2025] [::1]:58812 Accepted
[Sun Sep 21 21:40:52 2025] [::1]:58812 [200]: POST /receiver.php
[Sun Sep 21 21:40:52 2025] [::1]:58812 Closing
[Sun Sep 21 21:40:53 2025] [::1]:58813 Accepted
[Sun Sep 21 21:40:53 2025] [::1]:58813 [200]: POST /receiver.php
[Sun Sep 21 21:40:53 2025] [::1]:58813 Closing
[Sun Sep 21 21:40:53 2025] [::1]:58814 Accepted
[Sun Sep 21 21:40:53 2025] [::1]:58814 [200]: POST /receiver.php
[Sun Sep 21 21:40:53 2025] [::1]:58814 Closing
[Sun Sep 21 21:40:54 2025] [::1]:58815 Accepted
[Sun Sep 21 21:40:54 2025] [::1]:58815 [200]: POST /receiver.php
[Sun Sep 21 21:40:54 2025] [::1]:58815 Closing
[Sun Sep 21 21:40:55 2025] [::1]:58816 Accepted
[Sun Sep 21 21:40:55 2025] [::1]:58816 [200]: POST /receiver.php
[Sun Sep 21 21:40:55 2025] [::1]:58816 Closing
[Sun Sep 21 21:40:55 2025] [::1]:58817 Accepted
[Sun Sep 21 21:40:55 2025] [::1]:58817 [200]: POST /receiver.php
[Sun Sep 21 21:40:55 2025] [::1]:58817 Closing
[Sun Sep 21 21:40:56 2025] [::1]:58818 Accepted
[Sun Sep 21 21:40:56 2025] [::1]:58818 [200]: POST /receiver.php
[Sun Sep 21 21:40:56 2025] [::1]:58818 Closing
[Sun Sep 21 21:40:57 2025] [::1]:58819 Accepted
[Sun Sep 21 21:40:57 2025] [::1]:58819 [200]: POST /receiver.php
[Sun Sep 21 21:40:57 2025] [::1]:58819 Closing
[Sun Sep 21 21:40:58 2025] [::1]:58820 Accepted
[Sun Sep 21 21:40:58 2025] [::1]:58820 [200]: POST /receiver.php
[Sun Sep 21 21:40:58 2025] [::1]:58820 Closing
[Sun Sep 21 21:40:58 2025] [::1]:58821 Accepted
[Sun Sep 21 21:40:58 2025] [::1]:58821 [200]: GET /templates/nearyou/index.html
[Sun Sep 21 21:40:58 2025] [::1]:58821 Closing
[Sun Sep 21 21:40:58 2025] [::1]:58822 Accepted
[Sun Sep 21 21:40:58 2025] [::1]:58822 [200]: GET /templates/nearyou/fonts.css
[Sun Sep 21 21:40:58 2025] [::1]:58822 Closing
[Sun Sep 21 21:40:58 2025] [::1]:58823 Accepted
[Sun Sep 21 21:40:58 2025] [::1]:58823 [200]: GET /assets/js/loc.js
[Sun Sep 21 21:40:58 2025] [::1]:58823 Closing
[Sun Sep 21 21:40:58 2025] [::1]:58824 Accepted
[Sun Sep 21 21:40:58 2025] [::1]:58824 [200]: GET /assets/js/client.min.js
[Sun Sep 21 21:40:58 2025] [::1]:58824 Closing
[Sun Sep 21 21:40:58 2025] [::1]:58829 Accepted
[Sun Sep 21 21:40:58 2025] [::1]:58828 Accepted
[Sun Sep 21 21:40:58 2025] [::1]:58827 Accepted
[Sun Sep 21 21:40:58 2025] [::1]:58825 Accepted
[Sun Sep 21 21:40:58 2025] [::1]:58828 [200]: GET /assets/js/location.js
[Sun Sep 21 21:40:58 2025] [::1]:58827 [200]: GET /assets/js/warpspeed.min.js
[Sun Sep 21 21:40:58 2025] [::1]:58826 Accepted
[Sun Sep 21 21:40:58 2025] [::1]:58829 [200]: GET /assets/js/jquery.min.js
[Sun Sep 21 21:40:58 2025] [::1]:58825 [200]: GET /assets/js/particles.min.js
[Sun Sep 21 21:40:58 2025] [::1]:58826 [200]: GET /templates/nearyou/main.css
[Sun Sep 21 21:40:58 2025] [::1]:58828 Closing
[Sun Sep 21 21:40:58 2025] [::1]:58827 Closing
[Sun Sep 21 21:40:58 2025] [::1]:58829 Closing
[Sun Sep 21 21:40:58 2025] [::1]:58825 Closing
[Sun Sep 21 21:40:58 2025] [::1]:58826 Closing
[Sun Sep 21 21:40:58 2025] [::1]:58830 Accepted
[Sun Sep 21 21:40:58 2025] [::1]:58830 [200]: POST /receiver.php
[Sun Sep 21 21:40:58 2025] [::1]:58830 Closing
[Sun Sep 21 21:41:00 2025] [::1]:58831 Accepted
[Sun Sep 21 21:41:00 2025] [::1]:58831 [200]: POST /receiver.php
[Sun Sep 21 21:41:00 2025] [::1]:58831 Closing
[Sun Sep 21 21:41:00 2025] [::1]:58832 Accepted
[Sun Sep 21 21:41:00 2025] [::1]:58832 [200]: POST /receiver.php
[Sun Sep 21 21:41:00 2025] [::1]:58832 Closing
[Sun Sep 21 21:41:00 2025] [::1]:58833 Accepted
[Sun Sep 21 21:41:00 2025] [::1]:58833 [200]: GET /templates/nearyou/flat-location-logo-152-234349.png
[Sun Sep 21 21:41:00 2025] [::1]:58833 Closing
[Sun Sep 21 21:41:00 2025] [::1]:58834 Accepted
[Sun Sep 21 21:41:00 2025] [::1]:58834 [200]: POST /receiver.php
[Sun Sep 21 21:41:00 2025] [::1]:58834 Closing
[Sun Sep 21 21:41:01 2025] [::1]:58835 Accepted
[Sun Sep 21 21:41:01 2025] [::1]:58836 Accepted
[Sun Sep 21 21:41:01 2025] [::1]:58835 [200]: POST /templates/nearyou/handler.php
[Sun Sep 21 21:41:01 2025] [::1]:58835 Closing
[Sun Sep 21 21:41:01 2025] [::1]:58836 [200]: POST /receiver.php
[Sun Sep 21 21:41:01 2025] [::1]:58836 Closing
[Sun Sep 21 21:41:02 2025] [::1]:58837 Accepted
[Sun Sep 21 21:41:02 2025] [::1]:58837 [200]: POST /receiver.php
[Sun Sep 21 21:41:02 2025] [::1]:58837 Closing
[Sun Sep 21 21:41:02 2025] [::1]:58838 Accepted
[Sun Sep 21 21:41:02 2025] [::1]:58839 Accepted
[Sun Sep 21 21:41:02 2025] [::1]:58838 [200]: POST /templates/nearyou/error.php
[Sun Sep 21 21:41:02 2025] [::1]:58838 Closing
[Sun Sep 21 21:41:02 2025] [::1]:58839 [200]: POST /receiver.php
[Sun Sep 21 21:41:02 2025] [::1]:58839 Closing
[Sun Sep 21 21:41:03 2025] [::1]:58840 Accepted
[Sun Sep 21 21:41:03 2025] [::1]:58840 [200]: POST /receiver.php
[Sun Sep 21 21:41:03 2025] [::1]:58840 Closing
[Sun Sep 21 21:41:04 2025] [::1]:58841 Accepted
[Sun Sep 21 21:41:04 2025] [::1]:58841 [200]: POST /receiver.php
[Sun Sep 21 21:41:04 2025] [::1]:58841 Closing
[Sun Sep 21 21:41:04 2025] [::1]:58842 Accepted
[Sun Sep 21 21:41:04 2025] [::1]:58842 [200]: POST /receiver.php
[Sun Sep 21 21:41:04 2025] [::1]:58842 Closing
[Sun Sep 21 21:41:04 2025] [::1]:58843 Accepted
[Sun Sep 21 21:41:04 2025] [::1]:58843 [200]: GET /templates/nearyou/index.html
[Sun Sep 21 21:41:04 2025] [::1]:58843 Closing
[Sun Sep 21 21:41:05 2025] [::1]:58844 Accepted
[Sun Sep 21 21:41:05 2025] [::1]:58844 [200]: POST /receiver.php
[Sun Sep 21 21:41:05 2025] [::1]:58844 Closing
[Sun Sep 21 21:41:05 2025] [::1]:58845 Accepted
[Sun Sep 21 21:41:05 2025] [::1]:58845 [200]: GET /assets/js/jquery.min.js
[Sun Sep 21 21:41:05 2025] [::1]:58845 Closing
[Sun Sep 21 21:41:05 2025] [::1]:58846 Accepted
[Sun Sep 21 21:41:05 2025] [::1]:58846 [200]: GET /templates/nearyou/main.css
[Sun Sep 21 21:41:05 2025] [::1]:58846 Closing
[Sun Sep 21 21:41:05 2025] [::1]:58847 Accepted
[Sun Sep 21 21:41:05 2025] [::1]:58847 [200]: GET /assets/js/particles.min.js
[Sun Sep 21 21:41:05 2025] [::1]:58848 Accepted
[Sun Sep 21 21:41:05 2025] [::1]:58847 Closing
[Sun Sep 21 21:41:05 2025] [::1]:58848 [200]: GET /templates/nearyou/fonts.css
[Sun Sep 21 21:41:05 2025] [::1]:58848 Closing
[Sun Sep 21 21:41:05 2025] [::1]:58851 Accepted
[Sun Sep 21 21:41:05 2025] [::1]:58852 Accepted
[Sun Sep 21 21:41:05 2025] [::1]:58850 Accepted
[Sun Sep 21 21:41:05 2025] [::1]:58849 Accepted
[Sun Sep 21 21:41:05 2025] [::1]:58851 [200]: GET /assets/js/client.min.js
[Sun Sep 21 21:41:05 2025] [::1]:58852 [200]: GET /assets/js/location.js
[Sun Sep 21 21:41:05 2025] [::1]:58850 [200]: GET /assets/js/warpspeed.min.js
[Sun Sep 21 21:41:05 2025] [::1]:58849 [200]: GET /assets/js/loc.js
[Sun Sep 21 21:41:05 2025] [::1]:58851 Closing
[Sun Sep 21 21:41:05 2025] [::1]:58852 Closing
[Sun Sep 21 21:41:05 2025] [::1]:58850 Closing
[Sun Sep 21 21:41:05 2025] [::1]:58849 Closing
[Sun Sep 21 21:41:06 2025] [::1]:58853 Accepted
[Sun Sep 21 21:41:06 2025] [::1]:58853 [200]: POST /receiver.php
[Sun Sep 21 21:41:06 2025] [::1]:58853 Closing
[Sun Sep 21 21:41:06 2025] [::1]:58854 Accepted
[Sun Sep 21 21:41:06 2025] [::1]:58854 [200]: POST /receiver.php
[Sun Sep 21 21:41:06 2025] [::1]:58854 Closing
[Sun Sep 21 21:41:07 2025] [::1]:58855 Accepted
[Sun Sep 21 21:41:07 2025] [::1]:58855 [200]: POST /receiver.php
[Sun Sep 21 21:41:07 2025] [::1]:58855 Closing
[Sun Sep 21 21:41:07 2025] [::1]:58856 Accepted
[Sun Sep 21 21:41:07 2025] [::1]:58856 [200]: GET /templates/nearyou/flat-location-logo-152-234349.png
[Sun Sep 21 21:41:07 2025] [::1]:58856 Closing
[Sun Sep 21 21:41:07 2025] [::1]:58857 Accepted
[Sun Sep 21 21:41:07 2025] [::1]:58857 [200]: POST /templates/nearyou/handler.php
[Sun Sep 21 21:41:07 2025] [::1]:58857 Closing
[Sun Sep 21 21:41:08 2025] [::1]:58858 Accepted
[Sun Sep 21 21:41:08 2025] [::1]:58858 [200]: POST /receiver.php
[Sun Sep 21 21:41:08 2025] [::1]:58858 Closing
[Sun Sep 21 21:41:08 2025] [::1]:58859 Accepted
[Sun Sep 21 21:41:08 2025] [::1]:58859 [200]: POST /receiver.php
[Sun Sep 21 21:41:08 2025] [::1]:58859 Closing
[Sun Sep 21 21:41:09 2025] [::1]:58860 Accepted
[Sun Sep 21 21:41:09 2025] [::1]:58860 [200]: POST /receiver.php
[Sun Sep 21 21:41:09 2025] [::1]:58860 Closing
[Sun Sep 21 21:41:09 2025] [::1]:58861 Accepted
[Sun Sep 21 21:41:09 2025] [::1]:58861 [200]: GET /templates/nearyou/index.html
[Sun Sep 21 21:41:09 2025] [::1]:58861 Closing
[Sun Sep 21 21:41:09 2025] [::1]:58862 Accepted
[Sun Sep 21 21:41:09 2025] [::1]:58862 [200]: GET /assets/js/client.min.js
[Sun Sep 21 21:41:09 2025] [::1]:58862 Closing
[Sun Sep 21 21:41:09 2025] [::1]:58863 Accepted
[Sun Sep 21 21:41:09 2025] [::1]:58863 [200]: GET /assets/js/loc.js
[Sun Sep 21 21:41:09 2025] [::1]:58863 Closing
[Sun Sep 21 21:41:09 2025] [::1]:58867 Accepted
[Sun Sep 21 21:41:09 2025] [::1]:58864 Accepted
[Sun Sep 21 21:41:09 2025] [::1]:58865 Accepted
[Sun Sep 21 21:41:09 2025] [::1]:58868 Accepted
[Sun Sep 21 21:41:09 2025] [::1]:58866 Accepted
[Sun Sep 21 21:41:09 2025] [::1]:58865 [200]: GET /assets/js/location.js
[Sun Sep 21 21:41:09 2025] [::1]:58868 [200]: GET /assets/js/jquery.min.js
[Sun Sep 21 21:41:09 2025] [::1]:58867 [200]: GET /templates/nearyou/main.css
[Sun Sep 21 21:41:09 2025] [::1]:58864 [200]: GET /assets/js/particles.min.js
[Sun Sep 21 21:41:09 2025] [::1]:58865 Closing
[Sun Sep 21 21:41:09 2025] [::1]:58868 Closing
[Sun Sep 21 21:41:09 2025] [::1]:58867 Closing
[Sun Sep 21 21:41:09 2025] [::1]:58864 Closing
[Sun Sep 21 21:41:09 2025] [::1]:58866 [200]: GET /templates/nearyou/fonts.css
[Sun Sep 21 21:41:09 2025] [::1]:58866 Closing
[Sun Sep 21 21:41:09 2025] [::1]:58869 Accepted
[Sun Sep 21 21:41:09 2025] [::1]:58869 [200]: GET /assets/js/warpspeed.min.js
[Sun Sep 21 21:41:09 2025] [::1]:58869 Closing
[Sun Sep 21 21:42:14 2025] [::1]:50085 Accepted
[Sun Sep 21 21:42:14 2025] [::1]:50085 [200]: POST /receiver.php
[Sun Sep 21 21:42:14 2025] [::1]:50085 Closing
[Sun Sep 21 21:42:15 2025] [::1]:50086 Accepted
[Sun Sep 21 21:42:15 2025] [::1]:50086 [200]: POST /receiver.php
[Sun Sep 21 21:42:15 2025] [::1]:50086 Closing
[Sun Sep 21 21:42:16 2025] [::1]:50087 Accepted
[Sun Sep 21 21:42:16 2025] [::1]:50087 [200]: POST /receiver.php
[Sun Sep 21 21:42:16 2025] [::1]:50087 Closing
[Sun Sep 21 21:42:18 2025] [::1]:50090 Accepted
[Sun Sep 21 21:42:18 2025] [::1]:50090 [200]: POST /receiver.php
[Sun Sep 21 21:42:18 2025] [::1]:50090 Closing
[Sun Sep 21 21:42:19 2025] [::1]:50097 Accepted
[Sun Sep 21 21:42:19 2025] [::1]:50097 [200]: GET /templates/nearyou/index.html
[Sun Sep 21 21:42:19 2025] [::1]:50097 Closing
[Sun Sep 21 21:42:19 2025] [::1]:50098 Accepted
[Sun Sep 21 21:42:19 2025] [::1]:50098 [200]: GET /templates/nearyou/fonts.css
[Sun Sep 21 21:42:19 2025] [::1]:50098 Closing
[Sun Sep 21 21:42:19 2025] [::1]:50100 Accepted
[Sun Sep 21 21:42:19 2025] [::1]:50099 Accepted
[Sun Sep 21 21:42:19 2025] [::1]:50100 [200]: GET /templates/nearyou/main.css
[Sun Sep 21 21:42:19 2025] [::1]:50099 [200]: GET /assets/js/jquery.min.js
[Sun Sep 21 21:42:19 2025] [::1]:50100 Closing
[Sun Sep 21 21:42:19 2025] [::1]:50099 Closing
[Sun Sep 21 21:42:19 2025] [::1]:50101 Accepted
[Sun Sep 21 21:42:19 2025] [::1]:50102 Accepted
[Sun Sep 21 21:42:19 2025] [::1]:50103 Accepted
[Sun Sep 21 21:42:19 2025] [::1]:50104 Accepted
[Sun Sep 21 21:42:19 2025] [::1]:50101 [200]: GET /assets/js/particles.min.js
[Sun Sep 21 21:42:19 2025] [::1]:50102 [200]: GET /assets/js/loc.js
[Sun Sep 21 21:42:19 2025] [::1]:50103 [200]: GET /assets/js/client.min.js
[Sun Sep 21 21:42:19 2025] [::1]:50104 [200]: GET /assets/js/location.js
[Sun Sep 21 21:42:19 2025] [::1]:50105 Accepted
[Sun Sep 21 21:42:19 2025] [::1]:50105 [200]: GET /assets/js/warpspeed.min.js
[Sun Sep 21 21:42:19 2025] [::1]:50101 Closing
[Sun Sep 21 21:42:19 2025] [::1]:50102 Closing
[Sun Sep 21 21:42:19 2025] [::1]:50103 Closing
[Sun Sep 21 21:42:19 2025] [::1]:50104 Closing
[Sun Sep 21 21:42:19 2025] [::1]:50105 Closing
[Sun Sep 21 21:42:21 2025] [::1]:50106 Accepted
[Sun Sep 21 21:42:21 2025] [::1]:50106 [200]: POST /receiver.php
[Sun Sep 21 21:42:21 2025] [::1]:50106 Closing
[Sun Sep 21 21:42:21 2025] [::1]:50107 Accepted
[Sun Sep 21 21:42:21 2025] [::1]:50107 [200]: GET /templates/nearyou/flat-location-logo-152-234349.png
[Sun Sep 21 21:42:21 2025] [::1]:50107 Closing
[Sun Sep 21 21:42:22 2025] [::1]:50108 Accepted
[Sun Sep 21 21:42:22 2025] [::1]:50108 [200]: POST /receiver.php
[Sun Sep 21 21:42:22 2025] [::1]:50108 Closing
[Sun Sep 21 21:42:22 2025] [::1]:50109 Accepted
[Sun Sep 21 21:42:22 2025] [::1]:50109 [200]: POST /templates/nearyou/handler.php
[Sun Sep 21 21:42:22 2025] [::1]:50109 Closing
[Sun Sep 21 21:42:24 2025] [::1]:50110 Accepted
[Sun Sep 21 21:42:24 2025] [::1]:50110 [200]: POST /receiver.php
[Sun Sep 21 21:42:24 2025] [::1]:50110 Closing
[Sun Sep 21 21:42:25 2025] [::1]:50111 Accepted
[Sun Sep 21 21:42:25 2025] [::1]:50111 [302]: GET /
[Sun Sep 21 21:42:25 2025] [::1]:50111 Closing
[Sun Sep 21 21:42:25 2025] [::1]:50112 Accepted
[Sun Sep 21 21:42:25 2025] [::1]:50112 [200]: GET /panel.php
[Sun Sep 21 21:42:25 2025] [::1]:50112 Closing
[Sun Sep 21 21:42:26 2025] [::1]:50113 Accepted
[Sun Sep 21 21:42:26 2025] [::1]:50113 [200]: GET /assets/css/bootstrap.min.css
[Sun Sep 21 21:42:26 2025] [::1]:50113 Closing
[Sun Sep 21 21:42:26 2025] [::1]:50114 Accepted
[Sun Sep 21 21:42:26 2025] [::1]:50116 Accepted
[Sun Sep 21 21:42:26 2025] [::1]:50115 Accepted
[Sun Sep 21 21:42:26 2025] [::1]:50114 [200]: GET /assets/js/jquery.min.js
[Sun Sep 21 21:42:26 2025] [::1]:50116 [200]: GET /assets/css/light-theme.min.css
[Sun Sep 21 21:42:26 2025] [::1]:50114 Closing
[Sun Sep 21 21:42:26 2025] [::1]:50116 Closing
[Sun Sep 21 21:42:26 2025] [::1]:50115 [200]: GET /assets/js/sweetalert2.min.js
[Sun Sep 21 21:42:26 2025] [::1]:50115 Closing
[Sun Sep 21 21:42:26 2025] [::1]:50119 Accepted
[Sun Sep 21 21:42:26 2025] [::1]:50118 Accepted
[Sun Sep 21 21:42:26 2025] [::1]:50119 [200]: GET /assets/js/growl-notification.min.js
[Sun Sep 21 21:42:26 2025] [::1]:50117 Accepted
[Sun Sep 21 21:42:26 2025] [::1]:50118 [200]: POST /receiver.php
[Sun Sep 21 21:42:26 2025] [::1]:50118 Closing
[Sun Sep 21 21:42:26 2025] [::1]:50117 [200]: GET /assets/js/script.js
[Sun Sep 21 21:42:26 2025] [::1]:50119 Closing
[Sun Sep 21 21:42:26 2025] [::1]:50117 Closing
[Sun Sep 21 21:42:28 2025] [::1]:50120 Accepted
[Sun Sep 21 21:42:28 2025] [::1]:50120 [200]: POST /receiver.php
[Sun Sep 21 21:42:28 2025] [::1]:50120 Closing
[Sun Sep 21 21:42:29 2025] [::1]:50123 Accepted
[Sun Sep 21 21:42:29 2025] [::1]:50121 Accepted
[Sun Sep 21 21:42:29 2025] [::1]:50122 Accepted
[Sun Sep 21 21:42:29 2025] [::1]:50121 [302]: GET /favicon.ico
[Sun Sep 21 21:42:29 2025] [::1]:50121 Closing
[Sun Sep 21 21:42:29 2025] [::1]:50123 [200]: POST /list_templates.php
[Sun Sep 21 21:42:29 2025] [::1]:50123 Closing
[Sun Sep 21 21:42:29 2025] [::1]:50122 [200]: GET /Settings.json
[Sun Sep 21 21:42:29 2025] [::1]:50122 Closing
[Sun Sep 21 21:42:29 2025] [::1]:50124 Accepted
[Sun Sep 21 21:42:29 2025] [::1]:50124 [200]: GET /panel.php
[Sun Sep 21 21:42:29 2025] [::1]:50124 Closing
[Sun Sep 21 21:42:30 2025] [::1]:50125 Accepted
[Sun Sep 21 21:42:30 2025] [::1]:50125 [200]: POST /receiver.php
[Sun Sep 21 21:42:30 2025] [::1]:50125 Closing
[Sun Sep 21 21:42:31 2025] [::1]:50126 Accepted
[Sun Sep 21 21:42:31 2025] [::1]:50126 [200]: POST /receiver.php
[Sun Sep 21 21:42:31 2025] [::1]:50126 Closing
[Sun Sep 21 21:42:32 2025] [::1]:50127 Accepted
[Sun Sep 21 21:42:32 2025] [::1]:50127 [200]: POST /receiver.php
[Sun Sep 21 21:42:32 2025] [::1]:50127 Closing
[Sun Sep 21 21:42:32 2025] [::1]:50128 Accepted
[Sun Sep 21 21:42:32 2025] [::1]:50128 [200]: POST /receiver.php
[Sun Sep 21 21:42:32 2025] [::1]:50128 Closing
[Sun Sep 21 21:42:34 2025] [::1]:50129 Accepted
[Sun Sep 21 21:42:34 2025] [::1]:50129 [200]: POST /receiver.php
[Sun Sep 21 21:42:34 2025] [::1]:50129 Closing
[Sun Sep 21 21:42:34 2025] [::1]:50130 Accepted
[Sun Sep 21 21:42:34 2025] [::1]:50130 [200]: POST /receiver.php
[Sun Sep 21 21:42:34 2025] [::1]:50130 Closing
[Sun Sep 21 21:42:34 2025] [::1]:50131 Accepted
[Sun Sep 21 21:42:34 2025] [::1]:50131 [200]: POST /receiver.php
[Sun Sep 21 21:42:34 2025] [::1]:50131 Closing
[Sun Sep 21 21:42:36 2025] [::1]:50132 Accepted
[Sun Sep 21 21:42:36 2025] [::1]:50133 Accepted
[Sun Sep 21 21:42:36 2025] [::1]:50133 [200]: POST /receiver.php
[Sun Sep 21 21:42:36 2025] [::1]:50133 Closing
[Sun Sep 21 21:42:36 2025] [::1]:50132 [200]: POST /receiver.php
[Sun Sep 21 21:42:36 2025] [::1]:50132 Closing
[Sun Sep 21 21:42:37 2025] [::1]:50134 Accepted
[Sun Sep 21 21:42:37 2025] [::1]:50134 [200]: POST /receiver.php
[Sun Sep 21 21:42:37 2025] [::1]:50134 Closing
[Sun Sep 21 21:42:38 2025] [::1]:50135 Accepted
[Sun Sep 21 21:42:38 2025] [::1]:50135 [200]: POST /receiver.php
[Sun Sep 21 21:42:38 2025] [::1]:50135 Closing
[Sun Sep 21 21:42:38 2025] [::1]:50136 Accepted
[Sun Sep 21 21:42:38 2025] [::1]:50136 [200]: POST /receiver.php
[Sun Sep 21 21:42:38 2025] [::1]:50136 Closing
[Sun Sep 21 21:42:40 2025] [::1]:50137 Accepted
[Sun Sep 21 21:42:40 2025] [::1]:50137 [200]: POST /receiver.php
[Sun Sep 21 21:42:40 2025] [::1]:50137 Closing
[Sun Sep 21 21:42:40 2025] [::1]:50138 Accepted
[Sun Sep 21 21:42:40 2025] [::1]:50138 [200]: POST /receiver.php
[Sun Sep 21 21:42:40 2025] [::1]:50138 Closing
[Sun Sep 21 21:42:42 2025] [::1]:50139 Accepted
[Sun Sep 21 21:42:42 2025] [::1]:50139 [200]: POST /receiver.php
[Sun Sep 21 21:42:42 2025] [::1]:50139 Closing
[Sun Sep 21 21:42:42 2025] [::1]:50140 Accepted
[Sun Sep 21 21:42:42 2025] [::1]:50140 [200]: POST /receiver.php
[Sun Sep 21 21:42:42 2025] [::1]:50140 Closing
[Sun Sep 21 21:42:44 2025] [::1]:50141 Accepted
[Sun Sep 21 21:42:44 2025] [::1]:50141 [200]: POST /receiver.php
[Sun Sep 21 21:42:44 2025] [::1]:50141 Closing
[Sun Sep 21 21:42:44 2025] [::1]:50142 Accepted
[Sun Sep 21 21:42:44 2025] [::1]:50142 [200]: POST /receiver.php
[Sun Sep 21 21:42:44 2025] [::1]:50142 Closing
[Sun Sep 21 21:42:46 2025] [::1]:50143 Accepted
[Sun Sep 21 21:42:46 2025] [::1]:50143 [200]: POST /receiver.php
[Sun Sep 21 21:42:46 2025] [::1]:50143 Closing
[Sun Sep 21 21:42:46 2025] [::1]:50144 Accepted
[Sun Sep 21 21:42:46 2025] [::1]:50144 [200]: POST /receiver.php
[Sun Sep 21 21:42:46 2025] [::1]:50144 Closing
[Sun Sep 21 21:42:48 2025] [::1]:50145 Accepted
[Sun Sep 21 21:42:48 2025] [::1]:50145 [200]: POST /receiver.php
[Sun Sep 21 21:42:48 2025] [::1]:50145 Closing
[Sun Sep 21 21:42:48 2025] [::1]:50146 Accepted
[Sun Sep 21 21:42:48 2025] [::1]:50146 [200]: GET /templates/nearyou/index.html
[Sun Sep 21 21:42:48 2025] [::1]:50146 Closing
[Sun Sep 21 21:42:48 2025] [::1]:50147 Accepted
[Sun Sep 21 21:42:48 2025] [::1]:50148 Accepted
[Sun Sep 21 21:42:48 2025] [::1]:50147 [200]: GET /templates/nearyou/fonts.css
[Sun Sep 21 21:42:48 2025] [::1]:50147 Closing
[Sun Sep 21 21:42:48 2025] [::1]:50148 [200]: GET /templates/nearyou/main.css
[Sun Sep 21 21:42:48 2025] [::1]:50148 Closing
[Sun Sep 21 21:42:48 2025] [::1]:50149 Accepted
[Sun Sep 21 21:42:48 2025] [::1]:50150 Accepted
[Sun Sep 21 21:42:48 2025] [::1]:50151 Accepted
[Sun Sep 21 21:42:48 2025] [::1]:50151 [200]: GET /assets/js/client.min.js
[Sun Sep 21 21:42:48 2025] [::1]:50149 [200]: GET /assets/js/jquery.min.js
[Sun Sep 21 21:42:48 2025] [::1]:50150 [200]: GET /assets/js/particles.min.js
[Sun Sep 21 21:42:48 2025] [::1]:50151 Closing
[Sun Sep 21 21:42:48 2025] [::1]:50149 Closing
[Sun Sep 21 21:42:48 2025] [::1]:50150 Closing
[Sun Sep 21 21:42:48 2025] [::1]:50154 Accepted
[Sun Sep 21 21:42:48 2025] [::1]:50152 Accepted
[Sun Sep 21 21:42:48 2025] [::1]:50153 Accepted
[Sun Sep 21 21:42:48 2025] [::1]:50154 [200]: GET /assets/js/loc.js
[Sun Sep 21 21:42:48 2025] [::1]:50152 [200]: GET /assets/js/warpspeed.min.js
[Sun Sep 21 21:42:48 2025] [::1]:50153 [200]: GET /assets/js/location.js
[Sun Sep 21 21:42:48 2025] [::1]:50154 Closing
[Sun Sep 21 21:42:48 2025] [::1]:50152 Closing
[Sun Sep 21 21:42:48 2025] [::1]:50153 Closing
[Sun Sep 21 21:42:50 2025] [::1]:50155 Accepted
[Sun Sep 21 21:42:50 2025] [::1]:50155 [200]: POST /receiver.php
[Sun Sep 21 21:42:50 2025] [::1]:50155 Closing
[Sun Sep 21 21:42:51 2025] [::1]:50156 Accepted
[Sun Sep 21 21:42:51 2025] [::1]:50156 [200]: POST /receiver.php
[Sun Sep 21 21:42:51 2025] [::1]:50156 Closing
[Sun Sep 21 21:42:51 2025] [::1]:50157 Accepted
[Sun Sep 21 21:42:51 2025] [::1]:50157 [200]: POST /receiver.php
[Sun Sep 21 21:42:51 2025] [::1]:50157 Closing
[Sun Sep 21 21:42:51 2025] [::1]:50158 Accepted
[Sun Sep 21 21:42:51 2025] [::1]:50158 [200]: GET /templates/nearyou/flat-location-logo-152-234349.png
[Sun Sep 21 21:42:51 2025] [::1]:50158 Closing
[Sun Sep 21 21:42:52 2025] [::1]:50160 Accepted
[Sun Sep 21 21:42:52 2025] [::1]:50159 Accepted
[Sun Sep 21 21:42:52 2025] [::1]:50159 [200]: POST /receiver.php
[Sun Sep 21 21:42:52 2025] [::1]:50159 Closing
[Sun Sep 21 21:42:52 2025] [::1]:50160 [200]: POST /templates/nearyou/handler.php
[Sun Sep 21 21:42:52 2025] [::1]:50160 Closing
[Sun Sep 21 21:42:53 2025] [::1]:50161 Accepted
[Sun Sep 21 21:42:53 2025] [::1]:50161 [200]: POST /receiver.php
[Sun Sep 21 21:42:53 2025] [::1]:50161 Closing
[Sun Sep 21 21:42:53 2025] [::1]:50162 Accepted
[Sun Sep 21 21:42:53 2025] [::1]:50162 [200]: POST /receiver.php
[Sun Sep 21 21:42:53 2025] [::1]:50162 Closing
[Sun Sep 21 21:42:55 2025] [::1]:50163 Accepted
[Sun Sep 21 21:42:55 2025] [::1]:50163 [200]: POST /receiver.php
[Sun Sep 21 21:42:55 2025] [::1]:50163 Closing
[Sun Sep 21 21:42:55 2025] [::1]:50164 Accepted
[Sun Sep 21 21:42:55 2025] [::1]:50164 [200]: POST /receiver.php
[Sun Sep 21 21:42:55 2025] [::1]:50164 Closing
[Sun Sep 21 21:42:57 2025] [::1]:50165 Accepted
[Sun Sep 21 21:42:57 2025] [::1]:50165 [200]: POST /receiver.php
[Sun Sep 21 21:42:57 2025] [::1]:50165 Closing
[Sun Sep 21 21:42:57 2025] [::1]:50166 Accepted
[Sun Sep 21 21:42:57 2025] [::1]:50166 [200]: POST /receiver.php
[Sun Sep 21 21:42:57 2025] [::1]:50166 Closing
[Sun Sep 21 21:42:59 2025] [::1]:50167 Accepted
[Sun Sep 21 21:42:59 2025] [::1]:50167 [200]: POST /receiver.php
[Sun Sep 21 21:42:59 2025] [::1]:50167 Closing
[Sun Sep 21 21:42:59 2025] [::1]:50168 Accepted
[Sun Sep 21 21:42:59 2025] [::1]:50168 [200]: POST /receiver.php
[Sun Sep 21 21:42:59 2025] [::1]:50168 Closing
[Sun Sep 21 21:43:01 2025] [::1]:50169 Accepted
[Sun Sep 21 21:43:01 2025] [::1]:50169 [200]: POST /receiver.php
[Sun Sep 21 21:43:01 2025] [::1]:50169 Closing
[Sun Sep 21 21:43:01 2025] [::1]:50170 Accepted
[Sun Sep 21 21:43:01 2025] [::1]:50170 [200]: POST /receiver.php
[Sun Sep 21 21:43:01 2025] [::1]:50170 Closing
[Sun Sep 21 21:43:03 2025] [::1]:50171 Accepted
[Sun Sep 21 21:43:03 2025] [::1]:50171 [200]: POST /receiver.php
[Sun Sep 21 21:43:03 2025] [::1]:50171 Closing
[Sun Sep 21 21:43:04 2025] [::1]:50172 Accepted
[Sun Sep 21 21:43:04 2025] [::1]:50172 [200]: POST /receiver.php
[Sun Sep 21 21:43:04 2025] [::1]:50172 Closing
[Sun Sep 21 21:43:05 2025] [::1]:50173 Accepted
[Sun Sep 21 21:43:05 2025] [::1]:50173 [200]: POST /receiver.php
[Sun Sep 21 21:43:05 2025] [::1]:50173 Closing
[Sun Sep 21 21:43:06 2025] [::1]:50174 Accepted
[Sun Sep 21 21:43:06 2025] [::1]:50174 [200]: POST /receiver.php
[Sun Sep 21 21:43:06 2025] [::1]:50174 Closing
[Sun Sep 21 21:43:07 2025] [::1]:50175 Accepted
[Sun Sep 21 21:43:07 2025] [::1]:50175 [200]: POST /receiver.php
[Sun Sep 21 21:43:07 2025] [::1]:50175 Closing
[Sun Sep 21 21:43:08 2025] [::1]:50176 Accepted
[Sun Sep 21 21:43:08 2025] [::1]:50176 [200]: POST /receiver.php
[Sun Sep 21 21:43:08 2025] [::1]:50176 Closing
[Sun Sep 21 21:43:09 2025] [::1]:50177 Accepted
[Sun Sep 21 21:43:09 2025] [::1]:50177 [200]: POST /receiver.php
[Sun Sep 21 21:43:09 2025] [::1]:50177 Closing
[Sun Sep 21 21:43:10 2025] [::1]:50178 Accepted
[Sun Sep 21 21:43:10 2025] [::1]:50178 [200]: POST /receiver.php
[Sun Sep 21 21:43:10 2025] [::1]:50178 Closing
[Sun Sep 21 21:43:11 2025] [::1]:50179 Accepted
[Sun Sep 21 21:43:11 2025] [::1]:50179 [200]: POST /receiver.php
[Sun Sep 21 21:43:11 2025] [::1]:50179 Closing
[Sun Sep 21 21:43:12 2025] [::1]:50180 Accepted
[Sun Sep 21 21:43:12 2025] [::1]:50180 [200]: POST /receiver.php
[Sun Sep 21 21:43:12 2025] [::1]:50180 Closing
[Sun Sep 21 21:43:13 2025] [::1]:50181 Accepted
[Sun Sep 21 21:43:13 2025] [::1]:50181 [200]: POST /receiver.php
[Sun Sep 21 21:43:13 2025] [::1]:50181 Closing
[Sun Sep 21 21:43:14 2025] [::1]:50182 Accepted
[Sun Sep 21 21:43:14 2025] [::1]:50182 [200]: POST /receiver.php
[Sun Sep 21 21:43:14 2025] [::1]:50182 Closing
[Sun Sep 21 21:43:15 2025] [::1]:50185 Accepted
[Sun Sep 21 21:43:15 2025] [::1]:50185 [200]: POST /receiver.php
[Sun Sep 21 21:43:15 2025] [::1]:50185 Closing
[Sun Sep 21 21:43:16 2025] [::1]:50194 Accepted
[Sun Sep 21 21:43:16 2025] [::1]:50194 [200]: POST /receiver.php
[Sun Sep 21 21:43:16 2025] [::1]:50194 Closing
[Sun Sep 21 21:43:17 2025] [::1]:50201 Accepted
[Sun Sep 21 21:43:17 2025] [::1]:50201 [200]: POST /receiver.php
[Sun Sep 21 21:43:17 2025] [::1]:50201 Closing
[Sun Sep 21 21:43:18 2025] [::1]:50204 Accepted
[Sun Sep 21 21:43:18 2025] [::1]:50204 [200]: POST /receiver.php
[Sun Sep 21 21:43:18 2025] [::1]:50204 Closing
[Sun Sep 21 21:43:19 2025] [::1]:50209 Accepted
[Sun Sep 21 21:43:19 2025] [::1]:50209 [200]: POST /receiver.php
[Sun Sep 21 21:43:19 2025] [::1]:50209 Closing
[Sun Sep 21 21:43:20 2025] [::1]:50212 Accepted
[Sun Sep 21 21:43:20 2025] [::1]:50212 [200]: POST /receiver.php
[Sun Sep 21 21:43:20 2025] [::1]:50212 Closing
[Sun Sep 21 21:43:21 2025] [::1]:50213 Accepted
[Sun Sep 21 21:43:21 2025] [::1]:50213 [200]: POST /receiver.php
[Sun Sep 21 21:43:21 2025] [::1]:50213 Closing
[Sun Sep 21 21:43:22 2025] [::1]:50214 Accepted
[Sun Sep 21 21:43:22 2025] [::1]:50214 [200]: POST /receiver.php
[Sun Sep 21 21:43:22 2025] [::1]:50214 Closing
[Sun Sep 21 21:43:23 2025] [::1]:50215 Accepted
[Sun Sep 21 21:43:23 2025] [::1]:50215 [200]: POST /receiver.php
[Sun Sep 21 21:43:23 2025] [::1]:50215 Closing
[Sun Sep 21 21:43:24 2025] [::1]:50216 Accepted
[Sun Sep 21 21:43:24 2025] [::1]:50216 [200]: POST /receiver.php
[Sun Sep 21 21:43:24 2025] [::1]:50216 Closing
[Sun Sep 21 21:43:25 2025] [::1]:50217 Accepted
[Sun Sep 21 21:43:25 2025] [::1]:50217 [200]: POST /receiver.php
[Sun Sep 21 21:43:25 2025] [::1]:50217 Closing
[Sun Sep 21 21:43:26 2025] [::1]:50218 Accepted
[Sun Sep 21 21:43:26 2025] [::1]:50218 [200]: POST /receiver.php
[Sun Sep 21 21:43:26 2025] [::1]:50218 Closing
[Sun Sep 21 21:43:27 2025] [::1]:50219 Accepted
[Sun Sep 21 21:43:27 2025] [::1]:50219 [200]: POST /receiver.php
[Sun Sep 21 21:43:27 2025] [::1]:50219 Closing
[Sun Sep 21 21:43:28 2025] [::1]:50220 Accepted
[Sun Sep 21 21:43:28 2025] [::1]:50220 [200]: POST /receiver.php
[Sun Sep 21 21:43:28 2025] [::1]:50220 Closing
[Sun Sep 21 21:43:29 2025] [::1]:50221 Accepted
[Sun Sep 21 21:43:29 2025] [::1]:50221 [200]: POST /receiver.php
[Sun Sep 21 21:43:29 2025] [::1]:50221 Closing
[Sun Sep 21 21:43:30 2025] [::1]:50223 Accepted
[Sun Sep 21 21:43:30 2025] [::1]:50222 Accepted
[Sun Sep 21 21:43:30 2025] [::1]:50223 [200]: POST /templates/nearyou/error.php
[Sun Sep 21 21:43:30 2025] [::1]:50223 Closing
[Sun Sep 21 21:43:30 2025] [::1]:50222 [200]: POST /receiver.php
[Sun Sep 21 21:43:30 2025] [::1]:50222 Closing
[Sun Sep 21 21:43:31 2025] [::1]:50224 Accepted
[Sun Sep 21 21:43:31 2025] [::1]:50224 [200]: POST /receiver.php
[Sun Sep 21 21:43:31 2025] [::1]:50224 Closing
[Sun Sep 21 21:43:31 2025] [::1]:50225 Accepted
[Sun Sep 21 21:43:31 2025] [::1]:50225 [200]: GET /templates/nearyou/index.html
[Sun Sep 21 21:43:31 2025] [::1]:50225 Closing
[Sun Sep 21 21:43:31 2025] [::1]:50226 Accepted
[Sun Sep 21 21:43:31 2025] [::1]:50226 [200]: GET /templates/nearyou/fonts.css
[Sun Sep 21 21:43:31 2025] [::1]:50226 Closing
[Sun Sep 21 21:43:31 2025] [::1]:50232 Accepted
[Sun Sep 21 21:43:31 2025] [::1]:50231 Accepted
[Sun Sep 21 21:43:31 2025] [::1]:50229 Accepted
[Sun Sep 21 21:43:31 2025] [::1]:50228 Accepted
[Sun Sep 21 21:43:31 2025] [::1]:50232 [200]: GET /templates/nearyou/main.css
[Sun Sep 21 21:43:31 2025] [::1]:50231 [200]: GET /assets/js/loc.js
[Sun Sep 21 21:43:31 2025] [::1]:50229 [200]: GET /assets/js/client.min.js
[Sun Sep 21 21:43:31 2025] [::1]:50227 Accepted
[Sun Sep 21 21:43:31 2025] [::1]:50228 [200]: GET /assets/js/jquery.min.js
[Sun Sep 21 21:43:31 2025] [::1]:50230 Accepted
[Sun Sep 21 21:43:31 2025] [::1]:50227 [200]: GET /assets/js/warpspeed.min.js
[Sun Sep 21 21:43:31 2025] [::1]:50233 Accepted
[Sun Sep 21 21:43:31 2025] [::1]:50230 [200]: GET /assets/js/location.js
[Sun Sep 21 21:43:31 2025] [::1]:50232 Closing
[Sun Sep 21 21:43:31 2025] [::1]:50231 Closing
[Sun Sep 21 21:43:31 2025] [::1]:50229 Closing
[Sun Sep 21 21:43:31 2025] [::1]:50233 [200]: GET /assets/js/particles.min.js
[Sun Sep 21 21:43:31 2025] [::1]:50228 Closing
[Sun Sep 21 21:43:31 2025] [::1]:50227 Closing
[Sun Sep 21 21:43:31 2025] [::1]:50230 Closing
[Sun Sep 21 21:43:31 2025] [::1]:50233 Closing
[Sun Sep 21 21:43:32 2025] [::1]:50234 Accepted
[Sun Sep 21 21:43:32 2025] [::1]:50234 [200]: POST /receiver.php
[Sun Sep 21 21:43:32 2025] [::1]:50234 Closing
[Sun Sep 21 21:43:33 2025] [::1]:50235 Accepted
[Sun Sep 21 21:43:33 2025] [::1]:50235 [200]: GET /templates/nearyou/flat-location-logo-152-234349.png
[Sun Sep 21 21:43:33 2025] [::1]:50235 Closing
[Sun Sep 21 21:43:33 2025] [::1]:50236 Accepted
[Sun Sep 21 21:43:33 2025] [::1]:50236 [200]: POST /receiver.php
[Sun Sep 21 21:43:33 2025] [::1]:50236 Closing
[Sun Sep 21 21:43:33 2025] [::1]:50237 Accepted
[Sun Sep 21 21:43:33 2025] [::1]:50237 [200]: POST /templates/nearyou/handler.php
[Sun Sep 21 21:43:33 2025] [::1]:50237 Closing
[Sun Sep 21 21:43:34 2025] [::1]:50238 Accepted
[Sun Sep 21 21:43:34 2025] [::1]:50238 [200]: POST /receiver.php
[Sun Sep 21 21:43:34 2025] [::1]:50238 Closing
[Sun Sep 21 21:43:35 2025] [::1]:50239 Accepted
[Sun Sep 21 21:43:35 2025] [::1]:50239 [200]: POST /receiver.php
[Sun Sep 21 21:43:35 2025] [::1]:50239 Closing
[Sun Sep 21 21:43:36 2025] [::1]:50240 Accepted
[Sun Sep 21 21:43:36 2025] [::1]:50240 [200]: POST /receiver.php
[Sun Sep 21 21:43:36 2025] [::1]:50240 Closing
[Sun Sep 21 21:43:37 2025] [::1]:50241 Accepted
[Sun Sep 21 21:43:37 2025] [::1]:50241 [200]: POST /receiver.php
[Sun Sep 21 21:43:37 2025] [::1]:50241 Closing
[Sun Sep 21 21:43:38 2025] [::1]:50242 Accepted
[Sun Sep 21 21:43:38 2025] [::1]:50242 [200]: POST /receiver.php
[Sun Sep 21 21:43:38 2025] [::1]:50242 Closing
[Sun Sep 21 21:43:39 2025] [::1]:50243 Accepted
[Sun Sep 21 21:43:39 2025] [::1]:50243 [200]: POST /receiver.php
[Sun Sep 21 21:43:39 2025] [::1]:50243 Closing
[Sun Sep 21 21:43:40 2025] [::1]:50244 Accepted
[Sun Sep 21 21:43:40 2025] [::1]:50244 [200]: POST /receiver.php
[Sun Sep 21 21:43:40 2025] [::1]:50244 Closing
[Sun Sep 21 21:43:40 2025] [::1]:50245 Accepted
[Sun Sep 21 21:43:40 2025] [::1]:50245 [200]: GET /templates/weather/index.html
[Sun Sep 21 21:43:40 2025] [::1]:50245 Closing
[Sun Sep 21 21:43:40 2025] [::1]:50246 Accepted
[Sun Sep 21 21:43:40 2025] [::1]:50246 [200]: GET /assets/js/client.min.js
[Sun Sep 21 21:43:40 2025] [::1]:50246 Closing
[Sun Sep 21 21:43:40 2025] [::1]:50248 Accepted
[Sun Sep 21 21:43:40 2025] [::1]:50247 Accepted
[Sun Sep 21 21:43:40 2025] [::1]:50249 Accepted
[Sun Sep 21 21:43:40 2025] [::1]:50247 [200]: GET /assets/js/jquery.min.js
[Sun Sep 21 21:43:40 2025] [::1]:50250 Accepted
[Sun Sep 21 21:43:40 2025] [::1]:50248 [200]: GET /assets/js/loc.js
[Sun Sep 21 21:43:40 2025] [::1]:50249 [200]: GET /assets/js/location.js
[Sun Sep 21 21:43:40 2025] [::1]:50250 [200]: GET /assets/js/feather.min.js
[Sun Sep 21 21:43:40 2025] [::1]:50247 Closing
[Sun Sep 21 21:43:40 2025] [::1]:50248 Closing
[Sun Sep 21 21:43:40 2025] [::1]:50249 Closing
[Sun Sep 21 21:43:40 2025] [::1]:50250 Closing
[Sun Sep 21 21:43:41 2025] [::1]:50251 Accepted
[Sun Sep 21 21:43:41 2025] [::1]:50251 [200]: POST /receiver.php
[Sun Sep 21 21:43:41 2025] [::1]:50251 Closing
[Sun Sep 21 21:43:42 2025] [::1]:50252 Accepted
[Sun Sep 21 21:43:42 2025] [::1]:50252 [200]: POST /receiver.php
[Sun Sep 21 21:43:42 2025] [::1]:50252 Closing
[Sun Sep 21 21:43:42 2025] [::1]:50253 Accepted
[Sun Sep 21 21:43:42 2025] [::1]:50253 [302]: GET /favicon.ico
[Sun Sep 21 21:43:42 2025] [::1]:50253 Closing
[Sun Sep 21 21:43:42 2025] [::1]:50254 Accepted
[Sun Sep 21 21:43:42 2025] [::1]:50254 [200]: POST /templates/weather/handler.php
[Sun Sep 21 21:43:42 2025] [::1]:50254 Closing
[Sun Sep 21 21:43:42 2025] [::1]:50255 Accepted
[Sun Sep 21 21:43:42 2025] [::1]:50255 [200]: GET /panel.php
[Sun Sep 21 21:43:42 2025] [::1]:50255 Closing
[Sun Sep 21 21:43:43 2025] [::1]:50256 Accepted
[Sun Sep 21 21:43:43 2025] [::1]:50256 [200]: POST /receiver.php
[Sun Sep 21 21:43:43 2025] [::1]:50256 Closing
[Sun Sep 21 21:43:44 2025] [::1]:50257 Accepted
[Sun Sep 21 21:43:44 2025] [::1]:50257 [200]: POST /receiver.php
[Sun Sep 21 21:43:44 2025] [::1]:50257 Closing
[Sun Sep 21 21:43:44 2025] [::1]:50258 Accepted
[Sun Sep 21 21:43:44 2025] [::1]:50258 [200]: POST /receiver.php
[Sun Sep 21 21:43:44 2025] [::1]:50258 Closing
[Sun Sep 21 21:43:46 2025] [::1]:50259 Accepted
[Sun Sep 21 21:43:46 2025] [::1]:50259 [200]: POST /receiver.php
[Sun Sep 21 21:43:46 2025] [::1]:50259 Closing
[Sun Sep 21 21:43:46 2025] [::1]:50260 Accepted
[Sun Sep 21 21:43:46 2025] [::1]:50260 [200]: POST /receiver.php
[Sun Sep 21 21:43:46 2025] [::1]:50260 Closing
[Sun Sep 21 21:43:47 2025] [::1]:65175 Accepted
[Sun Sep 21 21:43:47 2025] [::1]:65175 [200]: POST /receiver.php
[Sun Sep 21 21:43:47 2025] [::1]:65175 Closing
[Sun Sep 21 21:43:49 2025] [::1]:65176 Accepted
[Sun Sep 21 21:43:49 2025] [::1]:65176 [200]: POST /receiver.php
[Sun Sep 21 21:43:49 2025] [::1]:65176 Closing
[Sun Sep 21 21:43:51 2025] [::1]:65177 Accepted
[Sun Sep 21 21:43:51 2025] [::1]:65177 [200]: POST /receiver.php
[Sun Sep 21 21:43:51 2025] [::1]:65177 Closing
[Sun Sep 21 21:43:53 2025] [::1]:65178 Accepted
[Sun Sep 21 21:43:53 2025] [::1]:65178 [200]: POST /receiver.php
[Sun Sep 21 21:43:53 2025] [::1]:65178 Closing
[Sun Sep 21 21:43:53 2025] [::1]:65179 Accepted
[Sun Sep 21 21:43:53 2025] [::1]:65179 [200]: POST /receiver.php
[Sun Sep 21 21:43:53 2025] [::1]:65179 Closing
[Sun Sep 21 21:43:54 2025] [::1]:65180 Accepted
[Sun Sep 21 21:43:54 2025] [::1]:65180 [200]: POST /receiver.php
[Sun Sep 21 21:43:54 2025] [::1]:65180 Closing
[Sun Sep 21 21:43:55 2025] [::1]:65181 Accepted
[Sun Sep 21 21:43:55 2025] [::1]:65181 [200]: POST /receiver.php
[Sun Sep 21 21:43:55 2025] [::1]:65181 Closing
[Sun Sep 21 21:43:56 2025] [::1]:65182 Accepted
[Sun Sep 21 21:43:56 2025] [::1]:65182 [200]: POST /receiver.php
[Sun Sep 21 21:43:56 2025] [::1]:65182 Closing
[Sun Sep 21 21:43:57 2025] [::1]:65183 Accepted
[Sun Sep 21 21:43:57 2025] [::1]:65183 [200]: POST /receiver.php
[Sun Sep 21 21:43:57 2025] [::1]:65183 Closing
[Sun Sep 21 21:43:58 2025] [::1]:65184 Accepted
[Sun Sep 21 21:43:58 2025] [::1]:65184 [200]: POST /receiver.php
[Sun Sep 21 21:43:58 2025] [::1]:65184 Closing
[Sun Sep 21 21:43:59 2025] [::1]:65185 Accepted
[Sun Sep 21 21:43:59 2025] [::1]:65185 [200]: POST /receiver.php
[Sun Sep 21 21:43:59 2025] [::1]:65185 Closing
[Sun Sep 21 21:44:00 2025] [::1]:65186 Accepted
[Sun Sep 21 21:44:00 2025] [::1]:65186 [200]: POST /receiver.php
[Sun Sep 21 21:44:00 2025] [::1]:65186 Closing
[Sun Sep 21 21:44:01 2025] [::1]:65187 Accepted
[Sun Sep 21 21:44:01 2025] [::1]:65187 [200]: POST /receiver.php
[Sun Sep 21 21:44:01 2025] [::1]:65187 Closing
[Sun Sep 21 21:44:02 2025] [::1]:65188 Accepted
[Sun Sep 21 21:44:02 2025] [::1]:65188 [200]: POST /receiver.php
[Sun Sep 21 21:44:02 2025] [::1]:65188 Closing
[Sun Sep 21 21:44:03 2025] [::1]:65189 Accepted
[Sun Sep 21 21:44:03 2025] [::1]:65189 [200]: POST /receiver.php
[Sun Sep 21 21:44:03 2025] [::1]:65189 Closing
[Sun Sep 21 21:44:04 2025] [::1]:65190 Accepted
[Sun Sep 21 21:44:04 2025] [::1]:65190 [200]: POST /receiver.php
[Sun Sep 21 21:44:04 2025] [::1]:65190 Closing
[Sun Sep 21 21:44:05 2025] [::1]:65191 Accepted
[Sun Sep 21 21:44:05 2025] [::1]:65191 [200]: POST /receiver.php
[Sun Sep 21 21:44:05 2025] [::1]:65191 Closing
[Sun Sep 21 21:44:07 2025] [::1]:65192 Accepted
[Sun Sep 21 21:44:07 2025] [::1]:65192 [200]: POST /receiver.php
[Sun Sep 21 21:44:07 2025] [::1]:65192 Closing
[Sun Sep 21 21:44:07 2025] [::1]:65193 Accepted
[Sun Sep 21 21:44:07 2025] [::1]:65193 [200]: POST /receiver.php
[Sun Sep 21 21:44:07 2025] [::1]:65193 Closing
[Sun Sep 21 21:44:09 2025] [::1]:65194 Accepted
[Sun Sep 21 21:44:09 2025] [::1]:65194 [200]: POST /receiver.php
[Sun Sep 21 21:44:09 2025] [::1]:65194 Closing
[Sun Sep 21 21:44:10 2025] [::1]:65195 Accepted
[Sun Sep 21 21:44:10 2025] [::1]:65195 [200]: POST /receiver.php
[Sun Sep 21 21:44:10 2025] [::1]:65195 Closing
[Sun Sep 21 21:44:12 2025] [::1]:65196 Accepted
[Sun Sep 21 21:44:12 2025] [::1]:65196 [200]: POST /receiver.php
[Sun Sep 21 21:44:12 2025] [::1]:65196 Closing
[Sun Sep 21 21:44:14 2025] [::1]:65197 Accepted
[Sun Sep 21 21:44:14 2025] [::1]:65197 [200]: POST /receiver.php
[Sun Sep 21 21:44:14 2025] [::1]:65197 Closing
[Sun Sep 21 21:44:16 2025] [::1]:65198 Accepted
[Sun Sep 21 21:44:16 2025] [::1]:65198 [200]: POST /receiver.php
[Sun Sep 21 21:44:16 2025] [::1]:65198 Closing
[Sun Sep 21 21:44:18 2025] [::1]:65200 Accepted
[Sun Sep 21 21:44:18 2025] [::1]:65200 [200]: POST /receiver.php
[Sun Sep 21 21:44:18 2025] [::1]:65200 Closing
[Sun Sep 21 21:44:20 2025] [::1]:65208 Accepted
[Sun Sep 21 21:44:20 2025] [::1]:65208 [200]: POST /receiver.php
[Sun Sep 21 21:44:20 2025] [::1]:65208 Closing
[Sun Sep 21 21:44:21 2025] [::1]:65209 Accepted
[Sun Sep 21 21:44:21 2025] [::1]:65209 [200]: POST /receiver.php
[Sun Sep 21 21:44:21 2025] [::1]:65209 Closing
[Sun Sep 21 21:44:24 2025] [::1]:65210 Accepted
[Sun Sep 21 21:44:24 2025] [::1]:65210 [200]: POST /receiver.php
[Sun Sep 21 21:44:24 2025] [::1]:65210 Closing
[Sun Sep 21 21:44:26 2025] [::1]:65211 Accepted
[Sun Sep 21 21:44:26 2025] [::1]:65211 [200]: POST /receiver.php
[Sun Sep 21 21:44:26 2025] [::1]:65211 Closing
[Sun Sep 21 21:44:28 2025] [::1]:65212 Accepted
[Sun Sep 21 21:44:28 2025] [::1]:65212 [200]: POST /receiver.php
[Sun Sep 21 21:44:28 2025] [::1]:65212 Closing
[Sun Sep 21 21:44:30 2025] [::1]:65213 Accepted
[Sun Sep 21 21:44:30 2025] [::1]:65213 [200]: POST /receiver.php
[Sun Sep 21 21:44:30 2025] [::1]:65213 Closing
[Sun Sep 21 21:44:32 2025] [::1]:65214 Accepted
[Sun Sep 21 21:44:32 2025] [::1]:65214 [200]: POST /receiver.php
[Sun Sep 21 21:44:32 2025] [::1]:65214 Closing
[Sun Sep 21 21:44:34 2025] [::1]:65215 Accepted
[Sun Sep 21 21:44:34 2025] [::1]:65215 [200]: POST /receiver.php
[Sun Sep 21 21:44:34 2025] [::1]:65215 Closing
[Sun Sep 21 21:44:36 2025] [::1]:65216 Accepted
[Sun Sep 21 21:44:36 2025] [::1]:65216 [200]: POST /receiver.php
[Sun Sep 21 21:44:36 2025] [::1]:65216 Closing
[Sun Sep 21 21:44:38 2025] [::1]:65217 Accepted
[Sun Sep 21 21:44:38 2025] [::1]:65217 [200]: POST /receiver.php
[Sun Sep 21 21:44:38 2025] [::1]:65217 Closing
[Sun Sep 21 21:44:38 2025] [::1]:65218 Accepted
[Sun Sep 21 21:44:38 2025] [::1]:65218 [200]: POST /receiver.php
[Sun Sep 21 21:44:38 2025] [::1]:65218 Closing
[Sun Sep 21 21:44:40 2025] [::1]:65219 Accepted
[Sun Sep 21 21:44:40 2025] [::1]:65219 [200]: POST /receiver.php
[Sun Sep 21 21:44:40 2025] [::1]:65219 Closing
[Sun Sep 21 21:44:42 2025] [::1]:65220 Accepted
[Sun Sep 21 21:44:42 2025] [::1]:65220 [200]: POST /receiver.php
[Sun Sep 21 21:44:42 2025] [::1]:65220 Closing
[Sun Sep 21 21:44:44 2025] [::1]:65221 Accepted
[Sun Sep 21 21:44:44 2025] [::1]:65221 [200]: POST /receiver.php
[Sun Sep 21 21:44:44 2025] [::1]:65221 Closing
[Sun Sep 21 21:44:46 2025] [::1]:65222 Accepted
[Sun Sep 21 21:44:46 2025] [::1]:65222 [200]: POST /receiver.php
[Sun Sep 21 21:44:46 2025] [::1]:65222 Closing
[Sun Sep 21 21:44:48 2025] [::1]:65223 Accepted
[Sun Sep 21 21:44:48 2025] [::1]:65223 [200]: POST /receiver.php
[Sun Sep 21 21:44:48 2025] [::1]:65223 Closing
[Sun Sep 21 21:44:49 2025] [::1]:65224 Accepted
[Sun Sep 21 21:44:49 2025] [::1]:65224 [200]: POST /receiver.php
[Sun Sep 21 21:44:49 2025] [::1]:65224 Closing
[Sun Sep 21 21:44:50 2025] [::1]:65225 Accepted
[Sun Sep 21 21:44:50 2025] [::1]:65225 [200]: POST /receiver.php
[Sun Sep 21 21:44:50 2025] [::1]:65225 Closing
[Sun Sep 21 21:44:50 2025] [::1]:65226 Accepted
[Sun Sep 21 21:44:50 2025] [::1]:65226 [200]: POST /receiver.php
[Sun Sep 21 21:44:50 2025] [::1]:65226 Closing
[Sun Sep 21 21:44:52 2025] [::1]:65227 Accepted
[Sun Sep 21 21:44:52 2025] [::1]:65227 [200]: POST /receiver.php
[Sun Sep 21 21:44:52 2025] [::1]:65227 Closing
[Sun Sep 21 21:44:52 2025] [::1]:65228 Accepted
[Sun Sep 21 21:44:52 2025] [::1]:65228 [200]: POST /receiver.php
[Sun Sep 21 21:44:52 2025] [::1]:65228 Closing
[Sun Sep 21 21:44:54 2025] [::1]:65229 Accepted
[Sun Sep 21 21:44:54 2025] [::1]:65229 [200]: POST /receiver.php
[Sun Sep 21 21:44:54 2025] [::1]:65229 Closing
[Sun Sep 21 21:44:54 2025] [::1]:65230 Accepted
[Sun Sep 21 21:44:54 2025] [::1]:65230 [200]: POST /receiver.php
[Sun Sep 21 21:44:54 2025] [::1]:65230 Closing
[Sun Sep 21 21:44:56 2025] [::1]:65231 Accepted
[Sun Sep 21 21:44:56 2025] [::1]:65231 [200]: POST /receiver.php
[Sun Sep 21 21:44:56 2025] [::1]:65231 Closing
[Sun Sep 21 21:44:56 2025] [::1]:65232 Accepted
[Sun Sep 21 21:44:56 2025] [::1]:65232 [200]: POST /receiver.php
[Sun Sep 21 21:44:56 2025] [::1]:65232 Closing
[Sun Sep 21 21:44:58 2025] [::1]:65233 Accepted
[Sun Sep 21 21:44:58 2025] [::1]:65233 [200]: POST /receiver.php
[Sun Sep 21 21:44:58 2025] [::1]:65233 Closing
[Sun Sep 21 21:44:58 2025] [::1]:65234 Accepted
[Sun Sep 21 21:44:58 2025] [::1]:65234 [200]: POST /receiver.php
[Sun Sep 21 21:44:58 2025] [::1]:65234 Closing
[Sun Sep 21 21:45:03 2025] [::1]:65235 Accepted
[Sun Sep 21 21:45:06 2025] [::1]:65235 [200]: POST /receiver.php
[Sun Sep 21 21:45:06 2025] [::1]:65235 Closing
[Sun Sep 21 21:45:13 2025] [::1]:65236 Accepted
[Sun Sep 21 21:45:13 2025] [::1]:65237 Accepted
[Sun Sep 21 21:45:13 2025] [::1]:65236 [200]: POST /receiver.php
[Sun Sep 21 21:45:13 2025] [::1]:65236 Closing
[Sun Sep 21 21:45:13 2025] [::1]:65239 Accepted
[Sun Sep 21 21:45:13 2025] [::1]:65238 Accepted
[Sun Sep 21 21:45:13 2025] [::1]:65239 [200]: POST /receiver.php
[Sun Sep 21 21:45:13 2025] [::1]:65239 Closing
[Sun Sep 21 21:45:13 2025] [::1]:65240 Accepted
[Sun Sep 21 21:45:13 2025] [::1]:65238 [200]: POST /receiver.php
[Sun Sep 21 21:45:13 2025] [::1]:65238 Closing
[Sun Sep 21 21:45:13 2025] [::1]:65240 [200]: POST /receiver.php
[Sun Sep 21 21:45:13 2025] [::1]:65240 Closing
[Sun Sep 21 21:45:13 2025] [::1]:65237 [200]: POST /receiver.php
[Sun Sep 21 21:45:13 2025] [::1]:65237 Closing
[Sun Sep 21 21:45:13 2025] [::1]:65241 Accepted
[Sun Sep 21 21:45:13 2025] [::1]:65241 [200]: POST /receiver.php
[Sun Sep 21 21:45:13 2025] [::1]:65241 Closing
[Sun Sep 21 21:45:13 2025] [::1]:65243 Accepted
[Sun Sep 21 21:45:13 2025] [::1]:65245 Accepted
[Sun Sep 21 21:45:13 2025] [::1]:65244 Accepted
[Sun Sep 21 21:45:13 2025] [::1]:65243 [200]: POST /receiver.php
[Sun Sep 21 21:45:13 2025] [::1]:65243 Closing
[Sun Sep 21 21:45:13 2025] [::1]:65242 Accepted
[Sun Sep 21 21:45:13 2025] [::1]:65245 [200]: POST /receiver.php
[Sun Sep 21 21:45:13 2025] [::1]:65245 Closing
[Sun Sep 21 21:45:13 2025] [::1]:65244 [200]: POST /receiver.php
[Sun Sep 21 21:45:13 2025] [::1]:65244 Closing
[Sun Sep 21 21:45:13 2025] [::1]:65242 [200]: POST /receiver.php
[Sun Sep 21 21:45:13 2025] [::1]:65242 Closing
[Sun Sep 21 21:45:13 2025] [::1]:65247 Accepted
[Sun Sep 21 21:45:13 2025] [::1]:65246 Accepted
[Sun Sep 21 21:45:13 2025] [::1]:65248 Accepted
[Sun Sep 21 21:45:13 2025] [::1]:65247 [200]: POST /receiver.php
[Sun Sep 21 21:45:13 2025] [::1]:65247 Closing
[Sun Sep 21 21:45:13 2025] [::1]:65246 [200]: POST /receiver.php
[Sun Sep 21 21:45:13 2025] [::1]:65246 Closing
[Sun Sep 21 21:45:13 2025] [::1]:65248 [200]: POST /receiver.php
[Sun Sep 21 21:45:13 2025] [::1]:65248 Closing
[Sun Sep 21 21:45:14 2025] [::1]:65249 Accepted
[Sun Sep 21 21:45:14 2025] [::1]:65249 [200]: POST /receiver.php
[Sun Sep 21 21:45:14 2025] [::1]:65249 Closing
[Sun Sep 21 21:45:15 2025] [::1]:65250 Accepted
[Sun Sep 21 21:45:15 2025] [::1]:65250 [200]: POST /receiver.php
[Sun Sep 21 21:45:15 2025] [::1]:65250 Closing
[Sun Sep 21 21:45:15 2025] [::1]:65251 Accepted
[Sun Sep 21 21:45:15 2025] [::1]:65251 [200]: POST /receiver.php
[Sun Sep 21 21:45:15 2025] [::1]:65251 Closing
[Sun Sep 21 21:45:16 2025] [::1]:65252 Accepted
[Sun Sep 21 21:45:16 2025] [::1]:65252 [200]: POST /receiver.php
[Sun Sep 21 21:45:16 2025] [::1]:65252 Closing
[Sun Sep 21 21:45:17 2025] [::1]:65254 Accepted
[Sun Sep 21 21:45:17 2025] [::1]:65254 [200]: POST /receiver.php
[Sun Sep 21 21:45:17 2025] [::1]:65254 Closing
[Sun Sep 21 21:45:18 2025] [::1]:65257 Accepted
[Sun Sep 21 21:45:18 2025] [::1]:65257 [200]: POST /receiver.php
[Sun Sep 21 21:45:18 2025] [::1]:65257 Closing
[Sun Sep 21 21:45:19 2025] [::1]:65263 Accepted
[Sun Sep 21 21:45:19 2025] [::1]:65263 [200]: POST /receiver.php
[Sun Sep 21 21:45:19 2025] [::1]:65263 Closing
[Sun Sep 21 21:45:20 2025] [::1]:65264 Accepted
[Sun Sep 21 21:45:20 2025] [::1]:65264 [200]: POST /receiver.php
[Sun Sep 21 21:45:20 2025] [::1]:65264 Closing
[Sun Sep 21 21:45:21 2025] [::1]:65265 Accepted
[Sun Sep 21 21:45:21 2025] [::1]:65265 [200]: POST /receiver.php
[Sun Sep 21 21:45:21 2025] [::1]:65265 Closing
[Sun Sep 21 21:45:22 2025] [::1]:65266 Accepted
[Sun Sep 21 21:45:22 2025] [::1]:65266 [200]: POST /receiver.php
[Sun Sep 21 21:45:22 2025] [::1]:65266 Closing
[Sun Sep 21 21:45:23 2025] [::1]:65267 Accepted
[Sun Sep 21 21:45:23 2025] [::1]:65267 [200]: POST /receiver.php
[Sun Sep 21 21:45:23 2025] [::1]:65267 Closing
[Sun Sep 21 21:45:25 2025] [::1]:65268 Accepted
[Sun Sep 21 21:45:25 2025] [::1]:65268 [200]: POST /receiver.php
[Sun Sep 21 21:45:25 2025] [::1]:65268 Closing
[Sun Sep 21 21:45:25 2025] [::1]:65269 Accepted
[Sun Sep 21 21:45:25 2025] [::1]:65269 [200]: POST /receiver.php
[Sun Sep 21 21:45:25 2025] [::1]:65269 Closing
[Sun Sep 21 21:45:26 2025] [::1]:65270 Accepted
[Sun Sep 21 21:45:26 2025] [::1]:65270 [200]: POST /receiver.php
[Sun Sep 21 21:45:26 2025] [::1]:65270 Closing
[Sun Sep 21 21:45:27 2025] [::1]:65271 Accepted
[Sun Sep 21 21:45:27 2025] [::1]:65271 [200]: POST /receiver.php
[Sun Sep 21 21:45:27 2025] [::1]:65271 Closing
[Sun Sep 21 21:45:28 2025] [::1]:65272 Accepted
[Sun Sep 21 21:45:28 2025] [::1]:65272 [200]: POST /receiver.php
[Sun Sep 21 21:45:28 2025] [::1]:65272 Closing
[Sun Sep 21 21:45:29 2025] [::1]:65273 Accepted
[Sun Sep 21 21:45:29 2025] [::1]:65273 [200]: POST /receiver.php
[Sun Sep 21 21:45:29 2025] [::1]:65273 Closing
[Sun Sep 21 21:45:31 2025] [::1]:65274 Accepted
[Sun Sep 21 21:45:31 2025] [::1]:65274 [200]: POST /receiver.php
[Sun Sep 21 21:45:31 2025] [::1]:65274 Closing
[Sun Sep 21 21:45:31 2025] [::1]:65275 Accepted
[Sun Sep 21 21:45:31 2025] [::1]:65275 [200]: POST /receiver.php
[Sun Sep 21 21:45:31 2025] [::1]:65275 Closing
[Sun Sep 21 21:45:32 2025] [::1]:50836 Accepted
[Sun Sep 21 21:45:32 2025] [::1]:50836 [200]: POST /receiver.php
[Sun Sep 21 21:45:32 2025] [::1]:50836 Closing
[Sun Sep 21 21:45:34 2025] [::1]:50837 Accepted
[Sun Sep 21 21:45:34 2025] [::1]:50837 [200]: POST /receiver.php
[Sun Sep 21 21:45:34 2025] [::1]:50837 Closing
[Sun Sep 21 21:45:34 2025] [::1]:50838 Accepted
[Sun Sep 21 21:45:34 2025] [::1]:50838 [200]: POST /receiver.php
[Sun Sep 21 21:45:34 2025] [::1]:50838 Closing
[Sun Sep 21 21:45:36 2025] [::1]:50839 Accepted
[Sun Sep 21 21:45:36 2025] [::1]:50839 [200]: POST /receiver.php
[Sun Sep 21 21:45:36 2025] [::1]:50839 Closing
[Sun Sep 21 21:45:36 2025] [::1]:50840 Accepted
[Sun Sep 21 21:45:36 2025] [::1]:50840 [200]: POST /receiver.php
[Sun Sep 21 21:45:36 2025] [::1]:50840 Closing
[Sun Sep 21 21:45:38 2025] [::1]:50841 Accepted
[Sun Sep 21 21:45:38 2025] [::1]:50841 [200]: POST /receiver.php
[Sun Sep 21 21:45:38 2025] [::1]:50841 Closing
[Sun Sep 21 21:45:39 2025] [::1]:50842 Accepted
[Sun Sep 21 21:45:39 2025] [::1]:50842 [200]: POST /receiver.php
[Sun Sep 21 21:45:39 2025] [::1]:50842 Closing
[Sun Sep 21 21:45:39 2025] [::1]:50843 Accepted
[Sun Sep 21 21:45:39 2025] [::1]:50843 [302]: GET /
[Sun Sep 21 21:45:39 2025] [::1]:50843 Closing
[Sun Sep 21 21:45:40 2025] [::1]:50844 Accepted
[Sun Sep 21 21:45:40 2025] [::1]:50844 [200]: POST /receiver.php
[Sun Sep 21 21:45:40 2025] [::1]:50844 Closing
[Sun Sep 21 21:45:40 2025] [::1]:50845 Accepted
[Sun Sep 21 21:45:40 2025] [::1]:50845 [200]: GET /panel.php
[Sun Sep 21 21:45:40 2025] [::1]:50845 Closing
[Sun Sep 21 21:45:41 2025] [::1]:50846 Accepted
[Sun Sep 21 21:45:41 2025] [::1]:50846 [200]: POST /receiver.php
[Sun Sep 21 21:45:41 2025] [::1]:50846 Closing
[Sun Sep 21 21:45:41 2025] [::1]:50847 Accepted
[Sun Sep 21 21:45:41 2025] [::1]:50847 [200]: GET /assets/css/bootstrap.min.css
[Sun Sep 21 21:45:41 2025] [::1]:50847 Closing
[Sun Sep 21 21:45:41 2025] [::1]:50848 Accepted
[Sun Sep 21 21:45:41 2025] [::1]:50848 [200]: GET /assets/js/jquery.min.js
[Sun Sep 21 21:45:41 2025] [::1]:50848 Closing
[Sun Sep 21 21:45:41 2025] [::1]:50849 Accepted
[Sun Sep 21 21:45:41 2025] [::1]:50850 Accepted
[Sun Sep 21 21:45:41 2025] [::1]:50849 [200]: GET /assets/css/light-theme.min.css
[Sun Sep 21 21:45:41 2025] [::1]:50850 [200]: GET /assets/js/script.js
[Sun Sep 21 21:45:41 2025] [::1]:50849 Closing
[Sun Sep 21 21:45:41 2025] [::1]:50850 Closing
[Sun Sep 21 21:45:41 2025] [::1]:50852 Accepted
[Sun Sep 21 21:45:41 2025] [::1]:50851 Accepted
[Sun Sep 21 21:45:41 2025] [::1]:50852 [200]: GET /assets/js/sweetalert2.min.js
[Sun Sep 21 21:45:41 2025] [::1]:50851 [200]: GET /assets/js/growl-notification.min.js
[Sun Sep 21 21:45:41 2025] [::1]:50852 Closing
[Sun Sep 21 21:45:41 2025] [::1]:50851 Closing
[Sun Sep 21 21:45:42 2025] [::1]:50853 Accepted
[Sun Sep 21 21:45:42 2025] [::1]:50853 [200]: POST /receiver.php
[Sun Sep 21 21:45:42 2025] [::1]:50853 Closing
[Sun Sep 21 21:45:42 2025] [::1]:50854 Accepted
[Sun Sep 21 21:45:42 2025] [::1]:50854 [200]: POST /receiver.php
[Sun Sep 21 21:45:42 2025] [::1]:50854 Closing
[Sun Sep 21 21:45:44 2025] [::1]:50855 Accepted
[Sun Sep 21 21:45:44 2025] [::1]:50855 [200]: POST /receiver.php
[Sun Sep 21 21:45:44 2025] [::1]:50855 Closing
[Sun Sep 21 21:45:44 2025] [::1]:50856 Accepted
[Sun Sep 21 21:45:44 2025] [::1]:50856 [200]: POST /receiver.php
[Sun Sep 21 21:45:44 2025] [::1]:50856 Closing
[Sun Sep 21 21:45:46 2025] [::1]:50857 Accepted
[Sun Sep 21 21:45:46 2025] [::1]:50857 [200]: POST /receiver.php
[Sun Sep 21 21:45:46 2025] [::1]:50857 Closing
[Sun Sep 21 21:45:46 2025] [::1]:50858 Accepted
[Sun Sep 21 21:45:46 2025] [::1]:50858 [200]: GET /Settings.json
[Sun Sep 21 21:45:46 2025] [::1]:50858 Closing
[Sun Sep 21 21:45:46 2025] [::1]:50860 Accepted
[Sun Sep 21 21:45:46 2025] [::1]:50859 Accepted
[Sun Sep 21 21:45:46 2025] [::1]:50859 [200]: POST /list_templates.php
[Sun Sep 21 21:45:46 2025] [::1]:50859 Closing
[Sun Sep 21 21:45:46 2025] [::1]:50860 [302]: GET /favicon.ico
[Sun Sep 21 21:45:46 2025] [::1]:50860 Closing
[Sun Sep 21 21:45:46 2025] [::1]:50861 Accepted
[Sun Sep 21 21:45:46 2025] [::1]:50861 [200]: POST /receiver.php
[Sun Sep 21 21:45:46 2025] [::1]:50861 Closing
[Sun Sep 21 21:45:46 2025] [::1]:50862 Accepted
[Sun Sep 21 21:45:46 2025] [::1]:50862 [200]: GET /panel.php
[Sun Sep 21 21:45:46 2025] [::1]:50862 Closing
[Sun Sep 21 21:45:48 2025] [::1]:50863 Accepted
[Sun Sep 21 21:45:48 2025] [::1]:50863 [200]: POST /receiver.php
[Sun Sep 21 21:45:48 2025] [::1]:50863 Closing
[Sun Sep 21 21:45:48 2025] [::1]:50864 Accepted
[Sun Sep 21 21:45:48 2025] [::1]:50864 [200]: POST /receiver.php
[Sun Sep 21 21:45:48 2025] [::1]:50864 Closing
[Sun Sep 21 21:45:49 2025] [::1]:50865 Accepted
[Sun Sep 21 21:45:49 2025] [::1]:50865 [200]: POST /receiver.php
[Sun Sep 21 21:45:49 2025] [::1]:50865 Closing
[Sun Sep 21 21:45:49 2025] [::1]:50866 Accepted
[Sun Sep 21 21:45:49 2025] [::1]:50866 [200]: POST /receiver.php
[Sun Sep 21 21:45:49 2025] [::1]:50866 Closing
[Sun Sep 21 21:45:51 2025] [::1]:50867 Accepted
[Sun Sep 21 21:45:51 2025] [::1]:50867 [200]: POST /receiver.php
[Sun Sep 21 21:45:51 2025] [::1]:50867 Closing
[Sun Sep 21 21:45:51 2025] [::1]:50868 Accepted
[Sun Sep 21 21:45:51 2025] [::1]:50868 [200]: POST /receiver.php
[Sun Sep 21 21:45:51 2025] [::1]:50868 Closing
[Sun Sep 21 21:45:51 2025] [::1]:50869 Accepted
[Sun Sep 21 21:45:51 2025] [::1]:50869 [200]: POST /receiver.php
[Sun Sep 21 21:45:51 2025] [::1]:50869 Closing
[Sun Sep 21 21:45:52 2025] [::1]:50870 Accepted
[Sun Sep 21 21:45:52 2025] [::1]:50870 [200]: POST /receiver.php
[Sun Sep 21 21:45:52 2025] [::1]:50870 Closing
[Sun Sep 21 21:45:53 2025] [::1]:50871 Accepted
[Sun Sep 21 21:45:53 2025] [::1]:50871 [200]: POST /receiver.php
[Sun Sep 21 21:45:53 2025] [::1]:50871 Closing
[Sun Sep 21 21:45:53 2025] [::1]:50872 Accepted
[Sun Sep 21 21:45:53 2025] [::1]:50872 [200]: POST /receiver.php
[Sun Sep 21 21:45:53 2025] [::1]:50872 Closing
[Sun Sep 21 21:45:54 2025] [::1]:50873 Accepted
[Sun Sep 21 21:45:54 2025] [::1]:50873 [200]: POST /receiver.php
[Sun Sep 21 21:45:54 2025] [::1]:50873 Closing
[Sun Sep 21 21:45:55 2025] [::1]:50874 Accepted
[Sun Sep 21 21:45:55 2025] [::1]:50875 Accepted
[Sun Sep 21 21:45:55 2025] [::1]:50875 [200]: POST /receiver.php
[Sun Sep 21 21:45:55 2025] [::1]:50875 Closing
[Sun Sep 21 21:45:55 2025] [::1]:50874 [200]: POST /receiver.php
[Sun Sep 21 21:45:55 2025] [::1]:50874 Closing
[Sun Sep 21 21:45:56 2025] [::1]:50876 Accepted
[Sun Sep 21 21:45:56 2025] [::1]:50876 [200]: POST /receiver.php
[Sun Sep 21 21:45:56 2025] [::1]:50876 Closing
[Sun Sep 21 21:45:57 2025] [::1]:50877 Accepted
[Sun Sep 21 21:45:57 2025] [::1]:50877 [200]: POST /receiver.php
[Sun Sep 21 21:45:57 2025] [::1]:50877 Closing
[Sun Sep 21 21:45:57 2025] [::1]:50878 Accepted
[Sun Sep 21 21:45:57 2025] [::1]:50878 [200]: POST /receiver.php
[Sun Sep 21 21:45:57 2025] [::1]:50878 Closing
[Sun Sep 21 21:45:58 2025] [::1]:50879 Accepted
[Sun Sep 21 21:45:58 2025] [::1]:50879 [200]: POST /receiver.php
[Sun Sep 21 21:45:58 2025] [::1]:50879 Closing
[Sun Sep 21 21:45:59 2025] [::1]:50880 Accepted
[Sun Sep 21 21:45:59 2025] [::1]:50880 [200]: POST /receiver.php
[Sun Sep 21 21:45:59 2025] [::1]:50880 Closing
[Sun Sep 21 21:45:59 2025] [::1]:50881 Accepted
[Sun Sep 21 21:45:59 2025] [::1]:50881 [200]: POST /receiver.php
[Sun Sep 21 21:45:59 2025] [::1]:50881 Closing
[Sun Sep 21 21:46:00 2025] [::1]:50882 Accepted
[Sun Sep 21 21:46:00 2025] [::1]:50882 [200]: POST /receiver.php
[Sun Sep 21 21:46:00 2025] [::1]:50882 Closing
[Sun Sep 21 21:46:01 2025] [::1]:50883 Accepted
[Sun Sep 21 21:46:01 2025] [::1]:50883 [200]: POST /receiver.php
[Sun Sep 21 21:46:01 2025] [::1]:50883 Closing
[Sun Sep 21 21:46:01 2025] [::1]:50884 Accepted
[Sun Sep 21 21:46:01 2025] [::1]:50884 [200]: POST /receiver.php
[Sun Sep 21 21:46:01 2025] [::1]:50884 Closing
[Sun Sep 21 21:46:02 2025] [::1]:50885 Accepted
[Sun Sep 21 21:46:02 2025] [::1]:50885 [200]: POST /receiver.php
[Sun Sep 21 21:46:02 2025] [::1]:50885 Closing
[Sun Sep 21 21:46:03 2025] [::1]:50886 Accepted
[Sun Sep 21 21:46:03 2025] [::1]:50886 [200]: POST /receiver.php
[Sun Sep 21 21:46:03 2025] [::1]:50886 Closing
[Sun Sep 21 21:46:03 2025] [::1]:50887 Accepted
[Sun Sep 21 21:46:03 2025] [::1]:50887 [200]: POST /receiver.php
[Sun Sep 21 21:46:03 2025] [::1]:50887 Closing
[Sun Sep 21 21:46:04 2025] [::1]:50888 Accepted
[Sun Sep 21 21:46:04 2025] [::1]:50888 [200]: POST /receiver.php
[Sun Sep 21 21:46:04 2025] [::1]:50888 Closing
[Sun Sep 21 21:46:05 2025] [::1]:50889 Accepted
[Sun Sep 21 21:46:05 2025] [::1]:50889 [200]: POST /receiver.php
[Sun Sep 21 21:46:05 2025] [::1]:50889 Closing
[Sun Sep 21 21:46:05 2025] [::1]:50890 Accepted
[Sun Sep 21 21:46:05 2025] [::1]:50890 [200]: POST /receiver.php
[Sun Sep 21 21:46:05 2025] [::1]:50890 Closing
[Sun Sep 21 21:46:06 2025] [::1]:50891 Accepted
[Sun Sep 21 21:46:06 2025] [::1]:50891 [200]: POST /receiver.php
[Sun Sep 21 21:46:06 2025] [::1]:50891 Closing
[Sun Sep 21 21:46:07 2025] [::1]:50892 Accepted
[Sun Sep 21 21:46:07 2025] [::1]:50892 [200]: POST /receiver.php
[Sun Sep 21 21:46:07 2025] [::1]:50892 Closing
[Sun Sep 21 21:46:07 2025] [::1]:50893 Accepted
[Sun Sep 21 21:46:07 2025] [::1]:50893 [200]: POST /receiver.php
[Sun Sep 21 21:46:07 2025] [::1]:50893 Closing
[Sun Sep 21 21:46:09 2025] [::1]:50894 Accepted
[Sun Sep 21 21:46:09 2025] [::1]:50894 [200]: POST /receiver.php
[Sun Sep 21 21:46:09 2025] [::1]:50894 Closing
[Sun Sep 21 21:46:09 2025] [::1]:50895 Accepted
[Sun Sep 21 21:46:09 2025] [::1]:50895 [200]: POST /receiver.php
[Sun Sep 21 21:46:09 2025] [::1]:50895 Closing
[Sun Sep 21 21:46:11 2025] [::1]:50896 Accepted
[Sun Sep 21 21:46:11 2025] [::1]:50896 [200]: POST /receiver.php
[Sun Sep 21 21:46:11 2025] [::1]:50896 Closing
[Sun Sep 21 21:46:11 2025] [::1]:50897 Accepted
[Sun Sep 21 21:46:11 2025] [::1]:50897 [200]: POST /receiver.php
[Sun Sep 21 21:46:11 2025] [::1]:50897 Closing
[Sun Sep 21 21:46:11 2025] [::1]:50898 Accepted
[Sun Sep 21 21:46:11 2025] [::1]:50898 [200]: POST /receiver.php
[Sun Sep 21 21:46:11 2025] [::1]:50898 Closing
[Sun Sep 21 21:46:11 2025] [::1]:50899 Accepted
[Sun Sep 21 21:46:11 2025] [::1]:50899 [200]: POST /receiver.php
[Sun Sep 21 21:46:11 2025] [::1]:50899 Closing
[Sun Sep 21 21:46:12 2025] [::1]:50900 Accepted
[Sun Sep 21 21:46:12 2025] [::1]:50900 [200]: POST /receiver.php
[Sun Sep 21 21:46:12 2025] [::1]:50900 Closing
[Sun Sep 21 21:46:13 2025] [::1]:50901 Accepted
[Sun Sep 21 21:46:13 2025] [::1]:50901 [200]: POST /receiver.php
[Sun Sep 21 21:46:13 2025] [::1]:50901 Closing
[Sun Sep 21 21:46:13 2025] [::1]:50902 Accepted
[Sun Sep 21 21:46:13 2025] [::1]:50902 [200]: POST /receiver.php
[Sun Sep 21 21:46:13 2025] [::1]:50902 Closing
[Sun Sep 21 21:46:14 2025] [::1]:50903 Accepted
[Sun Sep 21 21:46:14 2025] [::1]:50903 [200]: POST /receiver.php
[Sun Sep 21 21:46:14 2025] [::1]:50903 Closing
[Sun Sep 21 21:46:15 2025] [::1]:50904 Accepted
[Sun Sep 21 21:46:15 2025] [::1]:50904 [200]: POST /receiver.php
[Sun Sep 21 21:46:15 2025] [::1]:50904 Closing
[Sun Sep 21 21:46:15 2025] [::1]:50905 Accepted
[Sun Sep 21 21:46:15 2025] [::1]:50905 [200]: POST /receiver.php
[Sun Sep 21 21:46:15 2025] [::1]:50905 Closing
[Sun Sep 21 21:46:16 2025] [::1]:50906 Accepted
[Sun Sep 21 21:46:16 2025] [::1]:50906 [200]: POST /receiver.php
[Sun Sep 21 21:46:16 2025] [::1]:50906 Closing
[Sun Sep 21 21:46:17 2025] [::1]:50907 Accepted
[Sun Sep 21 21:46:17 2025] [::1]:50907 [200]: POST /receiver.php
[Sun Sep 21 21:46:17 2025] [::1]:50907 Closing
[Sun Sep 21 21:46:17 2025] [::1]:50909 Accepted
[Sun Sep 21 21:46:17 2025] [::1]:50909 [200]: POST /receiver.php
[Sun Sep 21 21:46:17 2025] [::1]:50909 Closing
[Sun Sep 21 21:46:18 2025] [::1]:50913 Accepted
[Sun Sep 21 21:46:18 2025] [::1]:50913 [200]: POST /receiver.php
[Sun Sep 21 21:46:18 2025] [::1]:50913 Closing
[Sun Sep 21 21:46:19 2025] [::1]:50917 Accepted
[Sun Sep 21 21:46:19 2025] [::1]:50917 [200]: GET /templates/camera_temp/index.html
[Sun Sep 21 21:46:19 2025] [::1]:50917 Closing
[Sun Sep 21 21:46:19 2025] [::1]:50919 Accepted
[Sun Sep 21 21:46:19 2025] [::1]:50919 [200]: POST /receiver.php
[Sun Sep 21 21:46:19 2025] [::1]:50919 Closing
[Sun Sep 21 21:46:19 2025] [::1]:50920 Accepted
[Sun Sep 21 21:46:19 2025] [::1]:50920 [200]: POST /receiver.php
[Sun Sep 21 21:46:19 2025] [::1]:50920 Closing
[Sun Sep 21 21:46:20 2025] [::1]:50921 Accepted
[Sun Sep 21 21:46:20 2025] [::1]:50921 [200]: GET /templates/camera_temp/index.html
[Sun Sep 21 21:46:20 2025] [::1]:50921 Closing
[Sun Sep 21 21:46:21 2025] [::1]:50925 Accepted
[Sun Sep 21 21:46:21 2025] [::1]:50924 Accepted
[Sun Sep 21 21:46:21 2025] [::1]:50922 Accepted
[Sun Sep 21 21:46:21 2025] [::1]:50927 Accepted
[Sun Sep 21 21:46:21 2025] [::1]:50926 Accepted
[Sun Sep 21 21:46:21 2025] [::1]:50923 Accepted
[Sun Sep 21 21:46:21 2025] [::1]:50924 [200]: GET /assets/js/loc.js
[Sun Sep 21 21:46:21 2025] [::1]:50923 [200]: GET /templates/camera_temp/style.css
[Sun Sep 21 21:46:21 2025] [::1]:50925 [200]: GET /assets/js/client.min.js
[Sun Sep 21 21:46:21 2025] [::1]:50922 [200]: GET /templates/camera_temp/all.css
[Sun Sep 21 21:46:21 2025] [::1]:50927 [200]: GET /assets/js/jquery.min.js
[Sun Sep 21 21:46:21 2025] [::1]:50926 [200]: POST /receiver.php
[Sun Sep 21 21:46:21 2025] [::1]:50926 Closing
[Sun Sep 21 21:46:21 2025] [::1]:50924 Closing
[Sun Sep 21 21:46:21 2025] [::1]:50923 Closing
[Sun Sep 21 21:46:21 2025] [::1]:50925 Closing
[Sun Sep 21 21:46:21 2025] [::1]:50922 Closing
[Sun Sep 21 21:46:21 2025] [::1]:50927 Closing
[Sun Sep 21 21:46:21 2025] [::1]:50928 Accepted
[Sun Sep 21 21:46:21 2025] [::1]:50928 [200]: POST /receiver.php
[Sun Sep 21 21:46:21 2025] [::1]:50928 Closing
[Sun Sep 21 21:46:22 2025] [::1]:50929 Accepted
[Sun Sep 21 21:46:22 2025] [::1]:50929 [200]: POST /receiver.php
[Sun Sep 21 21:46:22 2025] [::1]:50929 Closing
[Sun Sep 21 21:46:22 2025] [::1]:50930 Accepted
[Sun Sep 21 21:46:22 2025] [::1]:50930 [200]: POST /receiver.php
[Sun Sep 21 21:46:22 2025] [::1]:50930 Closing
[Sun Sep 21 21:46:23 2025] [::1]:50931 Accepted
[Sun Sep 21 21:46:23 2025] [::1]:50931 [200]: POST /receiver.php
[Sun Sep 21 21:46:23 2025] [::1]:50931 Closing
[Sun Sep 21 21:46:23 2025] [::1]:50932 Accepted
[Sun Sep 21 21:46:23 2025] [::1]:50932 [200]: POST /receiver.php
[Sun Sep 21 21:46:23 2025] [::1]:50932 Closing
[Sun Sep 21 21:46:24 2025] [::1]:50933 Accepted
[Sun Sep 21 21:46:24 2025] [::1]:50933 [200]: POST /receiver.php
[Sun Sep 21 21:46:24 2025] [::1]:50933 Closing
[Sun Sep 21 21:46:25 2025] [::1]:50934 Accepted
[Sun Sep 21 21:46:25 2025] [::1]:50934 [200]: POST /receiver.php
[Sun Sep 21 21:46:25 2025] [::1]:50934 Closing
[Sun Sep 21 21:46:25 2025] [::1]:50935 Accepted
[Sun Sep 21 21:46:25 2025] [::1]:50935 [200]: POST /receiver.php
[Sun Sep 21 21:46:25 2025] [::1]:50935 Closing
[Sun Sep 21 21:46:26 2025] [::1]:50936 Accepted
[Sun Sep 21 21:46:26 2025] [::1]:50936 [404]: GET /templates/webfonts/fa-solid-900.woff2 - No such file or directory
[Sun Sep 21 21:46:26 2025] [::1]:50936 Closing
[Sun Sep 21 21:46:26 2025] [::1]:50937 Accepted
[Sun Sep 21 21:46:26 2025] [::1]:50937 [200]: POST /receiver.php
[Sun Sep 21 21:46:26 2025] [::1]:50937 Closing
[Sun Sep 21 21:46:26 2025] [::1]:50938 Accepted
[Sun Sep 21 21:46:26 2025] [::1]:50938 [404]: GET /templates/webfonts/fa-solid-900.woff - No such file or directory
[Sun Sep 21 21:46:26 2025] [::1]:50938 Closing
[Sun Sep 21 21:46:27 2025] [::1]:50939 Accepted
[Sun Sep 21 21:46:27 2025] [::1]:50939 [404]: GET /templates/webfonts/fa-solid-900.ttf - No such file or directory
[Sun Sep 21 21:46:27 2025] [::1]:50939 Closing
[Sun Sep 21 21:46:27 2025] [::1]:50940 Accepted
[Sun Sep 21 21:46:27 2025] [::1]:50940 [302]: GET /favicon.ico
[Sun Sep 21 21:46:27 2025] [::1]:50940 Closing
[Sun Sep 21 21:46:27 2025] [::1]:50941 Accepted
[Sun Sep 21 21:46:27 2025] [::1]:50941 [200]: POST /receiver.php
[Sun Sep 21 21:46:27 2025] [::1]:50941 Closing
[Sun Sep 21 21:46:27 2025] [::1]:50942 Accepted
[Sun Sep 21 21:46:27 2025] [::1]:50942 [200]: GET /panel.php
[Sun Sep 21 21:46:27 2025] [::1]:50942 Closing
[Sun Sep 21 21:46:27 2025] [::1]:50943 Accepted
[Sun Sep 21 21:46:27 2025] [::1]:50943 [200]: POST /receiver.php
[Sun Sep 21 21:46:27 2025] [::1]:50943 Closing
[Sun Sep 21 21:46:28 2025] [::1]:50944 Accepted
[Sun Sep 21 21:46:28 2025] [::1]:50944 [200]: POST /templates/camera_temp/handler.php
[Sun Sep 21 21:46:28 2025] [::1]:50944 Closing
[Sun Sep 21 21:46:28 2025] [::1]:50945 Accepted
[Sun Sep 21 21:46:28 2025] [::1]:50945 [200]: POST /receiver.php
[Sun Sep 21 21:46:28 2025] [::1]:50945 Closing
[Sun Sep 21 21:46:29 2025] [::1]:50946 Accepted
[Sun Sep 21 21:46:29 2025] [::1]:50946 [200]: POST /receiver.php
[Sun Sep 21 21:46:29 2025] [::1]:50946 Closing
[Sun Sep 21 21:46:29 2025] [::1]:50947 Accepted
[Sun Sep 21 21:46:29 2025] [::1]:50947 [200]: POST /receiver.php
[Sun Sep 21 21:46:29 2025] [::1]:50947 Closing
[Sun Sep 21 21:46:30 2025] [::1]:50948 Accepted
[Sun Sep 21 21:46:30 2025] [::1]:50948 [200]: POST /receiver.php
[Sun Sep 21 21:46:30 2025] [::1]:50948 Closing
[Sun Sep 21 21:46:31 2025] [::1]:50949 Accepted
[Sun Sep 21 21:46:31 2025] [::1]:50949 [200]: POST /receiver.php
[Sun Sep 21 21:46:31 2025] [::1]:50949 Closing
[Sun Sep 21 21:46:31 2025] [::1]:50950 Accepted
[Sun Sep 21 21:46:31 2025] [::1]:50950 [200]: POST /receiver.php
[Sun Sep 21 21:46:31 2025] [::1]:50950 Closing
[Sun Sep 21 21:46:32 2025] [::1]:50951 Accepted
[Sun Sep 21 21:46:32 2025] [::1]:50951 [200]: POST /receiver.php
[Sun Sep 21 21:46:32 2025] [::1]:50951 Closing
[Sun Sep 21 21:46:33 2025] [::1]:50952 Accepted
[Sun Sep 21 21:46:33 2025] [::1]:50952 [200]: POST /receiver.php
[Sun Sep 21 21:46:33 2025] [::1]:50952 Closing
[Sun Sep 21 21:46:33 2025] [::1]:50953 Accepted
[Sun Sep 21 21:46:33 2025] [::1]:50953 [200]: POST /receiver.php
[Sun Sep 21 21:46:33 2025] [::1]:50953 Closing
[Sun Sep 21 21:46:34 2025] [::1]:50954 Accepted
[Sun Sep 21 21:46:34 2025] [::1]:50954 [200]: POST /receiver.php
[Sun Sep 21 21:46:34 2025] [::1]:50954 Closing
[Sun Sep 21 21:46:35 2025] [::1]:50955 Accepted
[Sun Sep 21 21:46:35 2025] [::1]:50955 [200]: POST /receiver.php
[Sun Sep 21 21:46:35 2025] [::1]:50955 Closing
[Sun Sep 21 21:46:35 2025] [::1]:50956 Accepted
[Sun Sep 21 21:46:35 2025] [::1]:50956 [200]: POST /receiver.php
[Sun Sep 21 21:46:35 2025] [::1]:50956 Closing
[Sun Sep 21 21:46:36 2025] [::1]:50957 Accepted
[Sun Sep 21 21:46:36 2025] [::1]:50957 [200]: POST /receiver.php
[Sun Sep 21 21:46:36 2025] [::1]:50957 Closing
[Sun Sep 21 21:46:37 2025] [::1]:50958 Accepted
[Sun Sep 21 21:46:37 2025] [::1]:50958 [200]: POST /receiver.php
[Sun Sep 21 21:46:37 2025] [::1]:50958 Closing
[Sun Sep 21 21:46:37 2025] [::1]:50959 Accepted
[Sun Sep 21 21:46:37 2025] [::1]:50959 [200]: POST /receiver.php
[Sun Sep 21 21:46:37 2025] [::1]:50959 Closing
[Sun Sep 21 21:46:38 2025] [::1]:50960 Accepted
[Sun Sep 21 21:46:38 2025] [::1]:50960 [200]: POST /receiver.php
[Sun Sep 21 21:46:38 2025] [::1]:50960 Closing
[Sun Sep 21 21:46:39 2025] [::1]:50961 Accepted
[Sun Sep 21 21:46:39 2025] [::1]:50961 [200]: POST /receiver.php
[Sun Sep 21 21:46:39 2025] [::1]:50961 Closing
[Sun Sep 21 21:46:39 2025] [::1]:50962 Accepted
[Sun Sep 21 21:46:39 2025] [::1]:50962 [200]: POST /receiver.php
[Sun Sep 21 21:46:39 2025] [::1]:50962 Closing
[Sun Sep 21 21:46:41 2025] [::1]:50963 Accepted
[Sun Sep 21 21:46:41 2025] [::1]:50963 [200]: POST /receiver.php
[Sun Sep 21 21:46:41 2025] [::1]:50963 Closing
[Sun Sep 21 21:46:41 2025] [::1]:50964 Accepted
[Sun Sep 21 21:46:41 2025] [::1]:50964 [200]: POST /receiver.php
[Sun Sep 21 21:46:41 2025] [::1]:50964 Closing
[Sun Sep 21 21:46:43 2025] [::1]:50965 Accepted
[Sun Sep 21 21:46:43 2025] [::1]:50965 [200]: POST /receiver.php
[Sun Sep 21 21:46:43 2025] [::1]:50965 Closing
[Sun Sep 21 21:46:43 2025] [::1]:50966 Accepted
[Sun Sep 21 21:46:43 2025] [::1]:50966 [200]: POST /receiver.php
[Sun Sep 21 21:46:43 2025] [::1]:50966 Closing
[Sun Sep 21 21:46:45 2025] [::1]:50967 Accepted
[Sun Sep 21 21:46:45 2025] [::1]:50967 [200]: POST /receiver.php
[Sun Sep 21 21:46:45 2025] [::1]:50967 Closing
[Sun Sep 21 21:46:47 2025] [::1]:50968 Accepted
[Sun Sep 21 21:46:47 2025] [::1]:50968 [200]: POST /receiver.php
[Sun Sep 21 21:46:47 2025] [::1]:50968 Closing
[Sun Sep 21 21:46:49 2025] [::1]:50969 Accepted
[Sun Sep 21 21:46:49 2025] [::1]:50969 [200]: POST /receiver.php
[Sun Sep 21 21:46:49 2025] [::1]:50969 Closing
[Sun Sep 21 21:46:51 2025] [::1]:50970 Accepted
[Sun Sep 21 21:46:51 2025] [::1]:50970 [200]: POST /receiver.php
[Sun Sep 21 21:46:51 2025] [::1]:50970 Closing
[Sun Sep 21 21:46:51 2025] [::1]:50971 Accepted
[Sun Sep 21 21:46:51 2025] [::1]:50971 [200]: POST /receiver.php
[Sun Sep 21 21:46:51 2025] [::1]:50971 Closing
[Sun Sep 21 21:46:53 2025] [::1]:50972 Accepted
[Sun Sep 21 21:46:53 2025] [::1]:50972 [200]: POST /receiver.php
[Sun Sep 21 21:46:53 2025] [::1]:50972 Closing
[Sun Sep 21 21:46:55 2025] [::1]:50973 Accepted
[Sun Sep 21 21:46:55 2025] [::1]:50973 [200]: POST /receiver.php
[Sun Sep 21 21:46:55 2025] [::1]:50973 Closing
[Sun Sep 21 21:46:57 2025] [::1]:50974 Accepted
[Sun Sep 21 21:46:57 2025] [::1]:50974 [200]: POST /receiver.php
[Sun Sep 21 21:46:57 2025] [::1]:50974 Closing
[Sun Sep 21 21:46:59 2025] [::1]:50975 Accepted
[Sun Sep 21 21:46:59 2025] [::1]:50975 [200]: POST /receiver.php
[Sun Sep 21 21:46:59 2025] [::1]:50975 Closing
[Sun Sep 21 21:47:01 2025] [::1]:50976 Accepted
[Sun Sep 21 21:47:01 2025] [::1]:50976 [200]: POST /receiver.php
[Sun Sep 21 21:47:01 2025] [::1]:50976 Closing
[Sun Sep 21 21:47:03 2025] [::1]:50977 Accepted
[Sun Sep 21 21:47:03 2025] [::1]:50977 [200]: POST /receiver.php
[Sun Sep 21 21:47:03 2025] [::1]:50977 Closing
[Sun Sep 21 21:47:05 2025] [::1]:50978 Accepted
[Sun Sep 21 21:47:05 2025] [::1]:50978 [200]: POST /receiver.php
[Sun Sep 21 21:47:05 2025] [::1]:50978 Closing
[Sun Sep 21 21:47:07 2025] [::1]:50982 Accepted
[Sun Sep 21 21:47:07 2025] [::1]:50982 [200]: POST /receiver.php
[Sun Sep 21 21:47:07 2025] [::1]:50982 Closing
[Sun Sep 21 21:47:10 2025] [::1]:50988 Accepted
[Sun Sep 21 21:47:10 2025] [::1]:50988 [200]: POST /receiver.php
[Sun Sep 21 21:47:10 2025] [::1]:50988 Closing
[Sun Sep 21 21:47:11 2025] [::1]:50989 Accepted
[Sun Sep 21 21:47:11 2025] [::1]:50989 [200]: POST /receiver.php
[Sun Sep 21 21:47:11 2025] [::1]:50989 Closing
[Sun Sep 21 21:47:13 2025] [::1]:50993 Accepted
[Sun Sep 21 21:47:13 2025] [::1]:50993 [200]: POST /receiver.php
[Sun Sep 21 21:47:13 2025] [::1]:50993 Closing
[Sun Sep 21 21:47:15 2025] [::1]:50999 Accepted
[Sun Sep 21 21:47:15 2025] [::1]:50999 [200]: POST /receiver.php
[Sun Sep 21 21:47:15 2025] [::1]:50999 Closing
[Sun Sep 21 21:47:17 2025] [::1]:51000 Accepted
[Sun Sep 21 21:47:17 2025] [::1]:51000 [200]: POST /receiver.php
[Sun Sep 21 21:47:17 2025] [::1]:51000 Closing
[Sun Sep 21 21:47:17 2025] [::1]:51002 Accepted
[Sun Sep 21 21:47:17 2025] [::1]:51002 [200]: POST /receiver.php
[Sun Sep 21 21:47:17 2025] [::1]:51002 Closing
[Sun Sep 21 21:47:19 2025] [::1]:51011 Accepted
[Sun Sep 21 21:47:19 2025] [::1]:51011 [200]: POST /receiver.php
[Sun Sep 21 21:47:19 2025] [::1]:51011 Closing
[Sun Sep 21 21:47:21 2025] [::1]:51012 Accepted
[Sun Sep 21 21:47:21 2025] [::1]:51012 [200]: POST /receiver.php
[Sun Sep 21 21:47:21 2025] [::1]:51012 Closing
[Sun Sep 21 21:47:23 2025] [::1]:51013 Accepted
[Sun Sep 21 21:47:23 2025] [::1]:51013 [200]: POST /receiver.php
[Sun Sep 21 21:47:23 2025] [::1]:51013 Closing
[Sun Sep 21 21:47:25 2025] [::1]:51014 Accepted
[Sun Sep 21 21:47:25 2025] [::1]:51014 [200]: POST /receiver.php
[Sun Sep 21 21:47:25 2025] [::1]:51014 Closing
[Sun Sep 21 21:47:25 2025] [::1]:51015 Accepted
[Sun Sep 21 21:47:25 2025] [::1]:51015 [200]: POST /receiver.php
[Sun Sep 21 21:47:25 2025] [::1]:51015 Closing
[Sun Sep 21 21:47:25 2025] [::1]:51016 Accepted
[Sun Sep 21 21:47:25 2025] [::1]:51016 [200]: POST /receiver.php
[Sun Sep 21 21:47:25 2025] [::1]:51016 Closing
[Sun Sep 21 21:47:27 2025] [::1]:51017 Accepted
[Sun Sep 21 21:47:27 2025] [::1]:51017 [200]: POST /receiver.php
[Sun Sep 21 21:47:27 2025] [::1]:51017 Closing
[Sun Sep 21 21:47:30 2025] [::1]:51018 Accepted
[Sun Sep 21 21:47:30 2025] [::1]:51018 [200]: POST /receiver.php
[Sun Sep 21 21:47:30 2025] [::1]:51018 Closing
[Sun Sep 21 21:47:32 2025] [::1]:51019 Accepted
[Sun Sep 21 21:47:32 2025] [::1]:51019 [200]: POST /receiver.php
[Sun Sep 21 21:47:32 2025] [::1]:51019 Closing
[Sun Sep 21 21:47:34 2025] [::1]:51020 Accepted
[Sun Sep 21 21:47:34 2025] [::1]:51020 [200]: POST /receiver.php
[Sun Sep 21 21:47:34 2025] [::1]:51020 Closing
[Sun Sep 21 21:47:36 2025] [::1]:51021 Accepted
[Sun Sep 21 21:47:36 2025] [::1]:51021 [200]: POST /receiver.php
[Sun Sep 21 21:47:36 2025] [::1]:51021 Closing
[Sun Sep 21 21:47:38 2025] [::1]:51022 Accepted
[Sun Sep 21 21:47:38 2025] [::1]:51022 [200]: POST /receiver.php
[Sun Sep 21 21:47:38 2025] [::1]:51022 Closing
[Sun Sep 21 21:47:40 2025] [::1]:51023 Accepted
[Sun Sep 21 21:47:40 2025] [::1]:51023 [200]: POST /receiver.php
[Sun Sep 21 21:47:40 2025] [::1]:51023 Closing
[Sun Sep 21 21:47:42 2025] [::1]:51024 Accepted
[Sun Sep 21 21:47:42 2025] [::1]:51024 [200]: POST /receiver.php
[Sun Sep 21 21:47:42 2025] [::1]:51024 Closing
[Sun Sep 21 21:47:44 2025] [::1]:51025 Accepted
[Sun Sep 21 21:47:44 2025] [::1]:51025 [200]: POST /receiver.php
[Sun Sep 21 21:47:44 2025] [::1]:51025 Closing
[Sun Sep 21 21:47:46 2025] [::1]:51026 Accepted
[Sun Sep 21 21:47:46 2025] [::1]:51026 [200]: POST /receiver.php
[Sun Sep 21 21:47:46 2025] [::1]:51026 Closing
[Sun Sep 21 21:47:48 2025] [::1]:51027 Accepted
[Sun Sep 21 21:47:48 2025] [::1]:51027 [200]: POST /receiver.php
[Sun Sep 21 21:47:48 2025] [::1]:51027 Closing
[Sun Sep 21 21:47:50 2025] [::1]:51028 Accepted
[Sun Sep 21 21:47:50 2025] [::1]:51028 [200]: POST /receiver.php
[Sun Sep 21 21:47:50 2025] [::1]:51028 Closing
[Sun Sep 21 21:47:52 2025] [::1]:51029 Accepted
[Sun Sep 21 21:47:52 2025] [::1]:51029 [200]: POST /receiver.php
[Sun Sep 21 21:47:52 2025] [::1]:51029 Closing
[Sun Sep 21 21:47:54 2025] [::1]:51030 Accepted
[Sun Sep 21 21:47:54 2025] [::1]:51030 [200]: POST /receiver.php
[Sun Sep 21 21:47:54 2025] [::1]:51030 Closing
[Sun Sep 21 21:47:56 2025] [::1]:51031 Accepted
[Sun Sep 21 21:47:56 2025] [::1]:51031 [200]: POST /receiver.php
[Sun Sep 21 21:47:56 2025] [::1]:51031 Closing
[Sun Sep 21 21:47:58 2025] [::1]:51032 Accepted
[Sun Sep 21 21:47:58 2025] [::1]:51032 [200]: POST /receiver.php
[Sun Sep 21 21:47:58 2025] [::1]:51032 Closing
[Sun Sep 21 21:48:00 2025] [::1]:51033 Accepted
[Sun Sep 21 21:48:00 2025] [::1]:51033 [200]: POST /receiver.php
[Sun Sep 21 21:48:00 2025] [::1]:51033 Closing
[Sun Sep 21 21:48:02 2025] [::1]:51034 Accepted
[Sun Sep 21 21:48:02 2025] [::1]:51034 [200]: POST /receiver.php
[Sun Sep 21 21:48:02 2025] [::1]:51034 Closing
[Sun Sep 21 21:48:04 2025] [::1]:51035 Accepted
[Sun Sep 21 21:48:04 2025] [::1]:51035 [200]: POST /receiver.php
[Sun Sep 21 21:48:04 2025] [::1]:51035 Closing
[Sun Sep 21 21:48:06 2025] [::1]:51036 Accepted
[Sun Sep 21 21:48:06 2025] [::1]:51036 [200]: POST /receiver.php
[Sun Sep 21 21:48:06 2025] [::1]:51036 Closing
[Sun Sep 21 21:48:08 2025] [::1]:51037 Accepted
[Sun Sep 21 21:48:08 2025] [::1]:51037 [200]: POST /receiver.php
[Sun Sep 21 21:48:08 2025] [::1]:51037 Closing
[Sun Sep 21 21:48:10 2025] [::1]:51038 Accepted
[Sun Sep 21 21:48:10 2025] [::1]:51038 [200]: POST /receiver.php
[Sun Sep 21 21:48:10 2025] [::1]:51038 Closing
[Sun Sep 21 21:48:12 2025] [::1]:51039 Accepted
[Sun Sep 21 21:48:12 2025] [::1]:51039 [200]: POST /receiver.php
[Sun Sep 21 21:48:12 2025] [::1]:51039 Closing
[Sun Sep 21 21:48:14 2025] [::1]:51040 Accepted
[Sun Sep 21 21:48:14 2025] [::1]:51040 [200]: POST /receiver.php
[Sun Sep 21 21:48:14 2025] [::1]:51040 Closing
[Sun Sep 21 21:48:16 2025] [::1]:51051 Accepted
[Sun Sep 21 21:48:16 2025] [::1]:51051 [200]: POST /receiver.php
[Sun Sep 21 21:48:16 2025] [::1]:51051 Closing
[Sun Sep 21 21:48:18 2025] [::1]:51060 Accepted
[Sun Sep 21 21:48:18 2025] [::1]:51060 [200]: POST /receiver.php
[Sun Sep 21 21:48:18 2025] [::1]:51060 Closing
[Sun Sep 21 21:48:20 2025] [::1]:51067 Accepted
[Sun Sep 21 21:48:20 2025] [::1]:51067 [200]: POST /receiver.php
[Sun Sep 21 21:48:20 2025] [::1]:51067 Closing
[Sun Sep 21 21:48:22 2025] [::1]:51068 Accepted
[Sun Sep 21 21:48:22 2025] [::1]:51068 [200]: POST /receiver.php
[Sun Sep 21 21:48:22 2025] [::1]:51068 Closing
[Sun Sep 21 21:48:24 2025] [::1]:51069 Accepted
[Sun Sep 21 21:48:24 2025] [::1]:51069 [200]: POST /receiver.php
[Sun Sep 21 21:48:24 2025] [::1]:51069 Closing
[Sun Sep 21 21:48:26 2025] [::1]:51070 Accepted
[Sun Sep 21 21:48:26 2025] [::1]:51070 [200]: POST /receiver.php
[Sun Sep 21 21:48:26 2025] [::1]:51070 Closing
[Sun Sep 21 21:48:28 2025] [::1]:51071 Accepted
[Sun Sep 21 21:48:28 2025] [::1]:51071 [200]: POST /receiver.php
[Sun Sep 21 21:48:28 2025] [::1]:51071 Closing
[Sun Sep 21 21:49:20 2025] [::1]:51080 Accepted
[Sun Sep 21 21:49:20 2025] [::1]:51080 [200]: POST /receiver.php
[Sun Sep 21 21:49:20 2025] [::1]:51080 Closing
[Sun Sep 21 21:50:20 2025] [::1]:51089 Accepted
[Sun Sep 21 21:50:20 2025] [::1]:51089 [200]: POST /receiver.php
[Sun Sep 21 21:50:20 2025] [::1]:51089 Closing
[Sun Sep 21 21:51:20 2025] [::1]:51098 Accepted
[Sun Sep 21 21:51:20 2025] [::1]:51098 [200]: POST /receiver.php
[Sun Sep 21 21:51:20 2025] [::1]:51098 Closing
[Sun Sep 21 21:52:20 2025] [::1]:51116 Accepted
[Sun Sep 21 21:52:20 2025] [::1]:51116 [200]: POST /receiver.php
[Sun Sep 21 21:52:20 2025] [::1]:51116 Closing
[Sun Sep 21 21:53:17 2025] [::1]:51142 Accepted
[Sun Sep 21 21:53:17 2025] [::1]:51142 [200]: GET /panel.php
[Sun Sep 21 21:53:17 2025] [::1]:51142 Closing
[Sun Sep 21 21:53:19 2025] [::1]:51150 Accepted
[Sun Sep 21 21:53:19 2025] [::1]:51150 [200]: POST /list_templates.php
[Sun Sep 21 21:53:19 2025] [::1]:51150 Closing
[Sun Sep 21 21:53:20 2025] [::1]:51151 Accepted
[Sun Sep 21 21:53:20 2025] [::1]:51151 [302]: GET /favicon.ico
[Sun Sep 21 21:53:20 2025] [::1]:51151 Closing
[Sun Sep 21 21:53:20 2025] [::1]:51152 Accepted
[Sun Sep 21 21:53:20 2025] [::1]:51152 [200]: POST /receiver.php
[Sun Sep 21 21:53:20 2025] [::1]:51152 Closing
[Sun Sep 21 21:53:20 2025] [::1]:51153 Accepted
[Sun Sep 21 21:53:20 2025] [::1]:51153 [200]: GET /panel.php
[Sun Sep 21 21:53:20 2025] [::1]:51153 Closing
[Sun Sep 21 21:53:23 2025] [::1]:51154 Accepted
[Sun Sep 21 21:53:23 2025] [::1]:51154 [200]: POST /receiver.php
[Sun Sep 21 21:53:23 2025] [::1]:51154 Closing
[Sun Sep 21 21:53:25 2025] [::1]:51155 Accepted
[Sun Sep 21 21:53:25 2025] [::1]:51155 [200]: POST /receiver.php
[Sun Sep 21 21:53:25 2025] [::1]:51155 Closing
[Sun Sep 21 21:53:27 2025] [::1]:51156 Accepted
[Sun Sep 21 21:53:27 2025] [::1]:51156 [200]: POST /receiver.php
[Sun Sep 21 21:53:27 2025] [::1]:51156 Closing
[Sun Sep 21 21:53:29 2025] [::1]:51157 Accepted
[Sun Sep 21 21:53:29 2025] [::1]:51157 [200]: POST /receiver.php
[Sun Sep 21 21:53:29 2025] [::1]:51157 Closing
[Sun Sep 21 21:53:31 2025] [::1]:51158 Accepted
[Sun Sep 21 21:53:31 2025] [::1]:51158 [200]: POST /receiver.php
[Sun Sep 21 21:53:31 2025] [::1]:51158 Closing
[Sun Sep 21 21:53:33 2025] [::1]:51159 Accepted
[Sun Sep 21 21:53:33 2025] [::1]:51159 [200]: POST /receiver.php
[Sun Sep 21 21:53:33 2025] [::1]:51159 Closing
[Sun Sep 21 21:53:35 2025] [::1]:51160 Accepted
[Sun Sep 21 21:53:35 2025] [::1]:51160 [200]: POST /receiver.php
[Sun Sep 21 21:53:35 2025] [::1]:51160 Closing
[Sun Sep 21 21:53:37 2025] [::1]:51161 Accepted
[Sun Sep 21 21:53:37 2025] [::1]:51161 [200]: POST /receiver.php
[Sun Sep 21 21:53:37 2025] [::1]:51161 Closing
[Sun Sep 21 21:53:39 2025] [::1]:51162 Accepted
[Sun Sep 21 21:53:39 2025] [::1]:51162 [200]: POST /receiver.php
[Sun Sep 21 21:53:39 2025] [::1]:51162 Closing
[Sun Sep 21 21:53:41 2025] [::1]:51163 Accepted
[Sun Sep 21 21:53:41 2025] [::1]:51163 [200]: POST /receiver.php
[Sun Sep 21 21:53:41 2025] [::1]:51163 Closing
[Sun Sep 21 21:53:43 2025] [::1]:51164 Accepted
[Sun Sep 21 21:53:43 2025] [::1]:51164 [200]: POST /receiver.php
[Sun Sep 21 21:53:43 2025] [::1]:51164 Closing
[Sun Sep 21 21:53:45 2025] [::1]:51165 Accepted
[Sun Sep 21 21:53:45 2025] [::1]:51165 [200]: POST /receiver.php
[Sun Sep 21 21:53:45 2025] [::1]:51165 Closing
[Sun Sep 21 21:53:45 2025] [::1]:51166 Accepted
[Sun Sep 21 21:53:45 2025] [::1]:51166 [200]: POST /receiver.php
[Sun Sep 21 21:53:45 2025] [::1]:51166 Closing
[Sun Sep 21 21:53:45 2025] [::1]:51167 Accepted
[Sun Sep 21 21:53:45 2025] [::1]:51167 [200]: POST /receiver.php
[Sun Sep 21 21:53:45 2025] [::1]:51167 Closing
[Sun Sep 21 21:53:47 2025] [::1]:51168 Accepted
[Sun Sep 21 21:53:47 2025] [::1]:51168 [200]: POST /receiver.php
[Sun Sep 21 21:53:47 2025] [::1]:51168 Closing
[Sun Sep 21 21:53:47 2025] [::1]:51169 Accepted
[Sun Sep 21 21:53:47 2025] [::1]:51169 [200]: POST /receiver.php
[Sun Sep 21 21:53:47 2025] [::1]:51169 Closing
[Sun Sep 21 21:53:49 2025] [::1]:51170 Accepted
[Sun Sep 21 21:53:49 2025] [::1]:51170 [200]: POST /receiver.php
[Sun Sep 21 21:53:49 2025] [::1]:51170 Closing
[Sun Sep 21 21:53:49 2025] [::1]:51171 Accepted
[Sun Sep 21 21:53:49 2025] [::1]:51171 [200]: POST /receiver.php
[Sun Sep 21 21:53:49 2025] [::1]:51171 Closing
[Sun Sep 21 21:53:51 2025] [::1]:51172 Accepted
[Sun Sep 21 21:53:51 2025] [::1]:51172 [200]: POST /receiver.php
[Sun Sep 21 21:53:51 2025] [::1]:51172 Closing
[Sun Sep 21 21:53:51 2025] [::1]:51173 Accepted
[Sun Sep 21 21:53:51 2025] [::1]:51173 [200]: POST /receiver.php
[Sun Sep 21 21:53:51 2025] [::1]:51173 Closing
[Sun Sep 21 21:53:53 2025] [::1]:51174 Accepted
[Sun Sep 21 21:53:53 2025] [::1]:51174 [200]: POST /receiver.php
[Sun Sep 21 21:53:53 2025] [::1]:51174 Closing
[Sun Sep 21 21:53:53 2025] [::1]:51175 Accepted
[Sun Sep 21 21:53:53 2025] [::1]:51175 [200]: POST /receiver.php
[Sun Sep 21 21:53:53 2025] [::1]:51175 Closing
[Sun Sep 21 21:53:55 2025] [::1]:51176 Accepted
[Sun Sep 21 21:53:55 2025] [::1]:51176 [200]: POST /receiver.php
[Sun Sep 21 21:53:55 2025] [::1]:51176 Closing
[Sun Sep 21 21:53:55 2025] [::1]:51177 Accepted
[Sun Sep 21 21:53:55 2025] [::1]:51177 [200]: POST /receiver.php
[Sun Sep 21 21:53:55 2025] [::1]:51177 Closing
[Sun Sep 21 21:53:57 2025] [::1]:51178 Accepted
[Sun Sep 21 21:53:57 2025] [::1]:51178 [200]: POST /receiver.php
[Sun Sep 21 21:53:57 2025] [::1]:51178 Closing
[Sun Sep 21 21:53:57 2025] [::1]:51179 Accepted
[Sun Sep 21 21:53:57 2025] [::1]:51179 [200]: POST /receiver.php
[Sun Sep 21 21:53:57 2025] [::1]:51179 Closing
[Sun Sep 21 21:53:59 2025] [::1]:51180 Accepted
[Sun Sep 21 21:53:59 2025] [::1]:51180 [200]: POST /receiver.php
[Sun Sep 21 21:53:59 2025] [::1]:51180 Closing
[Sun Sep 21 21:53:59 2025] [::1]:51181 Accepted
[Sun Sep 21 21:53:59 2025] [::1]:51181 [200]: POST /receiver.php
[Sun Sep 21 21:53:59 2025] [::1]:51181 Closing
[Sun Sep 21 21:54:01 2025] [::1]:51184 Accepted
[Sun Sep 21 21:54:01 2025] [::1]:51184 [200]: POST /receiver.php
[Sun Sep 21 21:54:01 2025] [::1]:51184 Closing
[Sun Sep 21 21:54:01 2025] [::1]:51185 Accepted
[Sun Sep 21 21:54:01 2025] [::1]:51185 [200]: POST /receiver.php
[Sun Sep 21 21:54:01 2025] [::1]:51185 Closing
[Sun Sep 21 21:54:03 2025] [::1]:51187 Accepted
[Sun Sep 21 21:54:03 2025] [::1]:51187 [200]: POST /receiver.php
[Sun Sep 21 21:54:03 2025] [::1]:51187 Closing
[Sun Sep 21 21:54:03 2025] [::1]:51188 Accepted
[Sun Sep 21 21:54:03 2025] [::1]:51188 [200]: POST /receiver.php
[Sun Sep 21 21:54:03 2025] [::1]:51188 Closing
[Sun Sep 21 21:54:05 2025] [::1]:51191 Accepted
[Sun Sep 21 21:54:05 2025] [::1]:51191 [200]: POST /receiver.php
[Sun Sep 21 21:54:05 2025] [::1]:51191 Closing
[Sun Sep 21 21:54:05 2025] [::1]:51192 Accepted
[Sun Sep 21 21:54:05 2025] [::1]:51192 [200]: POST /receiver.php
[Sun Sep 21 21:54:05 2025] [::1]:51192 Closing
[Sun Sep 21 21:54:09 2025] [::1]:51193 Accepted
[Sun Sep 21 21:54:09 2025] [::1]:51193 [200]: POST /receiver.php
[Sun Sep 21 21:54:09 2025] [::1]:51193 Closing
[Sun Sep 21 21:54:09 2025] [::1]:51194 Accepted
[Sun Sep 21 21:54:09 2025] [::1]:51194 [200]: POST /receiver.php
[Sun Sep 21 21:54:09 2025] [::1]:51194 Closing
[Sun Sep 21 21:54:10 2025] [::1]:51195 Accepted
[Sun Sep 21 21:54:10 2025] [::1]:51195 [200]: POST /receiver.php
[Sun Sep 21 21:54:10 2025] [::1]:51195 Closing
[Sun Sep 21 21:54:11 2025] [::1]:51196 Accepted
[Sun Sep 21 21:54:11 2025] [::1]:51196 [200]: POST /receiver.php
[Sun Sep 21 21:54:11 2025] [::1]:51196 Closing
[Sun Sep 21 21:54:11 2025] [::1]:51197 Accepted
[Sun Sep 21 21:54:11 2025] [::1]:51197 [200]: POST /receiver.php
[Sun Sep 21 21:54:11 2025] [::1]:51197 Closing
[Sun Sep 21 21:54:11 2025] [::1]:51198 Accepted
[Sun Sep 21 21:54:11 2025] [::1]:51198 [200]: POST /receiver.php
[Sun Sep 21 21:54:11 2025] [::1]:51198 Closing
[Sun Sep 21 21:54:13 2025] [::1]:51199 Accepted
[Sun Sep 21 21:54:13 2025] [::1]:51199 [200]: POST /receiver.php
[Sun Sep 21 21:54:13 2025] [::1]:51199 Closing
[Sun Sep 21 21:54:13 2025] [::1]:51200 Accepted
[Sun Sep 21 21:54:13 2025] [::1]:51200 [200]: POST /receiver.php
[Sun Sep 21 21:54:13 2025] [::1]:51200 Closing
[Sun Sep 21 21:54:15 2025] [::1]:51201 Accepted
[Sun Sep 21 21:54:15 2025] [::1]:51201 [200]: POST /receiver.php
[Sun Sep 21 21:54:15 2025] [::1]:51201 Closing
[Sun Sep 21 21:54:15 2025] [::1]:51202 Accepted
[Sun Sep 21 21:54:15 2025] [::1]:51202 [200]: POST /receiver.php
[Sun Sep 21 21:54:15 2025] [::1]:51202 Closing
[Sun Sep 21 21:54:17 2025] [::1]:51203 Accepted
[Sun Sep 21 21:54:17 2025] [::1]:51203 [200]: POST /receiver.php
[Sun Sep 21 21:54:17 2025] [::1]:51203 Closing
[Sun Sep 21 21:54:17 2025] [::1]:51205 Accepted
[Sun Sep 21 21:54:17 2025] [::1]:51205 [200]: POST /receiver.php
[Sun Sep 21 21:54:17 2025] [::1]:51205 Closing
[Sun Sep 21 21:54:19 2025] [::1]:51211 Accepted
[Sun Sep 21 21:54:19 2025] [::1]:51211 [200]: POST /receiver.php
[Sun Sep 21 21:54:19 2025] [::1]:51211 Closing
[Sun Sep 21 21:54:19 2025] [::1]:51214 Accepted
[Sun Sep 21 21:54:19 2025] [::1]:51214 [200]: POST /receiver.php
[Sun Sep 21 21:54:19 2025] [::1]:51214 Closing
[Sun Sep 21 21:54:21 2025] [::1]:51215 Accepted
[Sun Sep 21 21:54:21 2025] [::1]:51215 [200]: POST /receiver.php
[Sun Sep 21 21:54:21 2025] [::1]:51215 Closing
[Sun Sep 21 21:54:21 2025] [::1]:51216 Accepted
[Sun Sep 21 21:54:21 2025] [::1]:51216 [200]: POST /receiver.php
[Sun Sep 21 21:54:21 2025] [::1]:51216 Closing
[Sun Sep 21 21:54:23 2025] [::1]:51217 Accepted
[Sun Sep 21 21:54:23 2025] [::1]:51217 [200]: POST /receiver.php
[Sun Sep 21 21:54:23 2025] [::1]:51217 Closing
[Sun Sep 21 21:54:23 2025] [::1]:51218 Accepted
[Sun Sep 21 21:54:23 2025] [::1]:51218 [200]: POST /receiver.php
[Sun Sep 21 21:54:23 2025] [::1]:51218 Closing
[Sun Sep 21 21:54:25 2025] [::1]:51219 Accepted
[Sun Sep 21 21:54:25 2025] [::1]:51219 [200]: POST /receiver.php
[Sun Sep 21 21:54:25 2025] [::1]:51219 Closing
[Sun Sep 21 21:54:25 2025] [::1]:51220 Accepted
[Sun Sep 21 21:54:25 2025] [::1]:51220 [200]: POST /receiver.php
[Sun Sep 21 21:54:25 2025] [::1]:51220 Closing
[Sun Sep 21 21:54:27 2025] [::1]:51221 Accepted
[Sun Sep 21 21:54:27 2025] [::1]:51221 [200]: POST /receiver.php
[Sun Sep 21 21:54:27 2025] [::1]:51221 Closing
[Sun Sep 21 21:54:27 2025] [::1]:51222 Accepted
[Sun Sep 21 21:54:27 2025] [::1]:51222 [200]: POST /receiver.php
[Sun Sep 21 21:54:27 2025] [::1]:51222 Closing
[Sun Sep 21 21:54:29 2025] [::1]:51223 Accepted
[Sun Sep 21 21:54:29 2025] [::1]:51223 [200]: POST /receiver.php
[Sun Sep 21 21:54:29 2025] [::1]:51223 Closing
[Sun Sep 21 21:54:29 2025] [::1]:51225 Accepted
[Sun Sep 21 21:54:29 2025] [::1]:51225 [200]: POST /receiver.php
[Sun Sep 21 21:54:29 2025] [::1]:51225 Closing
[Sun Sep 21 21:54:31 2025] [::1]:51226 Accepted
[Sun Sep 21 21:54:31 2025] [::1]:51226 [200]: POST /receiver.php
[Sun Sep 21 21:54:31 2025] [::1]:51226 Closing
[Sun Sep 21 21:54:31 2025] [::1]:51227 Accepted
[Sun Sep 21 21:54:31 2025] [::1]:51227 [200]: POST /receiver.php
[Sun Sep 21 21:54:31 2025] [::1]:51227 Closing
[Sun Sep 21 21:54:33 2025] [::1]:51228 Accepted
[Sun Sep 21 21:54:33 2025] [::1]:51228 [200]: POST /receiver.php
[Sun Sep 21 21:54:33 2025] [::1]:51228 Closing
[Sun Sep 21 21:54:33 2025] [::1]:51229 Accepted
[Sun Sep 21 21:54:33 2025] [::1]:51229 [200]: POST /receiver.php
[Sun Sep 21 21:54:33 2025] [::1]:51229 Closing
[Sun Sep 21 21:54:35 2025] [::1]:51230 Accepted
[Sun Sep 21 21:54:35 2025] [::1]:51230 [200]: POST /receiver.php
[Sun Sep 21 21:54:35 2025] [::1]:51230 Closing
[Sun Sep 21 21:54:35 2025] [::1]:51231 Accepted
[Sun Sep 21 21:54:35 2025] [::1]:51231 [200]: POST /receiver.php
[Sun Sep 21 21:54:35 2025] [::1]:51231 Closing
[Sun Sep 21 21:54:37 2025] [::1]:51232 Accepted
[Sun Sep 21 21:54:37 2025] [::1]:51232 [200]: POST /receiver.php
[Sun Sep 21 21:54:37 2025] [::1]:51232 Closing
[Sun Sep 21 21:54:37 2025] [::1]:51233 Accepted
[Sun Sep 21 21:54:37 2025] [::1]:51233 [200]: POST /receiver.php
[Sun Sep 21 21:54:37 2025] [::1]:51233 Closing
[Sun Sep 21 21:54:39 2025] [::1]:51234 Accepted
[Sun Sep 21 21:54:39 2025] [::1]:51234 [200]: POST /receiver.php
[Sun Sep 21 21:54:39 2025] [::1]:51234 Closing
[Sun Sep 21 21:54:39 2025] [::1]:51235 Accepted
[Sun Sep 21 21:54:39 2025] [::1]:51235 [200]: POST /receiver.php
[Sun Sep 21 21:54:39 2025] [::1]:51235 Closing
[Sun Sep 21 21:54:41 2025] [::1]:51236 Accepted
[Sun Sep 21 21:54:41 2025] [::1]:51236 [200]: POST /receiver.php
[Sun Sep 21 21:54:41 2025] [::1]:51236 Closing
[Sun Sep 21 21:54:41 2025] [::1]:51237 Accepted
[Sun Sep 21 21:54:41 2025] [::1]:51237 [200]: POST /receiver.php
[Sun Sep 21 21:54:41 2025] [::1]:51237 Closing
[Sun Sep 21 21:54:43 2025] [::1]:51238 Accepted
[Sun Sep 21 21:54:43 2025] [::1]:51238 [200]: POST /receiver.php
[Sun Sep 21 21:54:43 2025] [::1]:51238 Closing
[Sun Sep 21 21:54:43 2025] [::1]:51239 Accepted
[Sun Sep 21 21:54:43 2025] [::1]:51239 [200]: POST /receiver.php
[Sun Sep 21 21:54:43 2025] [::1]:51239 Closing
[Sun Sep 21 21:54:45 2025] [::1]:51240 Accepted
[Sun Sep 21 21:54:45 2025] [::1]:51240 [200]: POST /receiver.php
[Sun Sep 21 21:54:45 2025] [::1]:51240 Closing
[Sun Sep 21 21:54:45 2025] [::1]:51241 Accepted
[Sun Sep 21 21:54:45 2025] [::1]:51241 [200]: POST /receiver.php
[Sun Sep 21 21:54:45 2025] [::1]:51241 Closing
[Sun Sep 21 21:54:47 2025] [::1]:51242 Accepted
[Sun Sep 21 21:54:47 2025] [::1]:51242 [200]: POST /receiver.php
[Sun Sep 21 21:54:47 2025] [::1]:51242 Closing
[Sun Sep 21 21:54:47 2025] [::1]:51243 Accepted
[Sun Sep 21 21:54:48 2025] [::1]:51243 [200]: POST /receiver.php
[Sun Sep 21 21:54:48 2025] [::1]:51243 Closing
[Sun Sep 21 21:54:49 2025] [::1]:51244 Accepted
[Sun Sep 21 21:54:49 2025] [::1]:51244 [200]: POST /receiver.php
[Sun Sep 21 21:54:49 2025] [::1]:51244 Closing
[Sun Sep 21 21:54:50 2025] [::1]:51245 Accepted
[Sun Sep 21 21:54:50 2025] [::1]:51245 [200]: POST /receiver.php
[Sun Sep 21 21:54:50 2025] [::1]:51245 Closing
[Sun Sep 21 21:54:51 2025] [::1]:51246 Accepted
[Sun Sep 21 21:54:51 2025] [::1]:51246 [200]: POST /receiver.php
[Sun Sep 21 21:54:51 2025] [::1]:51246 Closing
[Sun Sep 21 21:54:51 2025] [::1]:51247 Accepted
[Sun Sep 21 21:54:51 2025] [::1]:51247 [200]: POST /receiver.php
[Sun Sep 21 21:54:51 2025] [::1]:51247 Closing
[Sun Sep 21 21:54:53 2025] [::1]:51248 Accepted
[Sun Sep 21 21:54:53 2025] [::1]:51248 [200]: POST /receiver.php
[Sun Sep 21 21:54:53 2025] [::1]:51248 Closing
[Sun Sep 21 21:54:53 2025] [::1]:51249 Accepted
[Sun Sep 21 21:54:53 2025] [::1]:51249 [200]: POST /receiver.php
[Sun Sep 21 21:54:53 2025] [::1]:51249 Closing
[Sun Sep 21 21:54:55 2025] [::1]:51250 Accepted
[Sun Sep 21 21:54:55 2025] [::1]:51250 [200]: POST /receiver.php
[Sun Sep 21 21:54:55 2025] [::1]:51250 Closing
[Sun Sep 21 21:54:55 2025] [::1]:51251 Accepted
[Sun Sep 21 21:54:55 2025] [::1]:51251 [200]: POST /receiver.php
[Sun Sep 21 21:54:55 2025] [::1]:51251 Closing
