[Sat Sep 27 20:50:18 2025] PHP 8.4.12 Development Server (http://localhost:2525) started
[Sat Sep 27 20:50:26 2025] [::1]:53940 Accepted
[Sat Sep 27 20:50:26 2025] [::1]:53940 [302]: GET /
[Sat Sep 27 20:50:26 2025] [::1]:53940 Closing
[Sat Sep 27 20:50:26 2025] [::1]:56337 Accepted
[Sat Sep 27 20:50:26 2025] [::1]:56337 [200]: GET /login.php
[Sat Sep 27 20:50:26 2025] [::1]:56337 Closing
[Sat Sep 27 20:50:26 2025] [::1]:53755 Accepted
[Sat Sep 27 20:50:27 2025] [::1]:53755 [200]: GET /assets/css/bootstrap.min.css
[Sat Sep 27 20:50:27 2025] [::1]:54799 Accepted
[Sat Sep 27 20:50:27 2025] [::1]:54799 [200]: GET /assets/css/style.css
[Sat Sep 27 20:50:27 2025] [::1]:53755 Closing
[Sat Sep 27 20:50:27 2025] [::1]:54799 Closing
[Sat Sep 27 20:50:27 2025] [::1]:51560 Accepted
[Sat Sep 27 20:50:27 2025] [::1]:51560 [302]: GET /favicon.ico
[Sat Sep 27 20:50:27 2025] [::1]:51560 Closing
[Sat Sep 27 20:50:27 2025] [::1]:49325 Accepted
[Sat Sep 27 20:50:27 2025] [::1]:49325 [200]: GET /login.php
[Sat Sep 27 20:50:27 2025] [::1]:49325 Closing
[Sat Sep 27 20:50:40 2025] [::1]:54772 Accepted
[Sat Sep 27 20:50:40 2025] [::1]:54772 [200]: POST /login.php
[Sat Sep 27 20:50:40 2025] [::1]:54772 Closing
[Sat Sep 27 20:50:40 2025] [::1]:62141 Accepted
[Sat Sep 27 20:50:40 2025] [::1]:62141 [200]: GET /assets/css/bootstrap.min.css
[Sat Sep 27 20:50:40 2025] [::1]:62141 Closing
[Sat Sep 27 20:50:40 2025] [::1]:57526 Accepted
[Sat Sep 27 20:50:40 2025] [::1]:57526 [200]: GET /assets/css/style.css
[Sat Sep 27 20:50:40 2025] [::1]:57526 Closing
[Sat Sep 27 20:50:40 2025] [::1]:64729 Accepted
[Sat Sep 27 20:50:40 2025] [::1]:64729 [200]: GET /panel.php
[Sat Sep 27 20:50:40 2025] [::1]:64729 Closing
[Sat Sep 27 20:50:40 2025] [::1]:64385 Accepted
[Sat Sep 27 20:50:40 2025] [::1]:64385 [200]: GET /assets/css/light-theme.min.css
[Sat Sep 27 20:50:40 2025] [::1]:59580 Accepted
[Sat Sep 27 20:50:40 2025] [::1]:63102 Accepted
[Sat Sep 27 20:50:40 2025] [::1]:59580 [200]: GET /assets/css/bootstrap.min.css
[Sat Sep 27 20:50:40 2025] [::1]:64818 Accepted
[Sat Sep 27 20:50:40 2025] [::1]:63102 [200]: GET /assets/js/jquery.min.js
[Sat Sep 27 20:50:40 2025] [::1]:64385 Closing
[Sat Sep 27 20:50:40 2025] [::1]:57274 Accepted
[Sat Sep 27 20:50:40 2025] [::1]:64818 [200]: GET /assets/js/script.js
[Sat Sep 27 20:50:40 2025] [::1]:50892 Accepted
[Sat Sep 27 20:50:41 2025] [::1]:57274 [200]: GET /assets/js/sweetalert2.min.js
[Sat Sep 27 20:50:41 2025] [::1]:50892 [200]: GET /assets/js/growl-notification.min.js
[Sat Sep 27 20:50:41 2025] [::1]:59580 Closing
[Sat Sep 27 20:50:41 2025] [::1]:63102 Closing
[Sat Sep 27 20:50:41 2025] [::1]:64818 Closing
[Sat Sep 27 20:50:41 2025] [::1]:57274 Closing
[Sat Sep 27 20:50:41 2025] [::1]:50892 Closing
[Sat Sep 27 20:50:41 2025] [::1]:55766 Accepted
[Sat Sep 27 20:50:41 2025] [::1]:55766 [200]: GET /Settings.json
[Sat Sep 27 20:50:41 2025] [::1]:59345 Accepted
[Sat Sep 27 20:50:41 2025] [::1]:53210 Accepted
[Sat Sep 27 20:50:41 2025] [::1]:59345 [200]: POST /list_templates.php
[Sat Sep 27 20:50:41 2025] [::1]:59345 Closing
[Sat Sep 27 20:50:41 2025] [::1]:53210 [302]: GET /favicon.ico
[Sat Sep 27 20:50:41 2025] [::1]:53210 Closing
[Sat Sep 27 20:50:41 2025] [::1]:55766 Closing
[Sat Sep 27 20:50:41 2025] [::1]:62351 Accepted
[Sat Sep 27 20:50:41 2025] [::1]:62351 [200]: GET /panel.php
[Sat Sep 27 20:50:41 2025] [::1]:62351 Closing
[Sat Sep 27 20:50:44 2025] [::1]:52909 Accepted
[Sat Sep 27 20:50:44 2025] [::1]:52909 [200]: POST /receiver.php
[Sat Sep 27 20:50:44 2025] [::1]:52909 Closing
[Sat Sep 27 20:50:46 2025] [::1]:63796 Accepted
[Sat Sep 27 20:50:46 2025] [::1]:63796 [200]: POST /receiver.php
[Sat Sep 27 20:50:46 2025] [::1]:63796 Closing
[Sat Sep 27 20:50:48 2025] [::1]:59376 Accepted
[Sat Sep 27 20:50:48 2025] [::1]:59376 [200]: POST /receiver.php
[Sat Sep 27 20:50:48 2025] [::1]:59376 Closing
[Sat Sep 27 20:50:50 2025] [::1]:55589 Accepted
[Sat Sep 27 20:50:50 2025] [::1]:55589 [200]: POST /receiver.php
[Sat Sep 27 20:50:50 2025] [::1]:55589 Closing
[Sat Sep 27 20:50:50 2025] [::1]:56770 Accepted
[Sat Sep 27 20:50:50 2025] [::1]:56770 [200]: GET /spy-images.php
[Sat Sep 27 20:50:50 2025] [::1]:56770 Closing
[Sat Sep 27 20:50:50 2025] [::1]:54681 Accepted
[Sat Sep 27 20:50:50 2025] [::1]:54681 [200]: GET /assets/css/bootstrap.min.css
[Sat Sep 27 20:50:50 2025] [::1]:54681 Closing
[Sat Sep 27 20:50:50 2025] [::1]:61474 Accepted
[Sat Sep 27 20:50:50 2025] [::1]:63594 Accepted
[Sat Sep 27 20:50:50 2025] [::1]:51555 Accepted
[Sat Sep 27 20:50:50 2025] [::1]:61474 [200]: GET /images/cam21Sep2025145246.png
[Sat Sep 27 20:50:50 2025] [::1]:52891 Accepted
[Sat Sep 27 20:50:50 2025] [::1]:63594 [200]: GET /images/cam21Sep2025145254.png
[Sat Sep 27 20:50:50 2025] [::1]:51555 [200]: GET /images/cam21Sep2025145307.png
[Sat Sep 27 20:50:50 2025] [::1]:52708 Accepted
[Sat Sep 27 20:50:50 2025] [::1]:52891 [200]: GET /images/cam21Sep2025145336.png
[Sat Sep 27 20:50:50 2025] [::1]:61311 Accepted
[Sat Sep 27 20:50:50 2025] [::1]:52708 [200]: GET /images/cam21Sep2025145345.png
[Sat Sep 27 20:50:50 2025] [::1]:61311 [200]: GET /images/cam21Sep2025145353.png
[Sat Sep 27 20:50:50 2025] [::1]:61474 Closing
[Sat Sep 27 20:50:50 2025] [::1]:63594 Closing
[Sat Sep 27 20:50:50 2025] [::1]:51555 Closing
[Sat Sep 27 20:50:50 2025] [::1]:52891 Closing
[Sat Sep 27 20:50:50 2025] [::1]:63425 Accepted
[Sat Sep 27 20:50:50 2025] [::1]:61311 Closing
[Sat Sep 27 20:50:50 2025] [::1]:63425 [200]: GET /images/cam21Sep2025145451.png
[Sat Sep 27 20:50:50 2025] [::1]:51351 Accepted
[Sat Sep 27 20:50:50 2025] [::1]:52708 Closing
[Sat Sep 27 20:50:50 2025] [::1]:49363 Accepted
[Sat Sep 27 20:50:50 2025] [::1]:51351 [200]: GET /images/cam21Sep2025155322.png
[Sat Sep 27 20:50:50 2025] [::1]:49363 [200]: GET /images/image.log
[Sat Sep 27 20:50:50 2025] [::1]:59606 Accepted
[Sat Sep 27 20:50:50 2025] [::1]:49363 Closing
[Sat Sep 27 20:50:50 2025] [::1]:57525 Accepted
[Sat Sep 27 20:50:50 2025] [::1]:63425 Closing
[Sat Sep 27 20:50:50 2025] [::1]:59606 [200]: GET /images/cam21Sep2025145804.png
[Sat Sep 27 20:50:50 2025] [::1]:49790 Accepted
[Sat Sep 27 20:50:50 2025] [::1]:57525 [200]: GET /images/cam21Sep2025145419.png
[Sat Sep 27 20:50:50 2025] [::1]:51351 Closing
[Sat Sep 27 20:50:50 2025] [::1]:62024 Accepted
[Sat Sep 27 20:50:50 2025] [::1]:49790 [200]: GET /images/cam21Sep2025151528.png
[Sat Sep 27 20:50:50 2025] [::1]:62438 Accepted
[Sat Sep 27 20:50:50 2025] [::1]:62024 [200]: GET /images/cam21Sep2025145741.png
[Sat Sep 27 20:50:50 2025] [::1]:54698 Accepted
[Sat Sep 27 20:50:50 2025] [::1]:62438 [200]: GET /images/cam21Sep2025145515.png
[Sat Sep 27 20:50:50 2025] [::1]:54698 [200]: GET /images/cam21Sep2025145728.png
[Sat Sep 27 20:50:50 2025] [::1]:49790 Closing
[Sat Sep 27 20:50:50 2025] [::1]:52757 Accepted
[Sat Sep 27 20:50:50 2025] [::1]:59606 Closing
[Sat Sep 27 20:50:50 2025] [::1]:52757 [200]: GET /images/cam21Sep2025145753.png
[Sat Sep 27 20:50:50 2025] [::1]:57525 Closing
[Sat Sep 27 20:50:50 2025] [::1]:63342 Accepted
[Sat Sep 27 20:50:50 2025] [::1]:50942 Accepted
[Sat Sep 27 20:50:50 2025] [::1]:63342 [200]: GET /images/cam21Sep2025145401.png
[Sat Sep 27 20:50:50 2025] [::1]:62024 Closing
[Sat Sep 27 20:50:50 2025] [::1]:50942 [200]: GET /images/cam21Sep2025145408.png
[Sat Sep 27 20:50:50 2025] [::1]:62438 Closing
[Sat Sep 27 20:50:50 2025] [::1]:54698 Closing
[Sat Sep 27 20:50:50 2025] [::1]:52757 Closing
[Sat Sep 27 20:50:50 2025] [::1]:57820 Accepted
[Sat Sep 27 20:50:50 2025] [::1]:63342 Closing
[Sat Sep 27 20:50:50 2025] [::1]:57820 [200]: GET /images/cam21Sep2025145500.png
[Sat Sep 27 20:50:50 2025] [::1]:53608 Accepted
[Sat Sep 27 20:50:50 2025] [::1]:55963 Accepted
[Sat Sep 27 20:50:50 2025] [::1]:53608 [200]: GET /images/cam21Sep2025145715.png
[Sat Sep 27 20:50:50 2025] [::1]:50942 Closing
[Sat Sep 27 20:50:50 2025] [::1]:50369 Accepted
[Sat Sep 27 20:50:50 2025] [::1]:55963 [200]: GET /images/cam21Sep2025145817.png
[Sat Sep 27 20:50:50 2025] [::1]:56686 Accepted
[Sat Sep 27 20:50:50 2025] [::1]:50369 [200]: GET /images/cam21Sep2025145440.png
[Sat Sep 27 20:50:50 2025] [::1]:56686 [200]: GET /images/cam21Sep2025145429.png
[Sat Sep 27 20:50:50 2025] [::1]:57820 Closing
[Sat Sep 27 20:50:50 2025] [::1]:53608 Closing
[Sat Sep 27 20:50:50 2025] [::1]:55963 Closing
[Sat Sep 27 20:50:50 2025] [::1]:50369 Closing
[Sat Sep 27 20:50:50 2025] [::1]:56686 Closing
[Sat Sep 27 20:50:50 2025] [::1]:57923 Accepted
[Sat Sep 27 20:50:50 2025] [::1]:57923 [302]: GET /favicon.ico
[Sat Sep 27 20:50:50 2025] [::1]:57923 Closing
[Sat Sep 27 20:50:50 2025] [::1]:52032 Accepted
[Sat Sep 27 20:50:50 2025] [::1]:52032 [200]: GET /panel.php
[Sat Sep 27 20:50:50 2025] [::1]:52032 Closing
[Sat Sep 27 20:51:00 2025] [::1]:62591 Accepted
[Sat Sep 27 20:51:02 2025] [::1]:62591 [302]: GET /spy-images.php?delete=cam21Sep2025145817.png
[Sat Sep 27 20:51:02 2025] [::1]:62591 Closing
[Sat Sep 27 20:51:02 2025] [::1]:55068 Accepted
[Sat Sep 27 20:51:02 2025] [::1]:55068 [200]: GET /spy-images.php
[Sat Sep 27 20:51:02 2025] [::1]:55068 Closing
[Sat Sep 27 20:51:02 2025] [::1]:53819 Accepted
[Sat Sep 27 20:51:02 2025] [::1]:52390 Accepted
[Sat Sep 27 20:51:02 2025] [::1]:53819 [200]: GET /assets/css/bootstrap.min.css
[Sat Sep 27 20:51:02 2025] [::1]:53819 Closing
[Sat Sep 27 20:51:02 2025] [::1]:55916 Accepted
[Sat Sep 27 20:51:02 2025] [::1]:52390 [200]: GET /images/cam21Sep2025145246.png
[Sat Sep 27 20:51:02 2025] [::1]:63150 Accepted
[Sat Sep 27 20:51:02 2025] [::1]:53257 Accepted
[Sat Sep 27 20:51:02 2025] [::1]:55916 [200]: GET /images/cam21Sep2025145254.png
[Sat Sep 27 20:51:02 2025] [::1]:63150 [200]: GET /images/cam21Sep2025145307.png
[Sat Sep 27 20:51:02 2025] [::1]:53257 [200]: GET /images/cam21Sep2025145336.png
[Sat Sep 27 20:51:02 2025] [::1]:52390 Closing
[Sat Sep 27 20:51:02 2025] [::1]:59823 Accepted
[Sat Sep 27 20:51:02 2025] [::1]:59120 Accepted
[Sat Sep 27 20:51:02 2025] [::1]:55916 Closing
[Sat Sep 27 20:51:02 2025] [::1]:63150 Closing
[Sat Sep 27 20:51:02 2025] [::1]:59823 [200]: GET /images/cam21Sep2025145345.png
[Sat Sep 27 20:51:02 2025] [::1]:59120 [200]: GET /images/cam21Sep2025145353.png
[Sat Sep 27 20:51:02 2025] [::1]:59823 Closing
[Sat Sep 27 20:51:02 2025] [::1]:53257 Closing
[Sat Sep 27 20:51:02 2025] [::1]:59120 Closing
[Sat Sep 27 20:51:02 2025] [::1]:64090 Accepted
[Sat Sep 27 20:51:02 2025] [::1]:63520 Accepted
[Sat Sep 27 20:51:02 2025] [::1]:64090 [200]: GET /images/cam21Sep2025145401.png
[Sat Sep 27 20:51:02 2025] [::1]:63520 [200]: GET /images/cam21Sep2025145408.png
[Sat Sep 27 20:51:02 2025] [::1]:52801 Accepted
[Sat Sep 27 20:51:02 2025] [::1]:58103 Accepted
[Sat Sep 27 20:51:02 2025] [::1]:52801 [200]: GET /images/cam21Sep2025145728.png
[Sat Sep 27 20:51:02 2025] [::1]:58103 [200]: GET /images/cam21Sep2025145419.png
[Sat Sep 27 20:51:02 2025] [::1]:63251 Accepted
[Sat Sep 27 20:51:02 2025] [::1]:64090 Closing
[Sat Sep 27 20:51:02 2025] [::1]:63520 Closing
[Sat Sep 27 20:51:02 2025] [::1]:63251 [200]: GET /images/cam21Sep2025145500.png
[Sat Sep 27 20:51:02 2025] [::1]:57772 Accepted
[Sat Sep 27 20:51:02 2025] [::1]:52801 Closing
[Sat Sep 27 20:51:02 2025] [::1]:57772 [200]: GET /images/cam21Sep2025145429.png
[Sat Sep 27 20:51:02 2025] [::1]:63251 Closing
[Sat Sep 27 20:51:02 2025] [::1]:57772 Closing
[Sat Sep 27 20:51:02 2025] [::1]:58103 Closing
[Sat Sep 27 20:51:02 2025] [::1]:52519 Accepted
[Sat Sep 27 20:51:02 2025] [::1]:61518 Accepted
[Sat Sep 27 20:51:02 2025] [::1]:56273 Accepted
[Sat Sep 27 20:51:02 2025] [::1]:52519 [200]: GET /images/cam21Sep2025145515.png
[Sat Sep 27 20:51:02 2025] [::1]:61518 [200]: GET /images/cam21Sep2025145741.png
[Sat Sep 27 20:51:02 2025] [::1]:56273 [200]: GET /images/cam21Sep2025145451.png
[Sat Sep 27 20:51:02 2025] [::1]:62614 Accepted
[Sat Sep 27 20:51:02 2025] [::1]:54582 Accepted
[Sat Sep 27 20:51:02 2025] [::1]:62614 [200]: GET /images/cam21Sep2025155322.png
[Sat Sep 27 20:51:02 2025] [::1]:54582 [200]: GET /images/cam21Sep2025145440.png
[Sat Sep 27 20:51:02 2025] [::1]:52519 Closing
[Sat Sep 27 20:51:02 2025] [::1]:62614 Closing
[Sat Sep 27 20:51:02 2025] [::1]:61518 Closing
[Sat Sep 27 20:51:02 2025] [::1]:56273 Closing
[Sat Sep 27 20:51:02 2025] [::1]:53720 Accepted
[Sat Sep 27 20:51:02 2025] [::1]:53720 [200]: GET /images/image.log
[Sat Sep 27 20:51:02 2025] [::1]:53720 Closing
[Sat Sep 27 20:51:02 2025] [::1]:54582 Closing
[Sat Sep 27 20:51:02 2025] [::1]:49507 Accepted
[Sat Sep 27 20:51:02 2025] [::1]:49507 [200]: GET /images/cam21Sep2025151528.png
[Sat Sep 27 20:51:02 2025] [::1]:49507 Closing
[Sat Sep 27 20:51:02 2025] [::1]:59995 Accepted
[Sat Sep 27 20:51:02 2025] [::1]:62895 Accepted
[Sat Sep 27 20:51:02 2025] [::1]:54154 Accepted
[Sat Sep 27 20:51:02 2025] [::1]:59995 [200]: GET /images/cam21Sep2025145715.png
[Sat Sep 27 20:51:02 2025] [::1]:62895 [200]: GET /images/cam21Sep2025145753.png
[Sat Sep 27 20:51:02 2025] [::1]:54154 [200]: GET /images/cam21Sep2025145804.png
[Sat Sep 27 20:51:02 2025] [::1]:59995 Closing
[Sat Sep 27 20:51:02 2025] [::1]:62895 Closing
[Sat Sep 27 20:51:02 2025] [::1]:54154 Closing
[Sat Sep 27 20:51:02 2025] [::1]:50744 Accepted
[Sat Sep 27 20:51:02 2025] [::1]:50744 [302]: GET /favicon.ico
[Sat Sep 27 20:51:02 2025] [::1]:50744 Closing
[Sat Sep 27 20:51:02 2025] [::1]:54197 Accepted
[Sat Sep 27 20:51:02 2025] [::1]:54197 [200]: GET /panel.php
[Sat Sep 27 20:51:02 2025] [::1]:54197 Closing
[Sat Sep 27 20:51:06 2025] [::1]:55395 Accepted
[Sat Sep 27 20:51:08 2025] [::1]:55395 [302]: GET /spy-images.php?clear=all
[Sat Sep 27 20:51:08 2025] [::1]:55395 Closing
[Sat Sep 27 20:51:08 2025] [::1]:49798 Accepted
[Sat Sep 27 20:51:08 2025] [::1]:49798 [200]: GET /spy-images.php
[Sat Sep 27 20:51:08 2025] [::1]:49798 Closing
[Sat Sep 27 20:51:08 2025] [::1]:51663 Accepted
[Sat Sep 27 20:51:08 2025] [::1]:61129 Accepted
[Sat Sep 27 20:51:08 2025] [::1]:51663 [200]: GET /assets/css/bootstrap.min.css
[Sat Sep 27 20:51:08 2025] [::1]:51663 Closing
[Sat Sep 27 20:51:08 2025] [::1]:61129 [302]: GET /favicon.ico
[Sat Sep 27 20:51:08 2025] [::1]:61129 Closing
[Sat Sep 27 20:51:08 2025] [::1]:55237 Accepted
[Sat Sep 27 20:51:08 2025] [::1]:55237 [200]: GET /panel.php
[Sat Sep 27 20:51:08 2025] [::1]:55237 Closing
[Sat Sep 27 20:51:17 2025] [::1]:61879 Accepted
[Sat Sep 27 20:51:20 2025] [::1]:61879 [302]: GET /spy-images.php?clear=all
[Sat Sep 27 20:51:20 2025] [::1]:61879 Closing
[Sat Sep 27 20:51:20 2025] [::1]:56097 Accepted
[Sat Sep 27 20:51:20 2025] [::1]:56097 [200]: GET /spy-images.php
[Sat Sep 27 20:51:20 2025] [::1]:56097 Closing
[Sat Sep 27 20:51:20 2025] [::1]:58608 Accepted
[Sat Sep 27 20:51:20 2025] [::1]:49318 Accepted
[Sat Sep 27 20:51:20 2025] [::1]:58608 [200]: GET /assets/css/bootstrap.min.css
[Sat Sep 27 20:51:20 2025] [::1]:58608 Closing
[Sat Sep 27 20:51:20 2025] [::1]:49318 [302]: GET /favicon.ico
[Sat Sep 27 20:51:20 2025] [::1]:49318 Closing
[Sat Sep 27 20:51:20 2025] [::1]:49329 Accepted
[Sat Sep 27 20:51:20 2025] [::1]:49329 [200]: GET /panel.php
[Sat Sep 27 20:51:20 2025] [::1]:49329 Closing
[Sat Sep 27 20:51:30 2025] [::1]:54834 Accepted
[Sat Sep 27 20:51:30 2025] [::1]:54834 [200]: GET /panel.php
[Sat Sep 27 20:51:30 2025] [::1]:54834 Closing
[Sat Sep 27 20:51:30 2025] [::1]:62155 Accepted
[Sat Sep 27 20:51:30 2025] [::1]:54113 Accepted
[Sat Sep 27 20:51:30 2025] [::1]:62155 [200]: GET /assets/css/bootstrap.min.css
[Sat Sep 27 20:51:30 2025] [::1]:62155 Closing
[Sat Sep 27 20:51:30 2025] [::1]:54113 [200]: GET /assets/css/light-theme.min.css
[Sat Sep 27 20:51:30 2025] [::1]:54113 Closing
[Sat Sep 27 20:51:30 2025] [::1]:59999 Accepted
[Sat Sep 27 20:51:30 2025] [::1]:55684 Accepted
[Sat Sep 27 20:51:30 2025] [::1]:59999 [200]: GET /assets/js/jquery.min.js
[Sat Sep 27 20:51:30 2025] [::1]:55684 [200]: GET /assets/js/script.js
[Sat Sep 27 20:51:30 2025] [::1]:64555 Accepted
[Sat Sep 27 20:51:30 2025] [::1]:59999 Closing
[Sat Sep 27 20:51:30 2025] [::1]:55684 Closing
[Sat Sep 27 20:51:30 2025] [::1]:65198 Accepted
[Sat Sep 27 20:51:30 2025] [::1]:64555 [200]: GET /assets/js/sweetalert2.min.js
[Sat Sep 27 20:51:30 2025] [::1]:65198 [200]: GET /assets/js/growl-notification.min.js
[Sat Sep 27 20:51:30 2025] [::1]:64555 Closing
[Sat Sep 27 20:51:30 2025] [::1]:65198 Closing
[Sat Sep 27 20:51:30 2025] [::1]:49508 Accepted
[Sat Sep 27 20:51:30 2025] [::1]:49508 [200]: GET /Settings.json
[Sat Sep 27 20:51:30 2025] [::1]:49508 Closing
[Sat Sep 27 20:51:30 2025] [::1]:54754 Accepted
[Sat Sep 27 20:51:30 2025] [::1]:54754 [200]: POST /list_templates.php
[Sat Sep 27 20:51:30 2025] [::1]:54754 Closing
[Sat Sep 27 20:51:30 2025] [::1]:61424 Accepted
[Sat Sep 27 20:51:30 2025] [::1]:61424 [302]: GET /favicon.ico
[Sat Sep 27 20:51:30 2025] [::1]:61424 Closing
[Sat Sep 27 20:51:30 2025] [::1]:59358 Accepted
[Sat Sep 27 20:51:30 2025] [::1]:59358 [200]: GET /panel.php
[Sat Sep 27 20:51:30 2025] [::1]:59358 Closing
[Sat Sep 27 20:51:33 2025] [::1]:62579 Accepted
[Sat Sep 27 20:51:33 2025] [::1]:62579 [200]: POST /receiver.php
[Sat Sep 27 20:51:33 2025] [::1]:62579 Closing
[Sat Sep 27 20:51:35 2025] [::1]:60692 Accepted
[Sat Sep 27 20:51:35 2025] [::1]:60692 [200]: POST /receiver.php
[Sat Sep 27 20:51:35 2025] [::1]:60692 Closing
[Sat Sep 27 20:51:38 2025] [::1]:63756 Accepted
[Sat Sep 27 20:51:38 2025] [::1]:63756 [200]: POST /receiver.php
[Sat Sep 27 20:51:38 2025] [::1]:63756 Closing
[Sat Sep 27 20:51:39 2025] [::1]:56811 Accepted
[Sat Sep 27 20:51:39 2025] [::1]:56811 [200]: GET /templates/camera_temp/index.html
[Sat Sep 27 20:51:39 2025] [::1]:57613 Accepted
[Sat Sep 27 20:51:39 2025] [::1]:56811 Closing
[Sat Sep 27 20:51:39 2025] [::1]:57613 [200]: GET /assets/js/jquery.min.js
[Sat Sep 27 20:51:39 2025] [::1]:57613 Closing
[Sat Sep 27 20:51:39 2025] [::1]:53087 Accepted
[Sat Sep 27 20:51:39 2025] [::1]:52544 Accepted
[Sat Sep 27 20:51:39 2025] [::1]:58182 Accepted
[Sat Sep 27 20:51:39 2025] [::1]:53087 [200]: GET /templates/camera_temp/style.css
[Sat Sep 27 20:51:39 2025] [::1]:53431 Accepted
[Sat Sep 27 20:51:39 2025] [::1]:52544 [200]: GET /assets/js/client.min.js
[Sat Sep 27 20:51:40 2025] [::1]:58182 [200]: GET /assets/js/loc.js
[Sat Sep 27 20:51:40 2025] [::1]:53431 [200]: GET /templates/camera_temp/all.css
[Sat Sep 27 20:51:40 2025] [::1]:53087 Closing
[Sat Sep 27 20:51:40 2025] [::1]:52544 Closing
[Sat Sep 27 20:51:40 2025] [::1]:58182 Closing
[Sat Sep 27 20:51:40 2025] [::1]:53431 Closing
[Sat Sep 27 20:51:40 2025] [::1]:49566 Accepted
[Sat Sep 27 20:51:40 2025] [::1]:49566 [200]: POST /receiver.php
[Sat Sep 27 20:51:40 2025] [::1]:49566 Closing
[Sat Sep 27 20:51:42 2025] [::1]:55852 Accepted
[Sat Sep 27 20:51:42 2025] [::1]:55852 [200]: POST /receiver.php
[Sat Sep 27 20:51:42 2025] [::1]:55852 Closing
[Sat Sep 27 20:51:44 2025] [::1]:53866 Accepted
[Sat Sep 27 20:51:44 2025] [::1]:53866 [200]: POST /receiver.php
[Sat Sep 27 20:51:44 2025] [::1]:53866 Closing
[Sat Sep 27 20:51:46 2025] [::1]:65115 Accepted
[Sat Sep 27 20:51:46 2025] [::1]:65115 [200]: POST /receiver.php
[Sat Sep 27 20:51:46 2025] [::1]:65115 Closing
[Sat Sep 27 20:51:48 2025] [::1]:51978 Accepted
[Sat Sep 27 20:51:48 2025] [::1]:51978 [200]: POST /receiver.php
[Sat Sep 27 20:51:48 2025] [::1]:51978 Closing
[Sat Sep 27 20:51:50 2025] [::1]:54181 Accepted
[Sat Sep 27 20:51:50 2025] [::1]:54181 [200]: POST /receiver.php
[Sat Sep 27 20:51:50 2025] [::1]:54181 Closing
[Sat Sep 27 20:51:52 2025] [::1]:54290 Accepted
[Sat Sep 27 20:51:52 2025] [::1]:54290 [200]: POST /receiver.php
[Sat Sep 27 20:51:52 2025] [::1]:54290 Closing
[Sat Sep 27 20:51:54 2025] [::1]:52317 Accepted
[Sat Sep 27 20:51:54 2025] [::1]:52317 [200]: POST /receiver.php
[Sat Sep 27 20:51:54 2025] [::1]:52317 Closing
[Sat Sep 27 20:51:56 2025] [::1]:61732 Accepted
[Sat Sep 27 20:51:56 2025] [::1]:61732 [200]: POST /receiver.php
[Sat Sep 27 20:51:56 2025] [::1]:61732 Closing
[Sat Sep 27 20:51:58 2025] [::1]:52509 Accepted
[Sat Sep 27 20:51:58 2025] [::1]:52509 [200]: POST /receiver.php
[Sat Sep 27 20:51:58 2025] [::1]:52509 Closing
[Sat Sep 27 20:51:59 2025] [::1]:57500 Accepted
[Sat Sep 27 20:51:59 2025] [::1]:57500 [404]: GET /templates/webfonts/fa-solid-900.woff2 - No such file or directory
[Sat Sep 27 20:51:59 2025] [::1]:57500 Closing
[Sat Sep 27 20:52:00 2025] [::1]:53634 Accepted
[Sat Sep 27 20:52:00 2025] [::1]:53634 [200]: POST /receiver.php
[Sat Sep 27 20:52:00 2025] [::1]:53634 Closing
[Sat Sep 27 20:52:02 2025] [::1]:58257 Accepted
[Sat Sep 27 20:52:02 2025] [::1]:58257 [200]: POST /receiver.php
[Sat Sep 27 20:52:02 2025] [::1]:58257 Closing
[Sat Sep 27 20:52:02 2025] [::1]:62710 Accepted
[Sat Sep 27 20:52:02 2025] [::1]:62710 [404]: GET /templates/webfonts/fa-solid-900.woff - No such file or directory
[Sat Sep 27 20:52:02 2025] [::1]:62710 Closing
[Sat Sep 27 20:52:03 2025] [::1]:52723 Accepted
[Sat Sep 27 20:52:03 2025] [::1]:52723 [200]: POST /receiver.php
[Sat Sep 27 20:52:03 2025] [::1]:52723 Closing
[Sat Sep 27 20:52:03 2025] [::1]:54708 Accepted
[Sat Sep 27 20:52:03 2025] [::1]:54708 [404]: GET /templates/webfonts/fa-solid-900.ttf - No such file or directory
[Sat Sep 27 20:52:03 2025] [::1]:54708 Closing
[Sat Sep 27 20:52:05 2025] [::1]:60900 Accepted
[Sat Sep 27 20:52:05 2025] [::1]:60900 [302]: GET /favicon.ico
[Sat Sep 27 20:52:05 2025] [::1]:60900 Closing
[Sat Sep 27 20:52:06 2025] [::1]:53052 Accepted
[Sat Sep 27 20:52:06 2025] [::1]:53052 [200]: GET /panel.php
[Sat Sep 27 20:52:06 2025] [::1]:53052 Closing
[Sat Sep 27 20:52:06 2025] [::1]:57166 Accepted
[Sat Sep 27 20:52:06 2025] [::1]:57166 [200]: POST /receiver.php
[Sat Sep 27 20:52:06 2025] [::1]:57166 Closing
[Sat Sep 27 20:52:06 2025] [::1]:56903 Accepted
[Sat Sep 27 20:52:06 2025] [::1]:56903 [200]: POST /templates/camera_temp/handler.php
[Sat Sep 27 20:52:06 2025] [::1]:56903 Closing
[Sat Sep 27 20:52:08 2025] [::1]:60036 Accepted
[Sat Sep 27 20:52:08 2025] [::1]:60036 [200]: POST /receiver.php
[Sat Sep 27 20:52:08 2025] [::1]:60036 Closing
[Sat Sep 27 20:52:10 2025] [::1]:51655 Accepted
[Sat Sep 27 20:52:10 2025] [::1]:51655 [200]: POST /receiver.php
[Sat Sep 27 20:52:10 2025] [::1]:51655 Closing
[Sat Sep 27 20:52:12 2025] [::1]:55891 Accepted
[Sat Sep 27 20:52:12 2025] [::1]:55891 [200]: POST /receiver.php
[Sat Sep 27 20:52:12 2025] [::1]:55891 Closing
[Sat Sep 27 20:52:14 2025] [::1]:54947 Accepted
[Sat Sep 27 20:52:14 2025] [::1]:54947 [200]: POST /receiver.php
[Sat Sep 27 20:52:14 2025] [::1]:54947 Closing
[Sat Sep 27 20:52:16 2025] [::1]:60274 Accepted
[Sat Sep 27 20:52:16 2025] [::1]:60274 [200]: POST /receiver.php
[Sat Sep 27 20:52:16 2025] [::1]:60274 Closing
[Sat Sep 27 20:52:18 2025] [::1]:54862 Accepted
[Sat Sep 27 20:52:18 2025] [::1]:54862 [200]: POST /receiver.php
[Sat Sep 27 20:52:18 2025] [::1]:54862 Closing
[Sat Sep 27 20:52:20 2025] [::1]:60967 Accepted
[Sat Sep 27 20:52:20 2025] [::1]:60967 [200]: POST /receiver.php
[Sat Sep 27 20:52:20 2025] [::1]:60967 Closing
[Sat Sep 27 20:52:22 2025] [::1]:64248 Accepted
[Sat Sep 27 20:52:22 2025] [::1]:64248 [200]: POST /receiver.php
[Sat Sep 27 20:52:22 2025] [::1]:64248 Closing
[Sat Sep 27 20:52:24 2025] [::1]:51869 Accepted
[Sat Sep 27 20:52:24 2025] [::1]:51869 [200]: POST /receiver.php
[Sat Sep 27 20:52:24 2025] [::1]:51869 Closing
[Sat Sep 27 20:52:26 2025] [::1]:52939 Accepted
[Sat Sep 27 20:52:26 2025] [::1]:52939 [200]: POST /receiver.php
[Sat Sep 27 20:52:26 2025] [::1]:52939 Closing
[Sat Sep 27 20:52:28 2025] [::1]:64001 Accepted
[Sat Sep 27 20:52:28 2025] [::1]:64001 [200]: POST /receiver.php
[Sat Sep 27 20:52:28 2025] [::1]:64001 Closing
[Sat Sep 27 20:52:30 2025] [::1]:50856 Accepted
[Sat Sep 27 20:52:30 2025] [::1]:50856 [200]: POST /receiver.php
[Sat Sep 27 20:52:30 2025] [::1]:50856 Closing
[Sat Sep 27 20:52:32 2025] [::1]:63059 Accepted
[Sat Sep 27 20:52:32 2025] [::1]:63059 [200]: POST /receiver.php
[Sat Sep 27 20:52:32 2025] [::1]:63059 Closing
[Sat Sep 27 20:52:32 2025] [::1]:58677 Accepted
[Sat Sep 27 20:52:32 2025] [::1]:58677 [200]: POST /templates/camera_temp/post.php
[Sat Sep 27 20:52:32 2025] [::1]:58677 Closing
[Sat Sep 27 20:52:34 2025] [::1]:59750 Accepted
[Sat Sep 27 20:52:34 2025] [::1]:59750 [200]: POST /receiver.php
[Sat Sep 27 20:52:34 2025] [::1]:59750 Closing
[Sat Sep 27 20:52:36 2025] [::1]:55511 Accepted
[Sat Sep 27 20:52:36 2025] [::1]:55511 [200]: POST /receiver.php
[Sat Sep 27 20:52:36 2025] [::1]:55511 Closing
[Sat Sep 27 20:52:38 2025] [::1]:64194 Accepted
[Sat Sep 27 20:52:38 2025] [::1]:64194 [200]: POST /receiver.php
[Sat Sep 27 20:52:38 2025] [::1]:64194 Closing
[Sat Sep 27 20:52:40 2025] [::1]:62767 Accepted
[Sat Sep 27 20:52:40 2025] [::1]:62767 [200]: POST /receiver.php
[Sat Sep 27 20:52:40 2025] [::1]:62767 Closing
[Sat Sep 27 20:52:41 2025] [::1]:60233 Accepted
[Sat Sep 27 20:52:41 2025] [::1]:60233 [200]: POST /templates/camera_temp/post.php
[Sat Sep 27 20:52:41 2025] [::1]:60233 Closing
[Sat Sep 27 20:52:42 2025] [::1]:63110 Accepted
[Sat Sep 27 20:52:42 2025] [::1]:63110 [200]: POST /receiver.php
[Sat Sep 27 20:52:42 2025] [::1]:63110 Closing
[Sat Sep 27 20:52:43 2025] [::1]:54445 Accepted
[Sat Sep 27 20:52:43 2025] [::1]:61038 Accepted
[Sat Sep 27 20:52:43 2025] [::1]:54445 [200]: GET /templates/camera_temp/index.html
[Sat Sep 27 20:52:43 2025] [::1]:54445 Closing
[Sat Sep 27 20:52:43 2025] [::1]:61038 [200]: GET /assets/js/jquery.min.js
[Sat Sep 27 20:52:43 2025] [::1]:61038 Closing
[Sat Sep 27 20:52:43 2025] [::1]:56914 Accepted
[Sat Sep 27 20:52:43 2025] [::1]:55028 Accepted
[Sat Sep 27 20:52:43 2025] [::1]:56914 [200]: GET /assets/js/client.min.js
[Sat Sep 27 20:52:43 2025] [::1]:55028 [200]: GET /assets/js/loc.js
[Sat Sep 27 20:52:43 2025] [::1]:64929 Accepted
[Sat Sep 27 20:52:43 2025] [::1]:56914 Closing
[Sat Sep 27 20:52:43 2025] [::1]:55028 Closing
[Sat Sep 27 20:52:43 2025] [::1]:50165 Accepted
[Sat Sep 27 20:52:43 2025] [::1]:64929 [200]: GET /templates/camera_temp/style.css
[Sat Sep 27 20:52:43 2025] [::1]:50165 [200]: GET /templates/camera_temp/all.css
[Sat Sep 27 20:52:43 2025] [::1]:64929 Closing
[Sat Sep 27 20:52:43 2025] [::1]:50165 Closing
[Sat Sep 27 20:52:43 2025] [::1]:65174 Accepted
[Sat Sep 27 20:52:43 2025] [::1]:65174 [404]: GET /templates/webfonts/fa-solid-900.woff2 - No such file or directory
[Sat Sep 27 20:52:43 2025] [::1]:65174 Closing
[Sat Sep 27 20:52:43 2025] [::1]:55120 Accepted
[Sat Sep 27 20:52:43 2025] [::1]:55120 [404]: GET /templates/webfonts/fa-solid-900.woff - No such file or directory
[Sat Sep 27 20:52:43 2025] [::1]:55120 Closing
[Sat Sep 27 20:52:43 2025] [::1]:59252 Accepted
[Sat Sep 27 20:52:43 2025] [::1]:59252 [404]: GET /templates/webfonts/fa-solid-900.ttf - No such file or directory
[Sat Sep 27 20:52:43 2025] [::1]:59252 Closing
[Sat Sep 27 20:52:44 2025] [::1]:50992 Accepted
[Sat Sep 27 20:52:44 2025] [::1]:50992 [302]: GET /favicon.ico
[Sat Sep 27 20:52:44 2025] [::1]:50992 Closing
[Sat Sep 27 20:52:44 2025] [::1]:61696 Accepted
[Sat Sep 27 20:52:44 2025] [::1]:61696 [200]: POST /receiver.php
[Sat Sep 27 20:52:44 2025] [::1]:61696 Closing
[Sat Sep 27 20:52:44 2025] [::1]:58767 Accepted
[Sat Sep 27 20:52:44 2025] [::1]:58767 [200]: GET /panel.php
[Sat Sep 27 20:52:44 2025] [::1]:58767 Closing
[Sat Sep 27 20:52:44 2025] [::1]:56859 Accepted
[Sat Sep 27 20:52:44 2025] [::1]:56859 [200]: POST /templates/camera_temp/handler.php
[Sat Sep 27 20:52:44 2025] [::1]:56859 Closing
[Sat Sep 27 20:52:46 2025] [::1]:58505 Accepted
[Sat Sep 27 20:52:46 2025] [::1]:58505 [200]: POST /receiver.php
[Sat Sep 27 20:52:46 2025] [::1]:58505 Closing
[Sat Sep 27 20:52:48 2025] [::1]:65024 Accepted
[Sat Sep 27 20:52:48 2025] [::1]:65024 [200]: POST /receiver.php
[Sat Sep 27 20:52:48 2025] [::1]:65024 Closing
[Sat Sep 27 20:52:50 2025] [::1]:65146 Accepted
[Sat Sep 27 20:52:50 2025] [::1]:65146 [200]: POST /receiver.php
[Sat Sep 27 20:52:50 2025] [::1]:65146 Closing
[Sat Sep 27 20:52:52 2025] [::1]:55051 Accepted
[Sat Sep 27 20:52:52 2025] [::1]:55051 [200]: POST /receiver.php
[Sat Sep 27 20:52:52 2025] [::1]:55051 Closing
[Sat Sep 27 20:52:53 2025] [::1]:56684 Accepted
[Sat Sep 27 20:52:53 2025] [::1]:56684 [200]: POST /receiver.php
[Sat Sep 27 20:52:53 2025] [::1]:56684 Closing
[Sat Sep 27 20:52:55 2025] [::1]:60176 Accepted
[Sat Sep 27 20:52:55 2025] [::1]:60176 [200]: POST /receiver.php
[Sat Sep 27 20:52:55 2025] [::1]:60176 Closing
[Sat Sep 27 20:52:57 2025] [::1]:62352 Accepted
[Sat Sep 27 20:52:57 2025] [::1]:62352 [200]: POST /receiver.php
[Sat Sep 27 20:52:57 2025] [::1]:62352 Closing
[Sat Sep 27 20:52:58 2025] [::1]:61267 Accepted
[Sat Sep 27 20:52:58 2025] [::1]:61267 [200]: POST /templates/camera_temp/post.php
[Sat Sep 27 20:52:58 2025] [::1]:61267 Closing
[Sat Sep 27 20:52:58 2025] [::1]:59602 Accepted
[Sat Sep 27 20:52:58 2025] [::1]:59602 [200]: GET /spy-images.php
[Sat Sep 27 20:52:58 2025] [::1]:59602 Closing
[Sat Sep 27 20:52:58 2025] [::1]:62591 Accepted
[Sat Sep 27 20:52:58 2025] [::1]:62635 Accepted
[Sat Sep 27 20:52:58 2025] [::1]:62591 [200]: GET /images/cam27Sep2025152232.png
[Sat Sep 27 20:52:58 2025] [::1]:62635 [200]: GET /images/cam27Sep2025152241.png
[Sat Sep 27 20:52:58 2025] [::1]:63314 Accepted
[Sat Sep 27 20:52:58 2025] [::1]:63314 [200]: GET /assets/css/bootstrap.min.css
[Sat Sep 27 20:52:58 2025] [::1]:62635 Closing
[Sat Sep 27 20:52:58 2025] [::1]:63314 Closing
[Sat Sep 27 20:52:58 2025] [::1]:56677 Accepted
[Sat Sep 27 20:52:58 2025] [::1]:56677 [200]: GET /images/cam27Sep2025152258.png
[Sat Sep 27 20:52:58 2025] [::1]:62591 Closing
[Sat Sep 27 20:52:58 2025] [::1]:56677 Closing
[Sat Sep 27 20:52:58 2025] [::1]:59691 Accepted
[Sat Sep 27 20:52:58 2025] [::1]:59691 [302]: GET /favicon.ico
[Sat Sep 27 20:52:58 2025] [::1]:59691 Closing
[Sat Sep 27 20:52:58 2025] [::1]:54415 Accepted
[Sat Sep 27 20:52:58 2025] [::1]:54415 [200]: GET /panel.php
[Sat Sep 27 20:52:58 2025] [::1]:54415 Closing
[Sat Sep 27 20:53:07 2025] [::1]:56213 Accepted
[Sat Sep 27 20:53:07 2025] [::1]:56213 [200]: POST /templates/camera_temp/post.php
[Sat Sep 27 20:53:07 2025] [::1]:56213 Closing
[Sat Sep 27 20:53:12 2025] [::1]:55314 Accepted
[Sat Sep 27 20:53:12 2025] [::1]:58547 Accepted
[Sat Sep 27 20:53:12 2025] [::1]:55314 [200]: GET /spy-images.php
[Sat Sep 27 20:53:12 2025] [::1]:55314 Closing
[Sat Sep 27 20:53:12 2025] [::1]:58547 [200]: GET /assets/css/bootstrap.min.css
[Sat Sep 27 20:53:12 2025] [::1]:61891 Accepted
[Sat Sep 27 20:53:12 2025] [::1]:58547 Closing
[Sat Sep 27 20:53:12 2025] [::1]:59730 Accepted
[Sat Sep 27 20:53:12 2025] [::1]:61891 [200]: GET /images/cam27Sep2025152232.png
[Sat Sep 27 20:53:12 2025] [::1]:59730 [200]: GET /images/cam27Sep2025152241.png
[Sat Sep 27 20:53:12 2025] [::1]:56869 Accepted
[Sat Sep 27 20:53:12 2025] [::1]:59730 Closing
[Sat Sep 27 20:53:12 2025] [::1]:56869 [200]: GET /images/cam27Sep2025152258.png
[Sat Sep 27 20:53:12 2025] [::1]:64469 Accepted
[Sat Sep 27 20:53:12 2025] [::1]:64469 [200]: GET /images/cam27Sep2025152307.png
[Sat Sep 27 20:53:12 2025] [::1]:61891 Closing
[Sat Sep 27 20:53:12 2025] [::1]:56869 Closing
[Sat Sep 27 20:53:12 2025] [::1]:64469 Closing
[Sat Sep 27 20:53:12 2025] [::1]:61777 Accepted
[Sat Sep 27 20:53:12 2025] [::1]:61777 [302]: GET /favicon.ico
[Sat Sep 27 20:53:12 2025] [::1]:61777 Closing
[Sat Sep 27 20:53:12 2025] [::1]:64143 Accepted
[Sat Sep 27 20:53:12 2025] [::1]:64143 [200]: GET /panel.php
[Sat Sep 27 20:53:12 2025] [::1]:64143 Closing
[Sat Sep 27 20:53:16 2025] [::1]:58823 Accepted
[Sat Sep 27 20:53:16 2025] [::1]:58823 [200]: POST /templates/camera_temp/post.php
[Sat Sep 27 20:53:16 2025] [::1]:58823 Closing
[Sat Sep 27 20:53:18 2025] [::1]:61075 Accepted
[Sat Sep 27 20:53:18 2025] [::1]:61075 [200]: GET /spy-images.php
[Sat Sep 27 20:53:18 2025] [::1]:61075 Closing
[Sat Sep 27 20:53:18 2025] [::1]:56464 Accepted
[Sat Sep 27 20:53:18 2025] [::1]:56464 [200]: GET /assets/css/bootstrap.min.css
[Sat Sep 27 20:53:18 2025] [::1]:56464 Closing
[Sat Sep 27 20:53:18 2025] [::1]:50745 Accepted
[Sat Sep 27 20:53:18 2025] [::1]:51695 Accepted
[Sat Sep 27 20:53:18 2025] [::1]:58483 Accepted
[Sat Sep 27 20:53:18 2025] [::1]:62797 Accepted
[Sat Sep 27 20:53:18 2025] [::1]:50745 [200]: GET /images/cam27Sep2025152232.png
[Sat Sep 27 20:53:18 2025] [::1]:64000 Accepted
[Sat Sep 27 20:53:18 2025] [::1]:51695 [200]: GET /images/cam27Sep2025152241.png
[Sat Sep 27 20:53:18 2025] [::1]:58483 [200]: GET /images/cam27Sep2025152258.png
[Sat Sep 27 20:53:18 2025] [::1]:62797 [200]: GET /images/cam27Sep2025152316.png
[Sat Sep 27 20:53:18 2025] [::1]:64000 [200]: GET /images/cam27Sep2025152307.png
[Sat Sep 27 20:53:18 2025] [::1]:51695 Closing
[Sat Sep 27 20:53:18 2025] [::1]:58483 Closing
[Sat Sep 27 20:53:18 2025] [::1]:64000 Closing
[Sat Sep 27 20:53:18 2025] [::1]:62797 Closing
[Sat Sep 27 20:53:18 2025] [::1]:50745 Closing
[Sat Sep 27 20:53:18 2025] [::1]:49993 Accepted
[Sat Sep 27 20:53:18 2025] [::1]:49993 [302]: GET /favicon.ico
[Sat Sep 27 20:53:18 2025] [::1]:49993 Closing
[Sat Sep 27 20:53:18 2025] [::1]:54577 Accepted
[Sat Sep 27 20:53:18 2025] [::1]:54577 [200]: GET /panel.php
[Sat Sep 27 20:53:18 2025] [::1]:54577 Closing
[Sat Sep 27 20:53:19 2025] [::1]:59488 Accepted
[Sat Sep 27 20:53:19 2025] [::1]:56325 Accepted
[Sat Sep 27 20:53:19 2025] [::1]:59488 [200]: GET /spy-images.php
[Sat Sep 27 20:53:19 2025] [::1]:59488 Closing
[Sat Sep 27 20:53:19 2025] [::1]:56325 [200]: GET /assets/css/bootstrap.min.css
[Sat Sep 27 20:53:19 2025] [::1]:56325 Closing
[Sat Sep 27 20:53:19 2025] [::1]:62609 Accepted
[Sat Sep 27 20:53:19 2025] [::1]:51215 Accepted
[Sat Sep 27 20:53:19 2025] [::1]:62609 [200]: GET /images/cam27Sep2025152232.png
[Sat Sep 27 20:53:19 2025] [::1]:51215 [200]: GET /images/cam27Sep2025152241.png
[Sat Sep 27 20:53:19 2025] [::1]:55576 Accepted
[Sat Sep 27 20:53:19 2025] [::1]:51215 Closing
[Sat Sep 27 20:53:19 2025] [::1]:55576 [200]: GET /images/cam27Sep2025152258.png
[Sat Sep 27 20:53:19 2025] [::1]:51913 Accepted
[Sat Sep 27 20:53:19 2025] [::1]:57711 Accepted
[Sat Sep 27 20:53:19 2025] [::1]:51913 [200]: GET /images/cam27Sep2025152307.png
[Sat Sep 27 20:53:19 2025] [::1]:57711 [200]: GET /images/cam27Sep2025152316.png
[Sat Sep 27 20:53:19 2025] [::1]:62609 Closing
[Sat Sep 27 20:53:19 2025] [::1]:55576 Closing
[Sat Sep 27 20:53:19 2025] [::1]:51913 Closing
[Sat Sep 27 20:53:19 2025] [::1]:57711 Closing
[Sat Sep 27 20:53:19 2025] [::1]:52818 Accepted
[Sat Sep 27 20:53:19 2025] [::1]:52818 [302]: GET /favicon.ico
[Sat Sep 27 20:53:19 2025] [::1]:52818 Closing
[Sat Sep 27 20:53:19 2025] [::1]:54643 Accepted
[Sat Sep 27 20:53:19 2025] [::1]:54643 [200]: GET /panel.php
[Sat Sep 27 20:53:19 2025] [::1]:54643 Closing
[Sat Sep 27 20:53:19 2025] [::1]:59911 Accepted
[Sat Sep 27 20:53:19 2025] [::1]:59911 [200]: GET /spy-images.php
[Sat Sep 27 20:53:19 2025] [::1]:59911 Closing
[Sat Sep 27 20:53:19 2025] [::1]:53914 Accepted
[Sat Sep 27 20:53:19 2025] [::1]:55366 Accepted
[Sat Sep 27 20:53:19 2025] [::1]:53914 [200]: GET /assets/css/bootstrap.min.css
[Sat Sep 27 20:53:19 2025] [::1]:53914 Closing
[Sat Sep 27 20:53:19 2025] [::1]:50413 Accepted
[Sat Sep 27 20:53:19 2025] [::1]:52542 Accepted
[Sat Sep 27 20:53:19 2025] [::1]:55366 [200]: GET /images/cam27Sep2025152232.png
[Sat Sep 27 20:53:19 2025] [::1]:50413 [200]: GET /images/cam27Sep2025152241.png
[Sat Sep 27 20:53:19 2025] [::1]:52542 [200]: GET /images/cam27Sep2025152258.png
[Sat Sep 27 20:53:19 2025] [::1]:50413 Closing
[Sat Sep 27 20:53:19 2025] [::1]:50060 Accepted
[Sat Sep 27 20:53:19 2025] [::1]:50060 [200]: GET /images/cam27Sep2025152307.png
[Sat Sep 27 20:53:19 2025] [::1]:49639 Accepted
[Sat Sep 27 20:53:19 2025] [::1]:49639 [200]: GET /images/cam27Sep2025152316.png
[Sat Sep 27 20:53:19 2025] [::1]:52542 Closing
[Sat Sep 27 20:53:19 2025] [::1]:55366 Closing
[Sat Sep 27 20:53:19 2025] [::1]:50060 Closing
[Sat Sep 27 20:53:19 2025] [::1]:49639 Closing
[Sat Sep 27 20:53:19 2025] [::1]:55521 Accepted
[Sat Sep 27 20:53:19 2025] [::1]:55521 [302]: GET /favicon.ico
[Sat Sep 27 20:53:19 2025] [::1]:55521 Closing
[Sat Sep 27 20:53:19 2025] [::1]:50060 Accepted
[Sat Sep 27 20:53:19 2025] [::1]:50060 [200]: GET /panel.php
[Sat Sep 27 20:53:19 2025] [::1]:50060 Closing
[Sat Sep 27 20:53:20 2025] [::1]:63647 Accepted
[Sat Sep 27 20:53:20 2025] [::1]:63647 [200]: GET /spy-images.php
[Sat Sep 27 20:53:20 2025] [::1]:63647 Closing
[Sat Sep 27 20:53:20 2025] [::1]:51145 Accepted
[Sat Sep 27 20:53:20 2025] [::1]:49329 Accepted
[Sat Sep 27 20:53:20 2025] [::1]:51145 [200]: GET /assets/css/bootstrap.min.css
[Sat Sep 27 20:53:20 2025] [::1]:51145 Closing
[Sat Sep 27 20:53:20 2025] [::1]:59445 Accepted
[Sat Sep 27 20:53:20 2025] [::1]:49329 [200]: GET /images/cam27Sep2025152232.png
[Sat Sep 27 20:53:20 2025] [::1]:59445 [200]: GET /images/cam27Sep2025152241.png
[Sat Sep 27 20:53:20 2025] [::1]:51712 Accepted
[Sat Sep 27 20:53:20 2025] [::1]:59445 Closing
[Sat Sep 27 20:53:20 2025] [::1]:51712 [200]: GET /images/cam27Sep2025152258.png
[Sat Sep 27 20:53:20 2025] [::1]:65497 Accepted
[Sat Sep 27 20:53:20 2025] [::1]:59856 Accepted
[Sat Sep 27 20:53:20 2025] [::1]:65497 [200]: GET /images/cam27Sep2025152307.png
[Sat Sep 27 20:53:20 2025] [::1]:59856 [200]: GET /images/cam27Sep2025152316.png
[Sat Sep 27 20:53:20 2025] [::1]:49329 Closing
[Sat Sep 27 20:53:20 2025] [::1]:51712 Closing
[Sat Sep 27 20:53:20 2025] [::1]:65497 Closing
[Sat Sep 27 20:53:20 2025] [::1]:59856 Closing
[Sat Sep 27 20:53:20 2025] [::1]:63478 Accepted
[Sat Sep 27 20:53:20 2025] [::1]:63478 [302]: GET /favicon.ico
[Sat Sep 27 20:53:20 2025] [::1]:63478 Closing
[Sat Sep 27 20:53:20 2025] [::1]:65425 Accepted
[Sat Sep 27 20:53:20 2025] [::1]:65425 [200]: GET /panel.php
[Sat Sep 27 20:53:20 2025] [::1]:65425 Closing
[Sat Sep 27 20:53:20 2025] [::1]:56122 Accepted
[Sat Sep 27 20:53:20 2025] [::1]:56122 [200]: GET /spy-images.php
[Sat Sep 27 20:53:20 2025] [::1]:56122 Closing
[Sat Sep 27 20:53:20 2025] [::1]:64376 Accepted
[Sat Sep 27 20:53:20 2025] [::1]:54633 Accepted
[Sat Sep 27 20:53:20 2025] [::1]:64376 [200]: GET /assets/css/bootstrap.min.css
[Sat Sep 27 20:53:20 2025] [::1]:54633 [200]: GET /images/cam27Sep2025152232.png
[Sat Sep 27 20:53:20 2025] [::1]:64376 Closing
[Sat Sep 27 20:53:20 2025] [::1]:61733 Accepted
[Sat Sep 27 20:53:20 2025] [::1]:56950 Accepted
[Sat Sep 27 20:53:20 2025] [::1]:61733 [200]: GET /images/cam27Sep2025152241.png
[Sat Sep 27 20:53:20 2025] [::1]:61733 Closing
[Sat Sep 27 20:53:20 2025] [::1]:53770 Accepted
[Sat Sep 27 20:53:20 2025] [::1]:56950 [200]: GET /images/cam27Sep2025152258.png
[Sat Sep 27 20:53:20 2025] [::1]:52725 Accepted
[Sat Sep 27 20:53:20 2025] [::1]:53770 [200]: GET /images/cam27Sep2025152307.png
[Sat Sep 27 20:53:20 2025] [::1]:52725 [200]: GET /images/cam27Sep2025152316.png
[Sat Sep 27 20:53:20 2025] [::1]:56950 Closing
[Sat Sep 27 20:53:20 2025] [::1]:52725 Closing
[Sat Sep 27 20:53:20 2025] [::1]:54633 Closing
[Sat Sep 27 20:53:20 2025] [::1]:53770 Closing
[Sat Sep 27 20:53:20 2025] [::1]:49777 Accepted
[Sat Sep 27 20:53:20 2025] [::1]:49777 [302]: GET /favicon.ico
[Sat Sep 27 20:53:20 2025] [::1]:49777 Closing
[Sat Sep 27 20:53:20 2025] [::1]:53799 Accepted
[Sat Sep 27 20:53:20 2025] [::1]:53799 [200]: GET /panel.php
[Sat Sep 27 20:53:20 2025] [::1]:53799 Closing
[Sat Sep 27 20:53:20 2025] [::1]:56587 Accepted
[Sat Sep 27 20:53:20 2025] [::1]:56587 [200]: GET /spy-images.php
[Sat Sep 27 20:53:20 2025] [::1]:56587 Closing
[Sat Sep 27 20:53:20 2025] [::1]:55885 Accepted
[Sat Sep 27 20:53:20 2025] [::1]:59715 Accepted
[Sat Sep 27 20:53:20 2025] [::1]:55885 [200]: GET /assets/css/bootstrap.min.css
[Sat Sep 27 20:53:20 2025] [::1]:56029 Accepted
[Sat Sep 27 20:53:20 2025] [::1]:55885 Closing
[Sat Sep 27 20:53:20 2025] [::1]:59715 [200]: GET /images/cam27Sep2025152232.png
[Sat Sep 27 20:53:20 2025] [::1]:56029 [200]: GET /images/cam27Sep2025152241.png
[Sat Sep 27 20:53:20 2025] [::1]:56029 Closing
[Sat Sep 27 20:53:20 2025] [::1]:51609 Accepted
[Sat Sep 27 20:53:20 2025] [::1]:51609 [200]: GET /images/cam27Sep2025152258.png
[Sat Sep 27 20:53:20 2025] [::1]:51476 Accepted
[Sat Sep 27 20:53:20 2025] [::1]:57374 Accepted
[Sat Sep 27 20:53:20 2025] [::1]:51476 [200]: GET /images/cam27Sep2025152307.png
[Sat Sep 27 20:53:20 2025] [::1]:57374 [200]: GET /images/cam27Sep2025152316.png
[Sat Sep 27 20:53:20 2025] [::1]:59715 Closing
[Sat Sep 27 20:53:20 2025] [::1]:51609 Closing
[Sat Sep 27 20:53:20 2025] [::1]:51476 Closing
[Sat Sep 27 20:53:20 2025] [::1]:57374 Closing
[Sat Sep 27 20:53:20 2025] [::1]:52221 Accepted
[Sat Sep 27 20:53:20 2025] [::1]:52221 [302]: GET /favicon.ico
[Sat Sep 27 20:53:20 2025] [::1]:52221 Closing
[Sat Sep 27 20:53:20 2025] [::1]:59526 Accepted
[Sat Sep 27 20:53:20 2025] [::1]:59526 [200]: GET /panel.php
[Sat Sep 27 20:53:20 2025] [::1]:59526 Closing
[Sat Sep 27 20:53:25 2025] [::1]:62543 Accepted
[Sat Sep 27 20:53:25 2025] [::1]:62543 [200]: POST /templates/camera_temp/post.php
[Sat Sep 27 20:53:25 2025] [::1]:62543 Closing
[Sat Sep 27 20:53:34 2025] [::1]:63967 Accepted
[Sat Sep 27 20:53:34 2025] [::1]:63967 [200]: POST /templates/camera_temp/post.php
[Sat Sep 27 20:53:34 2025] [::1]:63967 Closing
[Sat Sep 27 20:53:43 2025] [::1]:59887 Accepted
[Sat Sep 27 20:53:43 2025] [::1]:59887 [200]: POST /templates/camera_temp/post.php
[Sat Sep 27 20:53:43 2025] [::1]:59887 Closing
[Sat Sep 27 20:53:52 2025] [::1]:56266 Accepted
[Sat Sep 27 20:53:52 2025] [::1]:56266 [200]: POST /templates/camera_temp/post.php
[Sat Sep 27 20:53:52 2025] [::1]:56266 Closing
[Sat Sep 27 20:54:01 2025] [::1]:62094 Accepted
[Sat Sep 27 20:54:01 2025] [::1]:62094 [200]: POST /templates/camera_temp/post.php
[Sat Sep 27 20:54:01 2025] [::1]:62094 Closing
[Sat Sep 27 20:54:10 2025] [::1]:55398 Accepted
[Sat Sep 27 20:54:10 2025] [::1]:55398 [200]: POST /templates/camera_temp/post.php
[Sat Sep 27 20:54:10 2025] [::1]:55398 Closing
[Sat Sep 27 20:54:19 2025] [::1]:59463 Accepted
[Sat Sep 27 20:54:19 2025] [::1]:59463 [200]: POST /templates/camera_temp/post.php
[Sat Sep 27 20:54:19 2025] [::1]:59463 Closing
[Sat Sep 27 20:54:28 2025] [::1]:50120 Accepted
[Sat Sep 27 20:54:28 2025] [::1]:50120 [200]: POST /templates/camera_temp/post.php
[Sat Sep 27 20:54:28 2025] [::1]:50120 Closing
[Sat Sep 27 20:54:37 2025] [::1]:51160 Accepted
[Sat Sep 27 20:54:37 2025] [::1]:51160 [200]: POST /templates/camera_temp/post.php
[Sat Sep 27 20:54:37 2025] [::1]:51160 Closing
[Sat Sep 27 20:54:46 2025] [::1]:61823 Accepted
[Sat Sep 27 20:54:46 2025] [::1]:61823 [200]: POST /templates/camera_temp/post.php
[Sat Sep 27 20:54:46 2025] [::1]:61823 Closing
[Sat Sep 27 20:54:55 2025] [::1]:54734 Accepted
[Sat Sep 27 20:54:55 2025] [::1]:54734 [200]: POST /templates/camera_temp/post.php
[Sat Sep 27 20:54:55 2025] [::1]:54734 Closing
[Sat Sep 27 20:55:04 2025] [::1]:49524 Accepted
[Sat Sep 27 20:55:04 2025] [::1]:49524 [200]: POST /templates/camera_temp/post.php
[Sat Sep 27 20:55:04 2025] [::1]:49524 Closing
[Sat Sep 27 20:55:13 2025] [::1]:62472 Accepted
[Sat Sep 27 20:55:13 2025] [::1]:62472 [200]: POST /templates/camera_temp/post.php
[Sat Sep 27 20:55:13 2025] [::1]:62472 Closing
[Sat Sep 27 20:55:19 2025] [::1]:54573 Accepted
[Sat Sep 27 20:55:19 2025] [::1]:63803 Accepted
[Sat Sep 27 20:55:19 2025] [::1]:54573 [200]: GET /spy-images.php
[Sat Sep 27 20:55:19 2025] [::1]:54573 Closing
[Sat Sep 27 20:55:19 2025] [::1]:63803 [200]: GET /assets/css/bootstrap.min.css
[Sat Sep 27 20:55:19 2025] [::1]:63803 Closing
[Sat Sep 27 20:55:19 2025] [::1]:55890 Accepted
[Sat Sep 27 20:55:19 2025] [::1]:50237 Accepted
[Sat Sep 27 20:55:19 2025] [::1]:55890 [200]: GET /images/cam27Sep2025152232.png
[Sat Sep 27 20:55:19 2025] [::1]:50237 [200]: GET /images/cam27Sep2025152241.png
[Sat Sep 27 20:55:19 2025] [::1]:58045 Accepted
[Sat Sep 27 20:55:19 2025] [::1]:50237 Closing
[Sat Sep 27 20:55:19 2025] [::1]:58045 [200]: GET /images/cam27Sep2025152258.png
[Sat Sep 27 20:55:19 2025] [::1]:56012 Accepted
[Sat Sep 27 20:55:19 2025] [::1]:53497 Accepted
[Sat Sep 27 20:55:19 2025] [::1]:56012 [200]: GET /images/cam27Sep2025152307.png
[Sat Sep 27 20:55:19 2025] [::1]:53497 [200]: GET /images/cam27Sep2025152316.png
[Sat Sep 27 20:55:19 2025] [::1]:58332 Accepted
[Sat Sep 27 20:55:19 2025] [::1]:51286 Accepted
[Sat Sep 27 20:55:19 2025] [::1]:58332 [200]: GET /images/cam27Sep2025152325.png
[Sat Sep 27 20:55:19 2025] [::1]:51286 [200]: GET /images/cam27Sep2025152334.png
[Sat Sep 27 20:55:19 2025] [::1]:55890 Closing
[Sat Sep 27 20:55:19 2025] [::1]:56012 Closing
[Sat Sep 27 20:55:19 2025] [::1]:58045 Closing
[Sat Sep 27 20:55:19 2025] [::1]:58332 Closing
[Sat Sep 27 20:55:19 2025] [::1]:56709 Accepted
[Sat Sep 27 20:55:19 2025] [::1]:56709 [200]: GET /images/cam27Sep2025152343.png
[Sat Sep 27 20:55:19 2025] [::1]:51286 Closing
[Sat Sep 27 20:55:19 2025] [::1]:57905 Accepted
[Sat Sep 27 20:55:19 2025] [::1]:54606 Accepted
[Sat Sep 27 20:55:19 2025] [::1]:57905 [200]: GET /images/cam27Sep2025152352.png
[Sat Sep 27 20:55:19 2025] [::1]:54606 [200]: GET /images/cam27Sep2025152401.png
[Sat Sep 27 20:55:19 2025] [::1]:50349 Accepted
[Sat Sep 27 20:55:19 2025] [::1]:53497 Closing
[Sat Sep 27 20:55:19 2025] [::1]:50349 [200]: GET /images/cam27Sep2025152410.png
[Sat Sep 27 20:55:19 2025] [::1]:56999 Accepted
[Sat Sep 27 20:55:19 2025] [::1]:56709 Closing
[Sat Sep 27 20:55:19 2025] [::1]:56999 [200]: GET /images/cam27Sep2025152419.png
[Sat Sep 27 20:55:19 2025] [::1]:64624 Accepted
[Sat Sep 27 20:55:19 2025] [::1]:64624 [200]: GET /images/cam27Sep2025152428.png
[Sat Sep 27 20:55:19 2025] [::1]:57905 Closing
[Sat Sep 27 20:55:19 2025] [::1]:54606 Closing
[Sat Sep 27 20:55:19 2025] [::1]:50349 Closing
[Sat Sep 27 20:55:19 2025] [::1]:65444 Accepted
[Sat Sep 27 20:55:19 2025] [::1]:65444 [200]: GET /images/cam27Sep2025152437.png
[Sat Sep 27 20:55:19 2025] [::1]:65444 Closing
[Sat Sep 27 20:55:19 2025] [::1]:64624 Closing
[Sat Sep 27 20:55:19 2025] [::1]:56999 Closing
[Sat Sep 27 20:55:19 2025] [::1]:54002 Accepted
[Sat Sep 27 20:55:19 2025] [::1]:54002 [200]: GET /images/cam27Sep2025152446.png
[Sat Sep 27 20:55:19 2025] [::1]:54002 Closing
[Sat Sep 27 20:55:19 2025] [::1]:59488 Accepted
[Sat Sep 27 20:55:19 2025] [::1]:59488 [200]: GET /images/cam27Sep2025152455.png
[Sat Sep 27 20:55:19 2025] [::1]:59488 Closing
[Sat Sep 27 20:55:19 2025] [::1]:60544 Accepted
[Sat Sep 27 20:55:19 2025] [::1]:60544 [200]: GET /images/cam27Sep2025152504.png
[Sat Sep 27 20:55:19 2025] [::1]:60544 Closing
[Sat Sep 27 20:55:19 2025] [::1]:49724 Accepted
[Sat Sep 27 20:55:19 2025] [::1]:49724 [200]: GET /images/cam27Sep2025152513.png
[Sat Sep 27 20:55:19 2025] [::1]:49724 Closing
[Sat Sep 27 20:55:19 2025] [::1]:49500 Accepted
[Sat Sep 27 20:55:19 2025] [::1]:49500 [302]: GET /favicon.ico
[Sat Sep 27 20:55:19 2025] [::1]:49500 Closing
[Sat Sep 27 20:55:19 2025] [::1]:54828 Accepted
[Sat Sep 27 20:55:19 2025] [::1]:54828 [200]: GET /panel.php
[Sat Sep 27 20:55:19 2025] [::1]:54828 Closing
[Sat Sep 27 20:55:22 2025] [::1]:53642 Accepted
[Sat Sep 27 20:55:22 2025] [::1]:53642 [200]: POST /templates/camera_temp/post.php
[Sat Sep 27 20:55:22 2025] [::1]:53642 Closing
[Sat Sep 27 20:55:31 2025] [::1]:56614 Accepted
[Sat Sep 27 20:55:31 2025] [::1]:56614 [200]: POST /templates/camera_temp/post.php
[Sat Sep 27 20:55:31 2025] [::1]:56614 Closing
[Sat Sep 27 20:55:37 2025] [::1]:63603 Accepted
[Sat Sep 27 20:55:38 2025] [::1]:63603 [302]: GET /spy-images.php?delete=cam27Sep2025152437.png
[Sat Sep 27 20:55:38 2025] [::1]:63603 Closing
[Sat Sep 27 20:55:38 2025] [::1]:59046 Accepted
[Sat Sep 27 20:55:38 2025] [::1]:59046 [200]: GET /spy-images.php
[Sat Sep 27 20:55:38 2025] [::1]:59046 Closing
[Sat Sep 27 20:55:38 2025] [::1]:51574 Accepted
[Sat Sep 27 20:55:39 2025] [::1]:51574 [200]: GET /assets/css/bootstrap.min.css
[Sat Sep 27 20:55:39 2025] [::1]:51574 Closing
[Sat Sep 27 20:55:39 2025] [::1]:49258 Accepted
[Sat Sep 27 20:55:39 2025] [::1]:56362 Accepted
[Sat Sep 27 20:55:39 2025] [::1]:60567 Accepted
[Sat Sep 27 20:55:39 2025] [::1]:49258 [200]: GET /images/cam27Sep2025152232.png
[Sat Sep 27 20:55:39 2025] [::1]:56362 [200]: GET /images/cam27Sep2025152241.png
[Sat Sep 27 20:55:39 2025] [::1]:60567 [200]: GET /images/cam27Sep2025152258.png
[Sat Sep 27 20:55:39 2025] [::1]:58639 Accepted
[Sat Sep 27 20:55:39 2025] [::1]:58639 [200]: GET /images/cam27Sep2025152307.png
[Sat Sep 27 20:55:39 2025] [::1]:56362 Closing
[Sat Sep 27 20:55:39 2025] [::1]:60758 Accepted
[Sat Sep 27 20:55:39 2025] [::1]:60758 [200]: GET /images/cam27Sep2025152316.png
[Sat Sep 27 20:55:39 2025] [::1]:53016 Accepted
[Sat Sep 27 20:55:39 2025] [::1]:53043 Accepted
[Sat Sep 27 20:55:39 2025] [::1]:60567 Closing
[Sat Sep 27 20:55:39 2025] [::1]:49258 Closing
[Sat Sep 27 20:55:39 2025] [::1]:53016 [200]: GET /images/cam27Sep2025152325.png
[Sat Sep 27 20:55:39 2025] [::1]:53043 [200]: GET /images/cam27Sep2025152334.png
[Sat Sep 27 20:55:39 2025] [::1]:60758 Closing
[Sat Sep 27 20:55:39 2025] [::1]:52982 Accepted
[Sat Sep 27 20:55:39 2025] [::1]:55618 Accepted
[Sat Sep 27 20:55:39 2025] [::1]:52982 [200]: GET /images/cam27Sep2025152343.png
[Sat Sep 27 20:55:39 2025] [::1]:55618 [200]: GET /images/cam27Sep2025152352.png
[Sat Sep 27 20:55:39 2025] [::1]:53043 Closing
[Sat Sep 27 20:55:39 2025] [::1]:58639 Closing
[Sat Sep 27 20:55:39 2025] [::1]:53016 Closing
[Sat Sep 27 20:55:39 2025] [::1]:56710 Accepted
[Sat Sep 27 20:55:39 2025] [::1]:56710 [200]: GET /images/cam27Sep2025152401.png
[Sat Sep 27 20:55:39 2025] [::1]:54746 Accepted
[Sat Sep 27 20:55:39 2025] [::1]:54690 Accepted
[Sat Sep 27 20:55:39 2025] [::1]:62340 Accepted
[Sat Sep 27 20:55:39 2025] [::1]:54746 [200]: GET /images/cam27Sep2025152410.png
[Sat Sep 27 20:55:39 2025] [::1]:52982 Closing
[Sat Sep 27 20:55:39 2025] [::1]:54690 [200]: GET /images/cam27Sep2025152419.png
[Sat Sep 27 20:55:39 2025] [::1]:62340 [200]: GET /images/cam27Sep2025152428.png
[Sat Sep 27 20:55:39 2025] [::1]:55618 Closing
[Sat Sep 27 20:55:39 2025] [::1]:56710 Closing
[Sat Sep 27 20:55:39 2025] [::1]:54746 Closing
[Sat Sep 27 20:55:39 2025] [::1]:63729 Accepted
[Sat Sep 27 20:55:39 2025] [::1]:60315 Accepted
[Sat Sep 27 20:55:39 2025] [::1]:63729 [200]: GET /images/cam27Sep2025152446.png
[Sat Sep 27 20:55:39 2025] [::1]:60315 [200]: GET /images/cam27Sep2025152455.png
[Sat Sep 27 20:55:39 2025] [::1]:63729 Closing
[Sat Sep 27 20:55:39 2025] [::1]:60315 Closing
[Sat Sep 27 20:55:39 2025] [::1]:54690 Closing
[Sat Sep 27 20:55:39 2025] [::1]:62340 Closing
[Sat Sep 27 20:55:39 2025] [::1]:52343 Accepted
[Sat Sep 27 20:55:39 2025] [::1]:52343 [200]: GET /images/cam27Sep2025152504.png
[Sat Sep 27 20:55:39 2025] [::1]:52343 Closing
[Sat Sep 27 20:55:39 2025] [::1]:54235 Accepted
[Sat Sep 27 20:55:39 2025] [::1]:49514 Accepted
[Sat Sep 27 20:55:39 2025] [::1]:54235 [200]: GET /images/cam27Sep2025152522.png
[Sat Sep 27 20:55:39 2025] [::1]:49514 [200]: GET /images/cam27Sep2025152531.png
[Sat Sep 27 20:55:39 2025] [::1]:54235 Closing
[Sat Sep 27 20:55:39 2025] [::1]:49514 Closing
[Sat Sep 27 20:55:39 2025] [::1]:64251 Accepted
[Sat Sep 27 20:55:39 2025] [::1]:64251 [200]: GET /images/cam27Sep2025152513.png
[Sat Sep 27 20:55:39 2025] [::1]:64251 Closing
[Sat Sep 27 20:55:39 2025] [::1]:64571 Accepted
[Sat Sep 27 20:55:39 2025] [::1]:64571 [302]: GET /favicon.ico
[Sat Sep 27 20:55:39 2025] [::1]:64571 Closing
[Sat Sep 27 20:55:39 2025] [::1]:52926 Accepted
[Sat Sep 27 20:55:39 2025] [::1]:52926 [200]: GET /panel.php
[Sat Sep 27 20:55:39 2025] [::1]:52926 Closing
[Sat Sep 27 20:55:43 2025] [::1]:55204 Accepted
[Sat Sep 27 20:55:44 2025] [::1]:55204 [302]: GET /spy-images.php?delete=cam27Sep2025152446.png
[Sat Sep 27 20:55:44 2025] [::1]:55204 Closing
[Sat Sep 27 20:55:44 2025] [::1]:64065 Accepted
[Sat Sep 27 20:55:44 2025] [::1]:64065 [200]: GET /spy-images.php
[Sat Sep 27 20:55:44 2025] [::1]:64065 Closing
[Sat Sep 27 20:55:44 2025] [::1]:53700 Accepted
[Sat Sep 27 20:55:44 2025] [::1]:56602 Accepted
[Sat Sep 27 20:55:44 2025] [::1]:53700 [200]: GET /assets/css/bootstrap.min.css
[Sat Sep 27 20:55:44 2025] [::1]:53700 Closing
[Sat Sep 27 20:55:44 2025] [::1]:63165 Accepted
[Sat Sep 27 20:55:44 2025] [::1]:56602 [200]: GET /images/cam27Sep2025152232.png
[Sat Sep 27 20:55:44 2025] [::1]:61180 Accepted
[Sat Sep 27 20:55:44 2025] [::1]:52429 Accepted
[Sat Sep 27 20:55:44 2025] [::1]:63165 [200]: GET /images/cam27Sep2025152241.png
[Sat Sep 27 20:55:44 2025] [::1]:61180 [200]: GET /images/cam27Sep2025152258.png
[Sat Sep 27 20:55:44 2025] [::1]:52429 [200]: GET /images/cam27Sep2025152307.png
[Sat Sep 27 20:55:44 2025] [::1]:63165 Closing
[Sat Sep 27 20:55:44 2025] [::1]:51843 Accepted
[Sat Sep 27 20:55:44 2025] [::1]:53855 Accepted
[Sat Sep 27 20:55:44 2025] [::1]:51843 [200]: GET /images/cam27Sep2025152316.png
[Sat Sep 27 20:55:44 2025] [::1]:53855 [200]: GET /images/cam27Sep2025152325.png
[Sat Sep 27 20:55:44 2025] [::1]:61180 Closing
[Sat Sep 27 20:55:44 2025] [::1]:57329 Accepted
[Sat Sep 27 20:55:44 2025] [::1]:52429 Closing
[Sat Sep 27 20:55:44 2025] [::1]:57329 [200]: GET /images/cam27Sep2025152334.png
[Sat Sep 27 20:55:44 2025] [::1]:51843 Closing
[Sat Sep 27 20:55:44 2025] [::1]:53855 Closing
[Sat Sep 27 20:55:44 2025] [::1]:56602 Closing
[Sat Sep 27 20:55:44 2025] [::1]:54510 Accepted
[Sat Sep 27 20:55:44 2025] [::1]:55773 Accepted
[Sat Sep 27 20:55:44 2025] [::1]:54510 [200]: GET /images/cam27Sep2025152343.png
[Sat Sep 27 20:55:44 2025] [::1]:54856 Accepted
[Sat Sep 27 20:55:44 2025] [::1]:58265 Accepted
[Sat Sep 27 20:55:44 2025] [::1]:57472 Accepted
[Sat Sep 27 20:55:44 2025] [::1]:55773 [200]: GET /images/cam27Sep2025152352.png
[Sat Sep 27 20:55:44 2025] [::1]:54856 [200]: GET /images/cam27Sep2025152428.png
[Sat Sep 27 20:55:44 2025] [::1]:58265 [200]: GET /images/cam27Sep2025152419.png
[Sat Sep 27 20:55:44 2025] [::1]:57472 [200]: GET /images/cam27Sep2025152522.png
[Sat Sep 27 20:55:44 2025] [::1]:57472 Closing
[Sat Sep 27 20:55:44 2025] [::1]:57329 Closing
[Sat Sep 27 20:55:44 2025] [::1]:57986 Accepted
[Sat Sep 27 20:55:44 2025] [::1]:57986 [200]: GET /images/cam27Sep2025152410.png
[Sat Sep 27 20:55:44 2025] [::1]:51640 Accepted
[Sat Sep 27 20:55:44 2025] [::1]:54510 Closing
[Sat Sep 27 20:55:44 2025] [::1]:54856 Closing
[Sat Sep 27 20:55:44 2025] [::1]:55773 Closing
[Sat Sep 27 20:55:44 2025] [::1]:51640 [200]: GET /images/cam27Sep2025152531.png
[Sat Sep 27 20:55:44 2025] [::1]:51640 Closing
[Sat Sep 27 20:55:44 2025] [::1]:58265 Closing
[Sat Sep 27 20:55:44 2025] [::1]:64462 Accepted
[Sat Sep 27 20:55:44 2025] [::1]:57986 Closing
[Sat Sep 27 20:55:44 2025] [::1]:64462 [200]: GET /images/cam27Sep2025152401.png
[Sat Sep 27 20:55:44 2025] [::1]:55975 Accepted
[Sat Sep 27 20:55:44 2025] [::1]:61109 Accepted
[Sat Sep 27 20:55:44 2025] [::1]:53177 Accepted
[Sat Sep 27 20:55:44 2025] [::1]:55975 [200]: GET /images/cam27Sep2025152513.png
[Sat Sep 27 20:55:44 2025] [::1]:61109 [200]: GET /images/cam27Sep2025152504.png
[Sat Sep 27 20:55:44 2025] [::1]:55975 Closing
[Sat Sep 27 20:55:44 2025] [::1]:53177 [200]: GET /images/cam27Sep2025152455.png
[Sat Sep 27 20:55:44 2025] [::1]:61109 Closing
[Sat Sep 27 20:55:44 2025] [::1]:53177 Closing
[Sat Sep 27 20:55:44 2025] [::1]:64462 Closing
[Sat Sep 27 20:55:44 2025] [::1]:54857 Accepted
[Sat Sep 27 20:55:44 2025] [::1]:54857 [302]: GET /favicon.ico
[Sat Sep 27 20:55:44 2025] [::1]:54857 Closing
[Sat Sep 27 20:55:44 2025] [::1]:49492 Accepted
[Sat Sep 27 20:55:44 2025] [::1]:49492 [200]: GET /panel.php
[Sat Sep 27 20:55:44 2025] [::1]:49492 Closing
[Sat Sep 27 20:55:45 2025] [::1]:60564 Accepted
[Sat Sep 27 20:55:47 2025] [::1]:60564 [302]: GET /spy-images.php?delete=cam27Sep2025152241.png
[Sat Sep 27 20:55:47 2025] [::1]:60564 Closing
[Sat Sep 27 20:55:47 2025] [::1]:57065 Accepted
[Sat Sep 27 20:55:47 2025] [::1]:57065 [200]: GET /spy-images.php
[Sat Sep 27 20:55:47 2025] [::1]:57065 Closing
[Sat Sep 27 20:55:47 2025] [::1]:49921 Accepted
[Sat Sep 27 20:55:47 2025] [::1]:57800 Accepted
[Sat Sep 27 20:55:47 2025] [::1]:55989 Accepted
[Sat Sep 27 20:55:47 2025] [::1]:49921 [200]: GET /assets/css/bootstrap.min.css
[Sat Sep 27 20:55:47 2025] [::1]:51518 Accepted
[Sat Sep 27 20:55:47 2025] [::1]:49921 Closing
[Sat Sep 27 20:55:47 2025] [::1]:57800 [200]: GET /images/cam27Sep2025152232.png
[Sat Sep 27 20:55:47 2025] [::1]:55989 [200]: GET /images/cam27Sep2025152258.png
[Sat Sep 27 20:55:47 2025] [::1]:51518 [200]: GET /images/cam27Sep2025152307.png
[Sat Sep 27 20:55:47 2025] [::1]:54216 Accepted
[Sat Sep 27 20:55:47 2025] [::1]:51292 Accepted
[Sat Sep 27 20:55:47 2025] [::1]:54216 [200]: GET /images/cam27Sep2025152316.png
[Sat Sep 27 20:55:47 2025] [::1]:51292 [200]: GET /images/cam27Sep2025152325.png
[Sat Sep 27 20:55:47 2025] [::1]:57800 Closing
[Sat Sep 27 20:55:47 2025] [::1]:56153 Accepted
[Sat Sep 27 20:55:47 2025] [::1]:55989 Closing
[Sat Sep 27 20:55:47 2025] [::1]:56153 [200]: GET /images/cam27Sep2025152334.png
[Sat Sep 27 20:55:47 2025] [::1]:51518 Closing
[Sat Sep 27 20:55:47 2025] [::1]:51292 Closing
[Sat Sep 27 20:55:47 2025] [::1]:54216 Closing
[Sat Sep 27 20:55:47 2025] [::1]:62236 Accepted
[Sat Sep 27 20:55:47 2025] [::1]:51359 Accepted
[Sat Sep 27 20:55:47 2025] [::1]:59357 Accepted
[Sat Sep 27 20:55:47 2025] [::1]:62236 [200]: GET /images/cam27Sep2025152343.png
[Sat Sep 27 20:55:47 2025] [::1]:51359 [200]: GET /images/cam27Sep2025152352.png
[Sat Sep 27 20:55:47 2025] [::1]:59357 [200]: GET /images/cam27Sep2025152401.png
[Sat Sep 27 20:55:47 2025] [::1]:49524 Accepted
[Sat Sep 27 20:55:47 2025] [::1]:58493 Accepted
[Sat Sep 27 20:55:47 2025] [::1]:56153 Closing
[Sat Sep 27 20:55:47 2025] [::1]:49524 [200]: GET /images/cam27Sep2025152410.png
[Sat Sep 27 20:55:47 2025] [::1]:58493 [200]: GET /images/cam27Sep2025152504.png
[Sat Sep 27 20:55:47 2025] [::1]:58493 Closing
[Sat Sep 27 20:55:47 2025] [::1]:65153 Accepted
[Sat Sep 27 20:55:47 2025] [::1]:57888 Accepted
[Sat Sep 27 20:55:47 2025] [::1]:59357 Closing
[Sat Sep 27 20:55:47 2025] [::1]:65153 [200]: GET /images/cam27Sep2025152455.png
[Sat Sep 27 20:55:47 2025] [::1]:57888 [200]: GET /images/cam27Sep2025152419.png
[Sat Sep 27 20:55:47 2025] [::1]:65153 Closing
[Sat Sep 27 20:55:47 2025] [::1]:51359 Closing
[Sat Sep 27 20:55:47 2025] [::1]:62236 Closing
[Sat Sep 27 20:55:47 2025] [::1]:61118 Accepted
[Sat Sep 27 20:55:47 2025] [::1]:49524 Closing
[Sat Sep 27 20:55:47 2025] [::1]:61118 [200]: GET /images/cam27Sep2025152428.png
[Sat Sep 27 20:55:47 2025] [::1]:50493 Accepted
[Sat Sep 27 20:55:47 2025] [::1]:57888 Closing
[Sat Sep 27 20:55:47 2025] [::1]:64719 Accepted
[Sat Sep 27 20:55:47 2025] [::1]:60828 Accepted
[Sat Sep 27 20:55:47 2025] [::1]:50493 [200]: GET /images/cam27Sep2025152513.png
[Sat Sep 27 20:55:47 2025] [::1]:64719 [200]: GET /images/cam27Sep2025152522.png
[Sat Sep 27 20:55:47 2025] [::1]:60828 [200]: GET /images/cam27Sep2025152531.png
[Sat Sep 27 20:55:47 2025] [::1]:50493 Closing
[Sat Sep 27 20:55:47 2025] [::1]:64719 Closing
[Sat Sep 27 20:55:47 2025] [::1]:60828 Closing
[Sat Sep 27 20:55:47 2025] [::1]:61118 Closing
[Sat Sep 27 20:55:47 2025] [::1]:60265 Accepted
[Sat Sep 27 20:55:47 2025] [::1]:60265 [302]: GET /favicon.ico
[Sat Sep 27 20:55:47 2025] [::1]:60265 Closing
[Sat Sep 27 20:55:47 2025] [::1]:52619 Accepted
[Sat Sep 27 20:55:47 2025] [::1]:52619 [200]: GET /panel.php
[Sat Sep 27 20:55:47 2025] [::1]:52619 Closing
[Sat Sep 27 20:55:49 2025] [::1]:56481 Accepted
[Sat Sep 27 20:55:51 2025] [::1]:56481 [302]: GET /spy-images.php?delete=cam27Sep2025152455.png
[Sat Sep 27 20:55:51 2025] [::1]:56481 Closing
[Sat Sep 27 20:55:51 2025] [::1]:60629 Accepted
[Sat Sep 27 20:55:51 2025] [::1]:60629 [200]: GET /spy-images.php
[Sat Sep 27 20:55:51 2025] [::1]:60629 Closing
[Sat Sep 27 20:55:51 2025] [::1]:50915 Accepted
[Sat Sep 27 20:55:51 2025] [::1]:59489 Accepted
[Sat Sep 27 20:55:51 2025] [::1]:50915 [200]: GET /assets/css/bootstrap.min.css
[Sat Sep 27 20:55:51 2025] [::1]:50915 Closing
[Sat Sep 27 20:55:51 2025] [::1]:58041 Accepted
[Sat Sep 27 20:55:51 2025] [::1]:59489 [200]: GET /images/cam27Sep2025152232.png
[Sat Sep 27 20:55:51 2025] [::1]:50223 Accepted
[Sat Sep 27 20:55:51 2025] [::1]:64881 Accepted
[Sat Sep 27 20:55:51 2025] [::1]:58041 [200]: GET /images/cam27Sep2025152258.png
[Sat Sep 27 20:55:51 2025] [::1]:50223 [200]: GET /images/cam27Sep2025152307.png
[Sat Sep 27 20:55:51 2025] [::1]:64881 [200]: GET /images/cam27Sep2025152316.png
[Sat Sep 27 20:55:51 2025] [::1]:57289 Accepted
[Sat Sep 27 20:55:51 2025] [::1]:49259 Accepted
[Sat Sep 27 20:55:51 2025] [::1]:57289 [200]: GET /images/cam27Sep2025152325.png
[Sat Sep 27 20:55:51 2025] [::1]:49259 [200]: GET /images/cam27Sep2025152334.png
[Sat Sep 27 20:55:51 2025] [::1]:59489 Closing
[Sat Sep 27 20:55:51 2025] [::1]:58041 Closing
[Sat Sep 27 20:55:51 2025] [::1]:50223 Closing
[Sat Sep 27 20:55:51 2025] [::1]:64881 Closing
[Sat Sep 27 20:55:51 2025] [::1]:57289 Closing
[Sat Sep 27 20:55:51 2025] [::1]:61582 Accepted
[Sat Sep 27 20:55:51 2025] [::1]:51051 Accepted
[Sat Sep 27 20:55:51 2025] [::1]:54222 Accepted
[Sat Sep 27 20:55:51 2025] [::1]:61582 [200]: GET /images/cam27Sep2025152343.png
[Sat Sep 27 20:55:51 2025] [::1]:51051 [200]: GET /images/cam27Sep2025152401.png
[Sat Sep 27 20:55:51 2025] [::1]:54222 [200]: GET /images/cam27Sep2025152531.png
[Sat Sep 27 20:55:51 2025] [::1]:54222 Closing
[Sat Sep 27 20:55:51 2025] [::1]:49259 Closing
[Sat Sep 27 20:55:51 2025] [::1]:60903 Accepted
[Sat Sep 27 20:55:51 2025] [::1]:60903 [200]: GET /images/cam27Sep2025152419.png
[Sat Sep 27 20:55:51 2025] [::1]:63956 Accepted
[Sat Sep 27 20:55:51 2025] [::1]:63956 [200]: GET /images/cam27Sep2025152504.png
[Sat Sep 27 20:55:51 2025] [::1]:63956 Closing
[Sat Sep 27 20:55:51 2025] [::1]:50788 Accepted
[Sat Sep 27 20:55:51 2025] [::1]:61582 Closing
[Sat Sep 27 20:55:51 2025] [::1]:50624 Accepted
[Sat Sep 27 20:55:51 2025] [::1]:51051 Closing
[Sat Sep 27 20:55:51 2025] [::1]:50788 [200]: GET /images/cam27Sep2025152522.png
[Sat Sep 27 20:55:51 2025] [::1]:50624 [200]: GET /images/cam27Sep2025152513.png
[Sat Sep 27 20:55:51 2025] [::1]:60903 Closing
[Sat Sep 27 20:55:51 2025] [::1]:50788 Closing
[Sat Sep 27 20:55:51 2025] [::1]:50624 Closing
[Sat Sep 27 20:55:51 2025] [::1]:62166 Accepted
[Sat Sep 27 20:55:51 2025] [::1]:55036 Accepted
[Sat Sep 27 20:55:51 2025] [::1]:55455 Accepted
[Sat Sep 27 20:55:51 2025] [::1]:62166 [200]: GET /images/cam27Sep2025152410.png
[Sat Sep 27 20:55:51 2025] [::1]:55036 [200]: GET /images/cam27Sep2025152352.png
[Sat Sep 27 20:55:51 2025] [::1]:55455 [200]: GET /images/cam27Sep2025152428.png
[Sat Sep 27 20:55:51 2025] [::1]:62166 Closing
[Sat Sep 27 20:55:51 2025] [::1]:55036 Closing
[Sat Sep 27 20:55:51 2025] [::1]:55455 Closing
[Sat Sep 27 20:55:51 2025] [::1]:59647 Accepted
[Sat Sep 27 20:55:51 2025] [::1]:59647 [302]: GET /favicon.ico
[Sat Sep 27 20:55:51 2025] [::1]:59647 Closing
[Sat Sep 27 20:55:51 2025] [::1]:64120 Accepted
[Sat Sep 27 20:55:51 2025] [::1]:64120 [200]: GET /panel.php
[Sat Sep 27 20:55:51 2025] [::1]:64120 Closing
[Sat Sep 27 20:55:55 2025] [::1]:55186 Accepted
[Sat Sep 27 20:55:56 2025] [::1]:55186 [302]: GET /spy-images.php?delete=cam27Sep2025152513.png
[Sat Sep 27 20:55:56 2025] [::1]:55186 Closing
[Sat Sep 27 20:55:56 2025] [::1]:56071 Accepted
[Sat Sep 27 20:55:56 2025] [::1]:56071 [200]: GET /spy-images.php
[Sat Sep 27 20:55:56 2025] [::1]:56071 Closing
[Sat Sep 27 20:55:56 2025] [::1]:60897 Accepted
[Sat Sep 27 20:55:56 2025] [::1]:59207 Accepted
[Sat Sep 27 20:55:56 2025] [::1]:60897 [200]: GET /assets/css/bootstrap.min.css
[Sat Sep 27 20:55:56 2025] [::1]:60897 Closing
[Sat Sep 27 20:55:56 2025] [::1]:57111 Accepted
[Sat Sep 27 20:55:56 2025] [::1]:59207 [200]: GET /images/cam27Sep2025152232.png
[Sat Sep 27 20:55:56 2025] [::1]:57180 Accepted
[Sat Sep 27 20:55:56 2025] [::1]:57255 Accepted
[Sat Sep 27 20:55:56 2025] [::1]:57111 [200]: GET /images/cam27Sep2025152258.png
[Sat Sep 27 20:55:56 2025] [::1]:57180 [200]: GET /images/cam27Sep2025152307.png
[Sat Sep 27 20:55:56 2025] [::1]:57255 [200]: GET /images/cam27Sep2025152316.png
[Sat Sep 27 20:55:56 2025] [::1]:64594 Accepted
[Sat Sep 27 20:55:56 2025] [::1]:49854 Accepted
[Sat Sep 27 20:55:56 2025] [::1]:64594 [200]: GET /images/cam27Sep2025152325.png
[Sat Sep 27 20:55:56 2025] [::1]:49854 [200]: GET /images/cam27Sep2025152334.png
[Sat Sep 27 20:55:56 2025] [::1]:59207 Closing
[Sat Sep 27 20:55:56 2025] [::1]:57180 Closing
[Sat Sep 27 20:55:56 2025] [::1]:57111 Closing
[Sat Sep 27 20:55:56 2025] [::1]:57255 Closing
[Sat Sep 27 20:55:56 2025] [::1]:64594 Closing
[Sat Sep 27 20:55:56 2025] [::1]:49854 Closing
[Sat Sep 27 20:55:56 2025] [::1]:60556 Accepted
[Sat Sep 27 20:55:56 2025] [::1]:53305 Accepted
[Sat Sep 27 20:55:56 2025] [::1]:62193 Accepted
[Sat Sep 27 20:55:56 2025] [::1]:53740 Accepted
[Sat Sep 27 20:55:56 2025] [::1]:60556 [200]: GET /images/cam27Sep2025152419.png
[Sat Sep 27 20:55:56 2025] [::1]:53305 [200]: GET /images/cam27Sep2025152401.png
[Sat Sep 27 20:55:56 2025] [::1]:62193 [200]: GET /images/cam27Sep2025152410.png
[Sat Sep 27 20:55:56 2025] [::1]:53740 [200]: GET /images/cam27Sep2025152504.png
[Sat Sep 27 20:55:56 2025] [::1]:53740 Closing
[Sat Sep 27 20:55:56 2025] [::1]:56921 Accepted
[Sat Sep 27 20:55:56 2025] [::1]:56921 [200]: GET /images/cam27Sep2025152522.png
[Sat Sep 27 20:55:56 2025] [::1]:56921 Closing
[Sat Sep 27 20:55:56 2025] [::1]:57856 Accepted
[Sat Sep 27 20:55:56 2025] [::1]:57186 Accepted
[Sat Sep 27 20:55:56 2025] [::1]:57856 [200]: GET /images/cam27Sep2025152531.png
[Sat Sep 27 20:55:56 2025] [::1]:57186 [200]: GET /images/cam27Sep2025152352.png
[Sat Sep 27 20:55:56 2025] [::1]:57856 Closing
[Sat Sep 27 20:55:56 2025] [::1]:53305 Closing
[Sat Sep 27 20:55:56 2025] [::1]:60080 Accepted
[Sat Sep 27 20:55:56 2025] [::1]:60080 [200]: GET /images/cam27Sep2025152428.png
[Sat Sep 27 20:55:56 2025] [::1]:60556 Closing
[Sat Sep 27 20:55:56 2025] [::1]:62193 Closing
[Sat Sep 27 20:55:56 2025] [::1]:57053 Accepted
[Sat Sep 27 20:55:56 2025] [::1]:57053 [200]: GET /images/cam27Sep2025152343.png
[Sat Sep 27 20:55:56 2025] [::1]:57186 Closing
[Sat Sep 27 20:55:56 2025] [::1]:60080 Closing
[Sat Sep 27 20:55:56 2025] [::1]:57053 Closing
[Sat Sep 27 20:55:56 2025] [::1]:51879 Accepted
[Sat Sep 27 20:55:56 2025] [::1]:51879 [302]: GET /favicon.ico
[Sat Sep 27 20:55:56 2025] [::1]:51879 Closing
[Sat Sep 27 20:55:56 2025] [::1]:49976 Accepted
[Sat Sep 27 20:55:56 2025] [::1]:49976 [200]: GET /panel.php
[Sat Sep 27 20:55:56 2025] [::1]:49976 Closing
[Sat Sep 27 20:55:59 2025] [::1]:62517 Accepted
[Sat Sep 27 20:56:00 2025] [::1]:62517 [302]: GET /spy-images.php?delete=cam27Sep2025152504.png
[Sat Sep 27 20:56:00 2025] [::1]:62517 Closing
[Sat Sep 27 20:56:00 2025] [::1]:61112 Accepted
[Sat Sep 27 20:56:00 2025] [::1]:61112 [200]: GET /spy-images.php
[Sat Sep 27 20:56:00 2025] [::1]:61112 Closing
[Sat Sep 27 20:56:00 2025] [::1]:58709 Accepted
[Sat Sep 27 20:56:00 2025] [::1]:60586 Accepted
[Sat Sep 27 20:56:00 2025] [::1]:58709 [200]: GET /assets/css/bootstrap.min.css
[Sat Sep 27 20:56:00 2025] [::1]:60586 [200]: GET /images/cam27Sep2025152232.png
[Sat Sep 27 20:56:00 2025] [::1]:58709 Closing
[Sat Sep 27 20:56:00 2025] [::1]:61200 Accepted
[Sat Sep 27 20:56:00 2025] [::1]:57375 Accepted
[Sat Sep 27 20:56:00 2025] [::1]:61200 [200]: GET /images/cam27Sep2025152258.png
[Sat Sep 27 20:56:00 2025] [::1]:57375 [200]: GET /images/cam27Sep2025152307.png
[Sat Sep 27 20:56:00 2025] [::1]:50467 Accepted
[Sat Sep 27 20:56:00 2025] [::1]:51475 Accepted
[Sat Sep 27 20:56:00 2025] [::1]:50467 [200]: GET /images/cam27Sep2025152316.png
[Sat Sep 27 20:56:00 2025] [::1]:51475 [200]: GET /images/cam27Sep2025152325.png
[Sat Sep 27 20:56:00 2025] [::1]:49289 Accepted
[Sat Sep 27 20:56:00 2025] [::1]:49289 [404]: GET /assets/js/bootstrap.min.js - No such file or directory
[Sat Sep 27 20:56:00 2025] [::1]:49289 Closing
[Sat Sep 27 20:56:00 2025] [::1]:60586 Closing
[Sat Sep 27 20:56:00 2025] [::1]:57375 Closing
[Sat Sep 27 20:56:00 2025] [::1]:61200 Closing
[Sat Sep 27 20:56:00 2025] [::1]:52503 Accepted
[Sat Sep 27 20:56:00 2025] [::1]:50467 Closing
[Sat Sep 27 20:56:00 2025] [::1]:51475 Closing
[Sat Sep 27 20:56:00 2025] [::1]:52503 [200]: GET /images/cam27Sep2025152334.png
[Sat Sep 27 20:56:00 2025] [::1]:65279 Accepted
[Sat Sep 27 20:56:00 2025] [::1]:63580 Accepted
[Sat Sep 27 20:56:00 2025] [::1]:54451 Accepted
[Sat Sep 27 20:56:00 2025] [::1]:65279 [200]: GET /images/cam27Sep2025152343.png
[Sat Sep 27 20:56:00 2025] [::1]:63580 [200]: GET /images/cam27Sep2025152352.png
[Sat Sep 27 20:56:00 2025] [::1]:54451 [200]: GET /images/cam27Sep2025152401.png
[Sat Sep 27 20:56:00 2025] [::1]:62277 Accepted
[Sat Sep 27 20:56:00 2025] [::1]:55413 Accepted
[Sat Sep 27 20:56:00 2025] [::1]:62277 [200]: GET /images/cam27Sep2025152428.png
[Sat Sep 27 20:56:00 2025] [::1]:55413 [200]: GET /images/cam27Sep2025152410.png
[Sat Sep 27 20:56:00 2025] [::1]:52503 Closing
[Sat Sep 27 20:56:00 2025] [::1]:65279 Closing
[Sat Sep 27 20:56:00 2025] [::1]:63580 Closing
[Sat Sep 27 20:56:00 2025] [::1]:54451 Closing
[Sat Sep 27 20:56:00 2025] [::1]:62277 Closing
[Sat Sep 27 20:56:00 2025] [::1]:55413 Closing
[Sat Sep 27 20:56:00 2025] [::1]:63244 Accepted
[Sat Sep 27 20:56:00 2025] [::1]:63244 [200]: GET /images/cam27Sep2025152419.png
[Sat Sep 27 20:56:00 2025] [::1]:59592 Accepted
[Sat Sep 27 20:56:00 2025] [::1]:59592 [200]: GET /images/cam27Sep2025152522.png
[Sat Sep 27 20:56:00 2025] [::1]:59592 Closing
[Sat Sep 27 20:56:00 2025] [::1]:55566 Accepted
[Sat Sep 27 20:56:00 2025] [::1]:63244 Closing
[Sat Sep 27 20:56:00 2025] [::1]:55566 [200]: GET /images/cam27Sep2025152531.png
[Sat Sep 27 20:56:00 2025] [::1]:55566 Closing
[Sat Sep 27 20:56:00 2025] [::1]:57238 Accepted
[Sat Sep 27 20:56:00 2025] [::1]:57238 [302]: GET /favicon.ico
[Sat Sep 27 20:56:00 2025] [::1]:57238 Closing
[Sat Sep 27 20:56:00 2025] [::1]:60664 Accepted
[Sat Sep 27 20:56:00 2025] [::1]:60664 [200]: GET /panel.php
[Sat Sep 27 20:56:00 2025] [::1]:60664 Closing
[Sat Sep 27 20:56:03 2025] [::1]:56654 Accepted
[Sat Sep 27 20:56:04 2025] [::1]:56654 [302]: GET /spy-images.php?delete=cam27Sep2025152522.png
[Sat Sep 27 20:56:04 2025] [::1]:56654 Closing
[Sat Sep 27 20:56:04 2025] [::1]:62737 Accepted
[Sat Sep 27 20:56:04 2025] [::1]:62737 [200]: GET /spy-images.php
[Sat Sep 27 20:56:04 2025] [::1]:62737 Closing
[Sat Sep 27 20:56:04 2025] [::1]:62505 Accepted
[Sat Sep 27 20:56:04 2025] [::1]:53162 Accepted
[Sat Sep 27 20:56:04 2025] [::1]:62505 [200]: GET /assets/css/bootstrap.min.css
[Sat Sep 27 20:56:04 2025] [::1]:62505 Closing
[Sat Sep 27 20:56:04 2025] [::1]:54800 Accepted
[Sat Sep 27 20:56:04 2025] [::1]:53162 [200]: GET /images/cam27Sep2025152232.png
[Sat Sep 27 20:56:04 2025] [::1]:56649 Accepted
[Sat Sep 27 20:56:04 2025] [::1]:54800 [200]: GET /images/cam27Sep2025152258.png
[Sat Sep 27 20:56:04 2025] [::1]:56649 [200]: GET /images/cam27Sep2025152307.png
[Sat Sep 27 20:56:04 2025] [::1]:53141 Accepted
[Sat Sep 27 20:56:04 2025] [::1]:64209 Accepted
[Sat Sep 27 20:56:04 2025] [::1]:53141 [200]: GET /images/cam27Sep2025152316.png
[Sat Sep 27 20:56:04 2025] [::1]:64209 [200]: GET /images/cam27Sep2025152325.png
[Sat Sep 27 20:56:04 2025] [::1]:53162 Closing
[Sat Sep 27 20:56:04 2025] [::1]:55352 Accepted
[Sat Sep 27 20:56:04 2025] [::1]:54800 Closing
[Sat Sep 27 20:56:04 2025] [::1]:56649 Closing
[Sat Sep 27 20:56:04 2025] [::1]:55352 [404]: GET /assets/js/bootstrap.min.js - No such file or directory
[Sat Sep 27 20:56:04 2025] [::1]:55352 Closing
[Sat Sep 27 20:56:04 2025] [::1]:53141 Closing
[Sat Sep 27 20:56:04 2025] [::1]:64209 Closing
[Sat Sep 27 20:56:04 2025] [::1]:59565 Accepted
[Sat Sep 27 20:56:04 2025] [::1]:52109 Accepted
[Sat Sep 27 20:56:04 2025] [::1]:61226 Accepted
[Sat Sep 27 20:56:04 2025] [::1]:58054 Accepted
[Sat Sep 27 20:56:04 2025] [::1]:59565 [200]: GET /images/cam27Sep2025152334.png
[Sat Sep 27 20:56:04 2025] [::1]:52109 [200]: GET /images/cam27Sep2025152343.png
[Sat Sep 27 20:56:04 2025] [::1]:61226 [200]: GET /images/cam27Sep2025152352.png
[Sat Sep 27 20:56:04 2025] [::1]:58054 [200]: GET /images/cam27Sep2025152401.png
[Sat Sep 27 20:56:04 2025] [::1]:61813 Accepted
[Sat Sep 27 20:56:04 2025] [::1]:65248 Accepted
[Sat Sep 27 20:56:04 2025] [::1]:61813 [200]: GET /images/cam27Sep2025152410.png
[Sat Sep 27 20:56:04 2025] [::1]:65248 [200]: GET /images/cam27Sep2025152428.png
[Sat Sep 27 20:56:04 2025] [::1]:61226 Closing
[Sat Sep 27 20:56:04 2025] [::1]:58054 Closing
[Sat Sep 27 20:56:04 2025] [::1]:59565 Closing
[Sat Sep 27 20:56:04 2025] [::1]:61813 Closing
[Sat Sep 27 20:56:04 2025] [::1]:65248 Closing
[Sat Sep 27 20:56:04 2025] [::1]:52109 Closing
[Sat Sep 27 20:56:04 2025] [::1]:51390 Accepted
[Sat Sep 27 20:56:04 2025] [::1]:51390 [200]: GET /images/cam27Sep2025152419.png
[Sat Sep 27 20:56:04 2025] [::1]:59121 Accepted
[Sat Sep 27 20:56:04 2025] [::1]:59121 [200]: GET /images/cam27Sep2025152531.png
[Sat Sep 27 20:56:04 2025] [::1]:59121 Closing
[Sat Sep 27 20:56:04 2025] [::1]:51390 Closing
[Sat Sep 27 20:56:04 2025] [::1]:58521 Accepted
[Sat Sep 27 20:56:04 2025] [::1]:58521 [302]: GET /favicon.ico
[Sat Sep 27 20:56:04 2025] [::1]:58521 Closing
[Sat Sep 27 20:56:04 2025] [::1]:65520 Accepted
[Sat Sep 27 20:56:04 2025] [::1]:65520 [200]: GET /panel.php
[Sat Sep 27 20:56:04 2025] [::1]:65520 Closing
[Sat Sep 27 20:56:06 2025] [::1]:54291 Accepted
[Sat Sep 27 20:56:08 2025] [::1]:54291 [302]: GET /spy-images.php?delete=cam27Sep2025152531.png
[Sat Sep 27 20:56:08 2025] [::1]:54291 Closing
[Sat Sep 27 20:56:08 2025] [::1]:59818 Accepted
[Sat Sep 27 20:56:08 2025] [::1]:59818 [200]: GET /spy-images.php
[Sat Sep 27 20:56:08 2025] [::1]:59818 Closing
[Sat Sep 27 20:56:08 2025] [::1]:58504 Accepted
[Sat Sep 27 20:56:08 2025] [::1]:53097 Accepted
[Sat Sep 27 20:56:08 2025] [::1]:58504 [200]: GET /assets/css/bootstrap.min.css
[Sat Sep 27 20:56:08 2025] [::1]:57073 Accepted
[Sat Sep 27 20:56:08 2025] [::1]:58504 Closing
[Sat Sep 27 20:56:08 2025] [::1]:53097 [200]: GET /images/cam27Sep2025152232.png
[Sat Sep 27 20:56:08 2025] [::1]:57073 [200]: GET /images/cam27Sep2025152258.png
[Sat Sep 27 20:56:08 2025] [::1]:55265 Accepted
[Sat Sep 27 20:56:08 2025] [::1]:57546 Accepted
[Sat Sep 27 20:56:08 2025] [::1]:55265 [200]: GET /images/cam27Sep2025152307.png
[Sat Sep 27 20:56:08 2025] [::1]:57546 [200]: GET /images/cam27Sep2025152316.png
[Sat Sep 27 20:56:08 2025] [::1]:55371 Accepted
[Sat Sep 27 20:56:08 2025] [::1]:55371 [200]: GET /images/cam27Sep2025152325.png
[Sat Sep 27 20:56:08 2025] [::1]:57020 Accepted
[Sat Sep 27 20:56:08 2025] [::1]:53097 Closing
[Sat Sep 27 20:56:08 2025] [::1]:57073 Closing
[Sat Sep 27 20:56:08 2025] [::1]:57020 [404]: GET /assets/js/bootstrap.min.js - No such file or directory
[Sat Sep 27 20:56:08 2025] [::1]:55265 Closing
[Sat Sep 27 20:56:08 2025] [::1]:57020 Closing
[Sat Sep 27 20:56:08 2025] [::1]:57546 Closing
[Sat Sep 27 20:56:08 2025] [::1]:55371 Closing
[Sat Sep 27 20:56:08 2025] [::1]:56972 Accepted
[Sat Sep 27 20:56:08 2025] [::1]:56972 [200]: GET /images/cam27Sep2025152334.png
[Sat Sep 27 20:56:08 2025] [::1]:50948 Accepted
[Sat Sep 27 20:56:08 2025] [::1]:50948 [200]: GET /images/cam27Sep2025152343.png
[Sat Sep 27 20:56:08 2025] [::1]:49788 Accepted
[Sat Sep 27 20:56:08 2025] [::1]:54262 Accepted
[Sat Sep 27 20:56:08 2025] [::1]:49788 [200]: GET /images/cam27Sep2025152352.png
[Sat Sep 27 20:56:08 2025] [::1]:54262 [200]: GET /images/cam27Sep2025152401.png
[Sat Sep 27 20:56:08 2025] [::1]:62018 Accepted
[Sat Sep 27 20:56:08 2025] [::1]:62018 [200]: GET /images/cam27Sep2025152410.png
[Sat Sep 27 20:56:08 2025] [::1]:53108 Accepted
[Sat Sep 27 20:56:08 2025] [::1]:53108 [200]: GET /images/cam27Sep2025152419.png
[Sat Sep 27 20:56:08 2025] [::1]:54262 Closing
[Sat Sep 27 20:56:08 2025] [::1]:56972 Closing
[Sat Sep 27 20:56:08 2025] [::1]:49788 Closing
[Sat Sep 27 20:56:08 2025] [::1]:62018 Closing
[Sat Sep 27 20:56:08 2025] [::1]:50948 Closing
[Sat Sep 27 20:56:08 2025] [::1]:55316 Accepted
[Sat Sep 27 20:56:08 2025] [::1]:55316 [200]: GET /images/cam27Sep2025152428.png
[Sat Sep 27 20:56:08 2025] [::1]:53108 Closing
[Sat Sep 27 20:56:08 2025] [::1]:55316 Closing
[Sat Sep 27 20:56:08 2025] [::1]:61470 Accepted
[Sat Sep 27 20:56:08 2025] [::1]:61470 [302]: GET /favicon.ico
[Sat Sep 27 20:56:08 2025] [::1]:61470 Closing
[Sat Sep 27 20:56:08 2025] [::1]:58807 Accepted
[Sat Sep 27 20:56:08 2025] [::1]:58807 [200]: GET /panel.php
[Sat Sep 27 20:56:08 2025] [::1]:58807 Closing
[Sat Sep 27 20:56:11 2025] [::1]:62492 Accepted
[Sat Sep 27 20:56:11 2025] [::1]:62492 [200]: GET /assets/css/bootstrap.min.css
[Sat Sep 27 20:56:11 2025] [::1]:62492 Closing
[Sat Sep 27 20:56:11 2025] [::1]:63789 Accepted
[Sat Sep 27 20:56:11 2025] [::1]:63789 [302]: GET /.well-known/appspecific/com.chrome.devtools.json
[Sat Sep 27 20:56:11 2025] [::1]:63789 Closing
[Sat Sep 27 20:56:11 2025] [::1]:54807 Accepted
[Sat Sep 27 20:56:11 2025] [::1]:54807 [302]: GET /.well-known/appspecific/panel.php
[Sat Sep 27 20:56:11 2025] [::1]:54807 Closing
[Sat Sep 27 20:56:11 2025] [::1]:53865 Accepted
[Sat Sep 27 20:56:11 2025] [::1]:53865 [302]: GET /.well-known/appspecific/panel.php
[Sat Sep 27 20:56:11 2025] [::1]:53865 Closing
[Sat Sep 27 20:56:11 2025] [::1]:58551 Accepted
[Sat Sep 27 20:56:11 2025] [::1]:58551 [302]: GET /.well-known/appspecific/panel.php
[Sat Sep 27 20:56:11 2025] [::1]:58551 Closing
[Sat Sep 27 20:56:11 2025] [::1]:50777 Accepted
[Sat Sep 27 20:56:11 2025] [::1]:50777 [302]: GET /.well-known/appspecific/panel.php
[Sat Sep 27 20:56:11 2025] [::1]:50777 Closing
[Sat Sep 27 20:56:11 2025] [::1]:63960 Accepted
[Sat Sep 27 20:56:11 2025] [::1]:63960 [302]: GET /.well-known/appspecific/panel.php
[Sat Sep 27 20:56:11 2025] [::1]:63960 Closing
[Sat Sep 27 20:56:11 2025] [::1]:51186 Accepted
[Sat Sep 27 20:56:11 2025] [::1]:51186 [302]: GET /.well-known/appspecific/panel.php
[Sat Sep 27 20:56:11 2025] [::1]:51186 Closing
[Sat Sep 27 20:56:11 2025] [::1]:61700 Accepted
[Sat Sep 27 20:56:11 2025] [::1]:61700 [302]: GET /.well-known/appspecific/panel.php
[Sat Sep 27 20:56:11 2025] [::1]:61700 Closing
[Sat Sep 27 20:56:11 2025] [::1]:55760 Accepted
[Sat Sep 27 20:56:11 2025] [::1]:55760 [302]: GET /.well-known/appspecific/panel.php
[Sat Sep 27 20:56:11 2025] [::1]:55760 Closing
[Sat Sep 27 20:56:11 2025] [::1]:55111 Accepted
[Sat Sep 27 20:56:11 2025] [::1]:55111 [302]: GET /.well-known/appspecific/panel.php
[Sat Sep 27 20:56:11 2025] [::1]:55111 Closing
[Sat Sep 27 20:56:11 2025] [::1]:51242 Accepted
[Sat Sep 27 20:56:11 2025] [::1]:51242 [302]: GET /.well-known/appspecific/panel.php
[Sat Sep 27 20:56:11 2025] [::1]:51242 Closing
[Sat Sep 27 20:56:11 2025] [::1]:61885 Accepted
[Sat Sep 27 20:56:11 2025] [::1]:61885 [302]: GET /.well-known/appspecific/panel.php
[Sat Sep 27 20:56:11 2025] [::1]:61885 Closing
[Sat Sep 27 20:56:11 2025] [::1]:50458 Accepted
[Sat Sep 27 20:56:11 2025] [::1]:50458 [302]: GET /.well-known/appspecific/panel.php
[Sat Sep 27 20:56:11 2025] [::1]:50458 Closing
[Sat Sep 27 20:56:11 2025] [::1]:63554 Accepted
[Sat Sep 27 20:56:11 2025] [::1]:63554 [302]: GET /.well-known/appspecific/panel.php
[Sat Sep 27 20:56:11 2025] [::1]:63554 Closing
[Sat Sep 27 20:56:11 2025] [::1]:52432 Accepted
[Sat Sep 27 20:56:11 2025] [::1]:52432 [302]: GET /.well-known/appspecific/panel.php
[Sat Sep 27 20:56:11 2025] [::1]:52432 Closing
[Sat Sep 27 20:56:11 2025] [::1]:54343 Accepted
[Sat Sep 27 20:56:11 2025] [::1]:54343 [302]: GET /.well-known/appspecific/panel.php
[Sat Sep 27 20:56:11 2025] [::1]:54343 Closing
[Sat Sep 27 20:56:11 2025] [::1]:53433 Accepted
[Sat Sep 27 20:56:11 2025] [::1]:53433 [302]: GET /.well-known/appspecific/panel.php
[Sat Sep 27 20:56:11 2025] [::1]:53433 Closing
[Sat Sep 27 20:56:11 2025] [::1]:57395 Accepted
[Sat Sep 27 20:56:12 2025] [::1]:57395 [302]: GET /.well-known/appspecific/panel.php
[Sat Sep 27 20:56:12 2025] [::1]:57395 Closing
[Sat Sep 27 20:56:12 2025] [::1]:58931 Accepted
[Sat Sep 27 20:56:12 2025] [::1]:58931 [302]: GET /.well-known/appspecific/panel.php
[Sat Sep 27 20:56:12 2025] [::1]:58931 Closing
[Sat Sep 27 20:56:12 2025] [::1]:62743 Accepted
[Sat Sep 27 20:56:12 2025] [::1]:62743 [302]: GET /.well-known/appspecific/panel.php
[Sat Sep 27 20:56:12 2025] [::1]:62743 Closing
[Sat Sep 27 20:56:12 2025] [::1]:56670 Accepted
[Sat Sep 27 20:56:12 2025] [::1]:56670 [302]: GET /.well-known/appspecific/panel.php
[Sat Sep 27 20:56:12 2025] [::1]:56670 Closing
[Sat Sep 27 20:57:00 2025] [::1]:60766 Accepted
[Sat Sep 27 20:57:00 2025] [::1]:60766 [302]: GET /.well-known/appspecific/com.chrome.devtools.json
[Sat Sep 27 20:57:00 2025] [::1]:60766 Closing
[Sat Sep 27 20:57:00 2025] [::1]:64534 Accepted
[Sat Sep 27 20:57:00 2025] [::1]:64534 [302]: GET /.well-known/appspecific/panel.php
[Sat Sep 27 20:57:00 2025] [::1]:64534 Closing
[Sat Sep 27 20:57:00 2025] [::1]:53033 Accepted
[Sat Sep 27 20:57:00 2025] [::1]:53033 [302]: GET /.well-known/appspecific/panel.php
[Sat Sep 27 20:57:00 2025] [::1]:53033 Closing
[Sat Sep 27 20:57:00 2025] [::1]:58921 Accepted
[Sat Sep 27 20:57:00 2025] [::1]:58921 [302]: GET /.well-known/appspecific/panel.php
[Sat Sep 27 20:57:00 2025] [::1]:58921 Closing
[Sat Sep 27 20:57:00 2025] [::1]:53485 Accepted
[Sat Sep 27 20:57:00 2025] [::1]:53485 [302]: GET /.well-known/appspecific/panel.php
[Sat Sep 27 20:57:00 2025] [::1]:53485 Closing
[Sat Sep 27 20:57:00 2025] [::1]:52700 Accepted
[Sat Sep 27 20:57:00 2025] [::1]:52700 [302]: GET /.well-known/appspecific/panel.php
[Sat Sep 27 20:57:00 2025] [::1]:52700 Closing
[Sat Sep 27 20:57:00 2025] [::1]:59649 Accepted
[Sat Sep 27 20:57:00 2025] [::1]:59649 [302]: GET /.well-known/appspecific/panel.php
[Sat Sep 27 20:57:00 2025] [::1]:59649 Closing
[Sat Sep 27 20:57:00 2025] [::1]:63971 Accepted
[Sat Sep 27 20:57:00 2025] [::1]:63971 [302]: GET /.well-known/appspecific/panel.php
[Sat Sep 27 20:57:00 2025] [::1]:63971 Closing
[Sat Sep 27 20:57:00 2025] [::1]:59801 Accepted
[Sat Sep 27 20:57:00 2025] [::1]:59801 [302]: GET /.well-known/appspecific/panel.php
[Sat Sep 27 20:57:00 2025] [::1]:59801 Closing
[Sat Sep 27 20:57:00 2025] [::1]:65313 Accepted
[Sat Sep 27 20:57:00 2025] [::1]:65313 [302]: GET /.well-known/appspecific/panel.php
[Sat Sep 27 20:57:00 2025] [::1]:65313 Closing
[Sat Sep 27 20:57:00 2025] [::1]:55942 Accepted
[Sat Sep 27 20:57:00 2025] [::1]:55942 [302]: GET /.well-known/appspecific/panel.php
[Sat Sep 27 20:57:00 2025] [::1]:55942 Closing
[Sat Sep 27 20:57:00 2025] [::1]:62871 Accepted
[Sat Sep 27 20:57:00 2025] [::1]:62871 [302]: GET /.well-known/appspecific/panel.php
[Sat Sep 27 20:57:00 2025] [::1]:62871 Closing
[Sat Sep 27 20:57:00 2025] [::1]:63023 Accepted
[Sat Sep 27 20:57:00 2025] [::1]:63023 [302]: GET /.well-known/appspecific/panel.php
[Sat Sep 27 20:57:00 2025] [::1]:63023 Closing
[Sat Sep 27 20:57:00 2025] [::1]:51562 Accepted
[Sat Sep 27 20:57:00 2025] [::1]:51562 [302]: GET /.well-known/appspecific/panel.php
[Sat Sep 27 20:57:00 2025] [::1]:51562 Closing
[Sat Sep 27 20:57:00 2025] [::1]:55766 Accepted
[Sat Sep 27 20:57:00 2025] [::1]:55766 [302]: GET /.well-known/appspecific/panel.php
[Sat Sep 27 20:57:00 2025] [::1]:55766 Closing
[Sat Sep 27 20:57:00 2025] [::1]:50951 Accepted
[Sat Sep 27 20:57:00 2025] [::1]:50951 [302]: GET /.well-known/appspecific/panel.php
[Sat Sep 27 20:57:00 2025] [::1]:50951 Closing
[Sat Sep 27 20:57:00 2025] [::1]:54379 Accepted
[Sat Sep 27 20:57:00 2025] [::1]:54379 [302]: GET /.well-known/appspecific/panel.php
[Sat Sep 27 20:57:00 2025] [::1]:54379 Closing
[Sat Sep 27 20:57:00 2025] [::1]:61420 Accepted
[Sat Sep 27 20:57:00 2025] [::1]:61420 [302]: GET /.well-known/appspecific/panel.php
[Sat Sep 27 20:57:00 2025] [::1]:61420 Closing
[Sat Sep 27 20:57:00 2025] [::1]:62871 Accepted
[Sat Sep 27 20:57:00 2025] [::1]:62871 [302]: GET /.well-known/appspecific/panel.php
[Sat Sep 27 20:57:00 2025] [::1]:62871 Closing
[Sat Sep 27 20:57:00 2025] [::1]:57280 Accepted
[Sat Sep 27 20:57:00 2025] [::1]:57280 [302]: GET /.well-known/appspecific/panel.php
[Sat Sep 27 20:57:00 2025] [::1]:57280 Closing
[Sat Sep 27 20:57:00 2025] [::1]:63952 Accepted
[Sat Sep 27 20:57:00 2025] [::1]:63952 [302]: GET /.well-known/appspecific/panel.php
[Sat Sep 27 20:57:00 2025] [::1]:63952 Closing
[Sat Sep 27 20:57:05 2025] [::1]:53947 Accepted
[Sat Sep 27 20:57:05 2025] [::1]:53947 [200]: GET /images/cam27Sep2025152232.png
[Sat Sep 27 20:57:05 2025] [::1]:53947 Closing
[Sat Sep 27 20:58:27 2025] [::1]:55835 Accepted
[Sat Sep 27 20:58:27 2025] [::1]:55835 [200]: GET /images/cam27Sep2025152232.png
[Sat Sep 27 20:58:27 2025] [::1]:55835 Closing
[Sat Sep 27 20:58:28 2025] [::1]:52123 Accepted
[Sat Sep 27 20:58:28 2025] [::1]:52123 [200]: GET /images/cam27Sep2025152258.png
[Sat Sep 27 20:58:28 2025] [::1]:52123 Closing
[Sat Sep 27 20:58:30 2025] [::1]:59709 Accepted
[Sat Sep 27 20:58:30 2025] [::1]:55259 Accepted
[Sat Sep 27 20:58:30 2025] [::1]:59709 [200]: GET /spy-images.php
[Sat Sep 27 20:58:30 2025] [::1]:59709 Closing
[Sat Sep 27 20:58:30 2025] [::1]:55259 [200]: GET /assets/css/bootstrap.min.css
[Sat Sep 27 20:58:30 2025] [::1]:55259 Closing
[Sat Sep 27 20:58:30 2025] [::1]:61892 Accepted
[Sat Sep 27 20:58:30 2025] [::1]:52653 Accepted
[Sat Sep 27 20:58:30 2025] [::1]:64781 Accepted
[Sat Sep 27 20:58:30 2025] [::1]:58565 Accepted
[Sat Sep 27 20:58:30 2025] [::1]:57816 Accepted
[Sat Sep 27 20:58:30 2025] [::1]:50876 Accepted
[Sat Sep 27 20:58:30 2025] [::1]:61892 [200]: GET /images/cam27Sep2025152232.png
[Sat Sep 27 20:58:30 2025] [::1]:52653 [200]: GET /images/cam27Sep2025152258.png
[Sat Sep 27 20:58:30 2025] [::1]:64781 [200]: GET /images/cam27Sep2025152307.png
[Sat Sep 27 20:58:30 2025] [::1]:58565 [200]: GET /images/cam27Sep2025152316.png
[Sat Sep 27 20:58:30 2025] [::1]:57816 [200]: GET /images/cam27Sep2025152325.png
[Sat Sep 27 20:58:30 2025] [::1]:50876 [404]: GET /assets/js/bootstrap.min.js - No such file or directory
[Sat Sep 27 20:58:30 2025] [::1]:50876 Closing
[Sat Sep 27 20:58:30 2025] [::1]:65361 Accepted
[Sat Sep 27 20:58:30 2025] [::1]:65361 [200]: GET /images/cam27Sep2025152410.png
[Sat Sep 27 20:58:30 2025] [::1]:64781 Closing
[Sat Sep 27 20:58:30 2025] [::1]:52653 Closing
[Sat Sep 27 20:58:30 2025] [::1]:61892 Closing
[Sat Sep 27 20:58:30 2025] [::1]:58565 Closing
[Sat Sep 27 20:58:30 2025] [::1]:57816 Closing
[Sat Sep 27 20:58:30 2025] [::1]:59559 Accepted
[Sat Sep 27 20:58:30 2025] [::1]:60995 Accepted
[Sat Sep 27 20:58:30 2025] [::1]:52205 Accepted
[Sat Sep 27 20:58:30 2025] [::1]:61246 Accepted
[Sat Sep 27 20:58:30 2025] [::1]:59559 [200]: GET /images/cam27Sep2025152343.png
[Sat Sep 27 20:58:30 2025] [::1]:60995 [200]: GET /images/cam27Sep2025152419.png
[Sat Sep 27 20:58:30 2025] [::1]:52205 [200]: GET /images/cam27Sep2025152352.png
[Sat Sep 27 20:58:30 2025] [::1]:61246 [200]: GET /images/cam27Sep2025152334.png
[Sat Sep 27 20:58:30 2025] [::1]:65361 Closing
[Sat Sep 27 20:58:30 2025] [::1]:53422 Accepted
[Sat Sep 27 20:58:30 2025] [::1]:53422 [200]: GET /images/cam27Sep2025152428.png
[Sat Sep 27 20:58:30 2025] [::1]:50786 Accepted
[Sat Sep 27 20:58:30 2025] [::1]:52205 Closing
[Sat Sep 27 20:58:30 2025] [::1]:50786 [200]: GET /images/cam27Sep2025152401.png
[Sat Sep 27 20:58:30 2025] [::1]:59559 Closing
[Sat Sep 27 20:58:30 2025] [::1]:60995 Closing
[Sat Sep 27 20:58:30 2025] [::1]:61246 Closing
[Sat Sep 27 20:58:30 2025] [::1]:53422 Closing
[Sat Sep 27 20:58:30 2025] [::1]:50786 Closing
[Sat Sep 27 20:58:30 2025] [::1]:63245 Accepted
[Sat Sep 27 20:58:30 2025] [::1]:63245 [302]: GET /favicon.ico
[Sat Sep 27 20:58:30 2025] [::1]:63245 Closing
[Sat Sep 27 20:58:30 2025] [::1]:51727 Accepted
[Sat Sep 27 20:58:30 2025] [::1]:51727 [200]: GET /panel.php
[Sat Sep 27 20:58:30 2025] [::1]:51727 Closing
[Sat Sep 27 20:58:30 2025] [::1]:61815 Accepted
[Sat Sep 27 20:58:30 2025] [::1]:56132 Accepted
[Sat Sep 27 20:58:30 2025] [::1]:61815 [200]: GET /spy-images.php
[Sat Sep 27 20:58:30 2025] [::1]:61815 Closing
[Sat Sep 27 20:58:30 2025] [::1]:56132 [200]: GET /assets/css/bootstrap.min.css
[Sat Sep 27 20:58:30 2025] [::1]:56132 Closing
[Sat Sep 27 20:58:30 2025] [::1]:60993 Accepted
[Sat Sep 27 20:58:30 2025] [::1]:59783 Accepted
[Sat Sep 27 20:58:30 2025] [::1]:60993 [200]: GET /images/cam27Sep2025152232.png
[Sat Sep 27 20:58:30 2025] [::1]:59783 [200]: GET /images/cam27Sep2025152258.png
[Sat Sep 27 20:58:30 2025] [::1]:51399 Accepted
[Sat Sep 27 20:58:30 2025] [::1]:54003 Accepted
[Sat Sep 27 20:58:30 2025] [::1]:56832 Accepted
[Sat Sep 27 20:58:30 2025] [::1]:60993 Closing
[Sat Sep 27 20:58:30 2025] [::1]:51399 [200]: GET /images/cam27Sep2025152307.png
[Sat Sep 27 20:58:30 2025] [::1]:54003 [200]: GET /images/cam27Sep2025152316.png
[Sat Sep 27 20:58:30 2025] [::1]:56832 [200]: GET /images/cam27Sep2025152325.png
[Sat Sep 27 20:58:30 2025] [::1]:63384 Accepted
[Sat Sep 27 20:58:30 2025] [::1]:59783 Closing
[Sat Sep 27 20:58:30 2025] [::1]:63384 [404]: GET /assets/js/bootstrap.min.js - No such file or directory
[Sat Sep 27 20:58:30 2025] [::1]:63384 Closing
[Sat Sep 27 20:58:30 2025] [::1]:51399 Closing
[Sat Sep 27 20:58:30 2025] [::1]:54003 Closing
[Sat Sep 27 20:58:30 2025] [::1]:63583 Accepted
[Sat Sep 27 20:58:31 2025] [::1]:62742 Accepted
[Sat Sep 27 20:58:31 2025] [::1]:63583 [200]: GET /images/cam27Sep2025152334.png
[Sat Sep 27 20:58:31 2025] [::1]:53844 Accepted
[Sat Sep 27 20:58:31 2025] [::1]:62742 [200]: GET /images/cam27Sep2025152343.png
[Sat Sep 27 20:58:31 2025] [::1]:56832 Closing
[Sat Sep 27 20:58:31 2025] [::1]:63452 Accepted
[Sat Sep 27 20:58:31 2025] [::1]:53844 [200]: GET /images/cam27Sep2025152352.png
[Sat Sep 27 20:58:31 2025] [::1]:49605 Accepted
[Sat Sep 27 20:58:31 2025] [::1]:63452 [200]: GET /images/cam27Sep2025152410.png
[Sat Sep 27 20:58:31 2025] [::1]:64129 Accepted
[Sat Sep 27 20:58:31 2025] [::1]:49605 [200]: GET /images/cam27Sep2025152428.png
[Sat Sep 27 20:58:31 2025] [::1]:64129 [200]: GET /images/cam27Sep2025152401.png
[Sat Sep 27 20:58:31 2025] [::1]:53844 Closing
[Sat Sep 27 20:58:31 2025] [::1]:64129 Closing
[Sat Sep 27 20:58:31 2025] [::1]:63583 Closing
[Sat Sep 27 20:58:31 2025] [::1]:62742 Closing
[Sat Sep 27 20:58:31 2025] [::1]:63452 Closing
[Sat Sep 27 20:58:31 2025] [::1]:49605 Closing
[Sat Sep 27 20:58:31 2025] [::1]:60246 Accepted
[Sat Sep 27 20:58:31 2025] [::1]:60246 [200]: GET /images/cam27Sep2025152419.png
[Sat Sep 27 20:58:31 2025] [::1]:60246 Closing
[Sat Sep 27 20:58:31 2025] [::1]:58566 Accepted
[Sat Sep 27 20:58:31 2025] [::1]:58566 [302]: GET /favicon.ico
[Sat Sep 27 20:58:31 2025] [::1]:58566 Closing
[Sat Sep 27 20:58:31 2025] [::1]:62098 Accepted
[Sat Sep 27 20:58:31 2025] [::1]:62098 [200]: GET /panel.php
[Sat Sep 27 20:58:31 2025] [::1]:62098 Closing
[Sat Sep 27 20:59:48 2025] [::1]:59672 Accepted
[Sat Sep 27 20:59:48 2025] [::1]:59672 [200]: GET /spy-images.php
[Sat Sep 27 20:59:48 2025] [::1]:59672 Closing
[Sat Sep 27 20:59:48 2025] [::1]:57168 Accepted
[Sat Sep 27 20:59:48 2025] [::1]:51346 Accepted
[Sat Sep 27 20:59:48 2025] [::1]:57168 [200]: GET /assets/css/bootstrap.min.css
[Sat Sep 27 20:59:48 2025] [::1]:55347 Accepted
[Sat Sep 27 20:59:48 2025] [::1]:57168 Closing
[Sat Sep 27 20:59:48 2025] [::1]:51346 [200]: GET /images/cam27Sep2025152232.png
[Sat Sep 27 20:59:48 2025] [::1]:55347 [200]: GET /images/cam27Sep2025152258.png
[Sat Sep 27 20:59:48 2025] [::1]:52069 Accepted
[Sat Sep 27 20:59:48 2025] [::1]:52069 [200]: GET /images/cam27Sep2025152307.png
[Sat Sep 27 20:59:48 2025] [::1]:55347 Closing
[Sat Sep 27 20:59:48 2025] [::1]:51346 Closing
[Sat Sep 27 20:59:48 2025] [::1]:50550 Accepted
[Sat Sep 27 20:59:48 2025] [::1]:50268 Accepted
[Sat Sep 27 20:59:48 2025] [::1]:52774 Accepted
[Sat Sep 27 20:59:48 2025] [::1]:50550 [200]: GET /images/cam27Sep2025152316.png
[Sat Sep 27 20:59:48 2025] [::1]:50268 [200]: GET /images/cam27Sep2025152325.png
[Sat Sep 27 20:59:48 2025] [::1]:52774 [200]: GET /images/cam27Sep2025152334.png
[Sat Sep 27 20:59:48 2025] [::1]:63963 Accepted
[Sat Sep 27 20:59:48 2025] [::1]:60720 Accepted
[Sat Sep 27 20:59:48 2025] [::1]:63963 [200]: GET /images/cam27Sep2025152343.png
[Sat Sep 27 20:59:48 2025] [::1]:60720 [200]: GET /images/cam27Sep2025152352.png
[Sat Sep 27 20:59:48 2025] [::1]:50550 Closing
[Sat Sep 27 20:59:48 2025] [::1]:50268 Closing
[Sat Sep 27 20:59:48 2025] [::1]:52069 Closing
[Sat Sep 27 20:59:49 2025] [::1]:52774 Closing
[Sat Sep 27 20:59:49 2025] [::1]:63963 Closing
[Sat Sep 27 20:59:49 2025] [::1]:60720 Closing
[Sat Sep 27 20:59:49 2025] [::1]:52875 Accepted
[Sat Sep 27 20:59:49 2025] [::1]:52875 [200]: GET /images/cam27Sep2025152401.png
[Sat Sep 27 20:59:49 2025] [::1]:59136 Accepted
[Sat Sep 27 20:59:49 2025] [::1]:61401 Accepted
[Sat Sep 27 20:59:49 2025] [::1]:52975 Accepted
[Sat Sep 27 20:59:49 2025] [::1]:59136 [200]: GET /images/cam27Sep2025152410.png
[Sat Sep 27 20:59:49 2025] [::1]:61401 [200]: GET /images/cam27Sep2025152419.png
[Sat Sep 27 20:59:49 2025] [::1]:52975 [200]: GET /images/cam27Sep2025152428.png
[Sat Sep 27 20:59:49 2025] [::1]:52875 Closing
[Sat Sep 27 20:59:49 2025] [::1]:59136 Closing
[Sat Sep 27 20:59:49 2025] [::1]:52975 Closing
[Sat Sep 27 20:59:49 2025] [::1]:61401 Closing
[Sat Sep 27 20:59:51 2025] [::1]:61169 Accepted
[Sat Sep 27 20:59:51 2025] [::1]:61169 [302]: GET /favicon.ico
[Sat Sep 27 20:59:51 2025] [::1]:61169 Closing
[Sat Sep 27 20:59:51 2025] [::1]:55277 Accepted
[Sat Sep 27 20:59:51 2025] [::1]:55277 [200]: GET /panel.php
[Sat Sep 27 20:59:51 2025] [::1]:55277 Closing
[Sat Sep 27 20:59:57 2025] [::1]:62858 Accepted
[Sat Sep 27 20:59:57 2025] [::1]:63980 Accepted
[Sat Sep 27 20:59:57 2025] [::1]:62858 [200]: GET /spy-images.php
[Sat Sep 27 20:59:57 2025] [::1]:62858 Closing
[Sat Sep 27 20:59:58 2025] [::1]:63980 [200]: GET /assets/css/bootstrap.min.css
[Sat Sep 27 20:59:58 2025] [::1]:63980 Closing
[Sat Sep 27 20:59:58 2025] [::1]:64611 Accepted
[Sat Sep 27 20:59:58 2025] [::1]:51006 Accepted
[Sat Sep 27 20:59:58 2025] [::1]:64611 [200]: GET /images/cam27Sep2025152232.png
[Sat Sep 27 20:59:58 2025] [::1]:51006 [200]: GET /images/cam27Sep2025152258.png
[Sat Sep 27 20:59:58 2025] [::1]:58752 Accepted
[Sat Sep 27 20:59:58 2025] [::1]:59542 Accepted
[Sat Sep 27 20:59:58 2025] [::1]:58752 [200]: GET /images/cam27Sep2025152307.png
[Sat Sep 27 20:59:58 2025] [::1]:59542 [200]: GET /images/cam27Sep2025152316.png
[Sat Sep 27 20:59:58 2025] [::1]:49924 Accepted
[Sat Sep 27 20:59:58 2025] [::1]:56944 Accepted
[Sat Sep 27 20:59:58 2025] [::1]:49924 [200]: GET /images/cam27Sep2025152325.png
[Sat Sep 27 20:59:58 2025] [::1]:56944 [200]: GET /images/cam27Sep2025152334.png
[Sat Sep 27 20:59:58 2025] [::1]:64611 Closing
[Sat Sep 27 20:59:58 2025] [::1]:58752 Closing
[Sat Sep 27 20:59:58 2025] [::1]:59542 Closing
[Sat Sep 27 20:59:58 2025] [::1]:51006 Closing
[Sat Sep 27 20:59:58 2025] [::1]:53856 Accepted
[Sat Sep 27 20:59:58 2025] [::1]:51228 Accepted
[Sat Sep 27 20:59:58 2025] [::1]:55408 Accepted
[Sat Sep 27 20:59:58 2025] [::1]:49924 Closing
[Sat Sep 27 20:59:58 2025] [::1]:53856 [200]: GET /images/cam27Sep2025152428.png
[Sat Sep 27 20:59:58 2025] [::1]:51228 [200]: GET /images/cam27Sep2025152401.png
[Sat Sep 27 20:59:58 2025] [::1]:55408 [200]: GET /images/cam27Sep2025152410.png
[Sat Sep 27 20:59:58 2025] [::1]:62370 Accepted
[Sat Sep 27 20:59:58 2025] [::1]:62370 [200]: GET /images/cam27Sep2025152352.png
[Sat Sep 27 20:59:58 2025] [::1]:56944 Closing
[Sat Sep 27 20:59:58 2025] [::1]:65310 Accepted
[Sat Sep 27 20:59:58 2025] [::1]:61375 Accepted
[Sat Sep 27 20:59:58 2025] [::1]:53856 Closing
[Sat Sep 27 20:59:58 2025] [::1]:51228 Closing
[Sat Sep 27 20:59:58 2025] [::1]:65310 [200]: GET /images/cam27Sep2025152419.png
[Sat Sep 27 20:59:58 2025] [::1]:61375 [200]: GET /images/cam27Sep2025152343.png
[Sat Sep 27 20:59:58 2025] [::1]:62370 Closing
[Sat Sep 27 20:59:58 2025] [::1]:55408 Closing
[Sat Sep 27 20:59:58 2025] [::1]:61375 Closing
[Sat Sep 27 20:59:58 2025] [::1]:65310 Closing
[Sat Sep 27 20:59:58 2025] [::1]:63664 Accepted
[Sat Sep 27 20:59:58 2025] [::1]:63664 [302]: GET /favicon.ico
[Sat Sep 27 20:59:58 2025] [::1]:63664 Closing
[Sat Sep 27 20:59:58 2025] [::1]:53417 Accepted
[Sat Sep 27 20:59:58 2025] [::1]:53417 [200]: GET /panel.php
[Sat Sep 27 20:59:58 2025] [::1]:53417 Closing
[Sat Sep 27 20:59:58 2025] [::1]:50843 Accepted
[Sat Sep 27 20:59:58 2025] [::1]:61336 Accepted
[Sat Sep 27 20:59:58 2025] [::1]:50843 [200]: GET /spy-images.php
[Sat Sep 27 20:59:58 2025] [::1]:50843 Closing
[Sat Sep 27 20:59:58 2025] [::1]:61336 [200]: GET /assets/css/bootstrap.min.css
[Sat Sep 27 20:59:58 2025] [::1]:61336 Closing
[Sat Sep 27 20:59:58 2025] [::1]:49440 Accepted
[Sat Sep 27 20:59:58 2025] [::1]:51675 Accepted
[Sat Sep 27 20:59:58 2025] [::1]:55489 Accepted
[Sat Sep 27 20:59:58 2025] [::1]:49440 [200]: GET /images/cam27Sep2025152232.png
[Sat Sep 27 20:59:58 2025] [::1]:54212 Accepted
[Sat Sep 27 20:59:58 2025] [::1]:51675 [200]: GET /images/cam27Sep2025152258.png
[Sat Sep 27 20:59:58 2025] [::1]:55489 [200]: GET /images/cam27Sep2025152307.png
[Sat Sep 27 20:59:58 2025] [::1]:54212 [200]: GET /images/cam27Sep2025152316.png
[Sat Sep 27 20:59:58 2025] [::1]:53536 Accepted
[Sat Sep 27 20:59:58 2025] [::1]:64485 Accepted
[Sat Sep 27 20:59:58 2025] [::1]:53536 [200]: GET /images/cam27Sep2025152325.png
[Sat Sep 27 20:59:58 2025] [::1]:64485 [200]: GET /images/cam27Sep2025152334.png
[Sat Sep 27 20:59:58 2025] [::1]:55489 Closing
[Sat Sep 27 20:59:58 2025] [::1]:51675 Closing
[Sat Sep 27 20:59:58 2025] [::1]:49440 Closing
[Sat Sep 27 20:59:58 2025] [::1]:54212 Closing
[Sat Sep 27 20:59:58 2025] [::1]:53176 Accepted
[Sat Sep 27 20:59:58 2025] [::1]:55212 Accepted
[Sat Sep 27 20:59:58 2025] [::1]:64497 Accepted
[Sat Sep 27 20:59:58 2025] [::1]:53176 [200]: GET /images/cam27Sep2025152343.png
[Sat Sep 27 20:59:58 2025] [::1]:55212 [200]: GET /images/cam27Sep2025152401.png
[Sat Sep 27 20:59:58 2025] [::1]:64497 [200]: GET /images/cam27Sep2025152428.png
[Sat Sep 27 20:59:58 2025] [::1]:53536 Closing
[Sat Sep 27 20:59:58 2025] [::1]:50363 Accepted
[Sat Sep 27 20:59:58 2025] [::1]:50363 [200]: GET /images/cam27Sep2025152352.png
[Sat Sep 27 20:59:58 2025] [::1]:64485 Closing
[Sat Sep 27 20:59:58 2025] [::1]:62781 Accepted
[Sat Sep 27 20:59:58 2025] [::1]:55212 Closing
[Sat Sep 27 20:59:58 2025] [::1]:62405 Accepted
[Sat Sep 27 20:59:58 2025] [::1]:62781 [200]: GET /images/cam27Sep2025152419.png
[Sat Sep 27 20:59:58 2025] [::1]:62405 [200]: GET /images/cam27Sep2025152410.png
[Sat Sep 27 20:59:58 2025] [::1]:53176 Closing
[Sat Sep 27 20:59:58 2025] [::1]:50363 Closing
[Sat Sep 27 20:59:58 2025] [::1]:64497 Closing
[Sat Sep 27 20:59:58 2025] [::1]:62781 Closing
[Sat Sep 27 20:59:58 2025] [::1]:62405 Closing
[Sat Sep 27 20:59:58 2025] [::1]:63875 Accepted
[Sat Sep 27 20:59:58 2025] [::1]:63875 [302]: GET /favicon.ico
[Sat Sep 27 20:59:58 2025] [::1]:63875 Closing
[Sat Sep 27 20:59:58 2025] [::1]:49629 Accepted
[Sat Sep 27 20:59:58 2025] [::1]:49629 [200]: GET /panel.php
[Sat Sep 27 20:59:58 2025] [::1]:49629 Closing
[Sat Sep 27 20:59:58 2025] [::1]:60854 Accepted
[Sat Sep 27 20:59:58 2025] [::1]:63751 Accepted
[Sat Sep 27 20:59:58 2025] [::1]:60854 [200]: GET /spy-images.php
[Sat Sep 27 20:59:58 2025] [::1]:60854 Closing
[Sat Sep 27 20:59:58 2025] [::1]:63751 [200]: GET /assets/css/bootstrap.min.css
[Sat Sep 27 20:59:58 2025] [::1]:57199 Accepted
[Sat Sep 27 20:59:58 2025] [::1]:63751 Closing
[Sat Sep 27 20:59:58 2025] [::1]:57213 Accepted
[Sat Sep 27 20:59:58 2025] [::1]:57199 [200]: GET /images/cam27Sep2025152232.png
[Sat Sep 27 20:59:58 2025] [::1]:57213 [200]: GET /images/cam27Sep2025152258.png
[Sat Sep 27 20:59:58 2025] [::1]:55683 Accepted
[Sat Sep 27 20:59:58 2025] [::1]:55683 [200]: GET /images/cam27Sep2025152307.png
[Sat Sep 27 20:59:58 2025] [::1]:50347 Accepted
[Sat Sep 27 20:59:58 2025] [::1]:54069 Accepted
[Sat Sep 27 20:59:58 2025] [::1]:50347 [200]: GET /images/cam27Sep2025152316.png
[Sat Sep 27 20:59:58 2025] [::1]:54069 [200]: GET /images/cam27Sep2025152325.png
[Sat Sep 27 20:59:58 2025] [::1]:57213 Closing
[Sat Sep 27 20:59:58 2025] [::1]:61717 Accepted
[Sat Sep 27 20:59:58 2025] [::1]:55683 Closing
[Sat Sep 27 20:59:58 2025] [::1]:61717 [200]: GET /images/cam27Sep2025152334.png
[Sat Sep 27 20:59:58 2025] [::1]:57199 Closing
[Sat Sep 27 20:59:58 2025] [::1]:50347 Closing
[Sat Sep 27 20:59:58 2025] [::1]:54069 Closing
[Sat Sep 27 20:59:58 2025] [::1]:50422 Accepted
[Sat Sep 27 20:59:58 2025] [::1]:50422 [200]: GET /images/cam27Sep2025152343.png
[Sat Sep 27 20:59:58 2025] [::1]:53379 Accepted
[Sat Sep 27 20:59:58 2025] [::1]:49402 Accepted
[Sat Sep 27 20:59:58 2025] [::1]:53379 [200]: GET /images/cam27Sep2025152352.png
[Sat Sep 27 20:59:58 2025] [::1]:49402 [200]: GET /images/cam27Sep2025152401.png
[Sat Sep 27 20:59:58 2025] [::1]:61717 Closing
[Sat Sep 27 20:59:58 2025] [::1]:49331 Accepted
[Sat Sep 27 20:59:58 2025] [::1]:50422 Closing
[Sat Sep 27 20:59:58 2025] [::1]:49331 [200]: GET /images/cam27Sep2025152410.png
[Sat Sep 27 20:59:58 2025] [::1]:55499 Accepted
[Sat Sep 27 20:59:58 2025] [::1]:53021 Accepted
[Sat Sep 27 20:59:58 2025] [::1]:53379 Closing
[Sat Sep 27 20:59:58 2025] [::1]:49402 Closing
[Sat Sep 27 20:59:58 2025] [::1]:55499 [200]: GET /images/cam27Sep2025152419.png
[Sat Sep 27 20:59:58 2025] [::1]:53021 [200]: GET /images/cam27Sep2025152428.png
[Sat Sep 27 20:59:58 2025] [::1]:49331 Closing
[Sat Sep 27 20:59:58 2025] [::1]:55499 Closing
[Sat Sep 27 20:59:58 2025] [::1]:53021 Closing
[Sat Sep 27 20:59:58 2025] [::1]:58588 Accepted
[Sat Sep 27 20:59:58 2025] [::1]:58588 [302]: GET /favicon.ico
[Sat Sep 27 20:59:58 2025] [::1]:58588 Closing
[Sat Sep 27 20:59:58 2025] [::1]:50272 Accepted
[Sat Sep 27 20:59:58 2025] [::1]:50272 [200]: GET /panel.php
[Sat Sep 27 20:59:58 2025] [::1]:50272 Closing
[Sat Sep 27 20:59:58 2025] [::1]:53575 Accepted
[Sat Sep 27 20:59:58 2025] [::1]:63170 Accepted
[Sat Sep 27 20:59:58 2025] [::1]:53575 [200]: GET /spy-images.php
[Sat Sep 27 20:59:58 2025] [::1]:53575 Closing
[Sat Sep 27 20:59:58 2025] [::1]:63170 [200]: GET /assets/css/bootstrap.min.css
[Sat Sep 27 20:59:58 2025] [::1]:63170 Closing
[Sat Sep 27 20:59:58 2025] [::1]:64694 Accepted
[Sat Sep 27 20:59:58 2025] [::1]:52293 Accepted
[Sat Sep 27 20:59:58 2025] [::1]:64694 [200]: GET /images/cam27Sep2025152232.png
[Sat Sep 27 20:59:58 2025] [::1]:52293 [200]: GET /images/cam27Sep2025152258.png
[Sat Sep 27 20:59:58 2025] [::1]:64972 Accepted
[Sat Sep 27 20:59:58 2025] [::1]:64972 [200]: GET /images/cam27Sep2025152307.png
[Sat Sep 27 20:59:58 2025] [::1]:63646 Accepted
[Sat Sep 27 20:59:58 2025] [::1]:63920 Accepted
[Sat Sep 27 20:59:58 2025] [::1]:52293 Closing
[Sat Sep 27 20:59:58 2025] [::1]:63646 [200]: GET /images/cam27Sep2025152316.png
[Sat Sep 27 20:59:58 2025] [::1]:63920 [200]: GET /images/cam27Sep2025152325.png
[Sat Sep 27 20:59:58 2025] [::1]:60418 Accepted
[Sat Sep 27 20:59:58 2025] [::1]:64694 Closing
[Sat Sep 27 20:59:58 2025] [::1]:60418 [200]: GET /images/cam27Sep2025152334.png
[Sat Sep 27 20:59:58 2025] [::1]:64972 Closing
[Sat Sep 27 20:59:58 2025] [::1]:63646 Closing
[Sat Sep 27 20:59:58 2025] [::1]:63920 Closing
[Sat Sep 27 20:59:58 2025] [::1]:56643 Accepted
[Sat Sep 27 20:59:58 2025] [::1]:50373 Accepted
[Sat Sep 27 20:59:58 2025] [::1]:55991 Accepted
[Sat Sep 27 20:59:58 2025] [::1]:56643 [200]: GET /images/cam27Sep2025152343.png
[Sat Sep 27 20:59:58 2025] [::1]:50373 [200]: GET /images/cam27Sep2025152352.png
[Sat Sep 27 20:59:58 2025] [::1]:55991 [200]: GET /images/cam27Sep2025152401.png
[Sat Sep 27 20:59:58 2025] [::1]:53108 Accepted
[Sat Sep 27 20:59:58 2025] [::1]:59153 Accepted
[Sat Sep 27 20:59:58 2025] [::1]:53108 [200]: GET /images/cam27Sep2025152410.png
[Sat Sep 27 20:59:58 2025] [::1]:60418 Closing
[Sat Sep 27 20:59:58 2025] [::1]:59153 [200]: GET /images/cam27Sep2025152419.png
[Sat Sep 27 20:59:58 2025] [::1]:56643 Closing
[Sat Sep 27 20:59:58 2025] [::1]:50373 Closing
[Sat Sep 27 20:59:58 2025] [::1]:55991 Closing
[Sat Sep 27 20:59:58 2025] [::1]:49618 Accepted
[Sat Sep 27 20:59:58 2025] [::1]:49618 [200]: GET /images/cam27Sep2025152428.png
[Sat Sep 27 20:59:58 2025] [::1]:59153 Closing
[Sat Sep 27 20:59:58 2025] [::1]:53108 Closing
[Sat Sep 27 20:59:58 2025] [::1]:49618 Closing
[Sat Sep 27 20:59:58 2025] [::1]:55378 Accepted
[Sat Sep 27 20:59:58 2025] [::1]:55378 [302]: GET /favicon.ico
[Sat Sep 27 20:59:58 2025] [::1]:55378 Closing
[Sat Sep 27 20:59:58 2025] [::1]:54305 Accepted
[Sat Sep 27 20:59:58 2025] [::1]:54305 [200]: GET /panel.php
[Sat Sep 27 20:59:58 2025] [::1]:54305 Closing
[Sat Sep 27 20:59:58 2025] [::1]:52569 Accepted
[Sat Sep 27 20:59:58 2025] [::1]:50739 Accepted
[Sat Sep 27 20:59:58 2025] [::1]:52569 [200]: GET /spy-images.php
[Sat Sep 27 20:59:58 2025] [::1]:52569 Closing
[Sat Sep 27 20:59:58 2025] [::1]:50739 [200]: GET /assets/css/bootstrap.min.css
[Sat Sep 27 20:59:58 2025] [::1]:50739 Closing
[Sat Sep 27 20:59:58 2025] [::1]:51213 Accepted
[Sat Sep 27 20:59:58 2025] [::1]:57196 Accepted
[Sat Sep 27 20:59:58 2025] [::1]:51213 [200]: GET /images/cam27Sep2025152232.png
[Sat Sep 27 20:59:58 2025] [::1]:57196 [200]: GET /images/cam27Sep2025152258.png
[Sat Sep 27 20:59:58 2025] [::1]:57675 Accepted
[Sat Sep 27 20:59:58 2025] [::1]:57675 [200]: GET /images/cam27Sep2025152307.png
[Sat Sep 27 20:59:58 2025] [::1]:63960 Accepted
[Sat Sep 27 20:59:58 2025] [::1]:64539 Accepted
[Sat Sep 27 20:59:58 2025] [::1]:63960 [200]: GET /images/cam27Sep2025152316.png
[Sat Sep 27 20:59:58 2025] [::1]:64539 [200]: GET /images/cam27Sep2025152325.png
[Sat Sep 27 20:59:58 2025] [::1]:51213 Closing
[Sat Sep 27 20:59:58 2025] [::1]:57196 Closing
[Sat Sep 27 20:59:58 2025] [::1]:51632 Accepted
[Sat Sep 27 20:59:58 2025] [::1]:51632 [200]: GET /images/cam27Sep2025152334.png
[Sat Sep 27 20:59:58 2025] [::1]:57675 Closing
[Sat Sep 27 20:59:58 2025] [::1]:63960 Closing
[Sat Sep 27 20:59:58 2025] [::1]:64539 Closing
[Sat Sep 27 20:59:58 2025] [::1]:51632 Closing
[Sat Sep 27 20:59:58 2025] [::1]:53465 Accepted
[Sat Sep 27 20:59:58 2025] [::1]:53465 [200]: GET /images/cam27Sep2025152343.png
[Sat Sep 27 20:59:58 2025] [::1]:52251 Accepted
[Sat Sep 27 20:59:58 2025] [::1]:51060 Accepted
[Sat Sep 27 20:59:58 2025] [::1]:52251 [200]: GET /images/cam27Sep2025152352.png
[Sat Sep 27 20:59:58 2025] [::1]:51060 [200]: GET /images/cam27Sep2025152428.png
[Sat Sep 27 20:59:58 2025] [::1]:60891 Accepted
[Sat Sep 27 20:59:58 2025] [::1]:51219 Accepted
[Sat Sep 27 20:59:58 2025] [::1]:60891 [200]: GET /images/cam27Sep2025152410.png
[Sat Sep 27 20:59:58 2025] [::1]:51219 [200]: GET /images/cam27Sep2025152419.png
[Sat Sep 27 20:59:58 2025] [::1]:52251 Closing
[Sat Sep 27 20:59:58 2025] [::1]:53465 Closing
[Sat Sep 27 20:59:58 2025] [::1]:64193 Accepted
[Sat Sep 27 20:59:58 2025] [::1]:64193 [200]: GET /images/cam27Sep2025152401.png
[Sat Sep 27 20:59:58 2025] [::1]:51060 Closing
[Sat Sep 27 20:59:58 2025] [::1]:51219 Closing
[Sat Sep 27 20:59:58 2025] [::1]:60891 Closing
[Sat Sep 27 20:59:58 2025] [::1]:64193 Closing
[Sat Sep 27 20:59:58 2025] [::1]:60618 Accepted
[Sat Sep 27 20:59:58 2025] [::1]:60618 [302]: GET /favicon.ico
[Sat Sep 27 20:59:58 2025] [::1]:60618 Closing
[Sat Sep 27 20:59:58 2025] [::1]:57473 Accepted
[Sat Sep 27 20:59:58 2025] [::1]:57473 [200]: GET /panel.php
[Sat Sep 27 20:59:58 2025] [::1]:57473 Closing
[Sat Sep 27 20:59:58 2025] [::1]:55357 Accepted
[Sat Sep 27 20:59:58 2025] [::1]:55357 [200]: GET /spy-images.php
[Sat Sep 27 20:59:58 2025] [::1]:55357 Closing
[Sat Sep 27 20:59:58 2025] [::1]:59936 Accepted
[Sat Sep 27 20:59:58 2025] [::1]:51666 Accepted
[Sat Sep 27 20:59:59 2025] [::1]:59936 [200]: GET /assets/css/bootstrap.min.css
[Sat Sep 27 20:59:59 2025] [::1]:59936 Closing
[Sat Sep 27 20:59:59 2025] [::1]:51666 [200]: GET /images/cam27Sep2025152232.png
[Sat Sep 27 20:59:59 2025] [::1]:49683 Accepted
[Sat Sep 27 20:59:59 2025] [::1]:65207 Accepted
[Sat Sep 27 20:59:59 2025] [::1]:49683 [200]: GET /images/cam27Sep2025152258.png
[Sat Sep 27 20:59:59 2025] [::1]:65207 [200]: GET /images/cam27Sep2025152307.png
[Sat Sep 27 20:59:59 2025] [::1]:63600 Accepted
[Sat Sep 27 20:59:59 2025] [::1]:59814 Accepted
[Sat Sep 27 20:59:59 2025] [::1]:63600 [200]: GET /images/cam27Sep2025152316.png
[Sat Sep 27 20:59:59 2025] [::1]:59814 [200]: GET /images/cam27Sep2025152325.png
[Sat Sep 27 20:59:59 2025] [::1]:49454 Accepted
[Sat Sep 27 20:59:59 2025] [::1]:51666 Closing
[Sat Sep 27 20:59:59 2025] [::1]:49454 [200]: GET /images/cam27Sep2025152334.png
[Sat Sep 27 20:59:59 2025] [::1]:49683 Closing
[Sat Sep 27 20:59:59 2025] [::1]:65207 Closing
[Sat Sep 27 20:59:59 2025] [::1]:63600 Closing
[Sat Sep 27 20:59:59 2025] [::1]:49454 Closing
[Sat Sep 27 20:59:59 2025] [::1]:59814 Closing
[Sat Sep 27 20:59:59 2025] [::1]:58895 Accepted
[Sat Sep 27 20:59:59 2025] [::1]:64457 Accepted
[Sat Sep 27 20:59:59 2025] [::1]:61360 Accepted
[Sat Sep 27 20:59:59 2025] [::1]:50498 Accepted
[Sat Sep 27 20:59:59 2025] [::1]:58895 [200]: GET /images/cam27Sep2025152343.png
[Sat Sep 27 20:59:59 2025] [::1]:64457 [200]: GET /images/cam27Sep2025152352.png
[Sat Sep 27 20:59:59 2025] [::1]:61360 [200]: GET /images/cam27Sep2025152401.png
[Sat Sep 27 20:59:59 2025] [::1]:50498 [200]: GET /images/cam27Sep2025152428.png
[Sat Sep 27 20:59:59 2025] [::1]:54470 Accepted
[Sat Sep 27 20:59:59 2025] [::1]:54470 [200]: GET /images/cam27Sep2025152410.png
[Sat Sep 27 20:59:59 2025] [::1]:55773 Accepted
[Sat Sep 27 20:59:59 2025] [::1]:55773 [200]: GET /images/cam27Sep2025152419.png
[Sat Sep 27 20:59:59 2025] [::1]:58895 Closing
[Sat Sep 27 20:59:59 2025] [::1]:64457 Closing
[Sat Sep 27 20:59:59 2025] [::1]:61360 Closing
[Sat Sep 27 20:59:59 2025] [::1]:50498 Closing
[Sat Sep 27 20:59:59 2025] [::1]:54470 Closing
[Sat Sep 27 20:59:59 2025] [::1]:55773 Closing
[Sat Sep 27 20:59:59 2025] [::1]:52017 Accepted
[Sat Sep 27 20:59:59 2025] [::1]:52017 [302]: GET /favicon.ico
[Sat Sep 27 20:59:59 2025] [::1]:52017 Closing
[Sat Sep 27 20:59:59 2025] [::1]:60015 Accepted
[Sat Sep 27 20:59:59 2025] [::1]:60015 [200]: GET /panel.php
[Sat Sep 27 20:59:59 2025] [::1]:60015 Closing
[Sat Sep 27 20:59:59 2025] [::1]:64412 Accepted
[Sat Sep 27 20:59:59 2025] [::1]:64412 [200]: GET /spy-images.php
[Sat Sep 27 20:59:59 2025] [::1]:64412 Closing
[Sat Sep 27 20:59:59 2025] [::1]:51944 Accepted
[Sat Sep 27 20:59:59 2025] [::1]:51944 [200]: GET /assets/css/bootstrap.min.css
[Sat Sep 27 20:59:59 2025] [::1]:51944 Closing
[Sat Sep 27 20:59:59 2025] [::1]:62382 Accepted
[Sat Sep 27 20:59:59 2025] [::1]:62382 [200]: GET /images/cam27Sep2025152232.png
[Sat Sep 27 20:59:59 2025] [::1]:52866 Accepted
[Sat Sep 27 20:59:59 2025] [::1]:64120 Accepted
[Sat Sep 27 20:59:59 2025] [::1]:52866 [200]: GET /images/cam27Sep2025152258.png
[Sat Sep 27 20:59:59 2025] [::1]:64120 [200]: GET /images/cam27Sep2025152307.png
[Sat Sep 27 20:59:59 2025] [::1]:53055 Accepted
[Sat Sep 27 20:59:59 2025] [::1]:53055 [200]: GET /images/cam27Sep2025152316.png
[Sat Sep 27 20:59:59 2025] [::1]:64019 Accepted
[Sat Sep 27 20:59:59 2025] [::1]:49535 Accepted
[Sat Sep 27 20:59:59 2025] [::1]:64019 [200]: GET /images/cam27Sep2025152325.png
[Sat Sep 27 20:59:59 2025] [::1]:49535 [200]: GET /images/cam27Sep2025152334.png
[Sat Sep 27 20:59:59 2025] [::1]:62382 Closing
[Sat Sep 27 20:59:59 2025] [::1]:64120 Closing
[Sat Sep 27 20:59:59 2025] [::1]:53055 Closing
[Sat Sep 27 20:59:59 2025] [::1]:52866 Closing
[Sat Sep 27 20:59:59 2025] [::1]:64908 Accepted
[Sat Sep 27 20:59:59 2025] [::1]:60192 Accepted
[Sat Sep 27 20:59:59 2025] [::1]:64019 Closing
[Sat Sep 27 20:59:59 2025] [::1]:49535 Closing
[Sat Sep 27 20:59:59 2025] [::1]:64908 [200]: GET /images/cam27Sep2025152343.png
[Sat Sep 27 20:59:59 2025] [::1]:60192 [200]: GET /images/cam27Sep2025152352.png
[Sat Sep 27 20:59:59 2025] [::1]:55698 Accepted
[Sat Sep 27 20:59:59 2025] [::1]:50895 Accepted
[Sat Sep 27 20:59:59 2025] [::1]:55698 [200]: GET /images/cam27Sep2025152401.png
[Sat Sep 27 20:59:59 2025] [::1]:50895 [200]: GET /images/cam27Sep2025152410.png
[Sat Sep 27 20:59:59 2025] [::1]:58929 Accepted
[Sat Sep 27 20:59:59 2025] [::1]:58929 [200]: GET /images/cam27Sep2025152419.png
[Sat Sep 27 20:59:59 2025] [::1]:60192 Closing
[Sat Sep 27 20:59:59 2025] [::1]:64908 Closing
[Sat Sep 27 20:59:59 2025] [::1]:60844 Accepted
[Sat Sep 27 20:59:59 2025] [::1]:60844 [200]: GET /images/cam27Sep2025152428.png
[Sat Sep 27 20:59:59 2025] [::1]:55698 Closing
[Sat Sep 27 20:59:59 2025] [::1]:50895 Closing
[Sat Sep 27 20:59:59 2025] [::1]:58929 Closing
[Sat Sep 27 20:59:59 2025] [::1]:60844 Closing
[Sat Sep 27 20:59:59 2025] [::1]:65330 Accepted
[Sat Sep 27 20:59:59 2025] [::1]:65330 [302]: GET /favicon.ico
[Sat Sep 27 20:59:59 2025] [::1]:65330 Closing
[Sat Sep 27 20:59:59 2025] [::1]:62618 Accepted
[Sat Sep 27 20:59:59 2025] [::1]:62618 [200]: GET /panel.php
[Sat Sep 27 20:59:59 2025] [::1]:62618 Closing
[Sat Sep 27 20:59:59 2025] [::1]:57694 Accepted
[Sat Sep 27 20:59:59 2025] [::1]:57694 [200]: GET /spy-images.php
[Sat Sep 27 20:59:59 2025] [::1]:57694 Closing
[Sat Sep 27 20:59:59 2025] [::1]:59155 Accepted
[Sat Sep 27 20:59:59 2025] [::1]:64275 Accepted
[Sat Sep 27 20:59:59 2025] [::1]:59155 [200]: GET /assets/css/bootstrap.min.css
[Sat Sep 27 20:59:59 2025] [::1]:59155 Closing
[Sat Sep 27 20:59:59 2025] [::1]:64275 [200]: GET /images/cam27Sep2025152232.png
[Sat Sep 27 20:59:59 2025] [::1]:52419 Accepted
[Sat Sep 27 20:59:59 2025] [::1]:62388 Accepted
[Sat Sep 27 20:59:59 2025] [::1]:52419 [200]: GET /images/cam27Sep2025152258.png
[Sat Sep 27 20:59:59 2025] [::1]:62388 [200]: GET /images/cam27Sep2025152307.png
[Sat Sep 27 20:59:59 2025] [::1]:58617 Accepted
[Sat Sep 27 20:59:59 2025] [::1]:58617 [200]: GET /images/cam27Sep2025152316.png
[Sat Sep 27 20:59:59 2025] [::1]:63234 Accepted
[Sat Sep 27 20:59:59 2025] [::1]:63234 [200]: GET /images/cam27Sep2025152325.png
[Sat Sep 27 20:59:59 2025] [::1]:64275 Closing
[Sat Sep 27 20:59:59 2025] [::1]:61740 Accepted
[Sat Sep 27 20:59:59 2025] [::1]:52419 Closing
[Sat Sep 27 20:59:59 2025] [::1]:61740 [200]: GET /images/cam27Sep2025152334.png
[Sat Sep 27 20:59:59 2025] [::1]:62388 Closing
[Sat Sep 27 20:59:59 2025] [::1]:63234 Closing
[Sat Sep 27 20:59:59 2025] [::1]:58617 Closing
[Sat Sep 27 20:59:59 2025] [::1]:61740 Closing
[Sat Sep 27 20:59:59 2025] [::1]:63950 Accepted
[Sat Sep 27 20:59:59 2025] [::1]:60768 Accepted
[Sat Sep 27 20:59:59 2025] [::1]:57771 Accepted
[Sat Sep 27 20:59:59 2025] [::1]:63950 [200]: GET /images/cam27Sep2025152343.png
[Sat Sep 27 20:59:59 2025] [::1]:60768 [200]: GET /images/cam27Sep2025152410.png
[Sat Sep 27 20:59:59 2025] [::1]:57771 [200]: GET /images/cam27Sep2025152428.png
[Sat Sep 27 20:59:59 2025] [::1]:56410 Accepted
[Sat Sep 27 20:59:59 2025] [::1]:56093 Accepted
[Sat Sep 27 20:59:59 2025] [::1]:56410 [200]: GET /images/cam27Sep2025152419.png
[Sat Sep 27 20:59:59 2025] [::1]:56093 [200]: GET /images/cam27Sep2025152352.png
[Sat Sep 27 20:59:59 2025] [::1]:57242 Accepted
[Sat Sep 27 20:59:59 2025] [::1]:63950 Closing
[Sat Sep 27 20:59:59 2025] [::1]:57242 [200]: GET /images/cam27Sep2025152401.png
[Sat Sep 27 20:59:59 2025] [::1]:56410 Closing
[Sat Sep 27 20:59:59 2025] [::1]:56093 Closing
[Sat Sep 27 20:59:59 2025] [::1]:60768 Closing
[Sat Sep 27 20:59:59 2025] [::1]:57771 Closing
[Sat Sep 27 20:59:59 2025] [::1]:57242 Closing
[Sat Sep 27 20:59:59 2025] [::1]:50602 Accepted
[Sat Sep 27 20:59:59 2025] [::1]:50602 [302]: GET /favicon.ico
[Sat Sep 27 20:59:59 2025] [::1]:50602 Closing
[Sat Sep 27 20:59:59 2025] [::1]:64562 Accepted
[Sat Sep 27 20:59:59 2025] [::1]:64562 [200]: GET /panel.php
[Sat Sep 27 20:59:59 2025] [::1]:64562 Closing
[Sat Sep 27 21:00:19 2025] [::1]:51704 Accepted
[Sat Sep 27 21:00:19 2025] [::1]:51704 [200]: GET /spy-images.php
[Sat Sep 27 21:00:19 2025] [::1]:51704 Closing
[Sat Sep 27 21:00:19 2025] [::1]:54778 Accepted
[Sat Sep 27 21:00:19 2025] [::1]:54778 [200]: GET /assets/css/bootstrap.min.css
[Sat Sep 27 21:00:19 2025] [::1]:50586 Accepted
[Sat Sep 27 21:00:19 2025] [::1]:58121 Accepted
[Sat Sep 27 21:00:19 2025] [::1]:54778 Closing
[Sat Sep 27 21:00:19 2025] [::1]:50586 [200]: GET /images/cam27Sep2025152232.png
[Sat Sep 27 21:00:19 2025] [::1]:58121 [200]: GET /images/cam27Sep2025152258.png
[Sat Sep 27 21:00:19 2025] [::1]:65385 Accepted
[Sat Sep 27 21:00:19 2025] [::1]:58860 Accepted
[Sat Sep 27 21:00:19 2025] [::1]:65385 [200]: GET /images/cam27Sep2025152307.png
[Sat Sep 27 21:00:19 2025] [::1]:58860 [200]: GET /images/cam27Sep2025152316.png
[Sat Sep 27 21:00:19 2025] [::1]:63157 Accepted
[Sat Sep 27 21:00:19 2025] [::1]:63157 [200]: GET /images/cam27Sep2025152325.png
[Sat Sep 27 21:00:19 2025] [::1]:63631 Accepted
[Sat Sep 27 21:00:19 2025] [::1]:63631 [200]: GET /images/cam27Sep2025152334.png
[Sat Sep 27 21:00:19 2025] [::1]:50586 Closing
[Sat Sep 27 21:00:19 2025] [::1]:65385 Closing
[Sat Sep 27 21:00:19 2025] [::1]:63157 Closing
[Sat Sep 27 21:00:19 2025] [::1]:58121 Closing
[Sat Sep 27 21:00:19 2025] [::1]:58860 Closing
[Sat Sep 27 21:00:19 2025] [::1]:59875 Accepted
[Sat Sep 27 21:00:19 2025] [::1]:52870 Accepted
[Sat Sep 27 21:00:19 2025] [::1]:59875 [200]: GET /images/cam27Sep2025152343.png
[Sat Sep 27 21:00:19 2025] [::1]:63631 Closing
[Sat Sep 27 21:00:19 2025] [::1]:52870 [200]: GET /images/cam27Sep2025152352.png
[Sat Sep 27 21:00:19 2025] [::1]:51419 Accepted
[Sat Sep 27 21:00:19 2025] [::1]:53001 Accepted
[Sat Sep 27 21:00:19 2025] [::1]:53704 Accepted
[Sat Sep 27 21:00:19 2025] [::1]:51419 [200]: GET /images/cam27Sep2025152401.png
[Sat Sep 27 21:00:19 2025] [::1]:53001 [200]: GET /images/cam27Sep2025152410.png
[Sat Sep 27 21:00:19 2025] [::1]:53704 [200]: GET /images/cam27Sep2025152419.png
[Sat Sep 27 21:00:19 2025] [::1]:52870 Closing
[Sat Sep 27 21:00:19 2025] [::1]:59875 Closing
[Sat Sep 27 21:00:19 2025] [::1]:51190 Accepted
[Sat Sep 27 21:00:19 2025] [::1]:51190 [200]: GET /images/cam27Sep2025152428.png
[Sat Sep 27 21:00:19 2025] [::1]:51419 Closing
[Sat Sep 27 21:00:19 2025] [::1]:53001 Closing
[Sat Sep 27 21:00:19 2025] [::1]:53704 Closing
[Sat Sep 27 21:00:19 2025] [::1]:51190 Closing
[Sat Sep 27 21:00:19 2025] [::1]:64454 Accepted
[Sat Sep 27 21:00:19 2025] [::1]:64454 [302]: GET /favicon.ico
[Sat Sep 27 21:00:19 2025] [::1]:64454 Closing
[Sat Sep 27 21:00:19 2025] [::1]:63247 Accepted
[Sat Sep 27 21:00:19 2025] [::1]:63247 [200]: GET /panel.php
[Sat Sep 27 21:00:19 2025] [::1]:63247 Closing
[Sat Sep 27 21:00:23 2025] [::1]:60925 Accepted
[Sat Sep 27 21:00:23 2025] [::1]:60925 [200]: GET /panel.php
[Sat Sep 27 21:00:23 2025] [::1]:60925 Closing
[Sat Sep 27 21:00:23 2025] [::1]:58014 Accepted
[Sat Sep 27 21:00:23 2025] [::1]:60602 Accepted
[Sat Sep 27 21:00:23 2025] [::1]:58014 [200]: GET /assets/css/bootstrap.min.css
[Sat Sep 27 21:00:23 2025] [::1]:58014 Closing
[Sat Sep 27 21:00:23 2025] [::1]:60602 [200]: GET /assets/css/light-theme.min.css
[Sat Sep 27 21:00:23 2025] [::1]:52247 Accepted
[Sat Sep 27 21:00:23 2025] [::1]:60602 Closing
[Sat Sep 27 21:00:23 2025] [::1]:62261 Accepted
[Sat Sep 27 21:00:23 2025] [::1]:52247 [200]: GET /assets/js/jquery.min.js
[Sat Sep 27 21:00:23 2025] [::1]:52247 Closing
[Sat Sep 27 21:00:23 2025] [::1]:64592 Accepted
[Sat Sep 27 21:00:23 2025] [::1]:62261 [200]: GET /assets/js/script.js
[Sat Sep 27 21:00:23 2025] [::1]:64592 [200]: GET /assets/js/sweetalert2.min.js
[Sat Sep 27 21:00:23 2025] [::1]:62261 Closing
[Sat Sep 27 21:00:23 2025] [::1]:64592 Closing
[Sat Sep 27 21:00:23 2025] [::1]:58713 Accepted
[Sat Sep 27 21:00:23 2025] [::1]:58713 [200]: GET /assets/js/growl-notification.min.js
[Sat Sep 27 21:00:23 2025] [::1]:58713 Closing
[Sat Sep 27 21:00:23 2025] [::1]:58208 Accepted
[Sat Sep 27 21:00:23 2025] [::1]:58208 [200]: GET /Settings.json
[Sat Sep 27 21:00:23 2025] [::1]:58208 Closing
[Sat Sep 27 21:00:23 2025] [::1]:61653 Accepted
[Sat Sep 27 21:00:23 2025] [::1]:61653 [200]: POST /list_templates.php
[Sat Sep 27 21:00:23 2025] [::1]:61653 Closing
[Sat Sep 27 21:00:23 2025] [::1]:55537 Accepted
[Sat Sep 27 21:00:23 2025] [::1]:55537 [302]: GET /favicon.ico
[Sat Sep 27 21:00:23 2025] [::1]:55537 Closing
[Sat Sep 27 21:00:23 2025] [::1]:60981 Accepted
[Sat Sep 27 21:00:23 2025] [::1]:60981 [200]: GET /panel.php
[Sat Sep 27 21:00:23 2025] [::1]:60981 Closing
[Sat Sep 27 21:00:25 2025] [::1]:54500 Accepted
[Sat Sep 27 21:00:25 2025] [::1]:54500 [200]: GET /spy-images.php
[Sat Sep 27 21:00:25 2025] [::1]:54500 Closing
[Sat Sep 27 21:00:25 2025] [::1]:50237 Accepted
[Sat Sep 27 21:00:25 2025] [::1]:57412 Accepted
[Sat Sep 27 21:00:25 2025] [::1]:50237 [200]: GET /assets/css/bootstrap.min.css
[Sat Sep 27 21:00:25 2025] [::1]:57412 [200]: GET /images/cam27Sep2025152232.png
[Sat Sep 27 21:00:25 2025] [::1]:50237 Closing
[Sat Sep 27 21:00:25 2025] [::1]:58457 Accepted
[Sat Sep 27 21:00:25 2025] [::1]:60711 Accepted
[Sat Sep 27 21:00:25 2025] [::1]:58457 [200]: GET /images/cam27Sep2025152258.png
[Sat Sep 27 21:00:25 2025] [::1]:60711 [200]: GET /images/cam27Sep2025152307.png
[Sat Sep 27 21:00:25 2025] [::1]:59998 Accepted
[Sat Sep 27 21:00:25 2025] [::1]:62005 Accepted
[Sat Sep 27 21:00:25 2025] [::1]:59998 [200]: GET /images/cam27Sep2025152316.png
[Sat Sep 27 21:00:25 2025] [::1]:62005 [200]: GET /images/cam27Sep2025152325.png
[Sat Sep 27 21:00:25 2025] [::1]:57412 Closing
[Sat Sep 27 21:00:25 2025] [::1]:58457 Closing
[Sat Sep 27 21:00:25 2025] [::1]:51693 Accepted
[Sat Sep 27 21:00:25 2025] [::1]:60711 Closing
[Sat Sep 27 21:00:25 2025] [::1]:51693 [200]: GET /images/cam27Sep2025152334.png
[Sat Sep 27 21:00:25 2025] [::1]:59998 Closing
[Sat Sep 27 21:00:25 2025] [::1]:62005 Closing
[Sat Sep 27 21:00:25 2025] [::1]:51693 Closing
[Sat Sep 27 21:00:25 2025] [::1]:62949 Accepted
[Sat Sep 27 21:00:25 2025] [::1]:51917 Accepted
[Sat Sep 27 21:00:25 2025] [::1]:60247 Accepted
[Sat Sep 27 21:00:25 2025] [::1]:62949 [200]: GET /images/cam27Sep2025152343.png
[Sat Sep 27 21:00:25 2025] [::1]:51917 [200]: GET /images/cam27Sep2025152352.png
[Sat Sep 27 21:00:25 2025] [::1]:60247 [200]: GET /images/cam27Sep2025152401.png
[Sat Sep 27 21:00:25 2025] [::1]:59600 Accepted
[Sat Sep 27 21:00:25 2025] [::1]:51184 Accepted
[Sat Sep 27 21:00:25 2025] [::1]:59600 [200]: GET /images/cam27Sep2025152410.png
[Sat Sep 27 21:00:25 2025] [::1]:51184 [200]: GET /images/cam27Sep2025152419.png
[Sat Sep 27 21:00:25 2025] [::1]:62949 Closing
[Sat Sep 27 21:00:25 2025] [::1]:51917 Closing
[Sat Sep 27 21:00:25 2025] [::1]:60247 Closing
[Sat Sep 27 21:00:25 2025] [::1]:59277 Accepted
[Sat Sep 27 21:00:25 2025] [::1]:59600 Closing
[Sat Sep 27 21:00:25 2025] [::1]:59277 [200]: GET /images/cam27Sep2025152428.png
[Sat Sep 27 21:00:25 2025] [::1]:51184 Closing
[Sat Sep 27 21:00:25 2025] [::1]:59277 Closing
[Sat Sep 27 21:00:25 2025] [::1]:49996 Accepted
[Sat Sep 27 21:00:25 2025] [::1]:49996 [302]: GET /favicon.ico
[Sat Sep 27 21:00:25 2025] [::1]:49996 Closing
[Sat Sep 27 21:00:25 2025] [::1]:59965 Accepted
[Sat Sep 27 21:00:25 2025] [::1]:59965 [200]: GET /panel.php
[Sat Sep 27 21:00:25 2025] [::1]:59965 Closing
[Sat Sep 27 21:01:26 2025] [::1]:56898 Accepted
[Sat Sep 27 21:01:26 2025] [::1]:52739 Accepted
[Sat Sep 27 21:01:26 2025] [::1]:56898 [200]: GET /spy-images.php
[Sat Sep 27 21:01:26 2025] [::1]:56898 Closing
[Sat Sep 27 21:01:26 2025] [::1]:52739 [200]: GET /assets/css/bootstrap.min.css
[Sat Sep 27 21:01:26 2025] [::1]:52739 Closing
[Sat Sep 27 21:01:26 2025] [::1]:60011 Accepted
[Sat Sep 27 21:01:26 2025] [::1]:55910 Accepted
[Sat Sep 27 21:01:26 2025] [::1]:64619 Accepted
[Sat Sep 27 21:01:26 2025] [::1]:60011 [200]: GET /images/cam27Sep2025152232.png
[Sat Sep 27 21:01:26 2025] [::1]:55910 [200]: GET /images/cam27Sep2025152258.png
[Sat Sep 27 21:01:26 2025] [::1]:64619 [200]: GET /images/cam27Sep2025152307.png
[Sat Sep 27 21:01:26 2025] [::1]:65101 Accepted
[Sat Sep 27 21:01:26 2025] [::1]:65101 [200]: GET /images/cam27Sep2025152316.png
[Sat Sep 27 21:01:26 2025] [::1]:62392 Accepted
[Sat Sep 27 21:01:26 2025] [::1]:53020 Accepted
[Sat Sep 27 21:01:26 2025] [::1]:62392 [200]: GET /images/cam27Sep2025152325.png
[Sat Sep 27 21:01:26 2025] [::1]:53020 [200]: GET /images/cam27Sep2025152334.png
[Sat Sep 27 21:01:26 2025] [::1]:64619 Closing
[Sat Sep 27 21:01:26 2025] [::1]:55910 Closing
[Sat Sep 27 21:01:26 2025] [::1]:60011 Closing
[Sat Sep 27 21:01:26 2025] [::1]:65101 Closing
[Sat Sep 27 21:01:26 2025] [::1]:49685 Accepted
[Sat Sep 27 21:01:26 2025] [::1]:50569 Accepted
[Sat Sep 27 21:01:26 2025] [::1]:62392 Closing
[Sat Sep 27 21:01:26 2025] [::1]:63573 Accepted
[Sat Sep 27 21:01:26 2025] [::1]:49685 [200]: GET /images/cam27Sep2025152352.png
[Sat Sep 27 21:01:26 2025] [::1]:50569 [200]: GET /images/cam27Sep2025152401.png
[Sat Sep 27 21:01:26 2025] [::1]:63573 [200]: GET /images/cam27Sep2025152419.png
[Sat Sep 27 21:01:26 2025] [::1]:64479 Accepted
[Sat Sep 27 21:01:26 2025] [::1]:64479 [200]: GET /images/cam27Sep2025152428.png
[Sat Sep 27 21:01:26 2025] [::1]:53020 Closing
[Sat Sep 27 21:01:26 2025] [::1]:64479 Closing
[Sat Sep 27 21:01:26 2025] [::1]:49685 Closing
[Sat Sep 27 21:01:26 2025] [::1]:50569 Closing
[Sat Sep 27 21:01:26 2025] [::1]:65066 Accepted
[Sat Sep 27 21:01:26 2025] [::1]:60378 Accepted
[Sat Sep 27 21:01:26 2025] [::1]:65066 [200]: GET /images/cam27Sep2025152410.png
[Sat Sep 27 21:01:26 2025] [::1]:60378 [200]: GET /images/cam27Sep2025152343.png
[Sat Sep 27 21:01:26 2025] [::1]:63573 Closing
[Sat Sep 27 21:01:26 2025] [::1]:65066 Closing
[Sat Sep 27 21:01:26 2025] [::1]:60378 Closing
[Sat Sep 27 21:01:26 2025] [::1]:56312 Accepted
[Sat Sep 27 21:01:26 2025] [::1]:56312 [302]: GET /favicon.ico
[Sat Sep 27 21:01:26 2025] [::1]:56312 Closing
[Sat Sep 27 21:01:26 2025] [::1]:62391 Accepted
[Sat Sep 27 21:01:26 2025] [::1]:62391 [200]: GET /panel.php
[Sat Sep 27 21:01:26 2025] [::1]:62391 Closing
[Sat Sep 27 21:02:34 2025] [::1]:58618 Accepted
[Sat Sep 27 21:02:34 2025] [::1]:58618 [200]: GET /panel.php
[Sat Sep 27 21:02:34 2025] [::1]:58618 Closing
[Sat Sep 27 21:02:34 2025] [::1]:62046 Accepted
[Sat Sep 27 21:02:34 2025] [::1]:57931 Accepted
[Sat Sep 27 21:02:34 2025] [::1]:62046 [200]: GET /assets/css/bootstrap.min.css
[Sat Sep 27 21:02:34 2025] [::1]:57931 [200]: GET /assets/css/light-theme.min.css
[Sat Sep 27 21:02:34 2025] [::1]:62046 Closing
[Sat Sep 27 21:02:34 2025] [::1]:57931 Closing
[Sat Sep 27 21:02:34 2025] [::1]:53590 Accepted
[Sat Sep 27 21:02:35 2025] [::1]:61011 Accepted
[Sat Sep 27 21:02:35 2025] [::1]:57579 Accepted
[Sat Sep 27 21:02:35 2025] [::1]:53590 [200]: GET /assets/js/jquery.min.js
[Sat Sep 27 21:02:35 2025] [::1]:61011 [200]: GET /assets/js/script.js
[Sat Sep 27 21:02:35 2025] [::1]:57579 [200]: GET /assets/js/sweetalert2.min.js
[Sat Sep 27 21:02:35 2025] [::1]:52748 Accepted
[Sat Sep 27 21:02:35 2025] [::1]:53590 Closing
[Sat Sep 27 21:02:35 2025] [::1]:61011 Closing
[Sat Sep 27 21:02:35 2025] [::1]:57579 Closing
[Sat Sep 27 21:02:35 2025] [::1]:52748 [200]: GET /assets/js/growl-notification.min.js
[Sat Sep 27 21:02:35 2025] [::1]:52748 Closing
[Sat Sep 27 21:02:35 2025] [::1]:52446 Accepted
[Sat Sep 27 21:02:35 2025] [::1]:52446 [200]: GET /Settings.json
[Sat Sep 27 21:02:35 2025] [::1]:52446 Closing
[Sat Sep 27 21:02:35 2025] [::1]:60400 Accepted
[Sat Sep 27 21:02:35 2025] [::1]:60400 [200]: POST /list_templates.php
[Sat Sep 27 21:02:35 2025] [::1]:60400 Closing
[Sat Sep 27 21:02:35 2025] [::1]:50328 Accepted
[Sat Sep 27 21:02:35 2025] [::1]:50328 [302]: GET /favicon.ico
[Sat Sep 27 21:02:35 2025] [::1]:50328 Closing
[Sat Sep 27 21:02:35 2025] [::1]:59159 Accepted
[Sat Sep 27 21:02:35 2025] [::1]:59159 [200]: GET /panel.php
[Sat Sep 27 21:02:35 2025] [::1]:59159 Closing
[Sat Sep 27 21:02:38 2025] [::1]:51092 Accepted
[Sat Sep 27 21:02:39 2025] [::1]:51092 [200]: POST /receiver.php
[Sat Sep 27 21:02:39 2025] [::1]:51092 Closing
[Sat Sep 27 21:02:40 2025] [::1]:58972 Accepted
[Sat Sep 27 21:02:40 2025] [::1]:58972 [200]: POST /receiver.php
[Sat Sep 27 21:02:40 2025] [::1]:58972 Closing
[Sat Sep 27 21:02:40 2025] [::1]:61543 Accepted
[Sat Sep 27 21:02:40 2025] [::1]:61711 Accepted
[Sat Sep 27 21:02:40 2025] [::1]:61543 [200]: GET /assets/css/bootstrap.min.css
[Sat Sep 27 21:02:40 2025] [::1]:61711 [200]: GET /assets/css/light-theme.min.css
[Sat Sep 27 21:02:40 2025] [::1]:61543 Closing
[Sat Sep 27 21:02:40 2025] [::1]:61711 Closing
[Sat Sep 27 21:02:40 2025] [::1]:49725 Accepted
[Sat Sep 27 21:02:40 2025] [::1]:49725 [302]: GET /.well-known/appspecific/com.chrome.devtools.json
[Sat Sep 27 21:02:40 2025] [::1]:49725 Closing
[Sat Sep 27 21:02:40 2025] [::1]:50484 Accepted
[Sat Sep 27 21:02:40 2025] [::1]:50484 [302]: GET /.well-known/appspecific/panel.php
[Sat Sep 27 21:02:40 2025] [::1]:50484 Closing
[Sat Sep 27 21:02:40 2025] [::1]:51322 Accepted
[Sat Sep 27 21:02:40 2025] [::1]:51322 [302]: GET /.well-known/appspecific/panel.php
[Sat Sep 27 21:02:40 2025] [::1]:51322 Closing
[Sat Sep 27 21:02:40 2025] [::1]:64144 Accepted
[Sat Sep 27 21:02:40 2025] [::1]:64144 [302]: GET /.well-known/appspecific/panel.php
[Sat Sep 27 21:02:40 2025] [::1]:64144 Closing
[Sat Sep 27 21:02:40 2025] [::1]:51481 Accepted
[Sat Sep 27 21:02:40 2025] [::1]:51481 [302]: GET /.well-known/appspecific/panel.php
[Sat Sep 27 21:02:40 2025] [::1]:51481 Closing
[Sat Sep 27 21:02:40 2025] [::1]:63371 Accepted
[Sat Sep 27 21:02:40 2025] [::1]:63371 [302]: GET /.well-known/appspecific/panel.php
[Sat Sep 27 21:02:40 2025] [::1]:63371 Closing
[Sat Sep 27 21:02:40 2025] [::1]:50565 Accepted
[Sat Sep 27 21:02:40 2025] [::1]:50565 [302]: GET /.well-known/appspecific/panel.php
[Sat Sep 27 21:02:40 2025] [::1]:50565 Closing
[Sat Sep 27 21:02:40 2025] [::1]:60231 Accepted
[Sat Sep 27 21:02:40 2025] [::1]:60231 [302]: GET /.well-known/appspecific/panel.php
[Sat Sep 27 21:02:40 2025] [::1]:60231 Closing
[Sat Sep 27 21:02:40 2025] [::1]:50543 Accepted
[Sat Sep 27 21:02:40 2025] [::1]:50543 [302]: GET /.well-known/appspecific/panel.php
[Sat Sep 27 21:02:40 2025] [::1]:50543 Closing
[Sat Sep 27 21:02:40 2025] [::1]:52540 Accepted
[Sat Sep 27 21:02:40 2025] [::1]:52540 [302]: GET /.well-known/appspecific/panel.php
[Sat Sep 27 21:02:40 2025] [::1]:52540 Closing
[Sat Sep 27 21:02:40 2025] [::1]:58293 Accepted
[Sat Sep 27 21:02:40 2025] [::1]:58293 [302]: GET /.well-known/appspecific/panel.php
[Sat Sep 27 21:02:40 2025] [::1]:58293 Closing
[Sat Sep 27 21:02:40 2025] [::1]:54862 Accepted
[Sat Sep 27 21:02:40 2025] [::1]:54862 [302]: GET /.well-known/appspecific/panel.php
[Sat Sep 27 21:02:40 2025] [::1]:54862 Closing
[Sat Sep 27 21:02:40 2025] [::1]:54190 Accepted
[Sat Sep 27 21:02:40 2025] [::1]:54190 [302]: GET /.well-known/appspecific/panel.php
[Sat Sep 27 21:02:40 2025] [::1]:54190 Closing
[Sat Sep 27 21:02:40 2025] [::1]:53523 Accepted
[Sat Sep 27 21:02:40 2025] [::1]:53523 [302]: GET /.well-known/appspecific/panel.php
[Sat Sep 27 21:02:40 2025] [::1]:53523 Closing
[Sat Sep 27 21:02:40 2025] [::1]:65319 Accepted
[Sat Sep 27 21:02:40 2025] [::1]:65319 [302]: GET /.well-known/appspecific/panel.php
[Sat Sep 27 21:02:40 2025] [::1]:65319 Closing
[Sat Sep 27 21:02:40 2025] [::1]:58532 Accepted
[Sat Sep 27 21:02:41 2025] [::1]:58532 [302]: GET /.well-known/appspecific/panel.php
[Sat Sep 27 21:02:41 2025] [::1]:58532 Closing
[Sat Sep 27 21:02:41 2025] [::1]:63193 Accepted
[Sat Sep 27 21:02:41 2025] [::1]:63193 [302]: GET /.well-known/appspecific/panel.php
[Sat Sep 27 21:02:41 2025] [::1]:63193 Closing
[Sat Sep 27 21:02:41 2025] [::1]:52728 Accepted
[Sat Sep 27 21:02:41 2025] [::1]:52728 [302]: GET /.well-known/appspecific/panel.php
[Sat Sep 27 21:02:41 2025] [::1]:52728 Closing
[Sat Sep 27 21:02:41 2025] [::1]:54235 Accepted
[Sat Sep 27 21:02:41 2025] [::1]:54235 [302]: GET /.well-known/appspecific/panel.php
[Sat Sep 27 21:02:41 2025] [::1]:54235 Closing
[Sat Sep 27 21:02:41 2025] [::1]:59941 Accepted
[Sat Sep 27 21:02:41 2025] [::1]:59941 [302]: GET /.well-known/appspecific/panel.php
[Sat Sep 27 21:02:41 2025] [::1]:59941 Closing
[Sat Sep 27 21:02:41 2025] [::1]:58547 Accepted
[Sat Sep 27 21:02:41 2025] [::1]:58547 [302]: GET /.well-known/appspecific/panel.php
[Sat Sep 27 21:02:41 2025] [::1]:58547 Closing
[Sat Sep 27 21:02:42 2025] [::1]:52650 Accepted
[Sat Sep 27 21:02:42 2025] [::1]:52650 [200]: POST /receiver.php
[Sat Sep 27 21:02:42 2025] [::1]:52650 Closing
[Sat Sep 27 21:02:44 2025] [::1]:61183 Accepted
[Sat Sep 27 21:02:44 2025] [::1]:61183 [200]: POST /receiver.php
[Sat Sep 27 21:02:44 2025] [::1]:61183 Closing
[Sat Sep 27 21:02:46 2025] [::1]:56792 Accepted
[Sat Sep 27 21:02:46 2025] [::1]:56792 [200]: POST /receiver.php
[Sat Sep 27 21:02:46 2025] [::1]:56792 Closing
[Sat Sep 27 21:02:47 2025] [::1]:62762 Accepted
[Sat Sep 27 21:02:47 2025] [::1]:62762 [200]: GET /spy-images.php
[Sat Sep 27 21:02:47 2025] [::1]:62762 Closing
[Sat Sep 27 21:02:47 2025] [::1]:65421 Accepted
[Sat Sep 27 21:02:47 2025] [::1]:65421 [302]: GET /.well-known/appspecific/com.chrome.devtools.json
[Sat Sep 27 21:02:47 2025] [::1]:65421 Closing
[Sat Sep 27 21:02:47 2025] [::1]:50203 Accepted
[Sat Sep 27 21:02:47 2025] [::1]:50203 [200]: GET /assets/css/bootstrap.min.css
[Sat Sep 27 21:02:47 2025] [::1]:50203 Closing
[Sat Sep 27 21:02:47 2025] [::1]:62904 Accepted
[Sat Sep 27 21:02:47 2025] [::1]:59364 Accepted
[Sat Sep 27 21:02:47 2025] [::1]:57348 Accepted
[Sat Sep 27 21:02:47 2025] [::1]:58226 Accepted
[Sat Sep 27 21:02:47 2025] [::1]:61284 Accepted
[Sat Sep 27 21:02:47 2025] [::1]:62904 [200]: GET /images/cam27Sep2025152232.png
[Sat Sep 27 21:02:47 2025] [::1]:59364 [200]: GET /images/cam27Sep2025152258.png
[Sat Sep 27 21:02:47 2025] [::1]:57348 [200]: GET /images/cam27Sep2025152307.png
[Sat Sep 27 21:02:47 2025] [::1]:58226 [200]: GET /images/cam27Sep2025152316.png
[Sat Sep 27 21:02:47 2025] [::1]:61284 [200]: GET /images/cam27Sep2025152325.png
[Sat Sep 27 21:02:47 2025] [::1]:60946 Accepted
[Sat Sep 27 21:02:47 2025] [::1]:60946 [200]: GET /images/cam27Sep2025152334.png
[Sat Sep 27 21:02:47 2025] [::1]:59364 Closing
[Sat Sep 27 21:02:47 2025] [::1]:57348 Closing
[Sat Sep 27 21:02:47 2025] [::1]:62904 Closing
[Sat Sep 27 21:02:47 2025] [::1]:58226 Closing
[Sat Sep 27 21:02:47 2025] [::1]:61284 Closing
[Sat Sep 27 21:02:47 2025] [::1]:49608 Accepted
[Sat Sep 27 21:02:47 2025] [::1]:60946 Closing
[Sat Sep 27 21:02:47 2025] [::1]:59682 Accepted
[Sat Sep 27 21:02:47 2025] [::1]:49972 Accepted
[Sat Sep 27 21:02:47 2025] [::1]:49608 [200]: GET /images/cam27Sep2025152352.png
[Sat Sep 27 21:02:47 2025] [::1]:59682 [200]: GET /images/cam27Sep2025152343.png
[Sat Sep 27 21:02:47 2025] [::1]:49972 [302]: GET /.well-known/appspecific/panel.php
[Sat Sep 27 21:02:47 2025] [::1]:49972 Closing
[Sat Sep 27 21:02:47 2025] [::1]:58714 Accepted
[Sat Sep 27 21:02:47 2025] [::1]:58714 [302]: GET /.well-known/appspecific/panel.php
[Sat Sep 27 21:02:47 2025] [::1]:58714 Closing
[Sat Sep 27 21:02:47 2025] [::1]:53030 Accepted
[Sat Sep 27 21:02:47 2025] [::1]:53030 [302]: GET /.well-known/appspecific/panel.php
[Sat Sep 27 21:02:47 2025] [::1]:53030 Closing
[Sat Sep 27 21:02:47 2025] [::1]:49608 Closing
[Sat Sep 27 21:02:47 2025] [::1]:56047 Accepted
[Sat Sep 27 21:02:47 2025] [::1]:51426 Accepted
[Sat Sep 27 21:02:47 2025] [::1]:60622 Accepted
[Sat Sep 27 21:02:47 2025] [::1]:56047 [200]: GET /images/cam27Sep2025152401.png
[Sat Sep 27 21:02:47 2025] [::1]:51426 [200]: GET /images/cam27Sep2025152410.png
[Sat Sep 27 21:02:47 2025] [::1]:60622 [302]: GET /.well-known/appspecific/panel.php
[Sat Sep 27 21:02:47 2025] [::1]:60622 Closing
[Sat Sep 27 21:02:47 2025] [::1]:59682 Closing
[Sat Sep 27 21:02:47 2025] [::1]:50225 Accepted
[Sat Sep 27 21:02:47 2025] [::1]:50225 [302]: GET /.well-known/appspecific/panel.php
[Sat Sep 27 21:02:47 2025] [::1]:50225 Closing
[Sat Sep 27 21:02:47 2025] [::1]:52617 Accepted
[Sat Sep 27 21:02:47 2025] [::1]:56047 Closing
[Sat Sep 27 21:02:47 2025] [::1]:61483 Accepted
[Sat Sep 27 21:02:47 2025] [::1]:52617 [200]: GET /images/cam27Sep2025152419.png
[Sat Sep 27 21:02:47 2025] [::1]:61483 [200]: GET /images/cam27Sep2025152428.png
[Sat Sep 27 21:02:47 2025] [::1]:61794 Accepted
[Sat Sep 27 21:02:47 2025] [::1]:61794 [302]: GET /.well-known/appspecific/panel.php
[Sat Sep 27 21:02:47 2025] [::1]:61794 Closing
[Sat Sep 27 21:02:47 2025] [::1]:51426 Closing
[Sat Sep 27 21:02:47 2025] [::1]:52617 Closing
[Sat Sep 27 21:02:47 2025] [::1]:57779 Accepted
[Sat Sep 27 21:02:47 2025] [::1]:57779 [302]: GET /.well-known/appspecific/panel.php
[Sat Sep 27 21:02:47 2025] [::1]:57779 Closing
[Sat Sep 27 21:02:47 2025] [::1]:50642 Accepted
[Sat Sep 27 21:02:47 2025] [::1]:61483 Closing
[Sat Sep 27 21:02:47 2025] [::1]:50642 [302]: GET /.well-known/appspecific/panel.php
[Sat Sep 27 21:02:47 2025] [::1]:50642 Closing
[Sat Sep 27 21:02:47 2025] [::1]:63358 Accepted
[Sat Sep 27 21:02:47 2025] [::1]:63358 [302]: GET /.well-known/appspecific/panel.php
[Sat Sep 27 21:02:47 2025] [::1]:63358 Closing
[Sat Sep 27 21:02:47 2025] [::1]:52665 Accepted
[Sat Sep 27 21:02:47 2025] [::1]:52665 [302]: GET /.well-known/appspecific/panel.php
[Sat Sep 27 21:02:47 2025] [::1]:52665 Closing
[Sat Sep 27 21:02:47 2025] [::1]:53709 Accepted
[Sat Sep 27 21:02:47 2025] [::1]:53709 [302]: GET /favicon.ico
[Sat Sep 27 21:02:47 2025] [::1]:53709 Closing
[Sat Sep 27 21:02:47 2025] [::1]:59553 Accepted
[Sat Sep 27 21:02:47 2025] [::1]:59553 [302]: GET /.well-known/appspecific/panel.php
[Sat Sep 27 21:02:47 2025] [::1]:59553 Closing
[Sat Sep 27 21:02:47 2025] [::1]:56353 Accepted
[Sat Sep 27 21:02:47 2025] [::1]:56353 [200]: GET /panel.php
[Sat Sep 27 21:02:47 2025] [::1]:56353 Closing
[Sat Sep 27 21:02:47 2025] [::1]:52883 Accepted
[Sat Sep 27 21:02:47 2025] [::1]:52883 [302]: GET /.well-known/appspecific/panel.php
[Sat Sep 27 21:02:47 2025] [::1]:52883 Closing
[Sat Sep 27 21:02:47 2025] [::1]:61994 Accepted
[Sat Sep 27 21:02:47 2025] [::1]:61994 [302]: GET /.well-known/appspecific/panel.php
[Sat Sep 27 21:02:47 2025] [::1]:61994 Closing
[Sat Sep 27 21:02:47 2025] [::1]:53562 Accepted
[Sat Sep 27 21:02:47 2025] [::1]:53562 [302]: GET /.well-known/appspecific/panel.php
[Sat Sep 27 21:02:47 2025] [::1]:53562 Closing
[Sat Sep 27 21:02:47 2025] [::1]:53815 Accepted
[Sat Sep 27 21:02:47 2025] [::1]:53815 [302]: GET /.well-known/appspecific/panel.php
[Sat Sep 27 21:02:47 2025] [::1]:53815 Closing
[Sat Sep 27 21:02:47 2025] [::1]:58526 Accepted
[Sat Sep 27 21:02:47 2025] [::1]:58526 [302]: GET /.well-known/appspecific/panel.php
[Sat Sep 27 21:02:47 2025] [::1]:58526 Closing
[Sat Sep 27 21:02:47 2025] [::1]:64760 Accepted
[Sat Sep 27 21:02:47 2025] [::1]:64760 [302]: GET /.well-known/appspecific/panel.php
[Sat Sep 27 21:02:47 2025] [::1]:64760 Closing
[Sat Sep 27 21:02:47 2025] [::1]:52169 Accepted
[Sat Sep 27 21:02:47 2025] [::1]:52169 [302]: GET /.well-known/appspecific/panel.php
[Sat Sep 27 21:02:47 2025] [::1]:52169 Closing
[Sat Sep 27 21:02:47 2025] [::1]:65234 Accepted
[Sat Sep 27 21:02:47 2025] [::1]:65234 [302]: GET /.well-known/appspecific/panel.php
[Sat Sep 27 21:02:47 2025] [::1]:65234 Closing
[Sat Sep 27 21:02:47 2025] [::1]:57136 Accepted
[Sat Sep 27 21:02:47 2025] [::1]:57136 [302]: GET /.well-known/appspecific/panel.php
[Sat Sep 27 21:02:47 2025] [::1]:57136 Closing
[Sat Sep 27 21:02:55 2025] [::1]:54824 Accepted
[Sat Sep 27 21:02:55 2025] [::1]:54824 [200]: GET /panel.php
[Sat Sep 27 21:02:55 2025] [::1]:54824 Closing
[Sat Sep 27 21:02:55 2025] [::1]:62278 Accepted
[Sat Sep 27 21:02:55 2025] [::1]:60772 Accepted
[Sat Sep 27 21:02:55 2025] [::1]:62278 [302]: GET /.well-known/appspecific/com.chrome.devtools.json
[Sat Sep 27 21:02:55 2025] [::1]:62278 Closing
[Sat Sep 27 21:02:55 2025] [::1]:56627 Accepted
[Sat Sep 27 21:02:55 2025] [::1]:60772 [302]: GET /.well-known/appspecific/panel.php
[Sat Sep 27 21:02:55 2025] [::1]:60772 Closing
[Sat Sep 27 21:02:55 2025] [::1]:61449 Accepted
[Sat Sep 27 21:02:55 2025] [::1]:56627 [200]: GET /assets/css/bootstrap.min.css
[Sat Sep 27 21:02:55 2025] [::1]:61449 [200]: GET /assets/css/light-theme.min.css
[Sat Sep 27 21:02:55 2025] [::1]:56627 Closing
[Sat Sep 27 21:02:55 2025] [::1]:61449 Closing
[Sat Sep 27 21:02:55 2025] [::1]:52525 Accepted
[Sat Sep 27 21:02:55 2025] [::1]:53709 Accepted
[Sat Sep 27 21:02:55 2025] [::1]:63041 Accepted
[Sat Sep 27 21:02:55 2025] [::1]:52525 [200]: GET /assets/js/jquery.min.js
[Sat Sep 27 21:02:55 2025] [::1]:52525 Closing
[Sat Sep 27 21:02:55 2025] [::1]:53709 [200]: GET /assets/js/script.js
[Sat Sep 27 21:02:55 2025] [::1]:63041 [200]: GET /assets/js/sweetalert2.min.js
[Sat Sep 27 21:02:55 2025] [::1]:53709 Closing
[Sat Sep 27 21:02:55 2025] [::1]:63041 Closing
[Sat Sep 27 21:02:55 2025] [::1]:54723 Accepted
[Sat Sep 27 21:02:55 2025] [::1]:61843 Accepted
[Sat Sep 27 21:02:55 2025] [::1]:54723 [302]: GET /.well-known/appspecific/panel.php
[Sat Sep 27 21:02:55 2025] [::1]:54723 Closing
[Sat Sep 27 21:02:55 2025] [::1]:61843 [200]: GET /assets/js/growl-notification.min.js
[Sat Sep 27 21:02:55 2025] [::1]:61843 Closing
[Sat Sep 27 21:02:55 2025] [::1]:64741 Accepted
[Sat Sep 27 21:02:55 2025] [::1]:64741 [302]: GET /.well-known/appspecific/panel.php
[Sat Sep 27 21:02:55 2025] [::1]:64741 Closing
[Sat Sep 27 21:02:55 2025] [::1]:50788 Accepted
[Sat Sep 27 21:02:55 2025] [::1]:50788 [302]: GET /.well-known/appspecific/panel.php
[Sat Sep 27 21:02:55 2025] [::1]:50788 Closing
[Sat Sep 27 21:02:55 2025] [::1]:57790 Accepted
[Sat Sep 27 21:02:55 2025] [::1]:57790 [302]: GET /.well-known/appspecific/panel.php
[Sat Sep 27 21:02:55 2025] [::1]:57790 Closing
[Sat Sep 27 21:02:55 2025] [::1]:52408 Accepted
[Sat Sep 27 21:02:55 2025] [::1]:52408 [302]: GET /.well-known/appspecific/panel.php
[Sat Sep 27 21:02:55 2025] [::1]:52408 Closing
[Sat Sep 27 21:02:55 2025] [::1]:60152 Accepted
[Sat Sep 27 21:02:55 2025] [::1]:60152 [302]: GET /.well-known/appspecific/panel.php
[Sat Sep 27 21:02:55 2025] [::1]:60152 Closing
[Sat Sep 27 21:02:55 2025] [::1]:51098 Accepted
[Sat Sep 27 21:02:55 2025] [::1]:51098 [302]: GET /.well-known/appspecific/panel.php
[Sat Sep 27 21:02:55 2025] [::1]:51098 Closing
[Sat Sep 27 21:02:55 2025] [::1]:56158 Accepted
[Sat Sep 27 21:02:55 2025] [::1]:56158 [302]: GET /.well-known/appspecific/panel.php
[Sat Sep 27 21:02:55 2025] [::1]:56158 Closing
[Sat Sep 27 21:02:55 2025] [::1]:57327 Accepted
[Sat Sep 27 21:02:55 2025] [::1]:57327 [302]: GET /.well-known/appspecific/panel.php
[Sat Sep 27 21:02:55 2025] [::1]:57327 Closing
[Sat Sep 27 21:02:55 2025] [::1]:56934 Accepted
[Sat Sep 27 21:02:55 2025] [::1]:56934 [302]: GET /.well-known/appspecific/panel.php
[Sat Sep 27 21:02:55 2025] [::1]:56934 Closing
[Sat Sep 27 21:02:55 2025] [::1]:50060 Accepted
[Sat Sep 27 21:02:55 2025] [::1]:50060 [302]: GET /.well-known/appspecific/panel.php
[Sat Sep 27 21:02:55 2025] [::1]:50060 Closing
[Sat Sep 27 21:02:55 2025] [::1]:53596 Accepted
[Sat Sep 27 21:02:55 2025] [::1]:53596 [302]: GET /.well-known/appspecific/panel.php
[Sat Sep 27 21:02:55 2025] [::1]:53596 Closing
[Sat Sep 27 21:02:55 2025] [::1]:54397 Accepted
[Sat Sep 27 21:02:55 2025] [::1]:54397 [200]: GET /Settings.json
[Sat Sep 27 21:02:55 2025] [::1]:54397 Closing
[Sat Sep 27 21:02:55 2025] [::1]:61170 Accepted
[Sat Sep 27 21:02:55 2025] [::1]:61170 [302]: GET /.well-known/appspecific/panel.php
[Sat Sep 27 21:02:55 2025] [::1]:61170 Closing
[Sat Sep 27 21:02:55 2025] [::1]:52863 Accepted
[Sat Sep 27 21:02:55 2025] [::1]:52863 [200]: POST /list_templates.php
[Sat Sep 27 21:02:55 2025] [::1]:52863 Closing
[Sat Sep 27 21:02:55 2025] [::1]:62956 Accepted
[Sat Sep 27 21:02:55 2025] [::1]:53222 Accepted
[Sat Sep 27 21:02:55 2025] [::1]:62956 [302]: GET /favicon.ico
[Sat Sep 27 21:02:55 2025] [::1]:62956 Closing
[Sat Sep 27 21:02:55 2025] [::1]:53222 [302]: GET /.well-known/appspecific/panel.php
[Sat Sep 27 21:02:55 2025] [::1]:53222 Closing
[Sat Sep 27 21:02:55 2025] [::1]:57071 Accepted
[Sat Sep 27 21:02:55 2025] [::1]:57071 [200]: GET /panel.php
[Sat Sep 27 21:02:55 2025] [::1]:57071 Closing
[Sat Sep 27 21:02:55 2025] [::1]:65158 Accepted
[Sat Sep 27 21:02:55 2025] [::1]:65158 [302]: GET /.well-known/appspecific/panel.php
[Sat Sep 27 21:02:55 2025] [::1]:65158 Closing
[Sat Sep 27 21:02:55 2025] [::1]:61686 Accepted
[Sat Sep 27 21:02:55 2025] [::1]:61686 [302]: GET /.well-known/appspecific/panel.php
[Sat Sep 27 21:02:55 2025] [::1]:61686 Closing
[Sat Sep 27 21:02:55 2025] [::1]:58171 Accepted
[Sat Sep 27 21:02:55 2025] [::1]:58171 [302]: GET /.well-known/appspecific/panel.php
[Sat Sep 27 21:02:55 2025] [::1]:58171 Closing
[Sat Sep 27 21:02:55 2025] [::1]:65512 Accepted
[Sat Sep 27 21:02:55 2025] [::1]:65512 [302]: GET /.well-known/appspecific/panel.php
[Sat Sep 27 21:02:55 2025] [::1]:65512 Closing
[Sat Sep 27 21:02:55 2025] [::1]:63817 Accepted
[Sat Sep 27 21:02:55 2025] [::1]:63817 [302]: GET /.well-known/appspecific/panel.php
[Sat Sep 27 21:02:55 2025] [::1]:63817 Closing
[Sat Sep 27 21:02:58 2025] [::1]:57059 Accepted
[Sat Sep 27 21:02:58 2025] [::1]:57059 [200]: POST /receiver.php
[Sat Sep 27 21:02:58 2025] [::1]:57059 Closing
[Sat Sep 27 21:03:00 2025] [::1]:57122 Accepted
[Sat Sep 27 21:03:00 2025] [::1]:57122 [200]: POST /receiver.php
[Sat Sep 27 21:03:00 2025] [::1]:57122 Closing
[Sat Sep 27 21:03:02 2025] [::1]:50323 Accepted
[Sat Sep 27 21:03:02 2025] [::1]:50323 [200]: POST /receiver.php
[Sat Sep 27 21:03:02 2025] [::1]:50323 Closing
[Sat Sep 27 21:03:04 2025] [::1]:55386 Accepted
[Sat Sep 27 21:03:04 2025] [::1]:55386 [200]: POST /receiver.php
[Sat Sep 27 21:03:04 2025] [::1]:55386 Closing
[Sat Sep 27 21:03:06 2025] [::1]:57873 Accepted
[Sat Sep 27 21:03:06 2025] [::1]:57873 [200]: POST /receiver.php
[Sat Sep 27 21:03:06 2025] [::1]:57873 Closing
[Sat Sep 27 21:03:08 2025] [::1]:62737 Accepted
[Sat Sep 27 21:03:08 2025] [::1]:62737 [200]: POST /receiver.php
[Sat Sep 27 21:03:08 2025] [::1]:62737 Closing
[Sat Sep 27 21:03:10 2025] [::1]:51861 Accepted
[Sat Sep 27 21:03:10 2025] [::1]:51861 [200]: POST /receiver.php
[Sat Sep 27 21:03:10 2025] [::1]:51861 Closing
[Sat Sep 27 21:03:12 2025] [::1]:60287 Accepted
[Sat Sep 27 21:03:12 2025] [::1]:60287 [200]: POST /receiver.php
[Sat Sep 27 21:03:12 2025] [::1]:60287 Closing
[Sat Sep 27 21:03:14 2025] [::1]:59434 Accepted
[Sat Sep 27 21:03:14 2025] [::1]:59434 [200]: POST /receiver.php
[Sat Sep 27 21:03:14 2025] [::1]:59434 Closing
[Sat Sep 27 21:03:16 2025] [::1]:59582 Accepted
[Sat Sep 27 21:03:16 2025] [::1]:59582 [200]: POST /receiver.php
[Sat Sep 27 21:03:16 2025] [::1]:59582 Closing
[Sat Sep 27 21:03:18 2025] [::1]:58268 Accepted
[Sat Sep 27 21:03:18 2025] [::1]:58268 [200]: POST /receiver.php
[Sat Sep 27 21:03:18 2025] [::1]:58268 Closing
[Sat Sep 27 21:03:20 2025] [::1]:63640 Accepted
[Sat Sep 27 21:03:20 2025] [::1]:63640 [200]: POST /receiver.php
[Sat Sep 27 21:03:20 2025] [::1]:63640 Closing
[Sat Sep 27 21:03:22 2025] [::1]:59754 Accepted
[Sat Sep 27 21:03:22 2025] [::1]:59754 [200]: POST /receiver.php
[Sat Sep 27 21:03:22 2025] [::1]:59754 Closing
[Sat Sep 27 21:03:24 2025] [::1]:53925 Accepted
[Sat Sep 27 21:03:24 2025] [::1]:53925 [200]: GET /spy-images.php
[Sat Sep 27 21:03:24 2025] [::1]:53925 Closing
[Sat Sep 27 21:03:24 2025] [::1]:62481 Accepted
[Sat Sep 27 21:03:24 2025] [::1]:62438 Accepted
[Sat Sep 27 21:03:24 2025] [::1]:62481 [302]: GET /.well-known/appspecific/com.chrome.devtools.json
[Sat Sep 27 21:03:24 2025] [::1]:62481 Closing
[Sat Sep 27 21:03:24 2025] [::1]:62438 [200]: GET /assets/css/bootstrap.min.css
[Sat Sep 27 21:03:24 2025] [::1]:62438 Closing
[Sat Sep 27 21:03:24 2025] [::1]:61552 Accepted
[Sat Sep 27 21:03:24 2025] [::1]:62693 Accepted
[Sat Sep 27 21:03:24 2025] [::1]:53096 Accepted
[Sat Sep 27 21:03:24 2025] [::1]:61552 [200]: GET /images/cam27Sep2025152232.png
[Sat Sep 27 21:03:24 2025] [::1]:62693 [200]: GET /images/cam27Sep2025152258.png
[Sat Sep 27 21:03:24 2025] [::1]:53096 [200]: GET /images/cam27Sep2025152307.png
[Sat Sep 27 21:03:24 2025] [::1]:58199 Accepted
[Sat Sep 27 21:03:24 2025] [::1]:60136 Accepted
[Sat Sep 27 21:03:24 2025] [::1]:58199 [200]: GET /images/cam27Sep2025152316.png
[Sat Sep 27 21:03:24 2025] [::1]:60136 [200]: GET /images/cam27Sep2025152325.png
[Sat Sep 27 21:03:24 2025] [::1]:52019 Accepted
[Sat Sep 27 21:03:24 2025] [::1]:52019 [200]: GET /images/cam27Sep2025152334.png
[Sat Sep 27 21:03:24 2025] [::1]:53096 Closing
[Sat Sep 27 21:03:24 2025] [::1]:61552 Closing
[Sat Sep 27 21:03:24 2025] [::1]:62693 Closing
[Sat Sep 27 21:03:24 2025] [::1]:52019 Closing
[Sat Sep 27 21:03:24 2025] [::1]:58199 Closing
[Sat Sep 27 21:03:24 2025] [::1]:60136 Closing
[Sat Sep 27 21:03:24 2025] [::1]:61951 Accepted
[Sat Sep 27 21:03:24 2025] [::1]:61951 [200]: GET /images/cam27Sep2025152343.png
[Sat Sep 27 21:03:24 2025] [::1]:57063 Accepted
[Sat Sep 27 21:03:24 2025] [::1]:57063 [200]: GET /images/cam27Sep2025152352.png
[Sat Sep 27 21:03:24 2025] [::1]:54352 Accepted
[Sat Sep 27 21:03:24 2025] [::1]:54352 [302]: GET /.well-known/appspecific/panel.php
[Sat Sep 27 21:03:24 2025] [::1]:54352 Closing
[Sat Sep 27 21:03:24 2025] [::1]:62133 Accepted
[Sat Sep 27 21:03:24 2025] [::1]:62133 [302]: GET /.well-known/appspecific/panel.php
[Sat Sep 27 21:03:24 2025] [::1]:62133 Closing
[Sat Sep 27 21:03:24 2025] [::1]:52718 Accepted
[Sat Sep 27 21:03:24 2025] [::1]:52718 [302]: GET /.well-known/appspecific/panel.php
[Sat Sep 27 21:03:24 2025] [::1]:52718 Closing
[Sat Sep 27 21:03:24 2025] [::1]:61951 Closing
[Sat Sep 27 21:03:24 2025] [::1]:58555 Accepted
[Sat Sep 27 21:03:24 2025] [::1]:65423 Accepted
[Sat Sep 27 21:03:24 2025] [::1]:58555 [200]: GET /images/cam27Sep2025152401.png
[Sat Sep 27 21:03:24 2025] [::1]:65423 [200]: GET /images/cam27Sep2025152410.png
[Sat Sep 27 21:03:24 2025] [::1]:57063 Closing
[Sat Sep 27 21:03:24 2025] [::1]:63914 Accepted
[Sat Sep 27 21:03:24 2025] [::1]:63914 [302]: GET /.well-known/appspecific/panel.php
[Sat Sep 27 21:03:24 2025] [::1]:63914 Closing
[Sat Sep 27 21:03:24 2025] [::1]:58555 Closing
[Sat Sep 27 21:03:24 2025] [::1]:61651 Accepted
[Sat Sep 27 21:03:24 2025] [::1]:59880 Accepted
[Sat Sep 27 21:03:24 2025] [::1]:57327 Accepted
[Sat Sep 27 21:03:24 2025] [::1]:61651 [200]: GET /images/cam27Sep2025152419.png
[Sat Sep 27 21:03:24 2025] [::1]:59880 [200]: GET /images/cam27Sep2025152428.png
[Sat Sep 27 21:03:24 2025] [::1]:57327 [302]: GET /.well-known/appspecific/panel.php
[Sat Sep 27 21:03:24 2025] [::1]:57327 Closing
[Sat Sep 27 21:03:24 2025] [::1]:65423 Closing
[Sat Sep 27 21:03:24 2025] [::1]:57154 Accepted
[Sat Sep 27 21:03:24 2025] [::1]:57154 [302]: GET /.well-known/appspecific/panel.php
[Sat Sep 27 21:03:24 2025] [::1]:57154 Closing
[Sat Sep 27 21:03:24 2025] [::1]:61651 Closing
[Sat Sep 27 21:03:24 2025] [::1]:51805 Accepted
[Sat Sep 27 21:03:24 2025] [::1]:59880 Closing
[Sat Sep 27 21:03:24 2025] [::1]:51805 [302]: GET /.well-known/appspecific/panel.php
[Sat Sep 27 21:03:24 2025] [::1]:51805 Closing
[Sat Sep 27 21:03:24 2025] [::1]:58736 Accepted
[Sat Sep 27 21:03:24 2025] [::1]:58736 [302]: GET /.well-known/appspecific/panel.php
[Sat Sep 27 21:03:24 2025] [::1]:58736 Closing
[Sat Sep 27 21:03:24 2025] [::1]:49443 Accepted
[Sat Sep 27 21:03:24 2025] [::1]:49443 [302]: GET /.well-known/appspecific/panel.php
[Sat Sep 27 21:03:24 2025] [::1]:49443 Closing
[Sat Sep 27 21:03:24 2025] [::1]:51595 Accepted
[Sat Sep 27 21:03:24 2025] [::1]:51595 [302]: GET /.well-known/appspecific/panel.php
[Sat Sep 27 21:03:24 2025] [::1]:51595 Closing
[Sat Sep 27 21:03:24 2025] [::1]:54357 Accepted
[Sat Sep 27 21:03:24 2025] [::1]:54357 [302]: GET /.well-known/appspecific/panel.php
[Sat Sep 27 21:03:24 2025] [::1]:54357 Closing
[Sat Sep 27 21:03:24 2025] [::1]:59294 Accepted
[Sat Sep 27 21:03:24 2025] [::1]:59294 [302]: GET /.well-known/appspecific/panel.php
[Sat Sep 27 21:03:24 2025] [::1]:59294 Closing
[Sat Sep 27 21:03:24 2025] [::1]:57682 Accepted
[Sat Sep 27 21:03:24 2025] [::1]:57682 [302]: GET /.well-known/appspecific/panel.php
[Sat Sep 27 21:03:24 2025] [::1]:57682 Closing
[Sat Sep 27 21:03:24 2025] [::1]:64410 Accepted
[Sat Sep 27 21:03:24 2025] [::1]:64410 [302]: GET /.well-known/appspecific/panel.php
[Sat Sep 27 21:03:24 2025] [::1]:64410 Closing
[Sat Sep 27 21:03:24 2025] [::1]:65109 Accepted
[Sat Sep 27 21:03:24 2025] [::1]:65109 [302]: GET /.well-known/appspecific/panel.php
[Sat Sep 27 21:03:24 2025] [::1]:65109 Closing
[Sat Sep 27 21:03:24 2025] [::1]:55316 Accepted
[Sat Sep 27 21:03:24 2025] [::1]:55316 [302]: GET /.well-known/appspecific/panel.php
[Sat Sep 27 21:03:24 2025] [::1]:55316 Closing
[Sat Sep 27 21:03:24 2025] [::1]:63918 Accepted
[Sat Sep 27 21:03:24 2025] [::1]:63918 [302]: GET /.well-known/appspecific/panel.php
[Sat Sep 27 21:03:24 2025] [::1]:63918 Closing
[Sat Sep 27 21:03:24 2025] [::1]:49671 Accepted
[Sat Sep 27 21:03:24 2025] [::1]:63190 Accepted
[Sat Sep 27 21:03:24 2025] [::1]:49671 [302]: GET /favicon.ico
[Sat Sep 27 21:03:24 2025] [::1]:49671 Closing
[Sat Sep 27 21:03:24 2025] [::1]:63190 [302]: GET /.well-known/appspecific/panel.php
[Sat Sep 27 21:03:24 2025] [::1]:63190 Closing
[Sat Sep 27 21:03:24 2025] [::1]:59327 Accepted
[Sat Sep 27 21:03:24 2025] [::1]:57084 Accepted
[Sat Sep 27 21:03:24 2025] [::1]:59327 [200]: GET /panel.php
[Sat Sep 27 21:03:24 2025] [::1]:59327 Closing
[Sat Sep 27 21:03:24 2025] [::1]:57084 [302]: GET /.well-known/appspecific/panel.php
[Sat Sep 27 21:03:24 2025] [::1]:57084 Closing
[Sat Sep 27 21:03:24 2025] [::1]:54238 Accepted
[Sat Sep 27 21:03:24 2025] [::1]:54238 [302]: GET /.well-known/appspecific/panel.php
[Sat Sep 27 21:03:24 2025] [::1]:54238 Closing
[Sat Sep 27 21:03:33 2025] [::1]:62064 Accepted
[Sat Sep 27 21:03:33 2025] [::1]:62064 [200]: GET /images/cam27Sep2025152258.png
[Sat Sep 27 21:03:33 2025] [::1]:62064 Closing
[Sat Sep 27 21:03:43 2025] [::1]:64559 Accepted
[Sat Sep 27 21:03:43 2025] [::1]:64559 [200]: GET /assets/css/bootstrap.min.css
[Sat Sep 27 21:03:43 2025] [::1]:64559 Closing
[Sat Sep 27 21:03:43 2025] [::1]:56704 Accepted
[Sat Sep 27 21:03:43 2025] [::1]:56704 [302]: GET /.well-known/appspecific/com.chrome.devtools.json
[Sat Sep 27 21:03:43 2025] [::1]:56704 Closing
[Sat Sep 27 21:03:43 2025] [::1]:65260 Accepted
[Sat Sep 27 21:03:43 2025] [::1]:65260 [302]: GET /.well-known/appspecific/panel.php
[Sat Sep 27 21:03:43 2025] [::1]:65260 Closing
[Sat Sep 27 21:03:43 2025] [::1]:50766 Accepted
[Sat Sep 27 21:03:43 2025] [::1]:50766 [302]: GET /.well-known/appspecific/panel.php
[Sat Sep 27 21:03:43 2025] [::1]:50766 Closing
[Sat Sep 27 21:03:43 2025] [::1]:59323 Accepted
[Sat Sep 27 21:03:43 2025] [::1]:59323 [302]: GET /.well-known/appspecific/panel.php
[Sat Sep 27 21:03:43 2025] [::1]:59323 Closing
[Sat Sep 27 21:03:43 2025] [::1]:50848 Accepted
[Sat Sep 27 21:03:43 2025] [::1]:50848 [302]: GET /.well-known/appspecific/panel.php
[Sat Sep 27 21:03:43 2025] [::1]:50848 Closing
[Sat Sep 27 21:03:43 2025] [::1]:54229 Accepted
[Sat Sep 27 21:03:43 2025] [::1]:54229 [302]: GET /.well-known/appspecific/panel.php
[Sat Sep 27 21:03:43 2025] [::1]:54229 Closing
[Sat Sep 27 21:03:43 2025] [::1]:58690 Accepted
[Sat Sep 27 21:03:43 2025] [::1]:58690 [302]: GET /.well-known/appspecific/panel.php
[Sat Sep 27 21:03:43 2025] [::1]:58690 Closing
[Sat Sep 27 21:03:43 2025] [::1]:55254 Accepted
[Sat Sep 27 21:03:43 2025] [::1]:55254 [302]: GET /.well-known/appspecific/panel.php
[Sat Sep 27 21:03:43 2025] [::1]:55254 Closing
[Sat Sep 27 21:03:43 2025] [::1]:57647 Accepted
[Sat Sep 27 21:03:43 2025] [::1]:57647 [302]: GET /.well-known/appspecific/panel.php
[Sat Sep 27 21:03:43 2025] [::1]:57647 Closing
[Sat Sep 27 21:03:43 2025] [::1]:64343 Accepted
[Sat Sep 27 21:03:43 2025] [::1]:64343 [302]: GET /.well-known/appspecific/panel.php
[Sat Sep 27 21:03:43 2025] [::1]:64343 Closing
[Sat Sep 27 21:03:43 2025] [::1]:56286 Accepted
[Sat Sep 27 21:03:43 2025] [::1]:56286 [302]: GET /.well-known/appspecific/panel.php
[Sat Sep 27 21:03:43 2025] [::1]:56286 Closing
[Sat Sep 27 21:03:43 2025] [::1]:54637 Accepted
[Sat Sep 27 21:03:43 2025] [::1]:54637 [302]: GET /.well-known/appspecific/panel.php
[Sat Sep 27 21:03:43 2025] [::1]:54637 Closing
[Sat Sep 27 21:03:43 2025] [::1]:61009 Accepted
[Sat Sep 27 21:03:43 2025] [::1]:61009 [302]: GET /.well-known/appspecific/panel.php
[Sat Sep 27 21:03:43 2025] [::1]:61009 Closing
[Sat Sep 27 21:03:43 2025] [::1]:64656 Accepted
[Sat Sep 27 21:03:43 2025] [::1]:64656 [302]: GET /.well-known/appspecific/panel.php
[Sat Sep 27 21:03:43 2025] [::1]:64656 Closing
[Sat Sep 27 21:03:43 2025] [::1]:52496 Accepted
[Sat Sep 27 21:03:43 2025] [::1]:52496 [302]: GET /.well-known/appspecific/panel.php
[Sat Sep 27 21:03:43 2025] [::1]:52496 Closing
[Sat Sep 27 21:03:43 2025] [::1]:52698 Accepted
[Sat Sep 27 21:03:43 2025] [::1]:52698 [302]: GET /.well-known/appspecific/panel.php
[Sat Sep 27 21:03:43 2025] [::1]:52698 Closing
[Sat Sep 27 21:03:43 2025] [::1]:59315 Accepted
[Sat Sep 27 21:03:43 2025] [::1]:59315 [302]: GET /.well-known/appspecific/panel.php
[Sat Sep 27 21:03:43 2025] [::1]:59315 Closing
[Sat Sep 27 21:03:43 2025] [::1]:52493 Accepted
[Sat Sep 27 21:03:43 2025] [::1]:52493 [302]: GET /.well-known/appspecific/panel.php
[Sat Sep 27 21:03:43 2025] [::1]:52493 Closing
[Sat Sep 27 21:03:43 2025] [::1]:58225 Accepted
[Sat Sep 27 21:03:43 2025] [::1]:58225 [302]: GET /.well-known/appspecific/panel.php
[Sat Sep 27 21:03:43 2025] [::1]:58225 Closing
[Sat Sep 27 21:03:43 2025] [::1]:63819 Accepted
[Sat Sep 27 21:03:43 2025] [::1]:63819 [302]: GET /.well-known/appspecific/panel.php
[Sat Sep 27 21:03:43 2025] [::1]:63819 Closing
[Sat Sep 27 21:03:43 2025] [::1]:59653 Accepted
[Sat Sep 27 21:03:43 2025] [::1]:59653 [302]: GET /.well-known/appspecific/panel.php
[Sat Sep 27 21:03:43 2025] [::1]:59653 Closing
[Sat Sep 27 21:04:41 2025] [::1]:53875 Accepted
[Sat Sep 27 21:04:41 2025] [::1]:61505 Accepted
[Sat Sep 27 21:04:41 2025] [::1]:53875 [200]: GET /spy-images.php
[Sat Sep 27 21:04:41 2025] [::1]:53875 Closing
[Sat Sep 27 21:04:41 2025] [::1]:51242 Accepted
[Sat Sep 27 21:04:41 2025] [::1]:61505 [302]: GET /.well-known/appspecific/com.chrome.devtools.json
[Sat Sep 27 21:04:41 2025] [::1]:61505 Closing
[Sat Sep 27 21:04:41 2025] [::1]:51242 [200]: GET /assets/css/bootstrap.min.css
[Sat Sep 27 21:04:41 2025] [::1]:51242 Closing
[Sat Sep 27 21:04:41 2025] [::1]:54188 Accepted
[Sat Sep 27 21:04:41 2025] [::1]:58218 Accepted
[Sat Sep 27 21:04:41 2025] [::1]:62045 Accepted
[Sat Sep 27 21:04:41 2025] [::1]:54188 [200]: GET /images/cam27Sep2025152232.png
[Sat Sep 27 21:04:41 2025] [::1]:58218 [200]: GET /images/cam27Sep2025152258.png
[Sat Sep 27 21:04:41 2025] [::1]:62045 [200]: GET /images/cam27Sep2025152307.png
[Sat Sep 27 21:04:41 2025] [::1]:62596 Accepted
[Sat Sep 27 21:04:41 2025] [::1]:62596 [200]: GET /images/cam27Sep2025152316.png
[Sat Sep 27 21:04:41 2025] [::1]:49342 Accepted
[Sat Sep 27 21:04:41 2025] [::1]:49342 [200]: GET /images/cam27Sep2025152325.png
[Sat Sep 27 21:04:41 2025] [::1]:58218 Closing
[Sat Sep 27 21:04:41 2025] [::1]:62045 Closing
[Sat Sep 27 21:04:41 2025] [::1]:54188 Closing
[Sat Sep 27 21:04:41 2025] [::1]:62596 Closing
[Sat Sep 27 21:04:41 2025] [::1]:54931 Accepted
[Sat Sep 27 21:04:41 2025] [::1]:52704 Accepted
[Sat Sep 27 21:04:41 2025] [::1]:54931 [200]: GET /images/cam27Sep2025152334.png
[Sat Sep 27 21:04:41 2025] [::1]:49342 Closing
[Sat Sep 27 21:04:41 2025] [::1]:52704 [302]: GET /.well-known/appspecific/panel.php
[Sat Sep 27 21:04:41 2025] [::1]:52704 Closing
[Sat Sep 27 21:04:41 2025] [::1]:60222 Accepted
[Sat Sep 27 21:04:41 2025] [::1]:51276 Accepted
[Sat Sep 27 21:04:41 2025] [::1]:65478 Accepted
[Sat Sep 27 21:04:41 2025] [::1]:63901 Accepted
[Sat Sep 27 21:04:41 2025] [::1]:60222 [200]: GET /images/cam27Sep2025152343.png
[Sat Sep 27 21:04:41 2025] [::1]:51276 [200]: GET /images/cam27Sep2025152352.png
[Sat Sep 27 21:04:41 2025] [::1]:65478 [200]: GET /images/cam27Sep2025152401.png
[Sat Sep 27 21:04:41 2025] [::1]:63901 [302]: GET /.well-known/appspecific/panel.php
[Sat Sep 27 21:04:41 2025] [::1]:63901 Closing
[Sat Sep 27 21:04:41 2025] [::1]:58927 Accepted
[Sat Sep 27 21:04:41 2025] [::1]:58927 [200]: GET /images/cam27Sep2025152410.png
[Sat Sep 27 21:04:41 2025] [::1]:54931 Closing
[Sat Sep 27 21:04:41 2025] [::1]:60806 Accepted
[Sat Sep 27 21:04:41 2025] [::1]:60806 [302]: GET /.well-known/appspecific/panel.php
[Sat Sep 27 21:04:41 2025] [::1]:60806 Closing
[Sat Sep 27 21:04:41 2025] [::1]:57017 Accepted
[Sat Sep 27 21:04:41 2025] [::1]:60222 Closing
[Sat Sep 27 21:04:41 2025] [::1]:58927 Closing
[Sat Sep 27 21:04:41 2025] [::1]:57017 [200]: GET /images/cam27Sep2025152419.png
[Sat Sep 27 21:04:41 2025] [::1]:51276 Closing
[Sat Sep 27 21:04:41 2025] [::1]:65478 Closing
[Sat Sep 27 21:04:41 2025] [::1]:56563 Accepted
[Sat Sep 27 21:04:41 2025] [::1]:56563 [302]: GET /.well-known/appspecific/panel.php
[Sat Sep 27 21:04:41 2025] [::1]:56563 Closing
[Sat Sep 27 21:04:41 2025] [::1]:60400 Accepted
[Sat Sep 27 21:04:41 2025] [::1]:63707 Accepted
[Sat Sep 27 21:04:41 2025] [::1]:60400 [200]: GET /images/cam27Sep2025152428.png
[Sat Sep 27 21:04:41 2025] [::1]:63707 [302]: GET /.well-known/appspecific/panel.php
[Sat Sep 27 21:04:41 2025] [::1]:63707 Closing
[Sat Sep 27 21:04:41 2025] [::1]:57017 Closing
[Sat Sep 27 21:04:41 2025] [::1]:60312 Accepted
[Sat Sep 27 21:04:41 2025] [::1]:60312 [302]: GET /.well-known/appspecific/panel.php
[Sat Sep 27 21:04:41 2025] [::1]:60312 Closing
[Sat Sep 27 21:04:41 2025] [::1]:62227 Accepted
[Sat Sep 27 21:04:41 2025] [::1]:62227 [302]: GET /.well-known/appspecific/panel.php
[Sat Sep 27 21:04:41 2025] [::1]:62227 Closing
[Sat Sep 27 21:04:41 2025] [::1]:60400 Closing
[Sat Sep 27 21:04:41 2025] [::1]:58989 Accepted
[Sat Sep 27 21:04:41 2025] [::1]:58989 [302]: GET /.well-known/appspecific/panel.php
[Sat Sep 27 21:04:41 2025] [::1]:58989 Closing
[Sat Sep 27 21:04:41 2025] [::1]:61355 Accepted
[Sat Sep 27 21:04:41 2025] [::1]:61355 [302]: GET /.well-known/appspecific/panel.php
[Sat Sep 27 21:04:41 2025] [::1]:61355 Closing
[Sat Sep 27 21:04:41 2025] [::1]:60849 Accepted
[Sat Sep 27 21:04:41 2025] [::1]:60849 [302]: GET /.well-known/appspecific/panel.php
[Sat Sep 27 21:04:41 2025] [::1]:60849 Closing
[Sat Sep 27 21:04:41 2025] [::1]:60450 Accepted
[Sat Sep 27 21:04:41 2025] [::1]:60450 [302]: GET /favicon.ico
[Sat Sep 27 21:04:41 2025] [::1]:60450 Closing
[Sat Sep 27 21:04:41 2025] [::1]:59958 Accepted
[Sat Sep 27 21:04:41 2025] [::1]:59958 [302]: GET /.well-known/appspecific/panel.php
[Sat Sep 27 21:04:41 2025] [::1]:59958 Closing
[Sat Sep 27 21:04:41 2025] [::1]:58295 Accepted
[Sat Sep 27 21:04:41 2025] [::1]:58295 [200]: GET /panel.php
[Sat Sep 27 21:04:41 2025] [::1]:58295 Closing
[Sat Sep 27 21:04:41 2025] [::1]:52465 Accepted
[Sat Sep 27 21:04:41 2025] [::1]:52465 [302]: GET /.well-known/appspecific/panel.php
[Sat Sep 27 21:04:41 2025] [::1]:52465 Closing
[Sat Sep 27 21:04:41 2025] [::1]:57192 Accepted
[Sat Sep 27 21:04:41 2025] [::1]:57192 [302]: GET /.well-known/appspecific/panel.php
[Sat Sep 27 21:04:41 2025] [::1]:57192 Closing
[Sat Sep 27 21:04:41 2025] [::1]:58436 Accepted
[Sat Sep 27 21:04:41 2025] [::1]:58436 [302]: GET /.well-known/appspecific/panel.php
[Sat Sep 27 21:04:41 2025] [::1]:58436 Closing
[Sat Sep 27 21:04:41 2025] [::1]:50756 Accepted
[Sat Sep 27 21:04:41 2025] [::1]:50756 [302]: GET /.well-known/appspecific/panel.php
[Sat Sep 27 21:04:41 2025] [::1]:50756 Closing
[Sat Sep 27 21:04:41 2025] [::1]:62822 Accepted
[Sat Sep 27 21:04:41 2025] [::1]:62822 [302]: GET /.well-known/appspecific/panel.php
[Sat Sep 27 21:04:41 2025] [::1]:62822 Closing
[Sat Sep 27 21:04:41 2025] [::1]:57288 Accepted
[Sat Sep 27 21:04:41 2025] [::1]:57288 [302]: GET /.well-known/appspecific/panel.php
[Sat Sep 27 21:04:41 2025] [::1]:57288 Closing
[Sat Sep 27 21:04:41 2025] [::1]:65358 Accepted
[Sat Sep 27 21:04:41 2025] [::1]:65358 [302]: GET /.well-known/appspecific/panel.php
[Sat Sep 27 21:04:41 2025] [::1]:65358 Closing
[Sat Sep 27 21:04:41 2025] [::1]:60978 Accepted
[Sat Sep 27 21:04:41 2025] [::1]:60978 [302]: GET /.well-known/appspecific/panel.php
[Sat Sep 27 21:04:41 2025] [::1]:60978 Closing
[Sat Sep 27 21:04:41 2025] [::1]:49331 Accepted
[Sat Sep 27 21:04:41 2025] [::1]:49331 [302]: GET /.well-known/appspecific/panel.php
[Sat Sep 27 21:04:41 2025] [::1]:49331 Closing
[Sat Sep 27 21:05:03 2025] [::1]:50582 Accepted
[Sat Sep 27 21:05:03 2025] [::1]:50582 [200]: GET /panel.php
[Sat Sep 27 21:05:03 2025] [::1]:50582 Closing
[Sat Sep 27 21:05:03 2025] [::1]:55468 Accepted
[Sat Sep 27 21:05:03 2025] [::1]:63512 Accepted
[Sat Sep 27 21:05:03 2025] [::1]:55468 [302]: GET /.well-known/appspecific/com.chrome.devtools.json
[Sat Sep 27 21:05:03 2025] [::1]:55468 Closing
[Sat Sep 27 21:05:03 2025] [::1]:63512 [302]: GET /.well-known/appspecific/panel.php
[Sat Sep 27 21:05:03 2025] [::1]:63512 Closing
[Sat Sep 27 21:05:03 2025] [::1]:58235 Accepted
[Sat Sep 27 21:05:03 2025] [::1]:58235 [200]: GET /assets/css/bootstrap.min.css
[Sat Sep 27 21:05:03 2025] [::1]:58235 Closing
[Sat Sep 27 21:05:03 2025] [::1]:49660 Accepted
[Sat Sep 27 21:05:03 2025] [::1]:61207 Accepted
[Sat Sep 27 21:05:03 2025] [::1]:49660 [200]: GET /assets/css/light-theme.min.css
[Sat Sep 27 21:05:03 2025] [::1]:49660 Closing
[Sat Sep 27 21:05:03 2025] [::1]:62750 Accepted
[Sat Sep 27 21:05:03 2025] [::1]:65431 Accepted
[Sat Sep 27 21:05:03 2025] [::1]:61207 [200]: GET /assets/js/jquery.min.js
[Sat Sep 27 21:05:03 2025] [::1]:62750 [200]: GET /assets/js/script.js
[Sat Sep 27 21:05:03 2025] [::1]:65431 [200]: GET /assets/js/sweetalert2.min.js
[Sat Sep 27 21:05:03 2025] [::1]:61207 Closing
[Sat Sep 27 21:05:03 2025] [::1]:62750 Closing
[Sat Sep 27 21:05:03 2025] [::1]:65431 Closing
[Sat Sep 27 21:05:03 2025] [::1]:61060 Accepted
[Sat Sep 27 21:05:03 2025] [::1]:57271 Accepted
[Sat Sep 27 21:05:03 2025] [::1]:61060 [302]: GET /.well-known/appspecific/panel.php
[Sat Sep 27 21:05:03 2025] [::1]:61060 Closing
[Sat Sep 27 21:05:03 2025] [::1]:57271 [200]: GET /assets/js/growl-notification.min.js
[Sat Sep 27 21:05:03 2025] [::1]:57271 Closing
[Sat Sep 27 21:05:03 2025] [::1]:57661 Accepted
[Sat Sep 27 21:05:03 2025] [::1]:57661 [302]: GET /.well-known/appspecific/panel.php
[Sat Sep 27 21:05:03 2025] [::1]:57661 Closing
[Sat Sep 27 21:05:03 2025] [::1]:59942 Accepted
[Sat Sep 27 21:05:03 2025] [::1]:59942 [302]: GET /.well-known/appspecific/panel.php
[Sat Sep 27 21:05:03 2025] [::1]:59942 Closing
[Sat Sep 27 21:05:03 2025] [::1]:60618 Accepted
[Sat Sep 27 21:05:03 2025] [::1]:60618 [302]: GET /.well-known/appspecific/panel.php
[Sat Sep 27 21:05:03 2025] [::1]:60618 Closing
[Sat Sep 27 21:05:03 2025] [::1]:60391 Accepted
[Sat Sep 27 21:05:03 2025] [::1]:60391 [302]: GET /.well-known/appspecific/panel.php
[Sat Sep 27 21:05:03 2025] [::1]:60391 Closing
[Sat Sep 27 21:05:03 2025] [::1]:61273 Accepted
[Sat Sep 27 21:05:03 2025] [::1]:61273 [302]: GET /.well-known/appspecific/panel.php
[Sat Sep 27 21:05:03 2025] [::1]:61273 Closing
[Sat Sep 27 21:05:03 2025] [::1]:51712 Accepted
[Sat Sep 27 21:05:03 2025] [::1]:51712 [302]: GET /.well-known/appspecific/panel.php
[Sat Sep 27 21:05:03 2025] [::1]:51712 Closing
[Sat Sep 27 21:05:03 2025] [::1]:55061 Accepted
[Sat Sep 27 21:05:03 2025] [::1]:55061 [302]: GET /.well-known/appspecific/panel.php
[Sat Sep 27 21:05:03 2025] [::1]:55061 Closing
[Sat Sep 27 21:05:03 2025] [::1]:58906 Accepted
[Sat Sep 27 21:05:03 2025] [::1]:58906 [302]: GET /.well-known/appspecific/panel.php
[Sat Sep 27 21:05:03 2025] [::1]:58906 Closing
[Sat Sep 27 21:05:03 2025] [::1]:60785 Accepted
[Sat Sep 27 21:05:03 2025] [::1]:60785 [302]: GET /.well-known/appspecific/panel.php
[Sat Sep 27 21:05:03 2025] [::1]:60785 Closing
[Sat Sep 27 21:05:03 2025] [::1]:51070 Accepted
[Sat Sep 27 21:05:03 2025] [::1]:51070 [302]: GET /.well-known/appspecific/panel.php
[Sat Sep 27 21:05:03 2025] [::1]:51070 Closing
[Sat Sep 27 21:05:03 2025] [::1]:64355 Accepted
[Sat Sep 27 21:05:03 2025] [::1]:64355 [302]: GET /.well-known/appspecific/panel.php
[Sat Sep 27 21:05:03 2025] [::1]:64355 Closing
[Sat Sep 27 21:05:03 2025] [::1]:56156 Accepted
[Sat Sep 27 21:05:03 2025] [::1]:56156 [200]: GET /Settings.json
[Sat Sep 27 21:05:03 2025] [::1]:56156 Closing
[Sat Sep 27 21:05:03 2025] [::1]:52217 Accepted
[Sat Sep 27 21:05:03 2025] [::1]:52217 [200]: POST /list_templates.php
[Sat Sep 27 21:05:03 2025] [::1]:52217 Closing
[Sat Sep 27 21:05:03 2025] [::1]:52484 Accepted
[Sat Sep 27 21:05:03 2025] [::1]:52487 Accepted
[Sat Sep 27 21:05:03 2025] [::1]:52484 [302]: GET /favicon.ico
[Sat Sep 27 21:05:03 2025] [::1]:52484 Closing
[Sat Sep 27 21:05:03 2025] [::1]:52487 [302]: GET /.well-known/appspecific/panel.php
[Sat Sep 27 21:05:03 2025] [::1]:52487 Closing
[Sat Sep 27 21:05:03 2025] [::1]:52242 Accepted
[Sat Sep 27 21:05:03 2025] [::1]:52242 [302]: GET /.well-known/appspecific/panel.php
[Sat Sep 27 21:05:03 2025] [::1]:52242 Closing
[Sat Sep 27 21:05:03 2025] [::1]:50915 Accepted
[Sat Sep 27 21:05:03 2025] [::1]:50915 [200]: GET /panel.php
[Sat Sep 27 21:05:03 2025] [::1]:50915 Closing
[Sat Sep 27 21:05:03 2025] [::1]:55189 Accepted
[Sat Sep 27 21:05:03 2025] [::1]:55189 [302]: GET /.well-known/appspecific/panel.php
[Sat Sep 27 21:05:03 2025] [::1]:55189 Closing
[Sat Sep 27 21:05:03 2025] [::1]:49763 Accepted
[Sat Sep 27 21:05:03 2025] [::1]:49763 [302]: GET /.well-known/appspecific/panel.php
[Sat Sep 27 21:05:03 2025] [::1]:49763 Closing
[Sat Sep 27 21:05:03 2025] [::1]:63111 Accepted
[Sat Sep 27 21:05:03 2025] [::1]:63111 [302]: GET /.well-known/appspecific/panel.php
[Sat Sep 27 21:05:03 2025] [::1]:63111 Closing
[Sat Sep 27 21:05:03 2025] [::1]:60862 Accepted
[Sat Sep 27 21:05:03 2025] [::1]:60862 [302]: GET /.well-known/appspecific/panel.php
[Sat Sep 27 21:05:03 2025] [::1]:60862 Closing
[Sat Sep 27 21:05:03 2025] [::1]:65015 Accepted
[Sat Sep 27 21:05:03 2025] [::1]:65015 [302]: GET /.well-known/appspecific/panel.php
[Sat Sep 27 21:05:03 2025] [::1]:65015 Closing
[Sat Sep 27 21:05:06 2025] [::1]:55959 Accepted
[Sat Sep 27 21:05:06 2025] [::1]:55959 [200]: POST /receiver.php
[Sat Sep 27 21:05:06 2025] [::1]:55959 Closing
[Sat Sep 27 21:05:08 2025] [::1]:50562 Accepted
[Sat Sep 27 21:05:08 2025] [::1]:50562 [200]: POST /receiver.php
[Sat Sep 27 21:05:08 2025] [::1]:50562 Closing
[Sat Sep 27 21:05:10 2025] [::1]:61646 Accepted
[Sat Sep 27 21:05:10 2025] [::1]:61646 [200]: POST /receiver.php
[Sat Sep 27 21:05:10 2025] [::1]:61646 Closing
[Sat Sep 27 21:05:12 2025] [::1]:54445 Accepted
[Sat Sep 27 21:05:12 2025] [::1]:54445 [200]: POST /receiver.php
[Sat Sep 27 21:05:12 2025] [::1]:54445 Closing
[Sat Sep 27 21:05:14 2025] [::1]:58320 Accepted
[Sat Sep 27 21:05:14 2025] [::1]:58320 [200]: POST /receiver.php
[Sat Sep 27 21:05:14 2025] [::1]:58320 Closing
[Sat Sep 27 21:05:16 2025] [::1]:49836 Accepted
[Sat Sep 27 21:05:16 2025] [::1]:49836 [200]: POST /receiver.php
[Sat Sep 27 21:05:16 2025] [::1]:49836 Closing
[Sat Sep 27 21:05:18 2025] [::1]:65268 Accepted
[Sat Sep 27 21:05:18 2025] [::1]:65268 [200]: POST /receiver.php
[Sat Sep 27 21:05:18 2025] [::1]:65268 Closing
[Sat Sep 27 21:05:20 2025] [::1]:53262 Accepted
[Sat Sep 27 21:05:20 2025] [::1]:53262 [200]: POST /receiver.php
[Sat Sep 27 21:05:20 2025] [::1]:53262 Closing
[Sat Sep 27 21:05:22 2025] [::1]:64915 Accepted
[Sat Sep 27 21:05:22 2025] [::1]:64915 [200]: POST /receiver.php
[Sat Sep 27 21:05:22 2025] [::1]:64915 Closing
[Sat Sep 27 21:05:24 2025] [::1]:64884 Accepted
[Sat Sep 27 21:05:24 2025] [::1]:64884 [200]: POST /receiver.php
[Sat Sep 27 21:05:24 2025] [::1]:64884 Closing
[Sat Sep 27 21:05:26 2025] [::1]:49326 Accepted
[Sat Sep 27 21:05:26 2025] [::1]:49326 [200]: POST /receiver.php
[Sat Sep 27 21:05:26 2025] [::1]:49326 Closing
[Sat Sep 27 21:05:28 2025] [::1]:55698 Accepted
[Sat Sep 27 21:05:28 2025] [::1]:55698 [200]: POST /receiver.php
[Sat Sep 27 21:05:28 2025] [::1]:55698 Closing
[Sat Sep 27 21:05:30 2025] [::1]:54691 Accepted
[Sat Sep 27 21:05:30 2025] [::1]:54691 [200]: POST /receiver.php
[Sat Sep 27 21:05:30 2025] [::1]:54691 Closing
[Sat Sep 27 21:05:32 2025] [::1]:50917 Accepted
[Sat Sep 27 21:05:32 2025] [::1]:50917 [200]: POST /receiver.php
[Sat Sep 27 21:05:32 2025] [::1]:50917 Closing
[Sat Sep 27 21:05:34 2025] [::1]:54098 Accepted
[Sat Sep 27 21:05:34 2025] [::1]:54098 [200]: POST /receiver.php
[Sat Sep 27 21:05:34 2025] [::1]:54098 Closing
[Sat Sep 27 21:05:36 2025] [::1]:55805 Accepted
[Sat Sep 27 21:05:36 2025] [::1]:55805 [200]: POST /receiver.php
[Sat Sep 27 21:05:36 2025] [::1]:55805 Closing
[Sat Sep 27 21:05:38 2025] [::1]:51607 Accepted
[Sat Sep 27 21:05:38 2025] [::1]:51607 [200]: POST /receiver.php
[Sat Sep 27 21:05:38 2025] [::1]:51607 Closing
[Sat Sep 27 21:05:40 2025] [::1]:60700 Accepted
[Sat Sep 27 21:05:40 2025] [::1]:60700 [200]: POST /receiver.php
[Sat Sep 27 21:05:40 2025] [::1]:60700 Closing
[Sat Sep 27 21:05:42 2025] [::1]:49604 Accepted
[Sat Sep 27 21:05:42 2025] [::1]:49604 [200]: POST /receiver.php
[Sat Sep 27 21:05:42 2025] [::1]:49604 Closing
[Sat Sep 27 21:05:44 2025] [::1]:59173 Accepted
[Sat Sep 27 21:05:44 2025] [::1]:59173 [200]: POST /receiver.php
[Sat Sep 27 21:05:44 2025] [::1]:59173 Closing
[Sat Sep 27 21:05:46 2025] [::1]:52564 Accepted
[Sat Sep 27 21:05:46 2025] [::1]:52564 [200]: POST /receiver.php
[Sat Sep 27 21:05:46 2025] [::1]:52564 Closing
[Sat Sep 27 21:05:48 2025] [::1]:57311 Accepted
[Sat Sep 27 21:05:48 2025] [::1]:57311 [200]: POST /receiver.php
[Sat Sep 27 21:05:48 2025] [::1]:57311 Closing
[Sat Sep 27 21:05:50 2025] [::1]:62210 Accepted
[Sat Sep 27 21:05:50 2025] [::1]:62210 [200]: POST /receiver.php
[Sat Sep 27 21:05:50 2025] [::1]:62210 Closing
[Sat Sep 27 21:05:52 2025] [::1]:50134 Accepted
[Sat Sep 27 21:05:52 2025] [::1]:50134 [200]: POST /receiver.php
[Sat Sep 27 21:05:52 2025] [::1]:50134 Closing
[Sat Sep 27 21:05:54 2025] [::1]:54529 Accepted
[Sat Sep 27 21:05:54 2025] [::1]:54529 [200]: POST /receiver.php
[Sat Sep 27 21:05:54 2025] [::1]:54529 Closing
[Sat Sep 27 21:05:56 2025] [::1]:57746 Accepted
[Sat Sep 27 21:05:56 2025] [::1]:57746 [200]: POST /receiver.php
[Sat Sep 27 21:05:56 2025] [::1]:57746 Closing
[Sat Sep 27 21:05:58 2025] [::1]:50177 Accepted
[Sat Sep 27 21:05:58 2025] [::1]:50177 [200]: POST /receiver.php
[Sat Sep 27 21:05:58 2025] [::1]:50177 Closing
[Sat Sep 27 21:06:00 2025] [::1]:60716 Accepted
[Sat Sep 27 21:06:00 2025] [::1]:60716 [200]: POST /receiver.php
[Sat Sep 27 21:06:00 2025] [::1]:60716 Closing
[Sat Sep 27 21:06:02 2025] [::1]:54213 Accepted
[Sat Sep 27 21:06:02 2025] [::1]:54213 [200]: POST /receiver.php
[Sat Sep 27 21:06:02 2025] [::1]:54213 Closing
[Sat Sep 27 21:06:04 2025] [::1]:52676 Accepted
[Sat Sep 27 21:06:04 2025] [::1]:52676 [200]: POST /receiver.php
[Sat Sep 27 21:06:04 2025] [::1]:52676 Closing
[Sat Sep 27 21:06:06 2025] [::1]:51630 Accepted
[Sat Sep 27 21:06:06 2025] [::1]:51630 [200]: POST /receiver.php
[Sat Sep 27 21:06:06 2025] [::1]:51630 Closing
[Sat Sep 27 21:06:08 2025] [::1]:59748 Accepted
[Sat Sep 27 21:06:08 2025] [::1]:59748 [200]: POST /receiver.php
[Sat Sep 27 21:06:08 2025] [::1]:59748 Closing
[Sat Sep 27 21:06:10 2025] [::1]:61525 Accepted
[Sat Sep 27 21:06:10 2025] [::1]:61525 [200]: POST /receiver.php
[Sat Sep 27 21:06:10 2025] [::1]:61525 Closing
[Sat Sep 27 21:06:12 2025] [::1]:53775 Accepted
[Sat Sep 27 21:06:12 2025] [::1]:53775 [200]: POST /receiver.php
[Sat Sep 27 21:06:12 2025] [::1]:53775 Closing
[Sat Sep 27 21:06:14 2025] [::1]:53148 Accepted
[Sat Sep 27 21:06:14 2025] [::1]:53148 [200]: POST /receiver.php
[Sat Sep 27 21:06:14 2025] [::1]:53148 Closing
[Sat Sep 27 21:06:16 2025] [::1]:56643 Accepted
[Sat Sep 27 21:06:16 2025] [::1]:56643 [200]: POST /receiver.php
[Sat Sep 27 21:06:16 2025] [::1]:56643 Closing
[Sat Sep 27 21:06:18 2025] [::1]:50907 Accepted
[Sat Sep 27 21:06:18 2025] [::1]:50907 [200]: POST /receiver.php
[Sat Sep 27 21:06:18 2025] [::1]:50907 Closing
[Sat Sep 27 21:06:20 2025] [::1]:62948 Accepted
[Sat Sep 27 21:06:20 2025] [::1]:62948 [200]: POST /receiver.php
[Sat Sep 27 21:06:20 2025] [::1]:62948 Closing
[Sat Sep 27 21:06:22 2025] [::1]:65193 Accepted
[Sat Sep 27 21:06:22 2025] [::1]:65193 [200]: POST /receiver.php
[Sat Sep 27 21:06:22 2025] [::1]:65193 Closing
[Sat Sep 27 21:06:24 2025] [::1]:61507 Accepted
[Sat Sep 27 21:06:24 2025] [::1]:61507 [200]: POST /receiver.php
[Sat Sep 27 21:06:24 2025] [::1]:61507 Closing
[Sat Sep 27 21:06:26 2025] [::1]:61988 Accepted
[Sat Sep 27 21:06:26 2025] [::1]:61988 [200]: POST /receiver.php
[Sat Sep 27 21:06:26 2025] [::1]:61988 Closing
[Sat Sep 27 21:06:28 2025] [::1]:51625 Accepted
[Sat Sep 27 21:06:28 2025] [::1]:51625 [200]: POST /receiver.php
[Sat Sep 27 21:06:28 2025] [::1]:51625 Closing
[Sat Sep 27 21:06:30 2025] [::1]:64633 Accepted
[Sat Sep 27 21:06:30 2025] [::1]:64633 [200]: POST /receiver.php
[Sat Sep 27 21:06:30 2025] [::1]:64633 Closing
[Sat Sep 27 21:06:32 2025] [::1]:50731 Accepted
[Sat Sep 27 21:06:32 2025] [::1]:50731 [200]: POST /receiver.php
[Sat Sep 27 21:06:32 2025] [::1]:50731 Closing
[Sat Sep 27 21:06:34 2025] [::1]:61233 Accepted
[Sat Sep 27 21:06:34 2025] [::1]:61233 [200]: POST /receiver.php
[Sat Sep 27 21:06:34 2025] [::1]:61233 Closing
[Sat Sep 27 21:06:36 2025] [::1]:64858 Accepted
[Sat Sep 27 21:06:36 2025] [::1]:64858 [200]: POST /receiver.php
[Sat Sep 27 21:06:36 2025] [::1]:64858 Closing
[Sat Sep 27 21:06:38 2025] [::1]:61361 Accepted
[Sat Sep 27 21:06:38 2025] [::1]:61361 [200]: POST /receiver.php
[Sat Sep 27 21:06:38 2025] [::1]:61361 Closing
[Sat Sep 27 21:06:40 2025] [::1]:64235 Accepted
[Sat Sep 27 21:06:40 2025] [::1]:64235 [200]: POST /receiver.php
[Sat Sep 27 21:06:40 2025] [::1]:64235 Closing
[Sat Sep 27 21:06:42 2025] [::1]:59134 Accepted
[Sat Sep 27 21:06:42 2025] [::1]:59134 [200]: POST /receiver.php
[Sat Sep 27 21:06:42 2025] [::1]:59134 Closing
[Sat Sep 27 21:06:44 2025] [::1]:59328 Accepted
[Sat Sep 27 21:06:44 2025] [::1]:59328 [200]: POST /receiver.php
[Sat Sep 27 21:06:44 2025] [::1]:59328 Closing
[Sat Sep 27 21:06:46 2025] [::1]:52001 Accepted
[Sat Sep 27 21:06:46 2025] [::1]:52001 [200]: POST /receiver.php
[Sat Sep 27 21:06:46 2025] [::1]:52001 Closing
[Sat Sep 27 21:06:48 2025] [::1]:59383 Accepted
[Sat Sep 27 21:06:48 2025] [::1]:59383 [200]: POST /receiver.php
[Sat Sep 27 21:06:48 2025] [::1]:59383 Closing
[Sat Sep 27 21:06:50 2025] [::1]:58664 Accepted
[Sat Sep 27 21:06:50 2025] [::1]:58664 [200]: POST /receiver.php
[Sat Sep 27 21:06:50 2025] [::1]:58664 Closing
[Sat Sep 27 21:06:52 2025] [::1]:64391 Accepted
[Sat Sep 27 21:06:52 2025] [::1]:64391 [200]: POST /receiver.php
[Sat Sep 27 21:06:52 2025] [::1]:64391 Closing
[Sat Sep 27 21:06:54 2025] [::1]:60342 Accepted
[Sat Sep 27 21:06:54 2025] [::1]:60342 [200]: POST /receiver.php
[Sat Sep 27 21:06:54 2025] [::1]:60342 Closing
[Sat Sep 27 21:06:56 2025] [::1]:65000 Accepted
[Sat Sep 27 21:06:56 2025] [::1]:65000 [200]: POST /receiver.php
[Sat Sep 27 21:06:56 2025] [::1]:65000 Closing
[Sat Sep 27 21:06:58 2025] [::1]:59232 Accepted
[Sat Sep 27 21:06:58 2025] [::1]:59232 [200]: POST /receiver.php
[Sat Sep 27 21:06:58 2025] [::1]:59232 Closing
[Sat Sep 27 21:06:58 2025] [::1]:53311 Accepted
[Sat Sep 27 21:06:59 2025] [::1]:53311 [200]: GET /spy-images.php
[Sat Sep 27 21:06:59 2025] [::1]:53311 Closing
[Sat Sep 27 21:06:59 2025] [::1]:60527 Accepted
[Sat Sep 27 21:06:59 2025] [::1]:60527 [302]: GET /.well-known/appspecific/com.chrome.devtools.json
[Sat Sep 27 21:06:59 2025] [::1]:60527 Closing
[Sat Sep 27 21:06:59 2025] [::1]:51530 Accepted
[Sat Sep 27 21:06:59 2025] [::1]:61301 Accepted
[Sat Sep 27 21:06:59 2025] [::1]:63240 Accepted
[Sat Sep 27 21:06:59 2025] [::1]:51530 [200]: GET /assets/css/bootstrap.min.css
[Sat Sep 27 21:06:59 2025] [::1]:61301 [200]: GET /images/cam27Sep2025152232.png
[Sat Sep 27 21:06:59 2025] [::1]:63240 [302]: GET /.well-known/appspecific/panel.php
[Sat Sep 27 21:06:59 2025] [::1]:63240 Closing
[Sat Sep 27 21:06:59 2025] [::1]:51539 Accepted
[Sat Sep 27 21:06:59 2025] [::1]:60114 Accepted
[Sat Sep 27 21:06:59 2025] [::1]:51530 Closing
[Sat Sep 27 21:06:59 2025] [::1]:56822 Accepted
[Sat Sep 27 21:06:59 2025] [::1]:51539 [200]: GET /images/cam27Sep2025152258.png
[Sat Sep 27 21:06:59 2025] [::1]:60114 [200]: GET /images/cam27Sep2025152307.png
[Sat Sep 27 21:06:59 2025] [::1]:56822 [200]: GET /images/cam27Sep2025152316.png
[Sat Sep 27 21:06:59 2025] [::1]:49591 Accepted
[Sat Sep 27 21:06:59 2025] [::1]:60773 Accepted
[Sat Sep 27 21:06:59 2025] [::1]:49591 [200]: GET /images/cam27Sep2025152325.png
[Sat Sep 27 21:06:59 2025] [::1]:60773 [302]: GET /.well-known/appspecific/panel.php
[Sat Sep 27 21:06:59 2025] [::1]:60773 Closing
[Sat Sep 27 21:06:59 2025] [::1]:55255 Accepted
[Sat Sep 27 21:06:59 2025] [::1]:51539 Closing
[Sat Sep 27 21:06:59 2025] [::1]:61301 Closing
[Sat Sep 27 21:06:59 2025] [::1]:60114 Closing
[Sat Sep 27 21:06:59 2025] [::1]:55255 [200]: GET /images/cam27Sep2025152334.png
[Sat Sep 27 21:06:59 2025] [::1]:56822 Closing
[Sat Sep 27 21:06:59 2025] [::1]:62446 Accepted
[Sat Sep 27 21:06:59 2025] [::1]:49591 Closing
[Sat Sep 27 21:06:59 2025] [::1]:62446 [302]: GET /.well-known/appspecific/panel.php
[Sat Sep 27 21:06:59 2025] [::1]:62446 Closing
[Sat Sep 27 21:06:59 2025] [::1]:55255 Closing
[Sat Sep 27 21:06:59 2025] [::1]:64104 Accepted
[Sat Sep 27 21:06:59 2025] [::1]:52169 Accepted
[Sat Sep 27 21:06:59 2025] [::1]:49615 Accepted
[Sat Sep 27 21:06:59 2025] [::1]:61775 Accepted
[Sat Sep 27 21:06:59 2025] [::1]:64104 [200]: GET /images/cam27Sep2025152343.png
[Sat Sep 27 21:06:59 2025] [::1]:52169 [200]: GET /images/cam27Sep2025152352.png
[Sat Sep 27 21:06:59 2025] [::1]:49615 [200]: GET /images/cam27Sep2025152401.png
[Sat Sep 27 21:06:59 2025] [::1]:61775 [200]: GET /images/cam27Sep2025152410.png
[Sat Sep 27 21:06:59 2025] [::1]:61251 Accepted
[Sat Sep 27 21:06:59 2025] [::1]:61251 [302]: GET /.well-known/appspecific/panel.php
[Sat Sep 27 21:06:59 2025] [::1]:61251 Closing
[Sat Sep 27 21:06:59 2025] [::1]:53057 Accepted
[Sat Sep 27 21:06:59 2025] [::1]:53057 [200]: GET /images/cam27Sep2025152419.png
[Sat Sep 27 21:06:59 2025] [::1]:64907 Accepted
[Sat Sep 27 21:06:59 2025] [::1]:64907 [302]: GET /.well-known/appspecific/panel.php
[Sat Sep 27 21:06:59 2025] [::1]:64907 Closing
[Sat Sep 27 21:06:59 2025] [::1]:49615 Closing
[Sat Sep 27 21:06:59 2025] [::1]:52169 Closing
[Sat Sep 27 21:06:59 2025] [::1]:53057 Closing
[Sat Sep 27 21:06:59 2025] [::1]:64104 Closing
[Sat Sep 27 21:06:59 2025] [::1]:61775 Closing
[Sat Sep 27 21:06:59 2025] [::1]:57975 Accepted
[Sat Sep 27 21:06:59 2025] [::1]:57975 [200]: GET /images/cam27Sep2025152428.png
[Sat Sep 27 21:06:59 2025] [::1]:52318 Accepted
[Sat Sep 27 21:06:59 2025] [::1]:52318 [302]: GET /.well-known/appspecific/panel.php
[Sat Sep 27 21:06:59 2025] [::1]:52318 Closing
[Sat Sep 27 21:06:59 2025] [::1]:57538 Accepted
[Sat Sep 27 21:06:59 2025] [::1]:57538 [302]: GET /.well-known/appspecific/panel.php
[Sat Sep 27 21:06:59 2025] [::1]:57538 Closing
[Sat Sep 27 21:06:59 2025] [::1]:57975 Closing
[Sat Sep 27 21:06:59 2025] [::1]:62828 Accepted
[Sat Sep 27 21:06:59 2025] [::1]:62828 [302]: GET /.well-known/appspecific/panel.php
[Sat Sep 27 21:06:59 2025] [::1]:62828 Closing
[Sat Sep 27 21:06:59 2025] [::1]:59896 Accepted
[Sat Sep 27 21:06:59 2025] [::1]:59896 [302]: GET /.well-known/appspecific/panel.php
[Sat Sep 27 21:06:59 2025] [::1]:59896 Closing
[Sat Sep 27 21:06:59 2025] [::1]:65155 Accepted
[Sat Sep 27 21:06:59 2025] [::1]:65155 [302]: GET /.well-known/appspecific/panel.php
[Sat Sep 27 21:06:59 2025] [::1]:65155 Closing
[Sat Sep 27 21:06:59 2025] [::1]:63375 Accepted
[Sat Sep 27 21:06:59 2025] [::1]:63375 [302]: GET /.well-known/appspecific/panel.php
[Sat Sep 27 21:06:59 2025] [::1]:63375 Closing
[Sat Sep 27 21:06:59 2025] [::1]:55867 Accepted
[Sat Sep 27 21:06:59 2025] [::1]:55867 [302]: GET /.well-known/appspecific/panel.php
[Sat Sep 27 21:06:59 2025] [::1]:55867 Closing
[Sat Sep 27 21:06:59 2025] [::1]:54537 Accepted
[Sat Sep 27 21:06:59 2025] [::1]:54537 [302]: GET /.well-known/appspecific/panel.php
[Sat Sep 27 21:06:59 2025] [::1]:54537 Closing
[Sat Sep 27 21:06:59 2025] [::1]:54317 Accepted
[Sat Sep 27 21:06:59 2025] [::1]:54317 [302]: GET /.well-known/appspecific/panel.php
[Sat Sep 27 21:06:59 2025] [::1]:54317 Closing
[Sat Sep 27 21:06:59 2025] [::1]:63367 Accepted
[Sat Sep 27 21:06:59 2025] [::1]:63367 [302]: GET /.well-known/appspecific/panel.php
[Sat Sep 27 21:06:59 2025] [::1]:63367 Closing
[Sat Sep 27 21:06:59 2025] [::1]:63027 Accepted
[Sat Sep 27 21:06:59 2025] [::1]:63027 [302]: GET /favicon.ico
[Sat Sep 27 21:06:59 2025] [::1]:63027 Closing
[Sat Sep 27 21:06:59 2025] [::1]:52190 Accepted
[Sat Sep 27 21:06:59 2025] [::1]:52190 [302]: GET /.well-known/appspecific/panel.php
[Sat Sep 27 21:06:59 2025] [::1]:52190 Closing
[Sat Sep 27 21:06:59 2025] [::1]:50114 Accepted
[Sat Sep 27 21:06:59 2025] [::1]:50114 [200]: GET /panel.php
[Sat Sep 27 21:06:59 2025] [::1]:50114 Closing
[Sat Sep 27 21:06:59 2025] [::1]:61616 Accepted
[Sat Sep 27 21:06:59 2025] [::1]:61616 [302]: GET /.well-known/appspecific/panel.php
[Sat Sep 27 21:06:59 2025] [::1]:61616 Closing
[Sat Sep 27 21:06:59 2025] [::1]:55268 Accepted
[Sat Sep 27 21:06:59 2025] [::1]:55268 [302]: GET /.well-known/appspecific/panel.php
[Sat Sep 27 21:06:59 2025] [::1]:55268 Closing
[Sat Sep 27 21:06:59 2025] [::1]:54353 Accepted
[Sat Sep 27 21:06:59 2025] [::1]:54353 [302]: GET /.well-known/appspecific/panel.php
[Sat Sep 27 21:06:59 2025] [::1]:54353 Closing
[Sat Sep 27 21:06:59 2025] [::1]:63614 Accepted
[Sat Sep 27 21:06:59 2025] [::1]:63614 [302]: GET /.well-known/appspecific/panel.php
[Sat Sep 27 21:06:59 2025] [::1]:63614 Closing
[Sat Sep 27 21:07:05 2025] [::1]:57149 Accepted
[Sat Sep 27 21:07:05 2025] [::1]:57149 [302]: GET /spy-images.php?clear=all
[Sat Sep 27 21:07:05 2025] [::1]:57149 Closing
[Sat Sep 27 21:07:05 2025] [::1]:60193 Accepted
[Sat Sep 27 21:07:05 2025] [::1]:60193 [200]: GET /spy-images.php
[Sat Sep 27 21:07:05 2025] [::1]:60193 Closing
[Sat Sep 27 21:07:05 2025] [::1]:50068 Accepted
[Sat Sep 27 21:07:05 2025] [::1]:50068 [302]: GET /.well-known/appspecific/com.chrome.devtools.json
[Sat Sep 27 21:07:05 2025] [::1]:50068 Closing
[Sat Sep 27 21:07:05 2025] [::1]:52386 Accepted
[Sat Sep 27 21:07:05 2025] [::1]:58867 Accepted
[Sat Sep 27 21:07:05 2025] [::1]:52386 [200]: GET /assets/css/bootstrap.min.css
[Sat Sep 27 21:07:05 2025] [::1]:58867 [302]: GET /.well-known/appspecific/panel.php
[Sat Sep 27 21:07:05 2025] [::1]:58867 Closing
[Sat Sep 27 21:07:05 2025] [::1]:52386 Closing
[Sat Sep 27 21:07:05 2025] [::1]:53401 Accepted
[Sat Sep 27 21:07:05 2025] [::1]:53401 [302]: GET /.well-known/appspecific/panel.php
[Sat Sep 27 21:07:05 2025] [::1]:53401 Closing
[Sat Sep 27 21:07:05 2025] [::1]:61339 Accepted
[Sat Sep 27 21:07:05 2025] [::1]:61339 [302]: GET /.well-known/appspecific/panel.php
[Sat Sep 27 21:07:05 2025] [::1]:61339 Closing
[Sat Sep 27 21:07:05 2025] [::1]:61279 Accepted
[Sat Sep 27 21:07:05 2025] [::1]:61279 [302]: GET /.well-known/appspecific/panel.php
[Sat Sep 27 21:07:05 2025] [::1]:61279 Closing
[Sat Sep 27 21:07:05 2025] [::1]:51445 Accepted
[Sat Sep 27 21:07:05 2025] [::1]:51445 [302]: GET /.well-known/appspecific/panel.php
[Sat Sep 27 21:07:05 2025] [::1]:51445 Closing
[Sat Sep 27 21:07:05 2025] [::1]:61602 Accepted
[Sat Sep 27 21:07:05 2025] [::1]:61602 [302]: GET /.well-known/appspecific/panel.php
[Sat Sep 27 21:07:05 2025] [::1]:61602 Closing
[Sat Sep 27 21:07:05 2025] [::1]:61820 Accepted
[Sat Sep 27 21:07:05 2025] [::1]:61820 [302]: GET /.well-known/appspecific/panel.php
[Sat Sep 27 21:07:05 2025] [::1]:61820 Closing
[Sat Sep 27 21:07:05 2025] [::1]:49865 Accepted
[Sat Sep 27 21:07:05 2025] [::1]:49865 [302]: GET /.well-known/appspecific/panel.php
[Sat Sep 27 21:07:05 2025] [::1]:49865 Closing
[Sat Sep 27 21:07:05 2025] [::1]:53943 Accepted
[Sat Sep 27 21:07:05 2025] [::1]:50968 Accepted
[Sat Sep 27 21:07:05 2025] [::1]:53943 [302]: GET /favicon.ico
[Sat Sep 27 21:07:05 2025] [::1]:53943 Closing
[Sat Sep 27 21:07:05 2025] [::1]:50968 [302]: GET /.well-known/appspecific/panel.php
[Sat Sep 27 21:07:05 2025] [::1]:50968 Closing
[Sat Sep 27 21:07:05 2025] [::1]:56603 Accepted
[Sat Sep 27 21:07:05 2025] [::1]:56603 [200]: GET /panel.php
[Sat Sep 27 21:07:05 2025] [::1]:56603 Closing
[Sat Sep 27 21:07:05 2025] [::1]:56441 Accepted
[Sat Sep 27 21:07:05 2025] [::1]:56441 [302]: GET /.well-known/appspecific/panel.php
[Sat Sep 27 21:07:05 2025] [::1]:56441 Closing
[Sat Sep 27 21:07:05 2025] [::1]:49978 Accepted
[Sat Sep 27 21:07:05 2025] [::1]:49978 [302]: GET /.well-known/appspecific/panel.php
[Sat Sep 27 21:07:05 2025] [::1]:49978 Closing
[Sat Sep 27 21:07:05 2025] [::1]:50244 Accepted
[Sat Sep 27 21:07:05 2025] [::1]:50244 [302]: GET /.well-known/appspecific/panel.php
[Sat Sep 27 21:07:05 2025] [::1]:50244 Closing
[Sat Sep 27 21:07:05 2025] [::1]:55125 Accepted
[Sat Sep 27 21:07:05 2025] [::1]:55125 [302]: GET /.well-known/appspecific/panel.php
[Sat Sep 27 21:07:05 2025] [::1]:55125 Closing
[Sat Sep 27 21:07:05 2025] [::1]:50592 Accepted
[Sat Sep 27 21:07:05 2025] [::1]:50592 [302]: GET /.well-known/appspecific/panel.php
[Sat Sep 27 21:07:05 2025] [::1]:50592 Closing
[Sat Sep 27 21:07:05 2025] [::1]:55088 Accepted
[Sat Sep 27 21:07:05 2025] [::1]:55088 [302]: GET /.well-known/appspecific/panel.php
[Sat Sep 27 21:07:05 2025] [::1]:55088 Closing
[Sat Sep 27 21:07:05 2025] [::1]:59467 Accepted
[Sat Sep 27 21:07:05 2025] [::1]:59467 [302]: GET /.well-known/appspecific/panel.php
[Sat Sep 27 21:07:05 2025] [::1]:59467 Closing
[Sat Sep 27 21:07:05 2025] [::1]:64997 Accepted
[Sat Sep 27 21:07:05 2025] [::1]:64997 [302]: GET /.well-known/appspecific/panel.php
[Sat Sep 27 21:07:05 2025] [::1]:64997 Closing
[Sat Sep 27 21:07:05 2025] [::1]:61122 Accepted
[Sat Sep 27 21:07:05 2025] [::1]:61122 [302]: GET /.well-known/appspecific/panel.php
[Sat Sep 27 21:07:05 2025] [::1]:61122 Closing
[Sat Sep 27 21:07:05 2025] [::1]:56708 Accepted
[Sat Sep 27 21:07:05 2025] [::1]:56708 [302]: GET /.well-known/appspecific/panel.php
[Sat Sep 27 21:07:05 2025] [::1]:56708 Closing
[Sat Sep 27 21:07:05 2025] [::1]:57616 Accepted
[Sat Sep 27 21:07:05 2025] [::1]:57616 [302]: GET /.well-known/appspecific/panel.php
[Sat Sep 27 21:07:05 2025] [::1]:57616 Closing
[Sat Sep 27 21:08:14 2025] [::1]:56770 Accepted
[Sat Sep 27 21:08:14 2025] [::1]:56770 [200]: GET /panel.php
[Sat Sep 27 21:08:14 2025] [::1]:56770 Closing
[Sat Sep 27 21:08:14 2025] [::1]:53814 Accepted
[Sat Sep 27 21:08:14 2025] [::1]:50500 Accepted
[Sat Sep 27 21:08:14 2025] [::1]:53814 [302]: GET /.well-known/appspecific/com.chrome.devtools.json
[Sat Sep 27 21:08:14 2025] [::1]:53814 Closing
[Sat Sep 27 21:08:14 2025] [::1]:50500 [200]: GET /assets/css/bootstrap.min.css
[Sat Sep 27 21:08:14 2025] [::1]:50500 Closing
[Sat Sep 27 21:08:14 2025] [::1]:52050 Accepted
[Sat Sep 27 21:08:14 2025] [::1]:57396 Accepted
[Sat Sep 27 21:08:14 2025] [::1]:49315 Accepted
[Sat Sep 27 21:08:14 2025] [::1]:60585 Accepted
[Sat Sep 27 21:08:14 2025] [::1]:60062 Accepted
[Sat Sep 27 21:08:14 2025] [::1]:52050 [200]: GET /assets/css/light-theme.min.css
[Sat Sep 27 21:08:14 2025] [::1]:52050 Closing
[Sat Sep 27 21:08:14 2025] [::1]:62658 Accepted
[Sat Sep 27 21:08:14 2025] [::1]:57396 [200]: GET /assets/js/jquery.min.js
[Sat Sep 27 21:08:14 2025] [::1]:49315 [200]: GET /assets/js/script.js
[Sat Sep 27 21:08:14 2025] [::1]:60585 [200]: GET /assets/js/sweetalert2.min.js
[Sat Sep 27 21:08:14 2025] [::1]:60062 [302]: GET /.well-known/appspecific/panel.php
[Sat Sep 27 21:08:14 2025] [::1]:60062 Closing
[Sat Sep 27 21:08:14 2025] [::1]:62658 [200]: GET /assets/js/growl-notification.min.js
[Sat Sep 27 21:08:14 2025] [::1]:57396 Closing
[Sat Sep 27 21:08:14 2025] [::1]:49315 Closing
[Sat Sep 27 21:08:14 2025] [::1]:60585 Closing
[Sat Sep 27 21:08:14 2025] [::1]:59474 Accepted
[Sat Sep 27 21:08:14 2025] [::1]:62658 Closing
[Sat Sep 27 21:08:14 2025] [::1]:59474 [302]: GET /.well-known/appspecific/panel.php
[Sat Sep 27 21:08:14 2025] [::1]:59474 Closing
[Sat Sep 27 21:08:14 2025] [::1]:59588 Accepted
[Sat Sep 27 21:08:14 2025] [::1]:59588 [302]: GET /.well-known/appspecific/panel.php
[Sat Sep 27 21:08:14 2025] [::1]:59588 Closing
[Sat Sep 27 21:08:14 2025] [::1]:53544 Accepted
[Sat Sep 27 21:08:14 2025] [::1]:53544 [302]: GET /.well-known/appspecific/panel.php
[Sat Sep 27 21:08:14 2025] [::1]:53544 Closing
[Sat Sep 27 21:08:14 2025] [::1]:50650 Accepted
[Sat Sep 27 21:08:14 2025] [::1]:50650 [302]: GET /.well-known/appspecific/panel.php
[Sat Sep 27 21:08:14 2025] [::1]:50650 Closing
[Sat Sep 27 21:08:14 2025] [::1]:54439 Accepted
[Sat Sep 27 21:08:14 2025] [::1]:54439 [302]: GET /.well-known/appspecific/panel.php
[Sat Sep 27 21:08:14 2025] [::1]:54439 Closing
[Sat Sep 27 21:08:14 2025] [::1]:52703 Accepted
[Sat Sep 27 21:08:14 2025] [::1]:52703 [302]: GET /.well-known/appspecific/panel.php
[Sat Sep 27 21:08:14 2025] [::1]:52703 Closing
[Sat Sep 27 21:08:14 2025] [::1]:58784 Accepted
[Sat Sep 27 21:08:14 2025] [::1]:58784 [302]: GET /.well-known/appspecific/panel.php
[Sat Sep 27 21:08:14 2025] [::1]:58784 Closing
[Sat Sep 27 21:08:14 2025] [::1]:52376 Accepted
[Sat Sep 27 21:08:14 2025] [::1]:52376 [302]: GET /.well-known/appspecific/panel.php
[Sat Sep 27 21:08:14 2025] [::1]:52376 Closing
[Sat Sep 27 21:08:14 2025] [::1]:56924 Accepted
[Sat Sep 27 21:08:14 2025] [::1]:56924 [302]: GET /.well-known/appspecific/panel.php
[Sat Sep 27 21:08:14 2025] [::1]:56924 Closing
[Sat Sep 27 21:08:14 2025] [::1]:55291 Accepted
[Sat Sep 27 21:08:14 2025] [::1]:55291 [302]: GET /.well-known/appspecific/panel.php
[Sat Sep 27 21:08:14 2025] [::1]:55291 Closing
[Sat Sep 27 21:08:14 2025] [::1]:54618 Accepted
[Sat Sep 27 21:08:14 2025] [::1]:54618 [302]: GET /.well-known/appspecific/panel.php
[Sat Sep 27 21:08:14 2025] [::1]:54618 Closing
[Sat Sep 27 21:08:14 2025] [::1]:65464 Accepted
[Sat Sep 27 21:08:14 2025] [::1]:65464 [302]: GET /.well-known/appspecific/panel.php
[Sat Sep 27 21:08:14 2025] [::1]:65464 Closing
[Sat Sep 27 21:08:14 2025] [::1]:58458 Accepted
[Sat Sep 27 21:08:14 2025] [::1]:58458 [200]: GET /Settings.json
[Sat Sep 27 21:08:14 2025] [::1]:58458 Closing
[Sat Sep 27 21:08:14 2025] [::1]:51624 Accepted
[Sat Sep 27 21:08:14 2025] [::1]:51624 [200]: POST /list_templates.php
[Sat Sep 27 21:08:14 2025] [::1]:51624 Closing
[Sat Sep 27 21:08:14 2025] [::1]:62161 Accepted
[Sat Sep 27 21:08:14 2025] [::1]:51187 Accepted
[Sat Sep 27 21:08:14 2025] [::1]:62161 [302]: GET /favicon.ico
[Sat Sep 27 21:08:14 2025] [::1]:62161 Closing
[Sat Sep 27 21:08:14 2025] [::1]:51187 [302]: GET /.well-known/appspecific/panel.php
[Sat Sep 27 21:08:14 2025] [::1]:51187 Closing
[Sat Sep 27 21:08:14 2025] [::1]:65272 Accepted
[Sat Sep 27 21:08:14 2025] [::1]:50660 Accepted
[Sat Sep 27 21:08:14 2025] [::1]:65272 [200]: GET /panel.php
[Sat Sep 27 21:08:14 2025] [::1]:65272 Closing
[Sat Sep 27 21:08:14 2025] [::1]:50660 [302]: GET /.well-known/appspecific/panel.php
[Sat Sep 27 21:08:14 2025] [::1]:50660 Closing
[Sat Sep 27 21:08:14 2025] [::1]:54009 Accepted
[Sat Sep 27 21:08:14 2025] [::1]:54009 [302]: GET /.well-known/appspecific/panel.php
[Sat Sep 27 21:08:14 2025] [::1]:54009 Closing
[Sat Sep 27 21:08:14 2025] [::1]:55617 Accepted
[Sat Sep 27 21:08:14 2025] [::1]:55617 [302]: GET /.well-known/appspecific/panel.php
[Sat Sep 27 21:08:14 2025] [::1]:55617 Closing
[Sat Sep 27 21:08:14 2025] [::1]:60165 Accepted
[Sat Sep 27 21:08:14 2025] [::1]:60165 [302]: GET /.well-known/appspecific/panel.php
[Sat Sep 27 21:08:14 2025] [::1]:60165 Closing
[Sat Sep 27 21:08:14 2025] [::1]:58042 Accepted
[Sat Sep 27 21:08:14 2025] [::1]:58042 [302]: GET /.well-known/appspecific/panel.php
[Sat Sep 27 21:08:14 2025] [::1]:58042 Closing
[Sat Sep 27 21:08:14 2025] [::1]:65091 Accepted
[Sat Sep 27 21:08:14 2025] [::1]:65091 [302]: GET /.well-known/appspecific/panel.php
[Sat Sep 27 21:08:14 2025] [::1]:65091 Closing
[Sat Sep 27 21:08:17 2025] [::1]:56642 Accepted
[Sat Sep 27 21:08:18 2025] [::1]:56642 [200]: POST /receiver.php
[Sat Sep 27 21:08:18 2025] [::1]:56642 Closing
[Sat Sep 27 21:08:19 2025] [::1]:52234 Accepted
[Sat Sep 27 21:08:19 2025] [::1]:52234 [200]: POST /receiver.php
[Sat Sep 27 21:08:19 2025] [::1]:52234 Closing
[Sat Sep 27 21:08:21 2025] [::1]:52927 Accepted
[Sat Sep 27 21:08:21 2025] [::1]:52927 [200]: POST /receiver.php
[Sat Sep 27 21:08:21 2025] [::1]:52927 Closing
[Sat Sep 27 21:08:23 2025] [::1]:52672 Accepted
[Sat Sep 27 21:08:23 2025] [::1]:52672 [200]: POST /receiver.php
[Sat Sep 27 21:08:23 2025] [::1]:52672 Closing
[Sat Sep 27 21:08:25 2025] [::1]:60798 Accepted
[Sat Sep 27 21:08:25 2025] [::1]:60798 [200]: POST /receiver.php
[Sat Sep 27 21:08:25 2025] [::1]:60798 Closing
[Sat Sep 27 21:08:27 2025] [::1]:59093 Accepted
[Sat Sep 27 21:08:27 2025] [::1]:59093 [200]: POST /receiver.php
[Sat Sep 27 21:08:27 2025] [::1]:59093 Closing
[Sat Sep 27 21:08:29 2025] [::1]:49317 Accepted
[Sat Sep 27 21:08:29 2025] [::1]:49317 [200]: POST /receiver.php
[Sat Sep 27 21:08:29 2025] [::1]:49317 Closing
[Sat Sep 27 21:08:31 2025] [::1]:63749 Accepted
[Sat Sep 27 21:08:31 2025] [::1]:63749 [200]: POST /receiver.php
[Sat Sep 27 21:08:31 2025] [::1]:63749 Closing
[Sat Sep 27 21:08:33 2025] [::1]:50565 Accepted
[Sat Sep 27 21:08:33 2025] [::1]:50565 [200]: POST /receiver.php
[Sat Sep 27 21:08:33 2025] [::1]:50565 Closing
[Sat Sep 27 21:08:35 2025] [::1]:60224 Accepted
[Sat Sep 27 21:08:35 2025] [::1]:60224 [200]: POST /receiver.php
[Sat Sep 27 21:08:35 2025] [::1]:60224 Closing
[Sat Sep 27 21:08:37 2025] [::1]:50925 Accepted
[Sat Sep 27 21:08:37 2025] [::1]:50925 [200]: POST /receiver.php
[Sat Sep 27 21:08:37 2025] [::1]:50925 Closing
[Sat Sep 27 21:08:39 2025] [::1]:50060 Accepted
[Sat Sep 27 21:08:39 2025] [::1]:50060 [200]: POST /receiver.php
[Sat Sep 27 21:08:39 2025] [::1]:50060 Closing
[Sat Sep 27 21:08:41 2025] [::1]:54949 Accepted
[Sat Sep 27 21:08:41 2025] [::1]:54949 [200]: POST /receiver.php
[Sat Sep 27 21:08:41 2025] [::1]:54949 Closing
[Sat Sep 27 21:08:43 2025] [::1]:49771 Accepted
[Sat Sep 27 21:08:43 2025] [::1]:49771 [200]: POST /receiver.php
[Sat Sep 27 21:08:43 2025] [::1]:49771 Closing
[Sat Sep 27 21:08:45 2025] [::1]:63832 Accepted
[Sat Sep 27 21:08:45 2025] [::1]:63832 [200]: POST /receiver.php
[Sat Sep 27 21:08:45 2025] [::1]:63832 Closing
[Sat Sep 27 21:08:47 2025] [::1]:61579 Accepted
[Sat Sep 27 21:08:47 2025] [::1]:61579 [200]: POST /receiver.php
[Sat Sep 27 21:08:47 2025] [::1]:61579 Closing
[Sat Sep 27 21:08:49 2025] [::1]:53137 Accepted
[Sat Sep 27 21:08:49 2025] [::1]:53137 [200]: POST /receiver.php
[Sat Sep 27 21:08:49 2025] [::1]:53137 Closing
[Sat Sep 27 21:08:51 2025] [::1]:57253 Accepted
[Sat Sep 27 21:08:51 2025] [::1]:57253 [200]: POST /receiver.php
[Sat Sep 27 21:08:51 2025] [::1]:57253 Closing
[Sat Sep 27 21:08:53 2025] [::1]:54330 Accepted
[Sat Sep 27 21:08:53 2025] [::1]:54330 [200]: POST /receiver.php
[Sat Sep 27 21:08:53 2025] [::1]:54330 Closing
[Sat Sep 27 21:08:55 2025] [::1]:50396 Accepted
[Sat Sep 27 21:08:55 2025] [::1]:50396 [200]: POST /receiver.php
[Sat Sep 27 21:08:55 2025] [::1]:50396 Closing
[Sat Sep 27 21:08:57 2025] [::1]:56571 Accepted
[Sat Sep 27 21:08:57 2025] [::1]:56571 [200]: POST /receiver.php
[Sat Sep 27 21:08:57 2025] [::1]:56571 Closing
[Sat Sep 27 21:08:59 2025] [::1]:51369 Accepted
[Sat Sep 27 21:08:59 2025] [::1]:51369 [200]: POST /receiver.php
[Sat Sep 27 21:08:59 2025] [::1]:51369 Closing
[Sat Sep 27 21:09:01 2025] [::1]:55940 Accepted
[Sat Sep 27 21:09:01 2025] [::1]:55940 [200]: POST /receiver.php
[Sat Sep 27 21:09:01 2025] [::1]:55940 Closing
[Sat Sep 27 21:09:03 2025] [::1]:53533 Accepted
[Sat Sep 27 21:09:03 2025] [::1]:53533 [200]: POST /receiver.php
[Sat Sep 27 21:09:03 2025] [::1]:53533 Closing
[Sat Sep 27 21:09:05 2025] [::1]:63294 Accepted
[Sat Sep 27 21:09:05 2025] [::1]:63294 [200]: POST /receiver.php
[Sat Sep 27 21:09:05 2025] [::1]:63294 Closing
[Sat Sep 27 21:09:07 2025] [::1]:62017 Accepted
[Sat Sep 27 21:09:07 2025] [::1]:62017 [200]: POST /receiver.php
[Sat Sep 27 21:09:07 2025] [::1]:62017 Closing
[Sat Sep 27 21:09:09 2025] [::1]:56225 Accepted
[Sat Sep 27 21:09:09 2025] [::1]:56225 [200]: POST /receiver.php
[Sat Sep 27 21:09:09 2025] [::1]:56225 Closing
[Sat Sep 27 21:09:11 2025] [::1]:58110 Accepted
[Sat Sep 27 21:09:11 2025] [::1]:58110 [200]: POST /receiver.php
[Sat Sep 27 21:09:11 2025] [::1]:58110 Closing
[Sat Sep 27 21:09:13 2025] [::1]:56832 Accepted
[Sat Sep 27 21:09:13 2025] [::1]:56832 [200]: POST /receiver.php
[Sat Sep 27 21:09:13 2025] [::1]:56832 Closing
[Sat Sep 27 21:09:15 2025] [::1]:55847 Accepted
[Sat Sep 27 21:09:15 2025] [::1]:55847 [200]: POST /receiver.php
[Sat Sep 27 21:09:15 2025] [::1]:55847 Closing
[Sat Sep 27 21:09:17 2025] [::1]:53907 Accepted
[Sat Sep 27 21:09:17 2025] [::1]:53907 [200]: POST /receiver.php
[Sat Sep 27 21:09:17 2025] [::1]:53907 Closing
[Sat Sep 27 21:09:19 2025] [::1]:59219 Accepted
[Sat Sep 27 21:09:19 2025] [::1]:59219 [200]: POST /receiver.php
[Sat Sep 27 21:09:19 2025] [::1]:59219 Closing
[Sat Sep 27 21:09:21 2025] [::1]:51174 Accepted
[Sat Sep 27 21:09:21 2025] [::1]:51174 [200]: POST /receiver.php
[Sat Sep 27 21:09:21 2025] [::1]:51174 Closing
[Sat Sep 27 21:09:23 2025] [::1]:60859 Accepted
[Sat Sep 27 21:09:23 2025] [::1]:60859 [200]: POST /receiver.php
[Sat Sep 27 21:09:23 2025] [::1]:60859 Closing
[Sat Sep 27 21:09:25 2025] [::1]:49764 Accepted
[Sat Sep 27 21:09:25 2025] [::1]:49764 [200]: POST /receiver.php
[Sat Sep 27 21:09:25 2025] [::1]:49764 Closing
[Sat Sep 27 21:09:27 2025] [::1]:54525 Accepted
[Sat Sep 27 21:09:27 2025] [::1]:54525 [200]: POST /receiver.php
[Sat Sep 27 21:09:27 2025] [::1]:54525 Closing
[Sat Sep 27 21:09:29 2025] [::1]:63669 Accepted
[Sat Sep 27 21:09:29 2025] [::1]:63669 [200]: POST /receiver.php
[Sat Sep 27 21:09:29 2025] [::1]:63669 Closing
[Sat Sep 27 21:09:31 2025] [::1]:52724 Accepted
[Sat Sep 27 21:09:31 2025] [::1]:52724 [200]: POST /receiver.php
[Sat Sep 27 21:09:31 2025] [::1]:52724 Closing
[Sat Sep 27 21:09:33 2025] [::1]:57197 Accepted
[Sat Sep 27 21:09:33 2025] [::1]:57197 [200]: POST /receiver.php
[Sat Sep 27 21:09:33 2025] [::1]:57197 Closing
[Sat Sep 27 21:09:35 2025] [::1]:61994 Accepted
[Sat Sep 27 21:09:35 2025] [::1]:61994 [200]: POST /receiver.php
[Sat Sep 27 21:09:35 2025] [::1]:61994 Closing
[Sat Sep 27 21:09:37 2025] [::1]:50878 Accepted
[Sat Sep 27 21:09:37 2025] [::1]:50878 [200]: POST /receiver.php
[Sat Sep 27 21:09:37 2025] [::1]:50878 Closing
[Sat Sep 27 21:09:39 2025] [::1]:62434 Accepted
[Sat Sep 27 21:09:39 2025] [::1]:62434 [200]: POST /receiver.php
[Sat Sep 27 21:09:39 2025] [::1]:62434 Closing
[Sat Sep 27 21:09:41 2025] [::1]:53913 Accepted
[Sat Sep 27 21:09:41 2025] [::1]:53913 [200]: POST /receiver.php
[Sat Sep 27 21:09:41 2025] [::1]:53913 Closing
[Sat Sep 27 21:09:43 2025] [::1]:53689 Accepted
[Sat Sep 27 21:09:43 2025] [::1]:53689 [200]: POST /receiver.php
[Sat Sep 27 21:09:43 2025] [::1]:53689 Closing
[Sat Sep 27 21:09:45 2025] [::1]:63521 Accepted
[Sat Sep 27 21:09:45 2025] [::1]:63521 [200]: POST /receiver.php
[Sat Sep 27 21:09:45 2025] [::1]:63521 Closing
[Sat Sep 27 21:09:47 2025] [::1]:52778 Accepted
[Sat Sep 27 21:09:47 2025] [::1]:52778 [200]: POST /receiver.php
[Sat Sep 27 21:09:47 2025] [::1]:52778 Closing
[Sat Sep 27 21:09:49 2025] [::1]:60449 Accepted
[Sat Sep 27 21:09:49 2025] [::1]:60449 [200]: POST /receiver.php
[Sat Sep 27 21:09:49 2025] [::1]:60449 Closing
[Sat Sep 27 21:09:51 2025] [::1]:50722 Accepted
[Sat Sep 27 21:09:51 2025] [::1]:50722 [200]: POST /receiver.php
[Sat Sep 27 21:09:51 2025] [::1]:50722 Closing
[Sat Sep 27 21:09:53 2025] [::1]:63319 Accepted
[Sat Sep 27 21:09:53 2025] [::1]:63319 [200]: POST /receiver.php
[Sat Sep 27 21:09:53 2025] [::1]:63319 Closing
[Sat Sep 27 21:09:55 2025] [::1]:54419 Accepted
[Sat Sep 27 21:09:55 2025] [::1]:54419 [200]: POST /receiver.php
[Sat Sep 27 21:09:55 2025] [::1]:54419 Closing
[Sat Sep 27 21:09:57 2025] [::1]:64941 Accepted
[Sat Sep 27 21:09:57 2025] [::1]:64941 [200]: POST /receiver.php
[Sat Sep 27 21:09:57 2025] [::1]:64941 Closing
[Sat Sep 27 21:09:59 2025] [::1]:61630 Accepted
[Sat Sep 27 21:09:59 2025] [::1]:61630 [200]: POST /receiver.php
[Sat Sep 27 21:09:59 2025] [::1]:61630 Closing
[Sat Sep 27 21:10:01 2025] [::1]:57322 Accepted
[Sat Sep 27 21:10:01 2025] [::1]:57322 [200]: POST /receiver.php
[Sat Sep 27 21:10:01 2025] [::1]:57322 Closing
[Sat Sep 27 21:10:03 2025] [::1]:65206 Accepted
[Sat Sep 27 21:10:03 2025] [::1]:65206 [200]: POST /receiver.php
[Sat Sep 27 21:10:03 2025] [::1]:65206 Closing
[Sat Sep 27 21:10:05 2025] [::1]:63692 Accepted
[Sat Sep 27 21:10:05 2025] [::1]:63692 [200]: POST /receiver.php
[Sat Sep 27 21:10:05 2025] [::1]:63692 Closing
[Sat Sep 27 21:10:07 2025] [::1]:65300 Accepted
[Sat Sep 27 21:10:07 2025] [::1]:65300 [200]: POST /receiver.php
[Sat Sep 27 21:10:07 2025] [::1]:65300 Closing
[Sat Sep 27 21:10:09 2025] [::1]:64461 Accepted
[Sat Sep 27 21:10:09 2025] [::1]:64461 [200]: POST /receiver.php
[Sat Sep 27 21:10:09 2025] [::1]:64461 Closing
[Sat Sep 27 21:10:11 2025] [::1]:61270 Accepted
[Sat Sep 27 21:10:11 2025] [::1]:61270 [200]: POST /receiver.php
[Sat Sep 27 21:10:11 2025] [::1]:61270 Closing
[Sat Sep 27 21:10:13 2025] [::1]:54053 Accepted
[Sat Sep 27 21:10:13 2025] [::1]:54053 [200]: POST /receiver.php
[Sat Sep 27 21:10:13 2025] [::1]:54053 Closing
[Sat Sep 27 21:10:15 2025] [::1]:56631 Accepted
[Sat Sep 27 21:10:15 2025] [::1]:56631 [200]: POST /receiver.php
[Sat Sep 27 21:10:15 2025] [::1]:56631 Closing
[Sat Sep 27 21:10:17 2025] [::1]:54298 Accepted
[Sat Sep 27 21:10:17 2025] [::1]:54298 [200]: POST /receiver.php
[Sat Sep 27 21:10:17 2025] [::1]:54298 Closing
[Sat Sep 27 21:10:19 2025] [::1]:65471 Accepted
[Sat Sep 27 21:10:19 2025] [::1]:65471 [200]: POST /receiver.php
[Sat Sep 27 21:10:19 2025] [::1]:65471 Closing
[Sat Sep 27 21:10:21 2025] [::1]:50877 Accepted
[Sat Sep 27 21:10:21 2025] [::1]:50877 [200]: POST /receiver.php
[Sat Sep 27 21:10:21 2025] [::1]:50877 Closing
[Sat Sep 27 21:10:23 2025] [::1]:51130 Accepted
[Sat Sep 27 21:10:23 2025] [::1]:51130 [200]: POST /receiver.php
[Sat Sep 27 21:10:23 2025] [::1]:51130 Closing
[Sat Sep 27 21:10:25 2025] [::1]:61772 Accepted
[Sat Sep 27 21:10:25 2025] [::1]:61772 [200]: POST /receiver.php
[Sat Sep 27 21:10:25 2025] [::1]:61772 Closing
[Sat Sep 27 21:10:27 2025] [::1]:58343 Accepted
[Sat Sep 27 21:10:27 2025] [::1]:58343 [200]: POST /receiver.php
[Sat Sep 27 21:10:27 2025] [::1]:58343 Closing
[Sat Sep 27 21:10:29 2025] [::1]:63713 Accepted
[Sat Sep 27 21:10:29 2025] [::1]:63713 [200]: POST /receiver.php
[Sat Sep 27 21:10:29 2025] [::1]:63713 Closing
[Sat Sep 27 21:10:31 2025] [::1]:61262 Accepted
[Sat Sep 27 21:10:31 2025] [::1]:61262 [200]: POST /receiver.php
[Sat Sep 27 21:10:31 2025] [::1]:61262 Closing
[Sat Sep 27 21:10:33 2025] [::1]:55944 Accepted
[Sat Sep 27 21:10:33 2025] [::1]:55944 [200]: POST /receiver.php
[Sat Sep 27 21:10:33 2025] [::1]:55944 Closing
[Sat Sep 27 21:10:35 2025] [::1]:62106 Accepted
[Sat Sep 27 21:10:35 2025] [::1]:62106 [200]: POST /receiver.php
[Sat Sep 27 21:10:35 2025] [::1]:62106 Closing
[Sat Sep 27 21:10:37 2025] [::1]:63699 Accepted
[Sat Sep 27 21:10:37 2025] [::1]:63699 [200]: POST /receiver.php
[Sat Sep 27 21:10:37 2025] [::1]:63699 Closing
[Sat Sep 27 21:10:39 2025] [::1]:65137 Accepted
[Sat Sep 27 21:10:39 2025] [::1]:65137 [200]: POST /receiver.php
[Sat Sep 27 21:10:39 2025] [::1]:65137 Closing
[Sat Sep 27 21:10:41 2025] [::1]:64434 Accepted
[Sat Sep 27 21:10:41 2025] [::1]:64434 [200]: POST /receiver.php
[Sat Sep 27 21:10:41 2025] [::1]:64434 Closing
[Sat Sep 27 21:10:43 2025] [::1]:51038 Accepted
[Sat Sep 27 21:10:43 2025] [::1]:51038 [200]: POST /receiver.php
[Sat Sep 27 21:10:43 2025] [::1]:51038 Closing
[Sat Sep 27 21:10:45 2025] [::1]:62777 Accepted
[Sat Sep 27 21:10:45 2025] [::1]:62777 [200]: POST /receiver.php
[Sat Sep 27 21:10:45 2025] [::1]:62777 Closing
[Sat Sep 27 21:10:47 2025] [::1]:54507 Accepted
[Sat Sep 27 21:10:47 2025] [::1]:54507 [200]: POST /receiver.php
[Sat Sep 27 21:10:47 2025] [::1]:54507 Closing
[Sat Sep 27 21:10:49 2025] [::1]:65411 Accepted
[Sat Sep 27 21:10:49 2025] [::1]:65411 [200]: POST /receiver.php
[Sat Sep 27 21:10:49 2025] [::1]:65411 Closing
[Sat Sep 27 21:10:51 2025] [::1]:60227 Accepted
[Sat Sep 27 21:10:51 2025] [::1]:60227 [200]: POST /receiver.php
[Sat Sep 27 21:10:51 2025] [::1]:60227 Closing
[Sat Sep 27 21:10:53 2025] [::1]:55722 Accepted
[Sat Sep 27 21:10:53 2025] [::1]:55722 [200]: POST /receiver.php
[Sat Sep 27 21:10:53 2025] [::1]:55722 Closing
[Sat Sep 27 21:10:55 2025] [::1]:56562 Accepted
[Sat Sep 27 21:10:55 2025] [::1]:56562 [200]: POST /receiver.php
[Sat Sep 27 21:10:55 2025] [::1]:56562 Closing
[Sat Sep 27 21:10:57 2025] [::1]:57175 Accepted
[Sat Sep 27 21:10:57 2025] [::1]:57175 [200]: POST /receiver.php
[Sat Sep 27 21:10:57 2025] [::1]:57175 Closing
[Sat Sep 27 21:10:59 2025] [::1]:55376 Accepted
[Sat Sep 27 21:10:59 2025] [::1]:55376 [200]: POST /receiver.php
[Sat Sep 27 21:10:59 2025] [::1]:55376 Closing
[Sat Sep 27 21:11:01 2025] [::1]:49337 Accepted
[Sat Sep 27 21:11:01 2025] [::1]:49337 [200]: POST /receiver.php
[Sat Sep 27 21:11:01 2025] [::1]:49337 Closing
[Sat Sep 27 21:11:03 2025] [::1]:49911 Accepted
[Sat Sep 27 21:11:03 2025] [::1]:49911 [200]: POST /receiver.php
[Sat Sep 27 21:11:03 2025] [::1]:49911 Closing
[Sat Sep 27 21:11:05 2025] [::1]:55928 Accepted
[Sat Sep 27 21:11:05 2025] [::1]:55928 [200]: POST /receiver.php
[Sat Sep 27 21:11:05 2025] [::1]:55928 Closing
[Sat Sep 27 21:11:07 2025] [::1]:58958 Accepted
[Sat Sep 27 21:11:07 2025] [::1]:58958 [200]: POST /receiver.php
[Sat Sep 27 21:11:07 2025] [::1]:58958 Closing
[Sat Sep 27 21:11:09 2025] [::1]:53403 Accepted
[Sat Sep 27 21:11:09 2025] [::1]:53403 [200]: POST /receiver.php
[Sat Sep 27 21:11:09 2025] [::1]:53403 Closing
[Sat Sep 27 21:11:11 2025] [::1]:57381 Accepted
[Sat Sep 27 21:11:11 2025] [::1]:57381 [200]: POST /receiver.php
[Sat Sep 27 21:11:11 2025] [::1]:57381 Closing
[Sat Sep 27 21:11:13 2025] [::1]:55533 Accepted
[Sat Sep 27 21:11:13 2025] [::1]:55533 [200]: POST /receiver.php
[Sat Sep 27 21:11:13 2025] [::1]:55533 Closing
[Sat Sep 27 21:11:15 2025] [::1]:60112 Accepted
[Sat Sep 27 21:11:15 2025] [::1]:60112 [200]: POST /receiver.php
[Sat Sep 27 21:11:15 2025] [::1]:60112 Closing
[Sat Sep 27 21:11:17 2025] [::1]:50342 Accepted
[Sat Sep 27 21:11:17 2025] [::1]:50342 [200]: POST /receiver.php
[Sat Sep 27 21:11:17 2025] [::1]:50342 Closing
[Sat Sep 27 21:11:19 2025] [::1]:62303 Accepted
[Sat Sep 27 21:11:19 2025] [::1]:62303 [200]: POST /receiver.php
[Sat Sep 27 21:11:19 2025] [::1]:62303 Closing
[Sat Sep 27 21:11:21 2025] [::1]:52165 Accepted
[Sat Sep 27 21:11:21 2025] [::1]:52165 [200]: POST /receiver.php
[Sat Sep 27 21:11:21 2025] [::1]:52165 Closing
[Sat Sep 27 21:11:23 2025] [::1]:59443 Accepted
[Sat Sep 27 21:11:23 2025] [::1]:59443 [200]: POST /receiver.php
[Sat Sep 27 21:11:23 2025] [::1]:59443 Closing
[Sat Sep 27 21:11:25 2025] [::1]:60732 Accepted
[Sat Sep 27 21:11:25 2025] [::1]:60732 [200]: POST /receiver.php
[Sat Sep 27 21:11:25 2025] [::1]:60732 Closing
[Sat Sep 27 21:11:27 2025] [::1]:49158 Accepted
[Sat Sep 27 21:11:27 2025] [::1]:49158 [200]: POST /receiver.php
[Sat Sep 27 21:11:27 2025] [::1]:49158 Closing
[Sat Sep 27 21:11:29 2025] [::1]:58343 Accepted
[Sat Sep 27 21:11:29 2025] [::1]:58343 [200]: POST /receiver.php
[Sat Sep 27 21:11:29 2025] [::1]:58343 Closing
[Sat Sep 27 21:11:31 2025] [::1]:51332 Accepted
[Sat Sep 27 21:11:31 2025] [::1]:51332 [200]: POST /receiver.php
[Sat Sep 27 21:11:31 2025] [::1]:51332 Closing
[Sat Sep 27 21:11:33 2025] [::1]:49941 Accepted
[Sat Sep 27 21:11:33 2025] [::1]:49941 [200]: POST /receiver.php
[Sat Sep 27 21:11:33 2025] [::1]:49941 Closing
[Sat Sep 27 21:11:35 2025] [::1]:53465 Accepted
[Sat Sep 27 21:11:35 2025] [::1]:53465 [200]: POST /receiver.php
[Sat Sep 27 21:11:35 2025] [::1]:53465 Closing
[Sat Sep 27 21:11:37 2025] [::1]:57361 Accepted
[Sat Sep 27 21:11:37 2025] [::1]:57361 [200]: POST /receiver.php
[Sat Sep 27 21:11:37 2025] [::1]:57361 Closing
[Sat Sep 27 21:11:39 2025] [::1]:49479 Accepted
[Sat Sep 27 21:11:39 2025] [::1]:49479 [200]: POST /receiver.php
[Sat Sep 27 21:11:39 2025] [::1]:49479 Closing
[Sat Sep 27 21:11:41 2025] [::1]:53363 Accepted
[Sat Sep 27 21:11:41 2025] [::1]:53363 [200]: POST /receiver.php
[Sat Sep 27 21:11:41 2025] [::1]:53363 Closing
[Sat Sep 27 21:11:43 2025] [::1]:55592 Accepted
[Sat Sep 27 21:11:43 2025] [::1]:55592 [200]: POST /receiver.php
[Sat Sep 27 21:11:43 2025] [::1]:55592 Closing
[Sat Sep 27 21:11:45 2025] [::1]:61936 Accepted
[Sat Sep 27 21:11:45 2025] [::1]:61936 [200]: POST /receiver.php
[Sat Sep 27 21:11:45 2025] [::1]:61936 Closing
[Sat Sep 27 21:11:47 2025] [::1]:57775 Accepted
[Sat Sep 27 21:11:47 2025] [::1]:57775 [200]: POST /receiver.php
[Sat Sep 27 21:11:47 2025] [::1]:57775 Closing
[Sat Sep 27 21:11:49 2025] [::1]:58115 Accepted
[Sat Sep 27 21:11:49 2025] [::1]:58115 [200]: POST /receiver.php
[Sat Sep 27 21:11:49 2025] [::1]:58115 Closing
[Sat Sep 27 21:11:51 2025] [::1]:59822 Accepted
[Sat Sep 27 21:11:51 2025] [::1]:59822 [200]: POST /receiver.php
[Sat Sep 27 21:11:51 2025] [::1]:59822 Closing
[Sat Sep 27 21:11:53 2025] [::1]:64700 Accepted
[Sat Sep 27 21:11:53 2025] [::1]:64700 [200]: POST /receiver.php
[Sat Sep 27 21:11:53 2025] [::1]:64700 Closing
[Sat Sep 27 21:11:55 2025] [::1]:61715 Accepted
[Sat Sep 27 21:11:55 2025] [::1]:61715 [200]: POST /receiver.php
[Sat Sep 27 21:11:55 2025] [::1]:61715 Closing
[Sat Sep 27 21:11:57 2025] [::1]:52330 Accepted
[Sat Sep 27 21:11:57 2025] [::1]:52330 [200]: POST /receiver.php
[Sat Sep 27 21:11:57 2025] [::1]:52330 Closing
[Sat Sep 27 21:11:59 2025] [::1]:50246 Accepted
[Sat Sep 27 21:11:59 2025] [::1]:50246 [200]: POST /receiver.php
[Sat Sep 27 21:11:59 2025] [::1]:50246 Closing
[Sat Sep 27 21:12:01 2025] [::1]:64718 Accepted
[Sat Sep 27 21:12:01 2025] [::1]:64718 [200]: POST /receiver.php
[Sat Sep 27 21:12:01 2025] [::1]:64718 Closing
[Sat Sep 27 21:12:03 2025] [::1]:49239 Accepted
[Sat Sep 27 21:12:03 2025] [::1]:49239 [200]: POST /receiver.php
[Sat Sep 27 21:12:03 2025] [::1]:49239 Closing
[Sat Sep 27 21:12:05 2025] [::1]:52492 Accepted
[Sat Sep 27 21:12:05 2025] [::1]:52492 [200]: POST /receiver.php
[Sat Sep 27 21:12:05 2025] [::1]:52492 Closing
[Sat Sep 27 21:12:07 2025] [::1]:62704 Accepted
[Sat Sep 27 21:12:07 2025] [::1]:62704 [200]: POST /receiver.php
[Sat Sep 27 21:12:07 2025] [::1]:62704 Closing
[Sat Sep 27 21:12:09 2025] [::1]:49453 Accepted
[Sat Sep 27 21:12:09 2025] [::1]:49453 [200]: POST /receiver.php
[Sat Sep 27 21:12:09 2025] [::1]:49453 Closing
[Sat Sep 27 21:12:11 2025] [::1]:60945 Accepted
[Sat Sep 27 21:12:11 2025] [::1]:60945 [200]: POST /receiver.php
[Sat Sep 27 21:12:11 2025] [::1]:60945 Closing
[Sat Sep 27 21:12:13 2025] [::1]:60407 Accepted
[Sat Sep 27 21:12:13 2025] [::1]:60407 [200]: POST /receiver.php
[Sat Sep 27 21:12:13 2025] [::1]:60407 Closing
[Sat Sep 27 21:12:14 2025] [::1]:61443 Accepted
[Sat Sep 27 21:12:14 2025] [::1]:60222 Accepted
[Sat Sep 27 21:12:14 2025] [::1]:61443 [200]: GET /panel.php
[Sat Sep 27 21:12:14 2025] [::1]:61443 Closing
[Sat Sep 27 21:12:14 2025] [::1]:60222 [302]: GET /.well-known/appspecific/com.chrome.devtools.json
[Sat Sep 27 21:12:14 2025] [::1]:60222 Closing
[Sat Sep 27 21:12:14 2025] [::1]:63190 Accepted
[Sat Sep 27 21:12:14 2025] [::1]:51293 Accepted
[Sat Sep 27 21:12:14 2025] [::1]:63190 [200]: GET /assets/css/bootstrap.min.css
[Sat Sep 27 21:12:14 2025] [::1]:64017 Accepted
[Sat Sep 27 21:12:14 2025] [::1]:51293 [302]: GET /.well-known/appspecific/panel.php
[Sat Sep 27 21:12:14 2025] [::1]:51293 Closing
[Sat Sep 27 21:12:14 2025] [::1]:63190 Closing
[Sat Sep 27 21:12:14 2025] [::1]:64017 [200]: GET /assets/css/light-theme.min.css
[Sat Sep 27 21:12:14 2025] [::1]:64017 Closing
[Sat Sep 27 21:12:14 2025] [::1]:56016 Accepted
[Sat Sep 27 21:12:14 2025] [::1]:61242 Accepted
[Sat Sep 27 21:12:14 2025] [::1]:57463 Accepted
[Sat Sep 27 21:12:14 2025] [::1]:56016 [200]: GET /assets/js/jquery.min.js
[Sat Sep 27 21:12:14 2025] [::1]:61242 [200]: GET /assets/js/script.js
[Sat Sep 27 21:12:14 2025] [::1]:56016 Closing
[Sat Sep 27 21:12:14 2025] [::1]:61242 Closing
[Sat Sep 27 21:12:14 2025] [::1]:57463 [200]: GET /assets/js/sweetalert2.min.js
[Sat Sep 27 21:12:14 2025] [::1]:57463 Closing
[Sat Sep 27 21:12:14 2025] [::1]:57764 Accepted
[Sat Sep 27 21:12:14 2025] [::1]:57764 [200]: GET /assets/js/growl-notification.min.js
[Sat Sep 27 21:12:14 2025] [::1]:57764 Closing
[Sat Sep 27 21:12:14 2025] [::1]:53192 Accepted
[Sat Sep 27 21:12:14 2025] [::1]:53192 [302]: GET /.well-known/appspecific/panel.php
[Sat Sep 27 21:12:14 2025] [::1]:53192 Closing
[Sat Sep 27 21:12:14 2025] [::1]:55518 Accepted
[Sat Sep 27 21:12:14 2025] [::1]:55518 [302]: GET /.well-known/appspecific/panel.php
[Sat Sep 27 21:12:14 2025] [::1]:55518 Closing
[Sat Sep 27 21:12:14 2025] [::1]:50070 Accepted
[Sat Sep 27 21:12:14 2025] [::1]:50070 [302]: GET /.well-known/appspecific/panel.php
[Sat Sep 27 21:12:14 2025] [::1]:50070 Closing
[Sat Sep 27 21:12:14 2025] [::1]:63335 Accepted
[Sat Sep 27 21:12:14 2025] [::1]:63335 [302]: GET /.well-known/appspecific/panel.php
[Sat Sep 27 21:12:14 2025] [::1]:63335 Closing
[Sat Sep 27 21:12:14 2025] [::1]:57598 Accepted
[Sat Sep 27 21:12:14 2025] [::1]:57598 [302]: GET /.well-known/appspecific/panel.php
[Sat Sep 27 21:12:14 2025] [::1]:57598 Closing
[Sat Sep 27 21:12:14 2025] [::1]:53750 Accepted
[Sat Sep 27 21:12:14 2025] [::1]:53750 [302]: GET /.well-known/appspecific/panel.php
[Sat Sep 27 21:12:14 2025] [::1]:53750 Closing
[Sat Sep 27 21:12:14 2025] [::1]:51705 Accepted
[Sat Sep 27 21:12:14 2025] [::1]:51705 [302]: GET /.well-known/appspecific/panel.php
[Sat Sep 27 21:12:14 2025] [::1]:51705 Closing
[Sat Sep 27 21:12:14 2025] [::1]:50320 Accepted
[Sat Sep 27 21:12:14 2025] [::1]:50320 [302]: GET /.well-known/appspecific/panel.php
[Sat Sep 27 21:12:14 2025] [::1]:50320 Closing
[Sat Sep 27 21:12:14 2025] [::1]:62439 Accepted
[Sat Sep 27 21:12:14 2025] [::1]:62439 [302]: GET /.well-known/appspecific/panel.php
[Sat Sep 27 21:12:14 2025] [::1]:62439 Closing
[Sat Sep 27 21:12:14 2025] [::1]:57831 Accepted
[Sat Sep 27 21:12:14 2025] [::1]:57831 [302]: GET /.well-known/appspecific/panel.php
[Sat Sep 27 21:12:14 2025] [::1]:57831 Closing
[Sat Sep 27 21:12:14 2025] [::1]:56258 Accepted
[Sat Sep 27 21:12:14 2025] [::1]:56258 [302]: GET /.well-known/appspecific/panel.php
[Sat Sep 27 21:12:14 2025] [::1]:56258 Closing
[Sat Sep 27 21:12:14 2025] [::1]:55465 Accepted
[Sat Sep 27 21:12:14 2025] [::1]:55465 [302]: GET /.well-known/appspecific/panel.php
[Sat Sep 27 21:12:14 2025] [::1]:55465 Closing
[Sat Sep 27 21:12:14 2025] [::1]:63560 Accepted
[Sat Sep 27 21:12:15 2025] [::1]:63560 [200]: GET /Settings.json
[Sat Sep 27 21:12:15 2025] [::1]:51299 Accepted
[Sat Sep 27 21:12:15 2025] [::1]:63560 Closing
[Sat Sep 27 21:12:15 2025] [::1]:51299 [200]: POST /list_templates.php
[Sat Sep 27 21:12:15 2025] [::1]:51299 Closing
[Sat Sep 27 21:12:15 2025] [::1]:57770 Accepted
[Sat Sep 27 21:12:15 2025] [::1]:57770 [302]: GET /favicon.ico
[Sat Sep 27 21:12:15 2025] [::1]:57770 Closing
[Sat Sep 27 21:12:15 2025] [::1]:51568 Accepted
[Sat Sep 27 21:12:15 2025] [::1]:51568 [302]: GET /.well-known/appspecific/panel.php
[Sat Sep 27 21:12:15 2025] [::1]:51568 Closing
[Sat Sep 27 21:12:15 2025] [::1]:59173 Accepted
[Sat Sep 27 21:12:15 2025] [::1]:58628 Accepted
[Sat Sep 27 21:12:15 2025] [::1]:59173 [200]: GET /panel.php
[Sat Sep 27 21:12:15 2025] [::1]:59173 Closing
[Sat Sep 27 21:12:15 2025] [::1]:58628 [302]: GET /.well-known/appspecific/panel.php
[Sat Sep 27 21:12:15 2025] [::1]:58628 Closing
[Sat Sep 27 21:12:15 2025] [::1]:60391 Accepted
[Sat Sep 27 21:12:15 2025] [::1]:60391 [302]: GET /.well-known/appspecific/panel.php
[Sat Sep 27 21:12:15 2025] [::1]:60391 Closing
[Sat Sep 27 21:12:15 2025] [::1]:54498 Accepted
[Sat Sep 27 21:12:15 2025] [::1]:54498 [302]: GET /.well-known/appspecific/panel.php
[Sat Sep 27 21:12:15 2025] [::1]:54498 Closing
[Sat Sep 27 21:12:15 2025] [::1]:53754 Accepted
[Sat Sep 27 21:12:15 2025] [::1]:53754 [302]: GET /.well-known/appspecific/panel.php
[Sat Sep 27 21:12:15 2025] [::1]:53754 Closing
[Sat Sep 27 21:12:15 2025] [::1]:64518 Accepted
[Sat Sep 27 21:12:15 2025] [::1]:64518 [302]: GET /.well-known/appspecific/panel.php
[Sat Sep 27 21:12:15 2025] [::1]:64518 Closing
[Sat Sep 27 21:12:15 2025] [::1]:64384 Accepted
[Sat Sep 27 21:12:15 2025] [::1]:64384 [302]: GET /.well-known/appspecific/panel.php
[Sat Sep 27 21:12:15 2025] [::1]:64384 Closing
[Sat Sep 27 21:12:18 2025] [::1]:50261 Accepted
[Sat Sep 27 21:12:18 2025] [::1]:50261 [200]: POST /receiver.php
[Sat Sep 27 21:12:18 2025] [::1]:50261 Closing
[Sat Sep 27 21:12:20 2025] [::1]:58829 Accepted
[Sat Sep 27 21:12:20 2025] [::1]:58829 [200]: POST /receiver.php
[Sat Sep 27 21:12:20 2025] [::1]:58829 Closing
[Sat Sep 27 21:12:22 2025] [::1]:56449 Accepted
[Sat Sep 27 21:12:22 2025] [::1]:56449 [200]: POST /receiver.php
[Sat Sep 27 21:12:22 2025] [::1]:56449 Closing
[Sat Sep 27 21:12:24 2025] [::1]:63116 Accepted
[Sat Sep 27 21:12:24 2025] [::1]:63116 [200]: POST /receiver.php
[Sat Sep 27 21:12:24 2025] [::1]:63116 Closing
[Sat Sep 27 21:12:26 2025] [::1]:51383 Accepted
[Sat Sep 27 21:12:26 2025] [::1]:51383 [200]: POST /receiver.php
[Sat Sep 27 21:12:26 2025] [::1]:51383 Closing
[Sat Sep 27 21:12:28 2025] [::1]:56378 Accepted
[Sat Sep 27 21:12:28 2025] [::1]:56378 [200]: POST /receiver.php
[Sat Sep 27 21:12:28 2025] [::1]:56378 Closing
[Sat Sep 27 21:12:30 2025] [::1]:56716 Accepted
[Sat Sep 27 21:12:30 2025] [::1]:56716 [200]: POST /receiver.php
[Sat Sep 27 21:12:30 2025] [::1]:56716 Closing
[Sat Sep 27 21:12:32 2025] [::1]:56529 Accepted
[Sat Sep 27 21:12:32 2025] [::1]:56529 [200]: POST /receiver.php
[Sat Sep 27 21:12:32 2025] [::1]:56529 Closing
[Sat Sep 27 21:12:34 2025] [::1]:50675 Accepted
[Sat Sep 27 21:12:34 2025] [::1]:50675 [200]: POST /receiver.php
[Sat Sep 27 21:12:34 2025] [::1]:50675 Closing
[Sat Sep 27 21:12:36 2025] [::1]:58564 Accepted
[Sat Sep 27 21:12:36 2025] [::1]:58564 [200]: POST /receiver.php
[Sat Sep 27 21:12:36 2025] [::1]:58564 Closing
[Sat Sep 27 21:12:38 2025] [::1]:49229 Accepted
[Sat Sep 27 21:12:38 2025] [::1]:49229 [200]: POST /receiver.php
[Sat Sep 27 21:12:38 2025] [::1]:49229 Closing
[Sat Sep 27 21:12:40 2025] [::1]:49365 Accepted
[Sat Sep 27 21:12:40 2025] [::1]:49365 [200]: POST /receiver.php
[Sat Sep 27 21:12:40 2025] [::1]:49365 Closing
[Sat Sep 27 21:12:42 2025] [::1]:63489 Accepted
[Sat Sep 27 21:12:42 2025] [::1]:63489 [200]: POST /receiver.php
[Sat Sep 27 21:12:42 2025] [::1]:63489 Closing
[Sat Sep 27 21:12:44 2025] [::1]:54398 Accepted
[Sat Sep 27 21:12:44 2025] [::1]:54398 [200]: POST /receiver.php
[Sat Sep 27 21:12:44 2025] [::1]:54398 Closing
[Sat Sep 27 21:12:46 2025] [::1]:59013 Accepted
[Sat Sep 27 21:12:46 2025] [::1]:59013 [200]: POST /receiver.php
[Sat Sep 27 21:12:46 2025] [::1]:59013 Closing
[Sat Sep 27 21:12:48 2025] [::1]:49438 Accepted
[Sat Sep 27 21:12:48 2025] [::1]:49438 [200]: POST /receiver.php
[Sat Sep 27 21:12:48 2025] [::1]:49438 Closing
[Sat Sep 27 21:12:50 2025] [::1]:52614 Accepted
[Sat Sep 27 21:12:50 2025] [::1]:52614 [200]: POST /receiver.php
[Sat Sep 27 21:12:50 2025] [::1]:52614 Closing
[Sat Sep 27 21:12:52 2025] [::1]:50234 Accepted
[Sat Sep 27 21:12:52 2025] [::1]:50234 [200]: POST /receiver.php
[Sat Sep 27 21:12:52 2025] [::1]:50234 Closing
[Sat Sep 27 21:12:54 2025] [::1]:56413 Accepted
[Sat Sep 27 21:12:54 2025] [::1]:56413 [200]: POST /receiver.php
[Sat Sep 27 21:12:54 2025] [::1]:56413 Closing
[Sat Sep 27 21:12:56 2025] [::1]:63119 Accepted
[Sat Sep 27 21:12:56 2025] [::1]:63119 [200]: POST /receiver.php
[Sat Sep 27 21:12:56 2025] [::1]:63119 Closing
[Sat Sep 27 21:12:58 2025] [::1]:52036 Accepted
[Sat Sep 27 21:12:58 2025] [::1]:52036 [200]: POST /receiver.php
[Sat Sep 27 21:12:58 2025] [::1]:52036 Closing
[Sat Sep 27 21:13:00 2025] [::1]:54812 Accepted
[Sat Sep 27 21:13:00 2025] [::1]:54812 [200]: POST /receiver.php
[Sat Sep 27 21:13:00 2025] [::1]:54812 Closing
[Sat Sep 27 21:13:02 2025] [::1]:60523 Accepted
[Sat Sep 27 21:13:02 2025] [::1]:60523 [200]: POST /receiver.php
[Sat Sep 27 21:13:02 2025] [::1]:60523 Closing
[Sat Sep 27 21:13:04 2025] [::1]:50095 Accepted
[Sat Sep 27 21:13:04 2025] [::1]:50095 [200]: POST /receiver.php
[Sat Sep 27 21:13:04 2025] [::1]:50095 Closing
[Sat Sep 27 21:13:06 2025] [::1]:58648 Accepted
[Sat Sep 27 21:13:06 2025] [::1]:58648 [200]: POST /receiver.php
[Sat Sep 27 21:13:06 2025] [::1]:58648 Closing
[Sat Sep 27 21:13:08 2025] [::1]:64609 Accepted
[Sat Sep 27 21:13:08 2025] [::1]:64609 [200]: POST /receiver.php
[Sat Sep 27 21:13:08 2025] [::1]:64609 Closing
[Sat Sep 27 21:13:10 2025] [::1]:50171 Accepted
[Sat Sep 27 21:13:10 2025] [::1]:50171 [200]: POST /receiver.php
[Sat Sep 27 21:13:10 2025] [::1]:50171 Closing
[Sat Sep 27 21:13:12 2025] [::1]:55864 Accepted
[Sat Sep 27 21:13:12 2025] [::1]:55864 [200]: POST /receiver.php
[Sat Sep 27 21:13:12 2025] [::1]:55864 Closing
[Sat Sep 27 21:13:14 2025] [::1]:52642 Accepted
[Sat Sep 27 21:13:14 2025] [::1]:52642 [200]: POST /receiver.php
[Sat Sep 27 21:13:14 2025] [::1]:52642 Closing
[Sat Sep 27 21:13:16 2025] [::1]:53483 Accepted
[Sat Sep 27 21:13:16 2025] [::1]:53483 [200]: POST /receiver.php
[Sat Sep 27 21:13:16 2025] [::1]:53483 Closing
[Sat Sep 27 21:13:18 2025] [::1]:61105 Accepted
[Sat Sep 27 21:13:18 2025] [::1]:61105 [200]: POST /receiver.php
[Sat Sep 27 21:13:18 2025] [::1]:61105 Closing
[Sat Sep 27 21:13:20 2025] [::1]:51182 Accepted
[Sat Sep 27 21:13:20 2025] [::1]:51182 [200]: POST /receiver.php
[Sat Sep 27 21:13:20 2025] [::1]:51182 Closing
[Sat Sep 27 21:13:22 2025] [::1]:65364 Accepted
[Sat Sep 27 21:13:22 2025] [::1]:65364 [200]: POST /receiver.php
[Sat Sep 27 21:13:22 2025] [::1]:65364 Closing
[Sat Sep 27 21:13:24 2025] [::1]:55847 Accepted
[Sat Sep 27 21:13:24 2025] [::1]:55847 [200]: POST /receiver.php
[Sat Sep 27 21:13:24 2025] [::1]:55847 Closing
[Sat Sep 27 21:13:26 2025] [::1]:52566 Accepted
[Sat Sep 27 21:13:26 2025] [::1]:52566 [200]: POST /receiver.php
[Sat Sep 27 21:13:26 2025] [::1]:52566 Closing
[Sat Sep 27 21:13:28 2025] [::1]:61434 Accepted
[Sat Sep 27 21:13:28 2025] [::1]:61434 [200]: POST /receiver.php
[Sat Sep 27 21:13:28 2025] [::1]:61434 Closing
[Sat Sep 27 21:13:30 2025] [::1]:65396 Accepted
[Sat Sep 27 21:13:30 2025] [::1]:65396 [200]: POST /receiver.php
[Sat Sep 27 21:13:30 2025] [::1]:65396 Closing
[Sat Sep 27 21:13:32 2025] [::1]:51024 Accepted
[Sat Sep 27 21:13:32 2025] [::1]:51024 [200]: POST /receiver.php
[Sat Sep 27 21:13:32 2025] [::1]:51024 Closing
[Sat Sep 27 21:13:34 2025] [::1]:63526 Accepted
[Sat Sep 27 21:13:34 2025] [::1]:63526 [200]: POST /receiver.php
[Sat Sep 27 21:13:34 2025] [::1]:63526 Closing
[Sat Sep 27 21:13:36 2025] [::1]:56996 Accepted
[Sat Sep 27 21:13:36 2025] [::1]:56996 [200]: POST /receiver.php
[Sat Sep 27 21:13:36 2025] [::1]:56996 Closing
[Sat Sep 27 21:13:38 2025] [::1]:50863 Accepted
[Sat Sep 27 21:13:38 2025] [::1]:50863 [200]: POST /receiver.php
[Sat Sep 27 21:13:38 2025] [::1]:50863 Closing
[Sat Sep 27 21:13:40 2025] [::1]:50919 Accepted
[Sat Sep 27 21:13:40 2025] [::1]:50919 [200]: POST /receiver.php
[Sat Sep 27 21:13:40 2025] [::1]:50919 Closing
[Sat Sep 27 21:13:42 2025] [::1]:58971 Accepted
[Sat Sep 27 21:13:42 2025] [::1]:58971 [200]: POST /receiver.php
[Sat Sep 27 21:13:42 2025] [::1]:58971 Closing
[Sat Sep 27 21:13:42 2025] [::1]:54879 Accepted
[Sat Sep 27 21:13:42 2025] [::1]:54879 [200]: GET /spy-images.php
[Sat Sep 27 21:13:42 2025] [::1]:54879 Closing
[Sat Sep 27 21:13:42 2025] [::1]:59000 Accepted
[Sat Sep 27 21:13:42 2025] [::1]:61485 Accepted
[Sat Sep 27 21:13:42 2025] [::1]:59000 [302]: GET /.well-known/appspecific/com.chrome.devtools.json
[Sat Sep 27 21:13:42 2025] [::1]:59000 Closing
[Sat Sep 27 21:13:42 2025] [::1]:61485 [200]: GET /assets/css/bootstrap.min.css
[Sat Sep 27 21:13:42 2025] [::1]:61485 Closing
[Sat Sep 27 21:13:42 2025] [::1]:55165 Accepted
[Sat Sep 27 21:13:42 2025] [::1]:55165 [302]: GET /.well-known/appspecific/panel.php
[Sat Sep 27 21:13:42 2025] [::1]:55165 Closing
[Sat Sep 27 21:13:42 2025] [::1]:62022 Accepted
[Sat Sep 27 21:13:42 2025] [::1]:62022 [302]: GET /.well-known/appspecific/panel.php
[Sat Sep 27 21:13:42 2025] [::1]:62022 Closing
[Sat Sep 27 21:13:42 2025] [::1]:64761 Accepted
[Sat Sep 27 21:13:42 2025] [::1]:64761 [302]: GET /.well-known/appspecific/panel.php
[Sat Sep 27 21:13:42 2025] [::1]:64761 Closing
[Sat Sep 27 21:13:42 2025] [::1]:55010 Accepted
[Sat Sep 27 21:13:42 2025] [::1]:55010 [302]: GET /.well-known/appspecific/panel.php
[Sat Sep 27 21:13:42 2025] [::1]:55010 Closing
[Sat Sep 27 21:13:42 2025] [::1]:58875 Accepted
[Sat Sep 27 21:13:42 2025] [::1]:58875 [302]: GET /.well-known/appspecific/panel.php
[Sat Sep 27 21:13:42 2025] [::1]:58875 Closing
[Sat Sep 27 21:13:42 2025] [::1]:64484 Accepted
[Sat Sep 27 21:13:42 2025] [::1]:64484 [302]: GET /favicon.ico
[Sat Sep 27 21:13:42 2025] [::1]:64484 Closing
[Sat Sep 27 21:13:42 2025] [::1]:60923 Accepted
[Sat Sep 27 21:13:42 2025] [::1]:60923 [302]: GET /.well-known/appspecific/panel.php
[Sat Sep 27 21:13:42 2025] [::1]:60923 Closing
[Sat Sep 27 21:13:42 2025] [::1]:65295 Accepted
[Sat Sep 27 21:13:42 2025] [::1]:65295 [200]: GET /panel.php
[Sat Sep 27 21:13:42 2025] [::1]:65295 Closing
[Sat Sep 27 21:13:42 2025] [::1]:58490 Accepted
[Sat Sep 27 21:13:42 2025] [::1]:58490 [302]: GET /.well-known/appspecific/panel.php
[Sat Sep 27 21:13:42 2025] [::1]:58490 Closing
[Sat Sep 27 21:13:42 2025] [::1]:54842 Accepted
[Sat Sep 27 21:13:42 2025] [::1]:54842 [302]: GET /.well-known/appspecific/panel.php
[Sat Sep 27 21:13:42 2025] [::1]:54842 Closing
[Sat Sep 27 21:13:42 2025] [::1]:56344 Accepted
[Sat Sep 27 21:13:42 2025] [::1]:56344 [302]: GET /.well-known/appspecific/panel.php
[Sat Sep 27 21:13:42 2025] [::1]:56344 Closing
[Sat Sep 27 21:13:42 2025] [::1]:60349 Accepted
[Sat Sep 27 21:13:42 2025] [::1]:60349 [302]: GET /.well-known/appspecific/panel.php
[Sat Sep 27 21:13:42 2025] [::1]:60349 Closing
[Sat Sep 27 21:13:42 2025] [::1]:50798 Accepted
[Sat Sep 27 21:13:42 2025] [::1]:50798 [302]: GET /.well-known/appspecific/panel.php
[Sat Sep 27 21:13:42 2025] [::1]:50798 Closing
[Sat Sep 27 21:13:42 2025] [::1]:61000 Accepted
[Sat Sep 27 21:13:42 2025] [::1]:61000 [302]: GET /.well-known/appspecific/panel.php
[Sat Sep 27 21:13:42 2025] [::1]:61000 Closing
[Sat Sep 27 21:13:42 2025] [::1]:51614 Accepted
[Sat Sep 27 21:13:42 2025] [::1]:51614 [302]: GET /.well-known/appspecific/panel.php
[Sat Sep 27 21:13:42 2025] [::1]:51614 Closing
[Sat Sep 27 21:13:42 2025] [::1]:60199 Accepted
[Sat Sep 27 21:13:42 2025] [::1]:60199 [302]: GET /.well-known/appspecific/panel.php
[Sat Sep 27 21:13:42 2025] [::1]:60199 Closing
[Sat Sep 27 21:13:42 2025] [::1]:52377 Accepted
[Sat Sep 27 21:13:42 2025] [::1]:52377 [302]: GET /.well-known/appspecific/panel.php
[Sat Sep 27 21:13:42 2025] [::1]:52377 Closing
[Sat Sep 27 21:13:42 2025] [::1]:51509 Accepted
[Sat Sep 27 21:13:42 2025] [::1]:51509 [302]: GET /.well-known/appspecific/panel.php
[Sat Sep 27 21:13:42 2025] [::1]:51509 Closing
[Sat Sep 27 21:13:42 2025] [::1]:50992 Accepted
[Sat Sep 27 21:13:42 2025] [::1]:50992 [302]: GET /.well-known/appspecific/panel.php
[Sat Sep 27 21:13:42 2025] [::1]:50992 Closing
[Sat Sep 27 21:13:42 2025] [::1]:58806 Accepted
[Sat Sep 27 21:13:42 2025] [::1]:58806 [302]: GET /.well-known/appspecific/panel.php
[Sat Sep 27 21:13:42 2025] [::1]:58806 Closing
[Sat Sep 27 21:13:43 2025] [::1]:50060 Accepted
[Sat Sep 27 21:13:43 2025] [::1]:50060 [302]: GET /.well-known/appspecific/panel.php
[Sat Sep 27 21:13:43 2025] [::1]:50060 Closing
[Sat Sep 27 21:13:43 2025] [::1]:59054 Accepted
[Sat Sep 27 21:13:43 2025] [::1]:59054 [302]: GET /.well-known/appspecific/panel.php
[Sat Sep 27 21:13:43 2025] [::1]:59054 Closing
[Sat Sep 27 21:13:45 2025] [::1]:55601 Accepted
[Sat Sep 27 21:13:45 2025] [::1]:55601 [200]: GET /panel.php
[Sat Sep 27 21:13:45 2025] [::1]:55601 Closing
[Sat Sep 27 21:13:45 2025] [::1]:55732 Accepted
[Sat Sep 27 21:13:45 2025] [::1]:54058 Accepted
[Sat Sep 27 21:13:45 2025] [::1]:55732 [302]: GET /.well-known/appspecific/com.chrome.devtools.json
[Sat Sep 27 21:13:45 2025] [::1]:55732 Closing
[Sat Sep 27 21:13:46 2025] [::1]:53423 Accepted
[Sat Sep 27 21:13:46 2025] [::1]:54058 [302]: GET /.well-known/appspecific/panel.php
[Sat Sep 27 21:13:46 2025] [::1]:54058 Closing
[Sat Sep 27 21:13:46 2025] [::1]:57264 Accepted
[Sat Sep 27 21:13:46 2025] [::1]:53423 [200]: GET /assets/css/bootstrap.min.css
[Sat Sep 27 21:13:46 2025] [::1]:57264 [200]: GET /assets/css/light-theme.min.css
[Sat Sep 27 21:13:46 2025] [::1]:55140 Accepted
[Sat Sep 27 21:13:46 2025] [::1]:53423 Closing
[Sat Sep 27 21:13:46 2025] [::1]:57264 Closing
[Sat Sep 27 21:13:46 2025] [::1]:55287 Accepted
[Sat Sep 27 21:13:46 2025] [::1]:55140 [200]: GET /assets/js/jquery.min.js
[Sat Sep 27 21:13:46 2025] [::1]:55287 [200]: GET /assets/js/script.js
[Sat Sep 27 21:13:46 2025] [::1]:55140 Closing
[Sat Sep 27 21:13:46 2025] [::1]:55287 Closing
[Sat Sep 27 21:13:46 2025] [::1]:56328 Accepted
[Sat Sep 27 21:13:46 2025] [::1]:49931 Accepted
[Sat Sep 27 21:13:46 2025] [::1]:56328 [200]: GET /assets/js/sweetalert2.min.js
[Sat Sep 27 21:13:46 2025] [::1]:49931 [200]: GET /assets/js/growl-notification.min.js
[Sat Sep 27 21:13:46 2025] [::1]:56328 Closing
[Sat Sep 27 21:13:46 2025] [::1]:49931 Closing
[Sat Sep 27 21:13:46 2025] [::1]:54106 Accepted
[Sat Sep 27 21:13:46 2025] [::1]:54106 [302]: GET /.well-known/appspecific/panel.php
[Sat Sep 27 21:13:46 2025] [::1]:54106 Closing
[Sat Sep 27 21:13:46 2025] [::1]:54845 Accepted
[Sat Sep 27 21:13:46 2025] [::1]:54845 [302]: GET /.well-known/appspecific/panel.php
[Sat Sep 27 21:13:46 2025] [::1]:54845 Closing
[Sat Sep 27 21:13:46 2025] [::1]:62740 Accepted
[Sat Sep 27 21:13:46 2025] [::1]:62740 [302]: GET /.well-known/appspecific/panel.php
[Sat Sep 27 21:13:46 2025] [::1]:62740 Closing
[Sat Sep 27 21:13:46 2025] [::1]:63477 Accepted
[Sat Sep 27 21:13:46 2025] [::1]:63477 [302]: GET /.well-known/appspecific/panel.php
[Sat Sep 27 21:13:46 2025] [::1]:63477 Closing
[Sat Sep 27 21:13:46 2025] [::1]:55715 Accepted
[Sat Sep 27 21:13:46 2025] [::1]:55715 [302]: GET /.well-known/appspecific/panel.php
[Sat Sep 27 21:13:46 2025] [::1]:55715 Closing
[Sat Sep 27 21:13:46 2025] [::1]:54143 Accepted
[Sat Sep 27 21:13:46 2025] [::1]:54143 [302]: GET /.well-known/appspecific/panel.php
[Sat Sep 27 21:13:46 2025] [::1]:54143 Closing
[Sat Sep 27 21:13:46 2025] [::1]:64892 Accepted
[Sat Sep 27 21:13:46 2025] [::1]:64892 [302]: GET /.well-known/appspecific/panel.php
[Sat Sep 27 21:13:46 2025] [::1]:64892 Closing
[Sat Sep 27 21:13:46 2025] [::1]:54688 Accepted
[Sat Sep 27 21:13:46 2025] [::1]:54688 [302]: GET /.well-known/appspecific/panel.php
[Sat Sep 27 21:13:46 2025] [::1]:54688 Closing
[Sat Sep 27 21:13:46 2025] [::1]:55586 Accepted
[Sat Sep 27 21:13:46 2025] [::1]:55586 [302]: GET /.well-known/appspecific/panel.php
[Sat Sep 27 21:13:46 2025] [::1]:55586 Closing
[Sat Sep 27 21:13:46 2025] [::1]:65380 Accepted
[Sat Sep 27 21:13:46 2025] [::1]:65380 [302]: GET /.well-known/appspecific/panel.php
[Sat Sep 27 21:13:46 2025] [::1]:65380 Closing
[Sat Sep 27 21:13:46 2025] [::1]:56724 Accepted
[Sat Sep 27 21:13:46 2025] [::1]:56724 [302]: GET /.well-known/appspecific/panel.php
[Sat Sep 27 21:13:46 2025] [::1]:56724 Closing
[Sat Sep 27 21:13:46 2025] [::1]:55403 Accepted
[Sat Sep 27 21:13:46 2025] [::1]:55403 [302]: GET /.well-known/appspecific/panel.php
[Sat Sep 27 21:13:46 2025] [::1]:55403 Closing
[Sat Sep 27 21:13:46 2025] [::1]:50722 Accepted
[Sat Sep 27 21:13:46 2025] [::1]:50722 [302]: GET /.well-known/appspecific/panel.php
[Sat Sep 27 21:13:46 2025] [::1]:50722 Closing
[Sat Sep 27 21:13:46 2025] [::1]:52380 Accepted
[Sat Sep 27 21:13:46 2025] [::1]:52380 [200]: GET /Settings.json
[Sat Sep 27 21:13:46 2025] [::1]:52380 Closing
[Sat Sep 27 21:13:46 2025] [::1]:64409 Accepted
[Sat Sep 27 21:13:46 2025] [::1]:64409 [302]: GET /.well-known/appspecific/panel.php
[Sat Sep 27 21:13:46 2025] [::1]:64409 Closing
[Sat Sep 27 21:13:46 2025] [::1]:60263 Accepted
[Sat Sep 27 21:13:46 2025] [::1]:60263 [200]: POST /list_templates.php
[Sat Sep 27 21:13:46 2025] [::1]:60263 Closing
[Sat Sep 27 21:13:46 2025] [::1]:60437 Accepted
[Sat Sep 27 21:13:46 2025] [::1]:60437 [302]: GET /favicon.ico
[Sat Sep 27 21:13:46 2025] [::1]:60437 Closing
[Sat Sep 27 21:13:46 2025] [::1]:50060 Accepted
[Sat Sep 27 21:13:46 2025] [::1]:50060 [302]: GET /.well-known/appspecific/panel.php
[Sat Sep 27 21:13:46 2025] [::1]:50060 Closing
[Sat Sep 27 21:13:46 2025] [::1]:52985 Accepted
[Sat Sep 27 21:13:46 2025] [::1]:52985 [302]: GET /.well-known/appspecific/panel.php
[Sat Sep 27 21:13:46 2025] [::1]:52985 Closing
[Sat Sep 27 21:13:46 2025] [::1]:50772 Accepted
[Sat Sep 27 21:13:46 2025] [::1]:50772 [200]: GET /panel.php
[Sat Sep 27 21:13:46 2025] [::1]:50772 Closing
[Sat Sep 27 21:13:46 2025] [::1]:51050 Accepted
[Sat Sep 27 21:13:46 2025] [::1]:51050 [302]: GET /.well-known/appspecific/panel.php
[Sat Sep 27 21:13:46 2025] [::1]:51050 Closing
[Sat Sep 27 21:13:46 2025] [::1]:54761 Accepted
[Sat Sep 27 21:13:46 2025] [::1]:54761 [302]: GET /.well-known/appspecific/panel.php
[Sat Sep 27 21:13:46 2025] [::1]:54761 Closing
[Sat Sep 27 21:13:46 2025] [::1]:61225 Accepted
[Sat Sep 27 21:13:46 2025] [::1]:61225 [302]: GET /.well-known/appspecific/panel.php
[Sat Sep 27 21:13:46 2025] [::1]:61225 Closing
[Sat Sep 27 21:13:49 2025] [::1]:54586 Accepted
[Sat Sep 27 21:13:49 2025] [::1]:54586 [200]: POST /receiver.php
[Sat Sep 27 21:13:49 2025] [::1]:54586 Closing
[Sat Sep 27 21:13:51 2025] [::1]:58068 Accepted
[Sat Sep 27 21:13:51 2025] [::1]:58068 [200]: POST /receiver.php
[Sat Sep 27 21:13:51 2025] [::1]:58068 Closing
[Sat Sep 27 21:13:53 2025] [::1]:49506 Accepted
[Sat Sep 27 21:13:53 2025] [::1]:49506 [200]: POST /receiver.php
[Sat Sep 27 21:13:53 2025] [::1]:49506 Closing
[Sat Sep 27 21:13:55 2025] [::1]:62225 Accepted
[Sat Sep 27 21:13:55 2025] [::1]:62225 [200]: POST /receiver.php
[Sat Sep 27 21:13:55 2025] [::1]:62225 Closing
[Sat Sep 27 21:13:57 2025] [::1]:64149 Accepted
[Sat Sep 27 21:13:57 2025] [::1]:64149 [200]: POST /receiver.php
[Sat Sep 27 21:13:57 2025] [::1]:64149 Closing
[Sat Sep 27 21:13:59 2025] [::1]:62003 Accepted
[Sat Sep 27 21:13:59 2025] [::1]:62003 [200]: POST /receiver.php
[Sat Sep 27 21:13:59 2025] [::1]:62003 Closing
[Sat Sep 27 21:14:01 2025] [::1]:53689 Accepted
[Sat Sep 27 21:14:01 2025] [::1]:53689 [200]: POST /receiver.php
[Sat Sep 27 21:14:01 2025] [::1]:53689 Closing
[Sat Sep 27 21:14:03 2025] [::1]:62973 Accepted
[Sat Sep 27 21:14:03 2025] [::1]:62973 [200]: POST /receiver.php
[Sat Sep 27 21:14:03 2025] [::1]:62973 Closing
[Sat Sep 27 21:14:05 2025] [::1]:52796 Accepted
[Sat Sep 27 21:14:05 2025] [::1]:52796 [200]: POST /receiver.php
[Sat Sep 27 21:14:05 2025] [::1]:52796 Closing
[Sat Sep 27 21:14:07 2025] [::1]:61264 Accepted
[Sat Sep 27 21:14:07 2025] [::1]:61264 [200]: POST /receiver.php
[Sat Sep 27 21:14:07 2025] [::1]:61264 Closing
[Sat Sep 27 21:14:09 2025] [::1]:58505 Accepted
[Sat Sep 27 21:14:09 2025] [::1]:58505 [200]: POST /receiver.php
[Sat Sep 27 21:14:09 2025] [::1]:58505 Closing
[Sat Sep 27 21:14:11 2025] [::1]:57014 Accepted
[Sat Sep 27 21:14:11 2025] [::1]:57014 [200]: POST /receiver.php
[Sat Sep 27 21:14:11 2025] [::1]:57014 Closing
[Sat Sep 27 21:14:13 2025] [::1]:55147 Accepted
[Sat Sep 27 21:14:13 2025] [::1]:55147 [200]: POST /receiver.php
[Sat Sep 27 21:14:13 2025] [::1]:55147 Closing
[Sat Sep 27 21:14:15 2025] [::1]:52208 Accepted
[Sat Sep 27 21:14:15 2025] [::1]:52208 [200]: POST /receiver.php
[Sat Sep 27 21:14:15 2025] [::1]:52208 Closing
[Sat Sep 27 21:14:17 2025] [::1]:54838 Accepted
[Sat Sep 27 21:14:17 2025] [::1]:54838 [200]: POST /receiver.php
[Sat Sep 27 21:14:17 2025] [::1]:54838 Closing
[Sat Sep 27 21:14:19 2025] [::1]:63750 Accepted
[Sat Sep 27 21:14:19 2025] [::1]:63750 [200]: POST /receiver.php
[Sat Sep 27 21:14:19 2025] [::1]:63750 Closing
[Sat Sep 27 21:14:21 2025] [::1]:63536 Accepted
[Sat Sep 27 21:14:21 2025] [::1]:63536 [200]: POST /receiver.php
[Sat Sep 27 21:14:21 2025] [::1]:63536 Closing
[Sat Sep 27 21:14:23 2025] [::1]:49158 Accepted
[Sat Sep 27 21:14:23 2025] [::1]:49158 [200]: POST /receiver.php
[Sat Sep 27 21:14:23 2025] [::1]:49158 Closing
[Sat Sep 27 21:14:25 2025] [::1]:61370 Accepted
[Sat Sep 27 21:14:25 2025] [::1]:61370 [200]: POST /receiver.php
[Sat Sep 27 21:14:25 2025] [::1]:61370 Closing
[Sat Sep 27 21:14:27 2025] [::1]:54597 Accepted
[Sat Sep 27 21:14:27 2025] [::1]:54597 [200]: POST /receiver.php
[Sat Sep 27 21:14:27 2025] [::1]:54597 Closing
[Sat Sep 27 21:14:29 2025] [::1]:51550 Accepted
[Sat Sep 27 21:14:29 2025] [::1]:51550 [200]: POST /receiver.php
[Sat Sep 27 21:14:29 2025] [::1]:51550 Closing
[Sat Sep 27 21:14:31 2025] [::1]:58777 Accepted
[Sat Sep 27 21:14:31 2025] [::1]:58777 [200]: POST /receiver.php
[Sat Sep 27 21:14:31 2025] [::1]:58777 Closing
[Sat Sep 27 21:14:33 2025] [::1]:55491 Accepted
[Sat Sep 27 21:14:33 2025] [::1]:55491 [200]: POST /receiver.php
[Sat Sep 27 21:14:33 2025] [::1]:55491 Closing
[Sat Sep 27 21:14:35 2025] [::1]:54078 Accepted
[Sat Sep 27 21:14:35 2025] [::1]:54078 [200]: POST /receiver.php
[Sat Sep 27 21:14:35 2025] [::1]:54078 Closing
[Sat Sep 27 21:14:37 2025] [::1]:63913 Accepted
[Sat Sep 27 21:14:37 2025] [::1]:63913 [200]: POST /receiver.php
[Sat Sep 27 21:14:37 2025] [::1]:63913 Closing
[Sat Sep 27 21:14:39 2025] [::1]:54905 Accepted
[Sat Sep 27 21:14:39 2025] [::1]:54905 [200]: POST /receiver.php
[Sat Sep 27 21:14:39 2025] [::1]:54905 Closing
[Sat Sep 27 21:14:41 2025] [::1]:58491 Accepted
[Sat Sep 27 21:14:41 2025] [::1]:58491 [200]: POST /receiver.php
[Sat Sep 27 21:14:41 2025] [::1]:58491 Closing
[Sat Sep 27 21:14:43 2025] [::1]:55213 Accepted
[Sat Sep 27 21:14:43 2025] [::1]:55213 [200]: POST /receiver.php
[Sat Sep 27 21:14:43 2025] [::1]:55213 Closing
[Sat Sep 27 21:14:45 2025] [::1]:61999 Accepted
[Sat Sep 27 21:14:45 2025] [::1]:61999 [200]: POST /receiver.php
[Sat Sep 27 21:14:45 2025] [::1]:61999 Closing
[Sat Sep 27 21:14:47 2025] [::1]:62342 Accepted
[Sat Sep 27 21:14:47 2025] [::1]:62342 [200]: POST /receiver.php
[Sat Sep 27 21:14:47 2025] [::1]:62342 Closing
[Sat Sep 27 21:14:49 2025] [::1]:57729 Accepted
[Sat Sep 27 21:14:49 2025] [::1]:57729 [200]: POST /receiver.php
[Sat Sep 27 21:14:49 2025] [::1]:57729 Closing
[Sat Sep 27 21:14:51 2025] [::1]:61057 Accepted
[Sat Sep 27 21:14:51 2025] [::1]:61057 [200]: POST /receiver.php
[Sat Sep 27 21:14:51 2025] [::1]:61057 Closing
[Sat Sep 27 21:14:53 2025] [::1]:59067 Accepted
[Sat Sep 27 21:14:53 2025] [::1]:59067 [200]: POST /receiver.php
[Sat Sep 27 21:14:53 2025] [::1]:59067 Closing
[Sat Sep 27 21:14:55 2025] [::1]:58524 Accepted
[Sat Sep 27 21:14:55 2025] [::1]:58524 [200]: POST /receiver.php
[Sat Sep 27 21:14:55 2025] [::1]:58524 Closing
[Sat Sep 27 21:14:57 2025] [::1]:55634 Accepted
[Sat Sep 27 21:14:57 2025] [::1]:55634 [200]: POST /receiver.php
[Sat Sep 27 21:14:57 2025] [::1]:55634 Closing
[Sat Sep 27 21:14:59 2025] [::1]:62689 Accepted
[Sat Sep 27 21:14:59 2025] [::1]:62689 [200]: POST /receiver.php
[Sat Sep 27 21:14:59 2025] [::1]:62689 Closing
[Sat Sep 27 21:15:01 2025] [::1]:50451 Accepted
[Sat Sep 27 21:15:01 2025] [::1]:50451 [200]: POST /receiver.php
[Sat Sep 27 21:15:01 2025] [::1]:50451 Closing
[Sat Sep 27 21:15:03 2025] [::1]:60647 Accepted
[Sat Sep 27 21:15:03 2025] [::1]:60647 [200]: POST /receiver.php
[Sat Sep 27 21:15:03 2025] [::1]:60647 Closing
[Sat Sep 27 21:15:05 2025] [::1]:58248 Accepted
[Sat Sep 27 21:15:05 2025] [::1]:58248 [200]: POST /receiver.php
[Sat Sep 27 21:15:05 2025] [::1]:58248 Closing
[Sat Sep 27 21:15:07 2025] [::1]:55360 Accepted
[Sat Sep 27 21:15:07 2025] [::1]:55360 [200]: POST /receiver.php
[Sat Sep 27 21:15:07 2025] [::1]:55360 Closing
[Sat Sep 27 21:15:09 2025] [::1]:61336 Accepted
[Sat Sep 27 21:15:09 2025] [::1]:61336 [200]: POST /receiver.php
[Sat Sep 27 21:15:09 2025] [::1]:61336 Closing
[Sat Sep 27 21:15:11 2025] [::1]:58971 Accepted
[Sat Sep 27 21:15:11 2025] [::1]:58971 [200]: POST /receiver.php
[Sat Sep 27 21:15:11 2025] [::1]:58971 Closing
[Sat Sep 27 21:15:13 2025] [::1]:57548 Accepted
[Sat Sep 27 21:15:13 2025] [::1]:57548 [200]: POST /receiver.php
[Sat Sep 27 21:15:13 2025] [::1]:57548 Closing
[Sat Sep 27 21:15:15 2025] [::1]:53100 Accepted
[Sat Sep 27 21:15:15 2025] [::1]:53100 [200]: POST /receiver.php
[Sat Sep 27 21:15:15 2025] [::1]:53100 Closing
[Sat Sep 27 21:15:16 2025] [::1]:60120 Accepted
[Sat Sep 27 21:15:16 2025] [::1]:60120 [200]: GET /panel.php
[Sat Sep 27 21:15:16 2025] [::1]:60120 Closing
[Sat Sep 27 21:15:16 2025] [::1]:63752 Accepted
[Sat Sep 27 21:15:16 2025] [::1]:63752 [302]: GET /.well-known/appspecific/com.chrome.devtools.json
[Sat Sep 27 21:15:16 2025] [::1]:63752 Closing
[Sat Sep 27 21:15:16 2025] [::1]:64991 Accepted
[Sat Sep 27 21:15:16 2025] [::1]:64991 [302]: GET /.well-known/appspecific/panel.php
[Sat Sep 27 21:15:16 2025] [::1]:64991 Closing
[Sat Sep 27 21:15:16 2025] [::1]:52075 Accepted
[Sat Sep 27 21:15:16 2025] [::1]:54833 Accepted
[Sat Sep 27 21:15:16 2025] [::1]:52075 [200]: GET /assets/css/bootstrap.min.css
[Sat Sep 27 21:15:16 2025] [::1]:54833 [200]: GET /assets/css/light-theme.min.css
[Sat Sep 27 21:15:16 2025] [::1]:52075 Closing
[Sat Sep 27 21:15:16 2025] [::1]:54833 Closing
[Sat Sep 27 21:15:16 2025] [::1]:65047 Accepted
[Sat Sep 27 21:15:16 2025] [::1]:49281 Accepted
[Sat Sep 27 21:15:16 2025] [::1]:63862 Accepted
[Sat Sep 27 21:15:16 2025] [::1]:65047 [200]: GET /assets/js/jquery.min.js
[Sat Sep 27 21:15:16 2025] [::1]:49281 [200]: GET /assets/js/script.js
[Sat Sep 27 21:15:16 2025] [::1]:63862 [200]: GET /assets/js/sweetalert2.min.js
[Sat Sep 27 21:15:16 2025] [::1]:65047 Closing
[Sat Sep 27 21:15:16 2025] [::1]:49281 Closing
[Sat Sep 27 21:15:16 2025] [::1]:63862 Closing
[Sat Sep 27 21:15:16 2025] [::1]:56263 Accepted
[Sat Sep 27 21:15:16 2025] [::1]:56263 [200]: GET /assets/js/growl-notification.min.js
[Sat Sep 27 21:15:16 2025] [::1]:56263 Closing
[Sat Sep 27 21:15:16 2025] [::1]:51951 Accepted
[Sat Sep 27 21:15:16 2025] [::1]:51951 [302]: GET /.well-known/appspecific/panel.php
[Sat Sep 27 21:15:16 2025] [::1]:51951 Closing
[Sat Sep 27 21:15:16 2025] [::1]:60731 Accepted
[Sat Sep 27 21:15:16 2025] [::1]:60731 [302]: GET /.well-known/appspecific/panel.php
[Sat Sep 27 21:15:16 2025] [::1]:60731 Closing
[Sat Sep 27 21:15:16 2025] [::1]:59449 Accepted
[Sat Sep 27 21:15:16 2025] [::1]:59449 [302]: GET /.well-known/appspecific/panel.php
[Sat Sep 27 21:15:16 2025] [::1]:59449 Closing
[Sat Sep 27 21:15:16 2025] [::1]:61133 Accepted
[Sat Sep 27 21:15:16 2025] [::1]:61133 [302]: GET /.well-known/appspecific/panel.php
[Sat Sep 27 21:15:16 2025] [::1]:61133 Closing
[Sat Sep 27 21:15:16 2025] [::1]:62843 Accepted
[Sat Sep 27 21:15:16 2025] [::1]:62843 [302]: GET /.well-known/appspecific/panel.php
[Sat Sep 27 21:15:16 2025] [::1]:62843 Closing
[Sat Sep 27 21:15:16 2025] [::1]:60117 Accepted
[Sat Sep 27 21:15:16 2025] [::1]:60117 [302]: GET /.well-known/appspecific/panel.php
[Sat Sep 27 21:15:16 2025] [::1]:60117 Closing
[Sat Sep 27 21:15:16 2025] [::1]:57533 Accepted
[Sat Sep 27 21:15:16 2025] [::1]:57533 [302]: GET /.well-known/appspecific/panel.php
[Sat Sep 27 21:15:16 2025] [::1]:57533 Closing
[Sat Sep 27 21:15:16 2025] [::1]:53724 Accepted
[Sat Sep 27 21:15:16 2025] [::1]:53724 [302]: GET /.well-known/appspecific/panel.php
[Sat Sep 27 21:15:16 2025] [::1]:53724 Closing
[Sat Sep 27 21:15:16 2025] [::1]:65424 Accepted
[Sat Sep 27 21:15:16 2025] [::1]:49152 Accepted
[Sat Sep 27 21:15:16 2025] [::1]:60426 Accepted
[Sat Sep 27 21:15:16 2025] [::1]:65424 [200]: GET /Settings.json
[Sat Sep 27 21:15:16 2025] [::1]:49152 [200]: POST /list_templates.php
[Sat Sep 27 21:15:16 2025] [::1]:49152 Closing
[Sat Sep 27 21:15:16 2025] [::1]:60426 [302]: GET /.well-known/appspecific/panel.php
[Sat Sep 27 21:15:16 2025] [::1]:60426 Closing
[Sat Sep 27 21:15:16 2025] [::1]:55235 Accepted
[Sat Sep 27 21:15:16 2025] [::1]:55235 [302]: GET /favicon.ico
[Sat Sep 27 21:15:16 2025] [::1]:55235 Closing
[Sat Sep 27 21:15:16 2025] [::1]:65424 Closing
[Sat Sep 27 21:15:16 2025] [::1]:49192 Accepted
[Sat Sep 27 21:15:16 2025] [::1]:49192 [302]: GET /.well-known/appspecific/panel.php
[Sat Sep 27 21:15:16 2025] [::1]:49192 Closing
[Sat Sep 27 21:15:16 2025] [::1]:60181 Accepted
[Sat Sep 27 21:15:16 2025] [::1]:60339 Accepted
[Sat Sep 27 21:15:16 2025] [::1]:60181 [200]: GET /panel.php
[Sat Sep 27 21:15:16 2025] [::1]:60181 Closing
[Sat Sep 27 21:15:16 2025] [::1]:60339 [302]: GET /.well-known/appspecific/panel.php
[Sat Sep 27 21:15:16 2025] [::1]:60339 Closing
[Sat Sep 27 21:15:16 2025] [::1]:64841 Accepted
[Sat Sep 27 21:15:16 2025] [::1]:64841 [302]: GET /.well-known/appspecific/panel.php
[Sat Sep 27 21:15:16 2025] [::1]:64841 Closing
[Sat Sep 27 21:15:16 2025] [::1]:59560 Accepted
[Sat Sep 27 21:15:16 2025] [::1]:59560 [302]: GET /.well-known/appspecific/panel.php
[Sat Sep 27 21:15:16 2025] [::1]:59560 Closing
[Sat Sep 27 21:15:16 2025] [::1]:50078 Accepted
[Sat Sep 27 21:15:16 2025] [::1]:50078 [302]: GET /.well-known/appspecific/panel.php
[Sat Sep 27 21:15:16 2025] [::1]:50078 Closing
[Sat Sep 27 21:15:16 2025] [::1]:57010 Accepted
[Sat Sep 27 21:15:16 2025] [::1]:57010 [302]: GET /.well-known/appspecific/panel.php
[Sat Sep 27 21:15:16 2025] [::1]:57010 Closing
[Sat Sep 27 21:15:16 2025] [::1]:64039 Accepted
[Sat Sep 27 21:15:16 2025] [::1]:64039 [302]: GET /.well-known/appspecific/panel.php
[Sat Sep 27 21:15:16 2025] [::1]:64039 Closing
[Sat Sep 27 21:15:16 2025] [::1]:52611 Accepted
[Sat Sep 27 21:15:16 2025] [::1]:52611 [302]: GET /.well-known/appspecific/panel.php
[Sat Sep 27 21:15:16 2025] [::1]:52611 Closing
[Sat Sep 27 21:15:16 2025] [::1]:59753 Accepted
[Sat Sep 27 21:15:16 2025] [::1]:59753 [302]: GET /.well-known/appspecific/panel.php
[Sat Sep 27 21:15:16 2025] [::1]:59753 Closing
[Sat Sep 27 21:15:16 2025] [::1]:57397 Accepted
[Sat Sep 27 21:15:16 2025] [::1]:57397 [302]: GET /.well-known/appspecific/panel.php
[Sat Sep 27 21:15:16 2025] [::1]:57397 Closing
[Sat Sep 27 21:15:19 2025] [::1]:51498 Accepted
[Sat Sep 27 21:15:19 2025] [::1]:51498 [200]: POST /receiver.php
[Sat Sep 27 21:15:19 2025] [::1]:51498 Closing
[Sat Sep 27 21:15:21 2025] [::1]:52449 Accepted
[Sat Sep 27 21:15:21 2025] [::1]:52449 [200]: POST /receiver.php
[Sat Sep 27 21:15:21 2025] [::1]:52449 Closing
[Sat Sep 27 21:15:23 2025] [::1]:60829 Accepted
[Sat Sep 27 21:15:23 2025] [::1]:60829 [200]: POST /receiver.php
[Sat Sep 27 21:15:23 2025] [::1]:60829 Closing
[Sat Sep 27 21:15:25 2025] [::1]:60884 Accepted
[Sat Sep 27 21:15:25 2025] [::1]:60884 [200]: POST /receiver.php
[Sat Sep 27 21:15:25 2025] [::1]:60884 Closing
[Sat Sep 27 21:15:27 2025] [::1]:62472 Accepted
[Sat Sep 27 21:15:27 2025] [::1]:62472 [200]: POST /receiver.php
[Sat Sep 27 21:15:27 2025] [::1]:62472 Closing
[Sat Sep 27 21:15:29 2025] [::1]:53305 Accepted
[Sat Sep 27 21:15:29 2025] [::1]:53305 [200]: POST /receiver.php
[Sat Sep 27 21:15:29 2025] [::1]:53305 Closing
[Sat Sep 27 21:15:31 2025] [::1]:55378 Accepted
[Sat Sep 27 21:15:31 2025] [::1]:55378 [200]: POST /receiver.php
[Sat Sep 27 21:15:31 2025] [::1]:55378 Closing
[Sat Sep 27 21:15:33 2025] [::1]:57298 Accepted
[Sat Sep 27 21:15:33 2025] [::1]:57298 [200]: POST /receiver.php
[Sat Sep 27 21:15:33 2025] [::1]:57298 Closing
[Sat Sep 27 21:15:35 2025] [::1]:54093 Accepted
[Sat Sep 27 21:15:35 2025] [::1]:54093 [200]: POST /receiver.php
[Sat Sep 27 21:15:35 2025] [::1]:54093 Closing
[Sat Sep 27 21:15:37 2025] [::1]:60478 Accepted
[Sat Sep 27 21:15:37 2025] [::1]:60478 [200]: POST /receiver.php
[Sat Sep 27 21:15:37 2025] [::1]:60478 Closing
[Sat Sep 27 21:15:39 2025] [::1]:49499 Accepted
[Sat Sep 27 21:15:39 2025] [::1]:49499 [200]: POST /receiver.php
[Sat Sep 27 21:15:39 2025] [::1]:49499 Closing
[Sat Sep 27 21:15:41 2025] [::1]:49913 Accepted
[Sat Sep 27 21:15:41 2025] [::1]:49913 [200]: POST /receiver.php
[Sat Sep 27 21:15:41 2025] [::1]:49913 Closing
[Sat Sep 27 21:15:41 2025] [::1]:56101 Accepted
[Sat Sep 27 21:15:41 2025] [::1]:56101 [200]: GET /panel.php
[Sat Sep 27 21:15:41 2025] [::1]:56101 Closing
[Sat Sep 27 21:15:41 2025] [::1]:63292 Accepted
[Sat Sep 27 21:15:41 2025] [::1]:61243 Accepted
[Sat Sep 27 21:15:41 2025] [::1]:63292 [302]: GET /.well-known/appspecific/com.chrome.devtools.json
[Sat Sep 27 21:15:41 2025] [::1]:63292 Closing
[Sat Sep 27 21:15:41 2025] [::1]:61243 [200]: GET /assets/css/bootstrap.min.css
[Sat Sep 27 21:15:41 2025] [::1]:61243 Closing
[Sat Sep 27 21:15:41 2025] [::1]:59076 Accepted
[Sat Sep 27 21:15:41 2025] [::1]:64704 Accepted
[Sat Sep 27 21:15:41 2025] [::1]:53301 Accepted
[Sat Sep 27 21:15:41 2025] [::1]:50494 Accepted
[Sat Sep 27 21:15:41 2025] [::1]:59465 Accepted
[Sat Sep 27 21:15:41 2025] [::1]:62995 Accepted
[Sat Sep 27 21:15:41 2025] [::1]:59076 [200]: GET /assets/css/light-theme.min.css
[Sat Sep 27 21:15:41 2025] [::1]:64704 [200]: GET /assets/js/jquery.min.js
[Sat Sep 27 21:15:41 2025] [::1]:53301 [200]: GET /assets/js/script.js
[Sat Sep 27 21:15:41 2025] [::1]:50494 [200]: GET /assets/js/sweetalert2.min.js
[Sat Sep 27 21:15:41 2025] [::1]:59465 [200]: GET /assets/js/growl-notification.min.js
[Sat Sep 27 21:15:41 2025] [::1]:62995 [302]: GET /.well-known/appspecific/panel.php
[Sat Sep 27 21:15:41 2025] [::1]:62995 Closing
[Sat Sep 27 21:15:41 2025] [::1]:59076 Closing
[Sat Sep 27 21:15:41 2025] [::1]:64704 Closing
[Sat Sep 27 21:15:41 2025] [::1]:53301 Closing
[Sat Sep 27 21:15:41 2025] [::1]:50494 Closing
[Sat Sep 27 21:15:41 2025] [::1]:59465 Closing
[Sat Sep 27 21:15:41 2025] [::1]:54130 Accepted
[Sat Sep 27 21:15:41 2025] [::1]:54130 [302]: GET /.well-known/appspecific/panel.php
[Sat Sep 27 21:15:41 2025] [::1]:54130 Closing
[Sat Sep 27 21:15:41 2025] [::1]:53319 Accepted
[Sat Sep 27 21:15:41 2025] [::1]:53319 [302]: GET /.well-known/appspecific/panel.php
[Sat Sep 27 21:15:41 2025] [::1]:53319 Closing
[Sat Sep 27 21:15:41 2025] [::1]:50101 Accepted
[Sat Sep 27 21:15:41 2025] [::1]:50101 [302]: GET /.well-known/appspecific/panel.php
[Sat Sep 27 21:15:41 2025] [::1]:50101 Closing
[Sat Sep 27 21:15:41 2025] [::1]:57383 Accepted
[Sat Sep 27 21:15:41 2025] [::1]:57383 [302]: GET /.well-known/appspecific/panel.php
[Sat Sep 27 21:15:41 2025] [::1]:57383 Closing
[Sat Sep 27 21:15:41 2025] [::1]:62966 Accepted
[Sat Sep 27 21:15:41 2025] [::1]:62966 [302]: GET /.well-known/appspecific/panel.php
[Sat Sep 27 21:15:41 2025] [::1]:62966 Closing
[Sat Sep 27 21:15:41 2025] [::1]:54424 Accepted
[Sat Sep 27 21:15:41 2025] [::1]:54424 [302]: GET /.well-known/appspecific/panel.php
[Sat Sep 27 21:15:41 2025] [::1]:54424 Closing
[Sat Sep 27 21:15:41 2025] [::1]:59633 Accepted
[Sat Sep 27 21:15:41 2025] [::1]:59633 [302]: GET /.well-known/appspecific/panel.php
[Sat Sep 27 21:15:41 2025] [::1]:59633 Closing
[Sat Sep 27 21:15:41 2025] [::1]:64092 Accepted
[Sat Sep 27 21:15:41 2025] [::1]:64092 [302]: GET /.well-known/appspecific/panel.php
[Sat Sep 27 21:15:41 2025] [::1]:64092 Closing
[Sat Sep 27 21:15:41 2025] [::1]:62811 Accepted
[Sat Sep 27 21:15:41 2025] [::1]:62811 [302]: GET /.well-known/appspecific/panel.php
[Sat Sep 27 21:15:41 2025] [::1]:62811 Closing
[Sat Sep 27 21:15:41 2025] [::1]:63589 Accepted
[Sat Sep 27 21:15:41 2025] [::1]:63589 [200]: GET /Settings.json
[Sat Sep 27 21:15:41 2025] [::1]:63589 Closing
[Sat Sep 27 21:15:41 2025] [::1]:64725 Accepted
[Sat Sep 27 21:15:41 2025] [::1]:64725 [302]: GET /.well-known/appspecific/panel.php
[Sat Sep 27 21:15:41 2025] [::1]:64725 Closing
[Sat Sep 27 21:15:41 2025] [::1]:63874 Accepted
[Sat Sep 27 21:15:41 2025] [::1]:63874 [200]: POST /list_templates.php
[Sat Sep 27 21:15:41 2025] [::1]:63874 Closing
[Sat Sep 27 21:15:41 2025] [::1]:56033 Accepted
[Sat Sep 27 21:15:41 2025] [::1]:56392 Accepted
[Sat Sep 27 21:15:41 2025] [::1]:56033 [302]: GET /favicon.ico
[Sat Sep 27 21:15:41 2025] [::1]:56033 Closing
[Sat Sep 27 21:15:41 2025] [::1]:56392 [302]: GET /.well-known/appspecific/panel.php
[Sat Sep 27 21:15:41 2025] [::1]:56392 Closing
[Sat Sep 27 21:15:41 2025] [::1]:54194 Accepted
[Sat Sep 27 21:15:41 2025] [::1]:54194 [302]: GET /.well-known/appspecific/panel.php
[Sat Sep 27 21:15:41 2025] [::1]:54194 Closing
[Sat Sep 27 21:15:41 2025] [::1]:61638 Accepted
[Sat Sep 27 21:15:41 2025] [::1]:61638 [200]: GET /panel.php
[Sat Sep 27 21:15:41 2025] [::1]:61638 Closing
[Sat Sep 27 21:15:41 2025] [::1]:61690 Accepted
[Sat Sep 27 21:15:41 2025] [::1]:61690 [302]: GET /.well-known/appspecific/panel.php
[Sat Sep 27 21:15:41 2025] [::1]:61690 Closing
[Sat Sep 27 21:15:41 2025] [::1]:61091 Accepted
[Sat Sep 27 21:15:42 2025] [::1]:61091 [302]: GET /.well-known/appspecific/panel.php
[Sat Sep 27 21:15:42 2025] [::1]:61091 Closing
[Sat Sep 27 21:15:42 2025] [::1]:56615 Accepted
[Sat Sep 27 21:15:42 2025] [::1]:56615 [302]: GET /.well-known/appspecific/panel.php
[Sat Sep 27 21:15:42 2025] [::1]:56615 Closing
[Sat Sep 27 21:15:42 2025] [::1]:51648 Accepted
[Sat Sep 27 21:15:42 2025] [::1]:51648 [302]: GET /.well-known/appspecific/panel.php
[Sat Sep 27 21:15:42 2025] [::1]:51648 Closing
[Sat Sep 27 21:15:42 2025] [::1]:60089 Accepted
[Sat Sep 27 21:15:42 2025] [::1]:60089 [302]: GET /.well-known/appspecific/panel.php
[Sat Sep 27 21:15:42 2025] [::1]:60089 Closing
[Sat Sep 27 21:15:42 2025] [::1]:57119 Accepted
[Sat Sep 27 21:15:42 2025] [::1]:57119 [302]: GET /.well-known/appspecific/panel.php
[Sat Sep 27 21:15:42 2025] [::1]:57119 Closing
[Sat Sep 27 21:15:42 2025] [::1]:50900 Accepted
[Sat Sep 27 21:15:42 2025] [::1]:50900 [302]: GET /.well-known/appspecific/panel.php
[Sat Sep 27 21:15:42 2025] [::1]:50900 Closing
[Sat Sep 27 21:15:42 2025] [::1]:51118 Accepted
[Sat Sep 27 21:15:42 2025] [::1]:51118 [200]: GET /panel.php
[Sat Sep 27 21:15:42 2025] [::1]:51118 Closing
[Sat Sep 27 21:15:42 2025] [::1]:65375 Accepted
[Sat Sep 27 21:15:42 2025] [::1]:65375 [302]: GET /.well-known/appspecific/com.chrome.devtools.json
[Sat Sep 27 21:15:42 2025] [::1]:65375 Closing
[Sat Sep 27 21:15:42 2025] [::1]:50395 Accepted
[Sat Sep 27 21:15:42 2025] [::1]:50395 [200]: GET /assets/css/bootstrap.min.css
[Sat Sep 27 21:15:42 2025] [::1]:50395 Closing
[Sat Sep 27 21:15:42 2025] [::1]:63581 Accepted
[Sat Sep 27 21:15:42 2025] [::1]:63581 [302]: GET /.well-known/appspecific/panel.php
[Sat Sep 27 21:15:42 2025] [::1]:63581 Closing
[Sat Sep 27 21:15:42 2025] [::1]:63004 Accepted
[Sat Sep 27 21:15:42 2025] [::1]:58201 Accepted
[Sat Sep 27 21:15:42 2025] [::1]:51944 Accepted
[Sat Sep 27 21:15:42 2025] [::1]:63004 [200]: GET /assets/css/light-theme.min.css
[Sat Sep 27 21:15:42 2025] [::1]:58201 [200]: GET /assets/js/jquery.min.js
[Sat Sep 27 21:15:42 2025] [::1]:51944 [200]: GET /assets/js/script.js
[Sat Sep 27 21:15:42 2025] [::1]:63004 Closing
[Sat Sep 27 21:15:42 2025] [::1]:58201 Closing
[Sat Sep 27 21:15:42 2025] [::1]:51944 Closing
[Sat Sep 27 21:15:42 2025] [::1]:60986 Accepted
[Sat Sep 27 21:15:42 2025] [::1]:55916 Accepted
[Sat Sep 27 21:15:42 2025] [::1]:60986 [200]: GET /assets/js/sweetalert2.min.js
[Sat Sep 27 21:15:42 2025] [::1]:60986 Closing
[Sat Sep 27 21:15:42 2025] [::1]:55916 [200]: GET /assets/js/growl-notification.min.js
[Sat Sep 27 21:15:42 2025] [::1]:55916 Closing
[Sat Sep 27 21:15:42 2025] [::1]:54496 Accepted
[Sat Sep 27 21:15:42 2025] [::1]:54496 [302]: GET /.well-known/appspecific/panel.php
[Sat Sep 27 21:15:42 2025] [::1]:54496 Closing
[Sat Sep 27 21:15:42 2025] [::1]:60590 Accepted
[Sat Sep 27 21:15:42 2025] [::1]:60590 [302]: GET /.well-known/appspecific/panel.php
[Sat Sep 27 21:15:42 2025] [::1]:60590 Closing
[Sat Sep 27 21:15:42 2025] [::1]:60081 Accepted
[Sat Sep 27 21:15:42 2025] [::1]:60081 [302]: GET /.well-known/appspecific/panel.php
[Sat Sep 27 21:15:42 2025] [::1]:60081 Closing
[Sat Sep 27 21:15:42 2025] [::1]:63798 Accepted
[Sat Sep 27 21:15:42 2025] [::1]:63798 [302]: GET /.well-known/appspecific/panel.php
[Sat Sep 27 21:15:42 2025] [::1]:63798 Closing
[Sat Sep 27 21:15:42 2025] [::1]:60472 Accepted
[Sat Sep 27 21:15:42 2025] [::1]:60472 [302]: GET /.well-known/appspecific/panel.php
[Sat Sep 27 21:15:42 2025] [::1]:60472 Closing
[Sat Sep 27 21:15:42 2025] [::1]:59654 Accepted
[Sat Sep 27 21:15:42 2025] [::1]:59654 [302]: GET /.well-known/appspecific/panel.php
[Sat Sep 27 21:15:42 2025] [::1]:59654 Closing
[Sat Sep 27 21:15:42 2025] [::1]:58690 Accepted
[Sat Sep 27 21:15:42 2025] [::1]:58690 [302]: GET /.well-known/appspecific/panel.php
[Sat Sep 27 21:15:42 2025] [::1]:58690 Closing
[Sat Sep 27 21:15:42 2025] [::1]:60031 Accepted
[Sat Sep 27 21:15:42 2025] [::1]:60031 [302]: GET /.well-known/appspecific/panel.php
[Sat Sep 27 21:15:42 2025] [::1]:60031 Closing
[Sat Sep 27 21:15:42 2025] [::1]:62762 Accepted
[Sat Sep 27 21:15:42 2025] [::1]:62762 [302]: GET /.well-known/appspecific/panel.php
[Sat Sep 27 21:15:42 2025] [::1]:62762 Closing
[Sat Sep 27 21:15:42 2025] [::1]:50408 Accepted
[Sat Sep 27 21:15:42 2025] [::1]:50408 [302]: GET /.well-known/appspecific/panel.php
[Sat Sep 27 21:15:42 2025] [::1]:50408 Closing
[Sat Sep 27 21:15:42 2025] [::1]:54100 Accepted
[Sat Sep 27 21:15:42 2025] [::1]:54100 [302]: GET /.well-known/appspecific/panel.php
[Sat Sep 27 21:15:42 2025] [::1]:54100 Closing
[Sat Sep 27 21:15:42 2025] [::1]:64799 Accepted
[Sat Sep 27 21:15:42 2025] [::1]:64799 [302]: GET /.well-known/appspecific/panel.php
[Sat Sep 27 21:15:42 2025] [::1]:64799 Closing
[Sat Sep 27 21:15:42 2025] [::1]:50836 Accepted
[Sat Sep 27 21:15:42 2025] [::1]:50836 [302]: GET /.well-known/appspecific/panel.php
[Sat Sep 27 21:15:42 2025] [::1]:50836 Closing
[Sat Sep 27 21:15:42 2025] [::1]:52886 Accepted
[Sat Sep 27 21:15:42 2025] [::1]:52886 [302]: GET /.well-known/appspecific/panel.php
[Sat Sep 27 21:15:42 2025] [::1]:52886 Closing
[Sat Sep 27 21:15:42 2025] [::1]:56538 Accepted
[Sat Sep 27 21:15:42 2025] [::1]:56538 [302]: GET /.well-known/appspecific/panel.php
[Sat Sep 27 21:15:42 2025] [::1]:56538 Closing
[Sat Sep 27 21:15:42 2025] [::1]:49784 Accepted
[Sat Sep 27 21:15:42 2025] [::1]:49784 [302]: GET /.well-known/appspecific/panel.php
[Sat Sep 27 21:15:42 2025] [::1]:49784 Closing
[Sat Sep 27 21:15:42 2025] [::1]:58272 Accepted
[Sat Sep 27 21:15:42 2025] [::1]:58272 [302]: GET /.well-known/appspecific/panel.php
[Sat Sep 27 21:15:42 2025] [::1]:58272 Closing
[Sat Sep 27 21:15:42 2025] [::1]:62540 Accepted
[Sat Sep 27 21:15:42 2025] [::1]:62540 [302]: GET /.well-known/appspecific/panel.php
[Sat Sep 27 21:15:42 2025] [::1]:62540 Closing
[Sat Sep 27 21:15:42 2025] [::1]:56043 Accepted
[Sat Sep 27 21:15:42 2025] [::1]:56043 [200]: GET /Settings.json
[Sat Sep 27 21:15:42 2025] [::1]:56043 Closing
[Sat Sep 27 21:15:42 2025] [::1]:54524 Accepted
[Sat Sep 27 21:15:42 2025] [::1]:54524 [302]: GET /.well-known/appspecific/panel.php
[Sat Sep 27 21:15:42 2025] [::1]:54524 Closing
[Sat Sep 27 21:15:42 2025] [::1]:62694 Accepted
[Sat Sep 27 21:15:42 2025] [::1]:62694 [200]: POST /list_templates.php
[Sat Sep 27 21:15:42 2025] [::1]:62694 Closing
[Sat Sep 27 21:15:42 2025] [::1]:51295 Accepted
[Sat Sep 27 21:15:42 2025] [::1]:51295 [302]: GET /favicon.ico
[Sat Sep 27 21:15:42 2025] [::1]:51295 Closing
[Sat Sep 27 21:15:42 2025] [::1]:61733 Accepted
[Sat Sep 27 21:15:42 2025] [::1]:61733 [200]: GET /panel.php
[Sat Sep 27 21:15:42 2025] [::1]:61733 Closing
[Sat Sep 27 21:15:45 2025] [::1]:64368 Accepted
[Sat Sep 27 21:15:45 2025] [::1]:64368 [200]: POST /receiver.php
[Sat Sep 27 21:15:45 2025] [::1]:64368 Closing
[Sat Sep 27 21:15:45 2025] [::1]:65021 Accepted
[Sat Sep 27 21:15:45 2025] [::1]:65021 [200]: GET /spy-images.php
[Sat Sep 27 21:15:45 2025] [::1]:65021 Closing
[Sat Sep 27 21:15:45 2025] [::1]:65258 Accepted
[Sat Sep 27 21:15:45 2025] [::1]:57423 Accepted
[Sat Sep 27 21:15:45 2025] [::1]:65258 [302]: GET /.well-known/appspecific/com.chrome.devtools.json
[Sat Sep 27 21:15:45 2025] [::1]:65258 Closing
[Sat Sep 27 21:15:45 2025] [::1]:57423 [200]: GET /assets/css/bootstrap.min.css
[Sat Sep 27 21:15:45 2025] [::1]:57423 Closing
[Sat Sep 27 21:15:45 2025] [::1]:63515 Accepted
[Sat Sep 27 21:15:45 2025] [::1]:63515 [302]: GET /.well-known/appspecific/panel.php
[Sat Sep 27 21:15:45 2025] [::1]:63515 Closing
[Sat Sep 27 21:15:45 2025] [::1]:62352 Accepted
[Sat Sep 27 21:15:45 2025] [::1]:62352 [302]: GET /.well-known/appspecific/panel.php
[Sat Sep 27 21:15:45 2025] [::1]:62352 Closing
[Sat Sep 27 21:15:45 2025] [::1]:63020 Accepted
[Sat Sep 27 21:15:45 2025] [::1]:63020 [302]: GET /.well-known/appspecific/panel.php
[Sat Sep 27 21:15:45 2025] [::1]:63020 Closing
[Sat Sep 27 21:15:45 2025] [::1]:54310 Accepted
[Sat Sep 27 21:15:45 2025] [::1]:54310 [302]: GET /.well-known/appspecific/panel.php
[Sat Sep 27 21:15:45 2025] [::1]:54310 Closing
[Sat Sep 27 21:15:45 2025] [::1]:60669 Accepted
[Sat Sep 27 21:15:45 2025] [::1]:60669 [302]: GET /.well-known/appspecific/panel.php
[Sat Sep 27 21:15:45 2025] [::1]:60669 Closing
[Sat Sep 27 21:15:45 2025] [::1]:59806 Accepted
[Sat Sep 27 21:15:45 2025] [::1]:59806 [302]: GET /.well-known/appspecific/panel.php
[Sat Sep 27 21:15:45 2025] [::1]:59806 Closing
[Sat Sep 27 21:15:45 2025] [::1]:58957 Accepted
[Sat Sep 27 21:15:45 2025] [::1]:58957 [302]: GET /.well-known/appspecific/panel.php
[Sat Sep 27 21:15:45 2025] [::1]:58957 Closing
[Sat Sep 27 21:15:45 2025] [::1]:53471 Accepted
[Sat Sep 27 21:15:45 2025] [::1]:53471 [302]: GET /favicon.ico
[Sat Sep 27 21:15:45 2025] [::1]:53471 Closing
[Sat Sep 27 21:15:45 2025] [::1]:64584 Accepted
[Sat Sep 27 21:15:45 2025] [::1]:64584 [302]: GET /.well-known/appspecific/panel.php
[Sat Sep 27 21:15:45 2025] [::1]:64584 Closing
[Sat Sep 27 21:15:45 2025] [::1]:62977 Accepted
[Sat Sep 27 21:15:45 2025] [::1]:62977 [200]: GET /panel.php
[Sat Sep 27 21:15:45 2025] [::1]:62977 Closing
[Sat Sep 27 21:15:45 2025] [::1]:51465 Accepted
[Sat Sep 27 21:15:45 2025] [::1]:51465 [302]: GET /.well-known/appspecific/panel.php
[Sat Sep 27 21:15:45 2025] [::1]:51465 Closing
[Sat Sep 27 21:15:45 2025] [::1]:63372 Accepted
[Sat Sep 27 21:15:45 2025] [::1]:63372 [302]: GET /.well-known/appspecific/panel.php
[Sat Sep 27 21:15:45 2025] [::1]:63372 Closing
[Sat Sep 27 21:15:45 2025] [::1]:59432 Accepted
[Sat Sep 27 21:15:45 2025] [::1]:59432 [302]: GET /.well-known/appspecific/panel.php
[Sat Sep 27 21:15:45 2025] [::1]:59432 Closing
[Sat Sep 27 21:15:45 2025] [::1]:57517 Accepted
[Sat Sep 27 21:15:45 2025] [::1]:57517 [302]: GET /.well-known/appspecific/panel.php
[Sat Sep 27 21:15:45 2025] [::1]:57517 Closing
[Sat Sep 27 21:15:45 2025] [::1]:56583 Accepted
[Sat Sep 27 21:15:45 2025] [::1]:56583 [302]: GET /.well-known/appspecific/panel.php
[Sat Sep 27 21:15:45 2025] [::1]:56583 Closing
[Sat Sep 27 21:15:45 2025] [::1]:61757 Accepted
[Sat Sep 27 21:15:45 2025] [::1]:61757 [302]: GET /.well-known/appspecific/panel.php
[Sat Sep 27 21:15:45 2025] [::1]:61757 Closing
[Sat Sep 27 21:15:45 2025] [::1]:51219 Accepted
[Sat Sep 27 21:15:45 2025] [::1]:51219 [302]: GET /.well-known/appspecific/panel.php
[Sat Sep 27 21:15:45 2025] [::1]:51219 Closing
[Sat Sep 27 21:15:45 2025] [::1]:54961 Accepted
[Sat Sep 27 21:15:45 2025] [::1]:54961 [302]: GET /.well-known/appspecific/panel.php
[Sat Sep 27 21:15:45 2025] [::1]:54961 Closing
[Sat Sep 27 21:15:45 2025] [::1]:55127 Accepted
[Sat Sep 27 21:15:45 2025] [::1]:55127 [302]: GET /.well-known/appspecific/panel.php
[Sat Sep 27 21:15:45 2025] [::1]:55127 Closing
[Sat Sep 27 21:15:45 2025] [::1]:54077 Accepted
[Sat Sep 27 21:15:45 2025] [::1]:54077 [302]: GET /.well-known/appspecific/panel.php
[Sat Sep 27 21:15:45 2025] [::1]:54077 Closing
[Sat Sep 27 21:15:45 2025] [::1]:50171 Accepted
[Sat Sep 27 21:15:45 2025] [::1]:50171 [302]: GET /.well-known/appspecific/panel.php
[Sat Sep 27 21:15:45 2025] [::1]:50171 Closing
[Sat Sep 27 21:15:45 2025] [::1]:64245 Accepted
[Sat Sep 27 21:15:45 2025] [::1]:64245 [302]: GET /.well-known/appspecific/panel.php
[Sat Sep 27 21:15:45 2025] [::1]:64245 Closing
[Sat Sep 27 21:15:52 2025] [::1]:60322 Accepted
[Sat Sep 27 21:15:52 2025] [::1]:60322 [200]: GET /panel.php
[Sat Sep 27 21:15:52 2025] [::1]:60322 Closing
[Sat Sep 27 21:15:52 2025] [::1]:57420 Accepted
[Sat Sep 27 21:15:52 2025] [::1]:53450 Accepted
[Sat Sep 27 21:15:52 2025] [::1]:57420 [200]: GET /assets/css/bootstrap.min.css
[Sat Sep 27 21:15:52 2025] [::1]:57420 Closing
[Sat Sep 27 21:15:52 2025] [::1]:53450 [200]: GET /assets/css/light-theme.min.css
[Sat Sep 27 21:15:52 2025] [::1]:53450 Closing
[Sat Sep 27 21:15:52 2025] [::1]:56873 Accepted
[Sat Sep 27 21:15:52 2025] [::1]:55117 Accepted
[Sat Sep 27 21:15:52 2025] [::1]:64962 Accepted
[Sat Sep 27 21:15:52 2025] [::1]:56873 [200]: GET /assets/js/jquery.min.js
[Sat Sep 27 21:15:52 2025] [::1]:55117 [200]: GET /assets/js/script.js
[Sat Sep 27 21:15:52 2025] [::1]:56873 Closing
[Sat Sep 27 21:15:52 2025] [::1]:64962 [200]: GET /assets/js/sweetalert2.min.js
[Sat Sep 27 21:15:52 2025] [::1]:55117 Closing
[Sat Sep 27 21:15:52 2025] [::1]:64962 Closing
[Sat Sep 27 21:15:52 2025] [::1]:59029 Accepted
[Sat Sep 27 21:15:52 2025] [::1]:59029 [200]: GET /assets/js/growl-notification.min.js
[Sat Sep 27 21:15:52 2025] [::1]:59029 Closing
[Sat Sep 27 21:15:52 2025] [::1]:62318 Accepted
[Sat Sep 27 21:15:52 2025] [::1]:62318 [200]: GET /Settings.json
[Sat Sep 27 21:15:52 2025] [::1]:62318 Closing
[Sat Sep 27 21:15:52 2025] [::1]:51394 Accepted
[Sat Sep 27 21:15:52 2025] [::1]:51394 [200]: POST /list_templates.php
[Sat Sep 27 21:15:52 2025] [::1]:51394 Closing
[Sat Sep 27 21:15:52 2025] [::1]:64473 Accepted
[Sat Sep 27 21:15:52 2025] [::1]:64473 [302]: GET /favicon.ico
[Sat Sep 27 21:15:52 2025] [::1]:64473 Closing
[Sat Sep 27 21:15:52 2025] [::1]:60513 Accepted
[Sat Sep 27 21:15:53 2025] [::1]:60513 [200]: GET /panel.php
[Sat Sep 27 21:15:53 2025] [::1]:60513 Closing
[Sat Sep 27 21:15:55 2025] [::1]:59118 Accepted
[Sat Sep 27 21:15:55 2025] [::1]:59118 [200]: POST /receiver.php
[Sat Sep 27 21:15:55 2025] [::1]:59118 Closing
[Sat Sep 27 21:15:57 2025] [::1]:65533 Accepted
[Sat Sep 27 21:15:57 2025] [::1]:65533 [200]: POST /receiver.php
[Sat Sep 27 21:15:57 2025] [::1]:65533 Closing
[Sat Sep 27 21:16:00 2025] [::1]:62525 Accepted
[Sat Sep 27 21:16:00 2025] [::1]:62525 [200]: POST /receiver.php
[Sat Sep 27 21:16:00 2025] [::1]:62525 Closing
[Sat Sep 27 21:16:01 2025] [::1]:63948 Accepted
[Sat Sep 27 21:16:01 2025] [::1]:63948 [200]: POST /receiver.php
[Sat Sep 27 21:16:01 2025] [::1]:63948 Closing
[Sat Sep 27 21:16:03 2025] [::1]:55894 Accepted
[Sat Sep 27 21:16:03 2025] [::1]:55894 [200]: POST /receiver.php
[Sat Sep 27 21:16:03 2025] [::1]:55894 Closing
[Sat Sep 27 21:16:06 2025] [::1]:63061 Accepted
[Sat Sep 27 21:16:06 2025] [::1]:63061 [200]: POST /receiver.php
[Sat Sep 27 21:16:06 2025] [::1]:63061 Closing
[Sat Sep 27 21:16:08 2025] [::1]:51779 Accepted
[Sat Sep 27 21:16:08 2025] [::1]:51779 [200]: POST /receiver.php
[Sat Sep 27 21:16:08 2025] [::1]:51779 Closing
[Sat Sep 27 21:16:10 2025] [::1]:55049 Accepted
[Sat Sep 27 21:16:10 2025] [::1]:55049 [200]: POST /receiver.php
[Sat Sep 27 21:16:10 2025] [::1]:55049 Closing
[Sat Sep 27 21:16:10 2025] [::1]:60651 Accepted
[Sat Sep 27 21:16:10 2025] [::1]:60651 [200]: GET /templates/camera_temp/index.html
[Sat Sep 27 21:16:10 2025] [::1]:60651 Closing
[Sat Sep 27 21:16:10 2025] [::1]:54655 Accepted
[Sat Sep 27 21:16:10 2025] [::1]:50481 Accepted
[Sat Sep 27 21:16:10 2025] [::1]:54655 [200]: GET /assets/js/jquery.min.js
[Sat Sep 27 21:16:10 2025] [::1]:54655 Closing
[Sat Sep 27 21:16:10 2025] [::1]:51225 Accepted
[Sat Sep 27 21:16:10 2025] [::1]:52891 Accepted
[Sat Sep 27 21:16:10 2025] [::1]:50481 [200]: GET /assets/js/client.min.js
[Sat Sep 27 21:16:10 2025] [::1]:51225 [200]: GET /templates/camera_temp/style.css
[Sat Sep 27 21:16:10 2025] [::1]:50481 Closing
[Sat Sep 27 21:16:10 2025] [::1]:51045 Accepted
[Sat Sep 27 21:16:10 2025] [::1]:51225 Closing
[Sat Sep 27 21:16:10 2025] [::1]:52891 [200]: GET /assets/js/loc.js
[Sat Sep 27 21:16:10 2025] [::1]:51045 [200]: GET /templates/camera_temp/all.css
[Sat Sep 27 21:16:10 2025] [::1]:52891 Closing
[Sat Sep 27 21:16:10 2025] [::1]:51045 Closing
[Sat Sep 27 21:16:10 2025] [::1]:49176 Accepted
[Sat Sep 27 21:16:10 2025] [::1]:49176 [404]: GET /templates/webfonts/fa-solid-900.woff2 - No such file or directory
[Sat Sep 27 21:16:10 2025] [::1]:49176 Closing
[Sat Sep 27 21:16:10 2025] [::1]:51465 Accepted
[Sat Sep 27 21:16:10 2025] [::1]:51465 [404]: GET /templates/webfonts/fa-solid-900.woff - No such file or directory
[Sat Sep 27 21:16:10 2025] [::1]:51465 Closing
[Sat Sep 27 21:16:10 2025] [::1]:61713 Accepted
[Sat Sep 27 21:16:10 2025] [::1]:61713 [404]: GET /templates/webfonts/fa-solid-900.ttf - No such file or directory
[Sat Sep 27 21:16:10 2025] [::1]:61713 Closing
[Sat Sep 27 21:16:12 2025] [::1]:59638 Accepted
[Sat Sep 27 21:16:12 2025] [::1]:59638 [200]: POST /receiver.php
[Sat Sep 27 21:16:12 2025] [::1]:59638 Closing
[Sat Sep 27 21:16:13 2025] [::1]:53285 Accepted
[Sat Sep 27 21:16:13 2025] [::1]:53285 [302]: GET /.well-known/appspecific/com.chrome.devtools.json
[Sat Sep 27 21:16:13 2025] [::1]:53285 Closing
[Sat Sep 27 21:16:13 2025] [::1]:63811 Accepted
[Sat Sep 27 21:16:13 2025] [::1]:63811 [302]: GET /.well-known/appspecific/panel.php
[Sat Sep 27 21:16:13 2025] [::1]:63811 Closing
[Sat Sep 27 21:16:13 2025] [::1]:49362 Accepted
[Sat Sep 27 21:16:13 2025] [::1]:49362 [302]: GET /.well-known/appspecific/panel.php
[Sat Sep 27 21:16:13 2025] [::1]:49362 Closing
[Sat Sep 27 21:16:13 2025] [::1]:59237 Accepted
[Sat Sep 27 21:16:13 2025] [::1]:59237 [302]: GET /.well-known/appspecific/panel.php
[Sat Sep 27 21:16:13 2025] [::1]:59237 Closing
[Sat Sep 27 21:16:13 2025] [::1]:49237 Accepted
[Sat Sep 27 21:16:13 2025] [::1]:49237 [302]: GET /.well-known/appspecific/panel.php
[Sat Sep 27 21:16:13 2025] [::1]:49237 Closing
[Sat Sep 27 21:16:13 2025] [::1]:49250 Accepted
[Sat Sep 27 21:16:13 2025] [::1]:49250 [302]: GET /.well-known/appspecific/panel.php
[Sat Sep 27 21:16:13 2025] [::1]:49250 Closing
[Sat Sep 27 21:16:13 2025] [::1]:59427 Accepted
[Sat Sep 27 21:16:13 2025] [::1]:59427 [302]: GET /.well-known/appspecific/panel.php
[Sat Sep 27 21:16:13 2025] [::1]:59427 Closing
[Sat Sep 27 21:16:13 2025] [::1]:52465 Accepted
[Sat Sep 27 21:16:13 2025] [::1]:52465 [302]: GET /.well-known/appspecific/panel.php
[Sat Sep 27 21:16:13 2025] [::1]:52465 Closing
[Sat Sep 27 21:16:13 2025] [::1]:57132 Accepted
[Sat Sep 27 21:16:13 2025] [::1]:57132 [302]: GET /.well-known/appspecific/panel.php
[Sat Sep 27 21:16:13 2025] [::1]:57132 Closing
[Sat Sep 27 21:16:13 2025] [::1]:62930 Accepted
[Sat Sep 27 21:16:13 2025] [::1]:62930 [302]: GET /.well-known/appspecific/panel.php
[Sat Sep 27 21:16:13 2025] [::1]:62930 Closing
[Sat Sep 27 21:16:13 2025] [::1]:64897 Accepted
[Sat Sep 27 21:16:13 2025] [::1]:64897 [302]: GET /.well-known/appspecific/panel.php
[Sat Sep 27 21:16:13 2025] [::1]:64897 Closing
[Sat Sep 27 21:16:13 2025] [::1]:49611 Accepted
[Sat Sep 27 21:16:13 2025] [::1]:49611 [302]: GET /.well-known/appspecific/panel.php
[Sat Sep 27 21:16:13 2025] [::1]:49611 Closing
[Sat Sep 27 21:16:13 2025] [::1]:61812 Accepted
[Sat Sep 27 21:16:13 2025] [::1]:61812 [302]: GET /.well-known/appspecific/panel.php
[Sat Sep 27 21:16:13 2025] [::1]:61812 Closing
[Sat Sep 27 21:16:13 2025] [::1]:59748 Accepted
[Sat Sep 27 21:16:13 2025] [::1]:59748 [302]: GET /.well-known/appspecific/panel.php
[Sat Sep 27 21:16:13 2025] [::1]:59748 Closing
[Sat Sep 27 21:16:13 2025] [::1]:50811 Accepted
[Sat Sep 27 21:16:13 2025] [::1]:50811 [302]: GET /.well-known/appspecific/panel.php
[Sat Sep 27 21:16:13 2025] [::1]:50811 Closing
[Sat Sep 27 21:16:13 2025] [::1]:57253 Accepted
[Sat Sep 27 21:16:13 2025] [::1]:57253 [302]: GET /.well-known/appspecific/panel.php
[Sat Sep 27 21:16:13 2025] [::1]:57253 Closing
[Sat Sep 27 21:16:13 2025] [::1]:62345 Accepted
[Sat Sep 27 21:16:13 2025] [::1]:62345 [302]: GET /.well-known/appspecific/panel.php
[Sat Sep 27 21:16:13 2025] [::1]:62345 Closing
[Sat Sep 27 21:16:13 2025] [::1]:58518 Accepted
[Sat Sep 27 21:16:13 2025] [::1]:58518 [302]: GET /.well-known/appspecific/panel.php
[Sat Sep 27 21:16:13 2025] [::1]:58518 Closing
[Sat Sep 27 21:16:13 2025] [::1]:55619 Accepted
[Sat Sep 27 21:16:13 2025] [::1]:55619 [302]: GET /.well-known/appspecific/panel.php
[Sat Sep 27 21:16:13 2025] [::1]:55619 Closing
[Sat Sep 27 21:16:13 2025] [::1]:50838 Accepted
[Sat Sep 27 21:16:13 2025] [::1]:50838 [302]: GET /.well-known/appspecific/panel.php
[Sat Sep 27 21:16:13 2025] [::1]:50838 Closing
[Sat Sep 27 21:16:13 2025] [::1]:62892 Accepted
[Sat Sep 27 21:16:13 2025] [::1]:62892 [302]: GET /.well-known/appspecific/panel.php
[Sat Sep 27 21:16:13 2025] [::1]:62892 Closing
[Sat Sep 27 21:16:14 2025] [::1]:56214 Accepted
[Sat Sep 27 21:16:14 2025] [::1]:56214 [200]: POST /receiver.php
[Sat Sep 27 21:16:14 2025] [::1]:56214 Closing
[Sat Sep 27 21:16:14 2025] [::1]:61376 Accepted
[Sat Sep 27 21:16:14 2025] [::1]:61376 [302]: GET /favicon.ico
[Sat Sep 27 21:16:14 2025] [::1]:61376 Closing
[Sat Sep 27 21:16:14 2025] [::1]:50510 Accepted
[Sat Sep 27 21:16:14 2025] [::1]:50510 [200]: GET /panel.php
[Sat Sep 27 21:16:14 2025] [::1]:50510 Closing
[Sat Sep 27 21:16:16 2025] [::1]:60865 Accepted
[Sat Sep 27 21:16:16 2025] [::1]:60865 [200]: POST /receiver.php
[Sat Sep 27 21:16:16 2025] [::1]:60865 Closing
[Sat Sep 27 21:16:18 2025] [::1]:53958 Accepted
[Sat Sep 27 21:16:18 2025] [::1]:53958 [200]: POST /receiver.php
[Sat Sep 27 21:16:18 2025] [::1]:53958 Closing
[Sat Sep 27 21:16:19 2025] [::1]:51668 Accepted
[Sat Sep 27 21:16:19 2025] [::1]:51668 [200]: POST /templates/camera_temp/handler.php
[Sat Sep 27 21:16:19 2025] [::1]:51668 Closing
[Sat Sep 27 21:16:20 2025] [::1]:55283 Accepted
[Sat Sep 27 21:16:20 2025] [::1]:55283 [200]: POST /receiver.php
[Sat Sep 27 21:16:20 2025] [::1]:55283 Closing
[Sat Sep 27 21:16:22 2025] [::1]:53935 Accepted
[Sat Sep 27 21:16:22 2025] [::1]:53935 [200]: POST /receiver.php
[Sat Sep 27 21:16:22 2025] [::1]:53935 Closing
[Sat Sep 27 21:16:22 2025] [::1]:59101 Accepted
[Sat Sep 27 21:16:22 2025] [::1]:64917 Accepted
[Sat Sep 27 21:16:22 2025] [::1]:59101 [200]: GET /templates/camera_temp/index.html
[Sat Sep 27 21:16:22 2025] [::1]:59101 Closing
[Sat Sep 27 21:16:22 2025] [::1]:64917 [302]: GET /.well-known/appspecific/com.chrome.devtools.json
[Sat Sep 27 21:16:22 2025] [::1]:64917 Closing
[Sat Sep 27 21:16:22 2025] [::1]:50070 Accepted
[Sat Sep 27 21:16:22 2025] [::1]:50070 [200]: GET /assets/js/jquery.min.js
[Sat Sep 27 21:16:22 2025] [::1]:50070 Closing
[Sat Sep 27 21:16:22 2025] [::1]:56400 Accepted
[Sat Sep 27 21:16:22 2025] [::1]:56400 [200]: GET /assets/js/client.min.js
[Sat Sep 27 21:16:22 2025] [::1]:56400 Closing
[Sat Sep 27 21:16:22 2025] [::1]:63602 Accepted
[Sat Sep 27 21:16:22 2025] [::1]:54938 Accepted
[Sat Sep 27 21:16:22 2025] [::1]:63602 [200]: GET /templates/camera_temp/style.css
[Sat Sep 27 21:16:22 2025] [::1]:54938 [200]: GET /assets/js/loc.js
[Sat Sep 27 21:16:22 2025] [::1]:63602 Closing
[Sat Sep 27 21:16:22 2025] [::1]:54938 Closing
[Sat Sep 27 21:16:22 2025] [::1]:58624 Accepted
[Sat Sep 27 21:16:22 2025] [::1]:54088 Accepted
[Sat Sep 27 21:16:22 2025] [::1]:58624 [200]: GET /templates/camera_temp/all.css
[Sat Sep 27 21:16:22 2025] [::1]:58624 Closing
[Sat Sep 27 21:16:22 2025] [::1]:54088 [302]: GET /.well-known/appspecific/panel.php
[Sat Sep 27 21:16:22 2025] [::1]:54088 Closing
[Sat Sep 27 21:16:22 2025] [::1]:56582 Accepted
[Sat Sep 27 21:16:22 2025] [::1]:56582 [302]: GET /.well-known/appspecific/panel.php
[Sat Sep 27 21:16:22 2025] [::1]:56582 Closing
[Sat Sep 27 21:16:22 2025] [::1]:63538 Accepted
[Sat Sep 27 21:16:22 2025] [::1]:63538 [302]: GET /.well-known/appspecific/panel.php
[Sat Sep 27 21:16:22 2025] [::1]:63538 Closing
[Sat Sep 27 21:16:22 2025] [::1]:58749 Accepted
[Sat Sep 27 21:16:22 2025] [::1]:58749 [302]: GET /.well-known/appspecific/panel.php
[Sat Sep 27 21:16:22 2025] [::1]:58749 Closing
[Sat Sep 27 21:16:22 2025] [::1]:53921 Accepted
[Sat Sep 27 21:16:22 2025] [::1]:53921 [302]: GET /.well-known/appspecific/panel.php
[Sat Sep 27 21:16:22 2025] [::1]:53921 Closing
[Sat Sep 27 21:16:22 2025] [::1]:55835 Accepted
[Sat Sep 27 21:16:22 2025] [::1]:55835 [302]: GET /.well-known/appspecific/panel.php
[Sat Sep 27 21:16:22 2025] [::1]:55835 Closing
[Sat Sep 27 21:16:22 2025] [::1]:60475 Accepted
[Sat Sep 27 21:16:22 2025] [::1]:60475 [302]: GET /.well-known/appspecific/panel.php
[Sat Sep 27 21:16:22 2025] [::1]:60475 Closing
[Sat Sep 27 21:16:22 2025] [::1]:56054 Accepted
[Sat Sep 27 21:16:22 2025] [::1]:56054 [302]: GET /.well-known/appspecific/panel.php
[Sat Sep 27 21:16:22 2025] [::1]:56054 Closing
[Sat Sep 27 21:16:22 2025] [::1]:64080 Accepted
[Sat Sep 27 21:16:22 2025] [::1]:64080 [302]: GET /.well-known/appspecific/panel.php
[Sat Sep 27 21:16:22 2025] [::1]:64080 Closing
[Sat Sep 27 21:16:22 2025] [::1]:63733 Accepted
[Sat Sep 27 21:16:22 2025] [::1]:63733 [302]: GET /.well-known/appspecific/panel.php
[Sat Sep 27 21:16:22 2025] [::1]:63733 Closing
[Sat Sep 27 21:16:22 2025] [::1]:57144 Accepted
[Sat Sep 27 21:16:22 2025] [::1]:57144 [302]: GET /.well-known/appspecific/panel.php
[Sat Sep 27 21:16:22 2025] [::1]:57144 Closing
[Sat Sep 27 21:16:22 2025] [::1]:60839 Accepted
[Sat Sep 27 21:16:22 2025] [::1]:60839 [302]: GET /.well-known/appspecific/panel.php
[Sat Sep 27 21:16:22 2025] [::1]:60839 Closing
[Sat Sep 27 21:16:22 2025] [::1]:56328 Accepted
[Sat Sep 27 21:16:22 2025] [::1]:56328 [302]: GET /.well-known/appspecific/panel.php
[Sat Sep 27 21:16:22 2025] [::1]:56328 Closing
[Sat Sep 27 21:16:22 2025] [::1]:55143 Accepted
[Sat Sep 27 21:16:22 2025] [::1]:55143 [302]: GET /.well-known/appspecific/panel.php
[Sat Sep 27 21:16:22 2025] [::1]:55143 Closing
[Sat Sep 27 21:16:22 2025] [::1]:55506 Accepted
[Sat Sep 27 21:16:22 2025] [::1]:55506 [302]: GET /.well-known/appspecific/panel.php
[Sat Sep 27 21:16:22 2025] [::1]:55506 Closing
[Sat Sep 27 21:16:22 2025] [::1]:55767 Accepted
[Sat Sep 27 21:16:22 2025] [::1]:55767 [302]: GET /.well-known/appspecific/panel.php
[Sat Sep 27 21:16:22 2025] [::1]:55767 Closing
[Sat Sep 27 21:16:22 2025] [::1]:56039 Accepted
[Sat Sep 27 21:16:22 2025] [::1]:56039 [302]: GET /.well-known/appspecific/panel.php
[Sat Sep 27 21:16:22 2025] [::1]:56039 Closing
[Sat Sep 27 21:16:22 2025] [::1]:64427 Accepted
[Sat Sep 27 21:16:22 2025] [::1]:64427 [302]: GET /.well-known/appspecific/panel.php
[Sat Sep 27 21:16:22 2025] [::1]:64427 Closing
[Sat Sep 27 21:16:22 2025] [::1]:60718 Accepted
[Sat Sep 27 21:16:22 2025] [::1]:60718 [302]: GET /.well-known/appspecific/panel.php
[Sat Sep 27 21:16:22 2025] [::1]:60718 Closing
[Sat Sep 27 21:16:22 2025] [::1]:53531 Accepted
[Sat Sep 27 21:16:22 2025] [::1]:53531 [302]: GET /.well-known/appspecific/panel.php
[Sat Sep 27 21:16:22 2025] [::1]:53531 Closing
[Sat Sep 27 21:16:23 2025] [::1]:64128 Accepted
[Sat Sep 27 21:16:23 2025] [::1]:64128 [404]: GET /templates/webfonts/fa-solid-900.woff2 - No such file or directory
[Sat Sep 27 21:16:23 2025] [::1]:64128 Closing
[Sat Sep 27 21:16:23 2025] [::1]:49274 Accepted
[Sat Sep 27 21:16:23 2025] [::1]:49274 [404]: GET /templates/webfonts/fa-solid-900.woff - No such file or directory
[Sat Sep 27 21:16:23 2025] [::1]:49274 Closing
[Sat Sep 27 21:16:23 2025] [::1]:50946 Accepted
[Sat Sep 27 21:16:23 2025] [::1]:50946 [404]: GET /templates/webfonts/fa-solid-900.ttf - No such file or directory
[Sat Sep 27 21:16:23 2025] [::1]:50946 Closing
[Sat Sep 27 21:16:24 2025] [::1]:51033 Accepted
[Sat Sep 27 21:16:24 2025] [::1]:51033 [200]: POST /receiver.php
[Sat Sep 27 21:16:24 2025] [::1]:51033 Closing
[Sat Sep 27 21:16:25 2025] [::1]:59479 Accepted
[Sat Sep 27 21:16:25 2025] [::1]:59479 [302]: GET /favicon.ico
[Sat Sep 27 21:16:25 2025] [::1]:59479 Closing
[Sat Sep 27 21:16:25 2025] [::1]:60982 Accepted
[Sat Sep 27 21:16:25 2025] [::1]:60982 [200]: GET /panel.php
[Sat Sep 27 21:16:25 2025] [::1]:60982 Closing
[Sat Sep 27 21:16:26 2025] [::1]:51925 Accepted
[Sat Sep 27 21:16:26 2025] [::1]:51925 [200]: POST /templates/camera_temp/handler.php
[Sat Sep 27 21:16:26 2025] [::1]:51925 Closing
[Sat Sep 27 21:16:26 2025] [::1]:52070 Accepted
[Sat Sep 27 21:16:26 2025] [::1]:52070 [200]: POST /receiver.php
[Sat Sep 27 21:16:26 2025] [::1]:52070 Closing
[Sat Sep 27 21:16:28 2025] [::1]:64660 Accepted
[Sat Sep 27 21:16:28 2025] [::1]:64660 [200]: POST /receiver.php
[Sat Sep 27 21:16:28 2025] [::1]:64660 Closing
[Sat Sep 27 21:16:30 2025] [::1]:60471 Accepted
[Sat Sep 27 21:16:30 2025] [::1]:60471 [200]: POST /receiver.php
[Sat Sep 27 21:16:30 2025] [::1]:60471 Closing
[Sat Sep 27 21:16:32 2025] [::1]:56954 Accepted
[Sat Sep 27 21:16:32 2025] [::1]:56954 [200]: POST /receiver.php
[Sat Sep 27 21:16:32 2025] [::1]:56954 Closing
[Sat Sep 27 21:16:34 2025] [::1]:51595 Accepted
[Sat Sep 27 21:16:34 2025] [::1]:51595 [200]: POST /receiver.php
[Sat Sep 27 21:16:34 2025] [::1]:51595 Closing
[Sat Sep 27 21:16:36 2025] [::1]:61419 Accepted
[Sat Sep 27 21:16:36 2025] [::1]:61419 [200]: POST /receiver.php
[Sat Sep 27 21:16:36 2025] [::1]:61419 Closing
[Sat Sep 27 21:16:38 2025] [::1]:64983 Accepted
[Sat Sep 27 21:16:38 2025] [::1]:64983 [200]: POST /receiver.php
[Sat Sep 27 21:16:38 2025] [::1]:64983 Closing
[Sat Sep 27 21:16:40 2025] [::1]:49968 Accepted
[Sat Sep 27 21:16:40 2025] [::1]:49968 [200]: POST /receiver.php
[Sat Sep 27 21:16:40 2025] [::1]:49968 Closing
[Sat Sep 27 21:16:42 2025] [::1]:51422 Accepted
[Sat Sep 27 21:16:42 2025] [::1]:51422 [200]: POST /receiver.php
[Sat Sep 27 21:16:42 2025] [::1]:51422 Closing
[Sat Sep 27 21:16:44 2025] [::1]:54829 Accepted
[Sat Sep 27 21:16:44 2025] [::1]:54829 [200]: POST /receiver.php
[Sat Sep 27 21:16:44 2025] [::1]:54829 Closing
[Sat Sep 27 21:16:46 2025] [::1]:60170 Accepted
[Sat Sep 27 21:16:46 2025] [::1]:60170 [200]: POST /receiver.php
[Sat Sep 27 21:16:46 2025] [::1]:60170 Closing
[Sat Sep 27 21:16:48 2025] [::1]:52006 Accepted
[Sat Sep 27 21:16:48 2025] [::1]:52006 [200]: POST /receiver.php
[Sat Sep 27 21:16:48 2025] [::1]:52006 Closing
[Sat Sep 27 21:16:50 2025] [::1]:59517 Accepted
[Sat Sep 27 21:16:50 2025] [::1]:59517 [200]: POST /receiver.php
[Sat Sep 27 21:16:50 2025] [::1]:59517 Closing
[Sat Sep 27 21:16:52 2025] [::1]:57113 Accepted
[Sat Sep 27 21:16:52 2025] [::1]:57113 [200]: POST /receiver.php
[Sat Sep 27 21:16:52 2025] [::1]:57113 Closing
[Sat Sep 27 21:16:54 2025] [::1]:55930 Accepted
[Sat Sep 27 21:16:54 2025] [::1]:55930 [200]: POST /receiver.php
[Sat Sep 27 21:16:54 2025] [::1]:55930 Closing
[Sat Sep 27 21:16:56 2025] [::1]:59751 Accepted
[Sat Sep 27 21:16:56 2025] [::1]:59751 [200]: POST /receiver.php
[Sat Sep 27 21:16:56 2025] [::1]:59751 Closing
[Sat Sep 27 21:16:58 2025] [::1]:56155 Accepted
[Sat Sep 27 21:16:58 2025] [::1]:56155 [200]: POST /receiver.php
[Sat Sep 27 21:16:58 2025] [::1]:56155 Closing
[Sat Sep 27 21:17:00 2025] [::1]:55956 Accepted
[Sat Sep 27 21:17:00 2025] [::1]:55956 [200]: GET /templates/camera_temp/style.css
[Sat Sep 27 21:17:00 2025] [::1]:55956 Closing
[Sat Sep 27 21:17:00 2025] [::1]:54137 Accepted
[Sat Sep 27 21:17:00 2025] [::1]:54137 [200]: GET /templates/camera_temp/all.css
[Sat Sep 27 21:17:00 2025] [::1]:54137 Closing
[Sat Sep 27 21:17:00 2025] [::1]:53897 Accepted
[Sat Sep 27 21:17:00 2025] [::1]:53897 [302]: GET /.well-known/appspecific/com.chrome.devtools.json
[Sat Sep 27 21:17:00 2025] [::1]:53897 Closing
[Sat Sep 27 21:17:00 2025] [::1]:49772 Accepted
[Sat Sep 27 21:17:00 2025] [::1]:49772 [302]: GET /.well-known/appspecific/panel.php
[Sat Sep 27 21:17:00 2025] [::1]:49772 Closing
[Sat Sep 27 21:17:00 2025] [::1]:58164 Accepted
[Sat Sep 27 21:17:00 2025] [::1]:58164 [302]: GET /.well-known/appspecific/panel.php
[Sat Sep 27 21:17:00 2025] [::1]:58164 Closing
[Sat Sep 27 21:17:00 2025] [::1]:50606 Accepted
[Sat Sep 27 21:17:00 2025] [::1]:50606 [302]: GET /.well-known/appspecific/panel.php
[Sat Sep 27 21:17:00 2025] [::1]:50606 Closing
[Sat Sep 27 21:17:00 2025] [::1]:65512 Accepted
[Sat Sep 27 21:17:00 2025] [::1]:65512 [302]: GET /.well-known/appspecific/panel.php
[Sat Sep 27 21:17:00 2025] [::1]:65512 Closing
[Sat Sep 27 21:17:00 2025] [::1]:64730 Accepted
[Sat Sep 27 21:17:00 2025] [::1]:64730 [302]: GET /.well-known/appspecific/panel.php
[Sat Sep 27 21:17:00 2025] [::1]:64730 Closing
[Sat Sep 27 21:17:00 2025] [::1]:62602 Accepted
[Sat Sep 27 21:17:00 2025] [::1]:62602 [302]: GET /.well-known/appspecific/panel.php
[Sat Sep 27 21:17:00 2025] [::1]:62602 Closing
[Sat Sep 27 21:17:00 2025] [::1]:59202 Accepted
[Sat Sep 27 21:17:00 2025] [::1]:59202 [302]: GET /.well-known/appspecific/panel.php
[Sat Sep 27 21:17:00 2025] [::1]:59202 Closing
[Sat Sep 27 21:17:00 2025] [::1]:58392 Accepted
[Sat Sep 27 21:17:00 2025] [::1]:58392 [302]: GET /.well-known/appspecific/panel.php
[Sat Sep 27 21:17:00 2025] [::1]:58392 Closing
[Sat Sep 27 21:17:00 2025] [::1]:62747 Accepted
[Sat Sep 27 21:17:00 2025] [::1]:62747 [302]: GET /.well-known/appspecific/panel.php
[Sat Sep 27 21:17:00 2025] [::1]:62747 Closing
[Sat Sep 27 21:17:00 2025] [::1]:53149 Accepted
[Sat Sep 27 21:17:00 2025] [::1]:53149 [302]: GET /.well-known/appspecific/panel.php
[Sat Sep 27 21:17:00 2025] [::1]:53149 Closing
[Sat Sep 27 21:17:00 2025] [::1]:64531 Accepted
[Sat Sep 27 21:17:00 2025] [::1]:64531 [302]: GET /.well-known/appspecific/panel.php
[Sat Sep 27 21:17:00 2025] [::1]:64531 Closing
[Sat Sep 27 21:17:00 2025] [::1]:64003 Accepted
[Sat Sep 27 21:17:00 2025] [::1]:64003 [302]: GET /.well-known/appspecific/panel.php
[Sat Sep 27 21:17:00 2025] [::1]:64003 Closing
[Sat Sep 27 21:17:00 2025] [::1]:58382 Accepted
[Sat Sep 27 21:17:00 2025] [::1]:58382 [302]: GET /.well-known/appspecific/panel.php
[Sat Sep 27 21:17:00 2025] [::1]:58382 Closing
[Sat Sep 27 21:17:00 2025] [::1]:62767 Accepted
[Sat Sep 27 21:17:00 2025] [::1]:62767 [302]: GET /.well-known/appspecific/panel.php
[Sat Sep 27 21:17:00 2025] [::1]:62767 Closing
[Sat Sep 27 21:17:00 2025] [::1]:61876 Accepted
[Sat Sep 27 21:17:00 2025] [::1]:61876 [302]: GET /.well-known/appspecific/panel.php
[Sat Sep 27 21:17:00 2025] [::1]:61876 Closing
[Sat Sep 27 21:17:00 2025] [::1]:51658 Accepted
[Sat Sep 27 21:17:00 2025] [::1]:51658 [302]: GET /.well-known/appspecific/panel.php
[Sat Sep 27 21:17:00 2025] [::1]:51658 Closing
[Sat Sep 27 21:17:00 2025] [::1]:59706 Accepted
[Sat Sep 27 21:17:00 2025] [::1]:59706 [302]: GET /.well-known/appspecific/panel.php
[Sat Sep 27 21:17:00 2025] [::1]:59706 Closing
[Sat Sep 27 21:17:00 2025] [::1]:62363 Accepted
[Sat Sep 27 21:17:00 2025] [::1]:62363 [302]: GET /.well-known/appspecific/panel.php
[Sat Sep 27 21:17:00 2025] [::1]:62363 Closing
[Sat Sep 27 21:17:00 2025] [::1]:59529 Accepted
[Sat Sep 27 21:17:00 2025] [::1]:59529 [302]: GET /.well-known/appspecific/panel.php
[Sat Sep 27 21:17:00 2025] [::1]:59529 Closing
[Sat Sep 27 21:17:00 2025] [::1]:63920 Accepted
[Sat Sep 27 21:17:00 2025] [::1]:63920 [302]: GET /.well-known/appspecific/panel.php
[Sat Sep 27 21:17:00 2025] [::1]:63920 Closing
[Sat Sep 27 21:17:00 2025] [::1]:56582 Accepted
[Sat Sep 27 21:17:00 2025] [::1]:56582 [200]: POST /receiver.php
[Sat Sep 27 21:17:00 2025] [::1]:56582 Closing
[Sat Sep 27 21:17:02 2025] [::1]:55272 Accepted
[Sat Sep 27 21:17:02 2025] [::1]:55272 [200]: POST /receiver.php
[Sat Sep 27 21:17:02 2025] [::1]:55272 Closing
[Sat Sep 27 21:17:04 2025] [::1]:58335 Accepted
[Sat Sep 27 21:17:04 2025] [::1]:58335 [200]: POST /receiver.php
[Sat Sep 27 21:17:04 2025] [::1]:58335 Closing
[Sat Sep 27 21:17:06 2025] [::1]:55840 Accepted
[Sat Sep 27 21:17:06 2025] [::1]:55840 [200]: POST /receiver.php
[Sat Sep 27 21:17:06 2025] [::1]:55840 Closing
[Sat Sep 27 21:17:57 2025] [::1]:50304 Accepted
[Sat Sep 27 21:17:57 2025] [::1]:50304 [200]: POST /receiver.php
[Sat Sep 27 21:17:57 2025] [::1]:50304 Closing
[Sat Sep 27 21:18:10 2025] [::1]:61871 Accepted
[Sat Sep 27 21:18:10 2025] [::1]:61871 [200]: GET /templates/camera_temp/index.html
[Sat Sep 27 21:18:10 2025] [::1]:61871 Closing
[Sat Sep 27 21:18:10 2025] [::1]:53007 Accepted
[Sat Sep 27 21:18:10 2025] [::1]:54065 Accepted
[Sat Sep 27 21:18:10 2025] [::1]:53007 [200]: GET /assets/js/jquery.min.js
[Sat Sep 27 21:18:10 2025] [::1]:53007 Closing
[Sat Sep 27 21:18:10 2025] [::1]:62333 Accepted
[Sat Sep 27 21:18:10 2025] [::1]:54065 [200]: GET /assets/js/client.min.js
[Sat Sep 27 21:18:10 2025] [::1]:54065 Closing
[Sat Sep 27 21:18:10 2025] [::1]:54497 Accepted
[Sat Sep 27 21:18:10 2025] [::1]:62333 [200]: GET /assets/js/loc.js
[Sat Sep 27 21:18:10 2025] [::1]:54497 [200]: GET /templates/camera_temp/style.css
[Sat Sep 27 21:18:10 2025] [::1]:62333 Closing
[Sat Sep 27 21:18:10 2025] [::1]:54497 Closing
[Sat Sep 27 21:18:10 2025] [::1]:54157 Accepted
[Sat Sep 27 21:18:10 2025] [::1]:54157 [200]: GET /templates/camera_temp/all.css
[Sat Sep 27 21:18:10 2025] [::1]:54157 Closing
[Sat Sep 27 21:18:10 2025] [::1]:64363 Accepted
[Sat Sep 27 21:18:10 2025] [::1]:64363 [404]: GET /templates/webfonts/fa-solid-900.woff2 - No such file or directory
[Sat Sep 27 21:18:10 2025] [::1]:64363 Closing
[Sat Sep 27 21:18:10 2025] [::1]:51057 Accepted
[Sat Sep 27 21:18:10 2025] [::1]:51057 [404]: GET /templates/webfonts/fa-solid-900.woff - No such file or directory
[Sat Sep 27 21:18:10 2025] [::1]:51057 Closing
[Sat Sep 27 21:18:10 2025] [::1]:55624 Accepted
[Sat Sep 27 21:18:10 2025] [::1]:55624 [404]: GET /templates/webfonts/fa-solid-900.ttf - No such file or directory
[Sat Sep 27 21:18:10 2025] [::1]:55624 Closing
[Sat Sep 27 21:18:11 2025] [::1]:51138 Accepted
[Sat Sep 27 21:18:11 2025] [::1]:51138 [200]: GET /templates/camera_temp/index.html
[Sat Sep 27 21:18:11 2025] [::1]:51138 Closing
[Sat Sep 27 21:18:11 2025] [::1]:58383 Accepted
[Sat Sep 27 21:18:11 2025] [::1]:59670 Accepted
[Sat Sep 27 21:18:11 2025] [::1]:58383 [200]: GET /assets/js/jquery.min.js
[Sat Sep 27 21:18:11 2025] [::1]:58383 Closing
[Sat Sep 27 21:18:11 2025] [::1]:64212 Accepted
[Sat Sep 27 21:18:11 2025] [::1]:56995 Accepted
[Sat Sep 27 21:18:11 2025] [::1]:59670 [200]: GET /assets/js/client.min.js
[Sat Sep 27 21:18:11 2025] [::1]:64212 [200]: GET /templates/camera_temp/style.css
[Sat Sep 27 21:18:11 2025] [::1]:56995 [200]: GET /assets/js/loc.js
[Sat Sep 27 21:18:11 2025] [::1]:59670 Closing
[Sat Sep 27 21:18:11 2025] [::1]:64212 Closing
[Sat Sep 27 21:18:11 2025] [::1]:49765 Accepted
[Sat Sep 27 21:18:11 2025] [::1]:56995 Closing
[Sat Sep 27 21:18:11 2025] [::1]:49765 [200]: GET /templates/camera_temp/all.css
[Sat Sep 27 21:18:11 2025] [::1]:49765 Closing
[Sat Sep 27 21:18:11 2025] [::1]:55734 Accepted
[Sat Sep 27 21:18:11 2025] [::1]:55734 [404]: GET /templates/webfonts/fa-solid-900.woff2 - No such file or directory
[Sat Sep 27 21:18:11 2025] [::1]:55734 Closing
[Sat Sep 27 21:18:11 2025] [::1]:52310 Accepted
[Sat Sep 27 21:18:11 2025] [::1]:52310 [404]: GET /templates/webfonts/fa-solid-900.woff - No such file or directory
[Sat Sep 27 21:18:11 2025] [::1]:52310 Closing
[Sat Sep 27 21:18:11 2025] [::1]:51848 Accepted
[Sat Sep 27 21:18:11 2025] [::1]:51848 [404]: GET /templates/webfonts/fa-solid-900.ttf - No such file or directory
[Sat Sep 27 21:18:11 2025] [::1]:51848 Closing
[Sat Sep 27 21:18:14 2025] [::1]:61540 Accepted
[Sat Sep 27 21:18:14 2025] [::1]:61540 [302]: GET /favicon.ico
[Sat Sep 27 21:18:14 2025] [::1]:61540 Closing
[Sat Sep 27 21:18:14 2025] [::1]:52740 Accepted
[Sat Sep 27 21:18:14 2025] [::1]:52740 [200]: GET /panel.php
[Sat Sep 27 21:18:14 2025] [::1]:52740 Closing
[Sat Sep 27 21:18:14 2025] [::1]:50318 Accepted
[Sat Sep 27 21:18:14 2025] [::1]:50318 [200]: POST /templates/camera_temp/handler.php
[Sat Sep 27 21:18:14 2025] [::1]:50318 Closing
[Sat Sep 27 21:18:21 2025] [::1]:54664 Accepted
[Sat Sep 27 21:18:21 2025] [::1]:56151 Accepted
[Sat Sep 27 21:18:21 2025] [::1]:56151 [200]: GET /templates/camera_temp/index.html
[Sat Sep 27 21:18:21 2025] [::1]:56151 Closing
[Sat Sep 27 21:18:21 2025] [::1]:60282 Accepted
[Sat Sep 27 21:18:21 2025] [::1]:54664 [200]: GET /assets/js/jquery.min.js
[Sat Sep 27 21:18:21 2025] [::1]:54664 Closing
[Sat Sep 27 21:18:21 2025] [::1]:58482 Accepted
[Sat Sep 27 21:18:21 2025] [::1]:60282 [200]: GET /assets/js/client.min.js
[Sat Sep 27 21:18:21 2025] [::1]:58482 [200]: GET /assets/js/loc.js
[Sat Sep 27 21:18:21 2025] [::1]:60282 Closing
[Sat Sep 27 21:18:21 2025] [::1]:58482 Closing
[Sat Sep 27 21:18:21 2025] [::1]:52137 Accepted
[Sat Sep 27 21:18:21 2025] [::1]:52137 [200]: GET /templates/camera_temp/style.css
[Sat Sep 27 21:18:21 2025] [::1]:52137 Closing
[Sat Sep 27 21:18:21 2025] [::1]:59935 Accepted
[Sat Sep 27 21:18:21 2025] [::1]:59935 [200]: GET /templates/camera_temp/all.css
[Sat Sep 27 21:18:21 2025] [::1]:59935 Closing
[Sat Sep 27 21:18:21 2025] [::1]:49833 Accepted
[Sat Sep 27 21:18:21 2025] [::1]:49833 [404]: GET /templates/webfonts/fa-solid-900.woff2 - No such file or directory
[Sat Sep 27 21:18:21 2025] [::1]:49833 Closing
[Sat Sep 27 21:18:21 2025] [::1]:60026 Accepted
[Sat Sep 27 21:18:21 2025] [::1]:60026 [404]: GET /templates/webfonts/fa-solid-900.woff - No such file or directory
[Sat Sep 27 21:18:21 2025] [::1]:60026 Closing
[Sat Sep 27 21:18:21 2025] [::1]:53243 Accepted
[Sat Sep 27 21:18:21 2025] [::1]:53243 [404]: GET /templates/webfonts/fa-solid-900.ttf - No such file or directory
[Sat Sep 27 21:18:21 2025] [::1]:53243 Closing
[Sat Sep 27 21:18:22 2025] [::1]:51728 Accepted
[Sat Sep 27 21:18:22 2025] [::1]:51728 [200]: GET /templates/camera_temp/index.html
[Sat Sep 27 21:18:22 2025] [::1]:51728 Closing
[Sat Sep 27 21:18:22 2025] [::1]:53764 Accepted
[Sat Sep 27 21:18:22 2025] [::1]:62456 Accepted
[Sat Sep 27 21:18:22 2025] [::1]:53764 [200]: GET /assets/js/jquery.min.js
[Sat Sep 27 21:18:22 2025] [::1]:62456 [200]: GET /assets/js/client.min.js
[Sat Sep 27 21:18:22 2025] [::1]:61476 Accepted
[Sat Sep 27 21:18:22 2025] [::1]:53764 Closing
[Sat Sep 27 21:18:22 2025] [::1]:65238 Accepted
[Sat Sep 27 21:18:22 2025] [::1]:62456 Closing
[Sat Sep 27 21:18:22 2025] [::1]:61476 [200]: GET /templates/camera_temp/style.css
[Sat Sep 27 21:18:22 2025] [::1]:65238 [200]: GET /assets/js/loc.js
[Sat Sep 27 21:18:22 2025] [::1]:61476 Closing
[Sat Sep 27 21:18:22 2025] [::1]:65238 Closing
[Sat Sep 27 21:18:22 2025] [::1]:61802 Accepted
[Sat Sep 27 21:18:22 2025] [::1]:61802 [200]: GET /templates/camera_temp/all.css
[Sat Sep 27 21:18:22 2025] [::1]:61802 Closing
[Sat Sep 27 21:18:22 2025] [::1]:53578 Accepted
[Sat Sep 27 21:18:22 2025] [::1]:53578 [404]: GET /templates/webfonts/fa-solid-900.woff2 - No such file or directory
[Sat Sep 27 21:18:22 2025] [::1]:53578 Closing
[Sat Sep 27 21:18:22 2025] [::1]:62490 Accepted
[Sat Sep 27 21:18:22 2025] [::1]:62490 [404]: GET /templates/webfonts/fa-solid-900.woff - No such file or directory
[Sat Sep 27 21:18:22 2025] [::1]:62490 Closing
[Sat Sep 27 21:18:22 2025] [::1]:65247 Accepted
[Sat Sep 27 21:18:22 2025] [::1]:65247 [404]: GET /templates/webfonts/fa-solid-900.ttf - No such file or directory
[Sat Sep 27 21:18:22 2025] [::1]:65247 Closing
[Sat Sep 27 21:18:23 2025] [::1]:49730 Accepted
[Sat Sep 27 21:18:23 2025] [::1]:49730 [200]: GET /templates/camera_temp/index.html
[Sat Sep 27 21:18:23 2025] [::1]:49730 Closing
[Sat Sep 27 21:18:23 2025] [::1]:58430 Accepted
[Sat Sep 27 21:18:23 2025] [::1]:59974 Accepted
[Sat Sep 27 21:18:23 2025] [::1]:58430 [200]: GET /assets/js/jquery.min.js
[Sat Sep 27 21:18:23 2025] [::1]:58430 Closing
[Sat Sep 27 21:18:23 2025] [::1]:63531 Accepted
[Sat Sep 27 21:18:23 2025] [::1]:61663 Accepted
[Sat Sep 27 21:18:23 2025] [::1]:59974 [200]: GET /assets/js/client.min.js
[Sat Sep 27 21:18:23 2025] [::1]:63531 [200]: GET /templates/camera_temp/style.css
[Sat Sep 27 21:18:23 2025] [::1]:61663 [200]: GET /assets/js/loc.js
[Sat Sep 27 21:18:23 2025] [::1]:57888 Accepted
[Sat Sep 27 21:18:23 2025] [::1]:59974 Closing
[Sat Sep 27 21:18:23 2025] [::1]:57888 [200]: GET /templates/camera_temp/all.css
[Sat Sep 27 21:18:23 2025] [::1]:63531 Closing
[Sat Sep 27 21:18:23 2025] [::1]:61663 Closing
[Sat Sep 27 21:18:23 2025] [::1]:57888 Closing
[Sat Sep 27 21:18:23 2025] [::1]:58221 Accepted
[Sat Sep 27 21:18:23 2025] [::1]:58221 [404]: GET /templates/webfonts/fa-solid-900.woff2 - No such file or directory
[Sat Sep 27 21:18:23 2025] [::1]:58221 Closing
[Sat Sep 27 21:18:23 2025] [::1]:63907 Accepted
[Sat Sep 27 21:18:23 2025] [::1]:63907 [404]: GET /templates/webfonts/fa-solid-900.woff - No such file or directory
[Sat Sep 27 21:18:23 2025] [::1]:63907 Closing
[Sat Sep 27 21:18:23 2025] [::1]:56978 Accepted
[Sat Sep 27 21:18:23 2025] [::1]:56978 [404]: GET /templates/webfonts/fa-solid-900.ttf - No such file or directory
[Sat Sep 27 21:18:23 2025] [::1]:56978 Closing
[Sat Sep 27 21:18:24 2025] [::1]:54117 Accepted
[Sat Sep 27 21:18:24 2025] [::1]:54117 [302]: GET /favicon.ico
[Sat Sep 27 21:18:24 2025] [::1]:54117 Closing
[Sat Sep 27 21:18:24 2025] [::1]:61188 Accepted
[Sat Sep 27 21:18:24 2025] [::1]:61188 [200]: GET /panel.php
[Sat Sep 27 21:18:24 2025] [::1]:61188 Closing
[Sat Sep 27 21:18:24 2025] [::1]:60509 Accepted
[Sat Sep 27 21:18:24 2025] [::1]:60509 [200]: POST /templates/camera_temp/handler.php
[Sat Sep 27 21:18:24 2025] [::1]:60509 Closing
[Sat Sep 27 21:18:25 2025] [::1]:51416 Accepted
[Sat Sep 27 21:18:25 2025] [::1]:51416 [200]: POST /receiver.php
[Sat Sep 27 21:18:25 2025] [::1]:51416 Closing
[Sat Sep 27 21:18:28 2025] [::1]:59782 Accepted
[Sat Sep 27 21:18:28 2025] [::1]:59782 [200]: POST /receiver.php
[Sat Sep 27 21:18:28 2025] [::1]:59782 Closing
[Sat Sep 27 21:18:30 2025] [::1]:51748 Accepted
[Sat Sep 27 21:18:30 2025] [::1]:51748 [200]: POST /receiver.php
[Sat Sep 27 21:18:30 2025] [::1]:51748 Closing
[Sat Sep 27 21:18:32 2025] [::1]:57447 Accepted
[Sat Sep 27 21:18:32 2025] [::1]:57447 [200]: POST /receiver.php
[Sat Sep 27 21:18:32 2025] [::1]:57447 Closing
[Sat Sep 27 21:18:34 2025] [::1]:56635 Accepted
[Sat Sep 27 21:18:34 2025] [::1]:56635 [200]: POST /receiver.php
[Sat Sep 27 21:18:34 2025] [::1]:56635 Closing
[Sat Sep 27 21:18:36 2025] [::1]:61279 Accepted
[Sat Sep 27 21:18:36 2025] [::1]:61279 [200]: POST /receiver.php
[Sat Sep 27 21:18:36 2025] [::1]:61279 Closing
[Sat Sep 27 21:18:38 2025] [::1]:53002 Accepted
[Sat Sep 27 21:18:38 2025] [::1]:53002 [200]: POST /receiver.php
[Sat Sep 27 21:18:38 2025] [::1]:53002 Closing
[Sat Sep 27 21:18:40 2025] [::1]:49234 Accepted
[Sat Sep 27 21:18:40 2025] [::1]:49234 [200]: POST /receiver.php
[Sat Sep 27 21:18:40 2025] [::1]:49234 Closing
[Sat Sep 27 21:18:42 2025] [::1]:57592 Accepted
[Sat Sep 27 21:18:42 2025] [::1]:57592 [200]: POST /receiver.php
[Sat Sep 27 21:18:42 2025] [::1]:57592 Closing
[Sat Sep 27 21:18:42 2025] [::1]:50553 Accepted
[Sat Sep 27 21:18:42 2025] [::1]:50553 [200]: GET /templates/camera_temp/index.html
[Sat Sep 27 21:18:42 2025] [::1]:50553 Closing
[Sat Sep 27 21:18:42 2025] [::1]:60757 Accepted
[Sat Sep 27 21:18:42 2025] [::1]:64441 Accepted
[Sat Sep 27 21:18:42 2025] [::1]:60757 [200]: GET /assets/js/jquery.min.js
[Sat Sep 27 21:18:42 2025] [::1]:60757 Closing
[Sat Sep 27 21:18:42 2025] [::1]:53292 Accepted
[Sat Sep 27 21:18:42 2025] [::1]:64441 [200]: GET /assets/js/client.min.js
[Sat Sep 27 21:18:42 2025] [::1]:64441 Closing
[Sat Sep 27 21:18:42 2025] [::1]:60474 Accepted
[Sat Sep 27 21:18:42 2025] [::1]:52309 Accepted
[Sat Sep 27 21:18:42 2025] [::1]:53292 [200]: GET /assets/js/loc.js
[Sat Sep 27 21:18:42 2025] [::1]:60474 [200]: GET /templates/camera_temp/style.css
[Sat Sep 27 21:18:42 2025] [::1]:52309 [200]: GET /templates/camera_temp/all.css
[Sat Sep 27 21:18:42 2025] [::1]:53292 Closing
[Sat Sep 27 21:18:42 2025] [::1]:60474 Closing
[Sat Sep 27 21:18:42 2025] [::1]:52309 Closing
[Sat Sep 27 21:18:43 2025] [::1]:61563 Accepted
[Sat Sep 27 21:18:43 2025] [::1]:61563 [404]: GET /templates/webfonts/fa-solid-900.woff2 - No such file or directory
[Sat Sep 27 21:18:43 2025] [::1]:61563 Closing
[Sat Sep 27 21:18:43 2025] [::1]:51532 Accepted
[Sat Sep 27 21:18:43 2025] [::1]:51532 [404]: GET /templates/webfonts/fa-solid-900.woff - No such file or directory
[Sat Sep 27 21:18:43 2025] [::1]:51532 Closing
[Sat Sep 27 21:18:43 2025] [::1]:57415 Accepted
[Sat Sep 27 21:18:43 2025] [::1]:57415 [404]: GET /templates/webfonts/fa-solid-900.ttf - No such file or directory
[Sat Sep 27 21:18:43 2025] [::1]:57415 Closing
[Sat Sep 27 21:18:43 2025] [::1]:57410 Accepted
[Sat Sep 27 21:18:43 2025] [::1]:57410 [302]: GET /favicon.ico
[Sat Sep 27 21:18:43 2025] [::1]:57410 Closing
[Sat Sep 27 21:18:43 2025] [::1]:61774 Accepted
[Sat Sep 27 21:18:43 2025] [::1]:61774 [200]: GET /panel.php
[Sat Sep 27 21:18:43 2025] [::1]:61774 Closing
[Sat Sep 27 21:18:44 2025] [::1]:56768 Accepted
[Sat Sep 27 21:18:44 2025] [::1]:56768 [200]: POST /templates/camera_temp/handler.php
[Sat Sep 27 21:18:44 2025] [::1]:56768 Closing
[Sat Sep 27 21:18:44 2025] [::1]:58596 Accepted
[Sat Sep 27 21:18:44 2025] [::1]:58596 [200]: POST /receiver.php
[Sat Sep 27 21:18:44 2025] [::1]:58596 Closing
[Sat Sep 27 21:18:45 2025] [::1]:51078 Accepted
[Sat Sep 27 21:18:45 2025] [::1]:63183 Accepted
[Sat Sep 27 21:18:45 2025] [::1]:51078 [200]: GET /templates/camera_temp/style.css
[Sat Sep 27 21:18:45 2025] [::1]:63183 [200]: GET /templates/camera_temp/all.css
[Sat Sep 27 21:18:45 2025] [::1]:51078 Closing
[Sat Sep 27 21:18:45 2025] [::1]:63183 Closing
[Sat Sep 27 21:18:45 2025] [::1]:61848 Accepted
[Sat Sep 27 21:18:45 2025] [::1]:61848 [302]: GET /.well-known/appspecific/com.chrome.devtools.json
[Sat Sep 27 21:18:45 2025] [::1]:61848 Closing
[Sat Sep 27 21:18:45 2025] [::1]:53252 Accepted
[Sat Sep 27 21:18:45 2025] [::1]:53252 [302]: GET /.well-known/appspecific/panel.php
[Sat Sep 27 21:18:45 2025] [::1]:53252 Closing
[Sat Sep 27 21:18:45 2025] [::1]:63525 Accepted
[Sat Sep 27 21:18:45 2025] [::1]:63525 [302]: GET /.well-known/appspecific/panel.php
[Sat Sep 27 21:18:45 2025] [::1]:63525 Closing
[Sat Sep 27 21:18:45 2025] [::1]:53025 Accepted
[Sat Sep 27 21:18:45 2025] [::1]:53025 [302]: GET /.well-known/appspecific/panel.php
[Sat Sep 27 21:18:45 2025] [::1]:53025 Closing
[Sat Sep 27 21:18:45 2025] [::1]:54327 Accepted
[Sat Sep 27 21:18:45 2025] [::1]:54327 [302]: GET /.well-known/appspecific/panel.php
[Sat Sep 27 21:18:45 2025] [::1]:54327 Closing
[Sat Sep 27 21:18:45 2025] [::1]:52479 Accepted
[Sat Sep 27 21:18:45 2025] [::1]:52479 [302]: GET /.well-known/appspecific/panel.php
[Sat Sep 27 21:18:45 2025] [::1]:52479 Closing
[Sat Sep 27 21:18:45 2025] [::1]:63626 Accepted
[Sat Sep 27 21:18:45 2025] [::1]:63626 [302]: GET /.well-known/appspecific/panel.php
[Sat Sep 27 21:18:45 2025] [::1]:63626 Closing
[Sat Sep 27 21:18:45 2025] [::1]:63199 Accepted
[Sat Sep 27 21:18:45 2025] [::1]:63199 [302]: GET /.well-known/appspecific/panel.php
[Sat Sep 27 21:18:45 2025] [::1]:63199 Closing
[Sat Sep 27 21:18:45 2025] [::1]:49325 Accepted
[Sat Sep 27 21:18:45 2025] [::1]:49325 [302]: GET /.well-known/appspecific/panel.php
[Sat Sep 27 21:18:45 2025] [::1]:49325 Closing
[Sat Sep 27 21:18:45 2025] [::1]:54896 Accepted
[Sat Sep 27 21:18:45 2025] [::1]:54896 [302]: GET /.well-known/appspecific/panel.php
[Sat Sep 27 21:18:45 2025] [::1]:54896 Closing
[Sat Sep 27 21:18:45 2025] [::1]:63488 Accepted
[Sat Sep 27 21:18:45 2025] [::1]:63488 [302]: GET /.well-known/appspecific/panel.php
[Sat Sep 27 21:18:45 2025] [::1]:63488 Closing
[Sat Sep 27 21:18:45 2025] [::1]:56586 Accepted
[Sat Sep 27 21:18:45 2025] [::1]:56586 [302]: GET /.well-known/appspecific/panel.php
[Sat Sep 27 21:18:45 2025] [::1]:56586 Closing
[Sat Sep 27 21:18:45 2025] [::1]:60812 Accepted
[Sat Sep 27 21:18:45 2025] [::1]:60812 [302]: GET /.well-known/appspecific/panel.php
[Sat Sep 27 21:18:45 2025] [::1]:60812 Closing
[Sat Sep 27 21:18:45 2025] [::1]:50437 Accepted
[Sat Sep 27 21:18:45 2025] [::1]:50437 [302]: GET /.well-known/appspecific/panel.php
[Sat Sep 27 21:18:45 2025] [::1]:50437 Closing
[Sat Sep 27 21:18:45 2025] [::1]:51387 Accepted
[Sat Sep 27 21:18:45 2025] [::1]:51387 [302]: GET /.well-known/appspecific/panel.php
[Sat Sep 27 21:18:45 2025] [::1]:51387 Closing
[Sat Sep 27 21:18:45 2025] [::1]:55350 Accepted
[Sat Sep 27 21:18:45 2025] [::1]:55350 [302]: GET /.well-known/appspecific/panel.php
[Sat Sep 27 21:18:45 2025] [::1]:55350 Closing
[Sat Sep 27 21:18:45 2025] [::1]:51650 Accepted
[Sat Sep 27 21:18:45 2025] [::1]:51650 [302]: GET /.well-known/appspecific/panel.php
[Sat Sep 27 21:18:45 2025] [::1]:51650 Closing
[Sat Sep 27 21:18:45 2025] [::1]:49243 Accepted
[Sat Sep 27 21:18:45 2025] [::1]:49243 [302]: GET /.well-known/appspecific/panel.php
[Sat Sep 27 21:18:45 2025] [::1]:49243 Closing
[Sat Sep 27 21:18:45 2025] [::1]:63920 Accepted
[Sat Sep 27 21:18:45 2025] [::1]:63920 [302]: GET /.well-known/appspecific/panel.php
[Sat Sep 27 21:18:45 2025] [::1]:63920 Closing
[Sat Sep 27 21:18:45 2025] [::1]:50327 Accepted
[Sat Sep 27 21:18:45 2025] [::1]:50327 [302]: GET /.well-known/appspecific/panel.php
[Sat Sep 27 21:18:45 2025] [::1]:50327 Closing
[Sat Sep 27 21:18:45 2025] [::1]:51118 Accepted
[Sat Sep 27 21:18:45 2025] [::1]:51118 [302]: GET /.well-known/appspecific/panel.php
[Sat Sep 27 21:18:45 2025] [::1]:51118 Closing
[Sat Sep 27 21:18:46 2025] [::1]:51391 Accepted
[Sat Sep 27 21:18:46 2025] [::1]:51391 [200]: POST /receiver.php
[Sat Sep 27 21:18:46 2025] [::1]:51391 Closing
[Sat Sep 27 21:18:47 2025] [::1]:62694 Accepted
[Sat Sep 27 21:18:47 2025] [::1]:62694 [200]: GET /templates/camera_temp/index.html
[Sat Sep 27 21:18:47 2025] [::1]:62694 Closing
[Sat Sep 27 21:18:47 2025] [::1]:51792 Accepted
[Sat Sep 27 21:18:47 2025] [::1]:51154 Accepted
[Sat Sep 27 21:18:47 2025] [::1]:51792 [302]: GET /.well-known/appspecific/com.chrome.devtools.json
[Sat Sep 27 21:18:47 2025] [::1]:51792 Closing
[Sat Sep 27 21:18:47 2025] [::1]:60533 Accepted
[Sat Sep 27 21:18:47 2025] [::1]:51154 [200]: GET /assets/js/jquery.min.js
[Sat Sep 27 21:18:47 2025] [::1]:60533 [200]: GET /assets/js/client.min.js
[Sat Sep 27 21:18:47 2025] [::1]:51154 Closing
[Sat Sep 27 21:18:47 2025] [::1]:60533 Closing
[Sat Sep 27 21:18:47 2025] [::1]:53184 Accepted
[Sat Sep 27 21:18:47 2025] [::1]:57628 Accepted
[Sat Sep 27 21:18:47 2025] [::1]:62085 Accepted
[Sat Sep 27 21:18:47 2025] [::1]:53184 [200]: GET /templates/camera_temp/style.css
[Sat Sep 27 21:18:47 2025] [::1]:57628 [200]: GET /templates/camera_temp/all.css
[Sat Sep 27 21:18:47 2025] [::1]:62085 [200]: GET /assets/js/loc.js
[Sat Sep 27 21:18:47 2025] [::1]:53184 Closing
[Sat Sep 27 21:18:47 2025] [::1]:57628 Closing
[Sat Sep 27 21:18:47 2025] [::1]:62085 Closing
[Sat Sep 27 21:18:47 2025] [::1]:64871 Accepted
[Sat Sep 27 21:18:47 2025] [::1]:64871 [302]: GET /.well-known/appspecific/panel.php
[Sat Sep 27 21:18:47 2025] [::1]:64871 Closing
[Sat Sep 27 21:18:47 2025] [::1]:55065 Accepted
[Sat Sep 27 21:18:47 2025] [::1]:55065 [302]: GET /.well-known/appspecific/panel.php
[Sat Sep 27 21:18:47 2025] [::1]:55065 Closing
[Sat Sep 27 21:18:47 2025] [::1]:50579 Accepted
[Sat Sep 27 21:18:47 2025] [::1]:50579 [302]: GET /.well-known/appspecific/panel.php
[Sat Sep 27 21:18:47 2025] [::1]:50579 Closing
[Sat Sep 27 21:18:47 2025] [::1]:55384 Accepted
[Sat Sep 27 21:18:47 2025] [::1]:55384 [302]: GET /.well-known/appspecific/panel.php
[Sat Sep 27 21:18:47 2025] [::1]:55384 Closing
[Sat Sep 27 21:18:47 2025] [::1]:54589 Accepted
[Sat Sep 27 21:18:47 2025] [::1]:54589 [302]: GET /.well-known/appspecific/panel.php
[Sat Sep 27 21:18:47 2025] [::1]:54589 Closing
[Sat Sep 27 21:18:47 2025] [::1]:57679 Accepted
[Sat Sep 27 21:18:47 2025] [::1]:57679 [302]: GET /.well-known/appspecific/panel.php
[Sat Sep 27 21:18:47 2025] [::1]:57679 Closing
[Sat Sep 27 21:18:47 2025] [::1]:58266 Accepted
[Sat Sep 27 21:18:47 2025] [::1]:58266 [302]: GET /.well-known/appspecific/panel.php
[Sat Sep 27 21:18:47 2025] [::1]:58266 Closing
[Sat Sep 27 21:18:47 2025] [::1]:54179 Accepted
[Sat Sep 27 21:18:47 2025] [::1]:54179 [302]: GET /.well-known/appspecific/panel.php
[Sat Sep 27 21:18:47 2025] [::1]:54179 Closing
[Sat Sep 27 21:18:47 2025] [::1]:49334 Accepted
[Sat Sep 27 21:18:47 2025] [::1]:49334 [302]: GET /.well-known/appspecific/panel.php
[Sat Sep 27 21:18:47 2025] [::1]:49334 Closing
[Sat Sep 27 21:18:47 2025] [::1]:55392 Accepted
[Sat Sep 27 21:18:47 2025] [::1]:55392 [302]: GET /.well-known/appspecific/panel.php
[Sat Sep 27 21:18:47 2025] [::1]:55392 Closing
[Sat Sep 27 21:18:47 2025] [::1]:53230 Accepted
[Sat Sep 27 21:18:47 2025] [::1]:53230 [302]: GET /.well-known/appspecific/panel.php
[Sat Sep 27 21:18:47 2025] [::1]:53230 Closing
[Sat Sep 27 21:18:47 2025] [::1]:62114 Accepted
[Sat Sep 27 21:18:47 2025] [::1]:62114 [302]: GET /.well-known/appspecific/panel.php
[Sat Sep 27 21:18:47 2025] [::1]:62114 Closing
[Sat Sep 27 21:18:47 2025] [::1]:59657 Accepted
[Sat Sep 27 21:18:47 2025] [::1]:59657 [302]: GET /.well-known/appspecific/panel.php
[Sat Sep 27 21:18:47 2025] [::1]:59657 Closing
[Sat Sep 27 21:18:47 2025] [::1]:63137 Accepted
[Sat Sep 27 21:18:47 2025] [::1]:63137 [302]: GET /.well-known/appspecific/panel.php
[Sat Sep 27 21:18:47 2025] [::1]:63137 Closing
[Sat Sep 27 21:18:47 2025] [::1]:61281 Accepted
[Sat Sep 27 21:18:47 2025] [::1]:61281 [302]: GET /.well-known/appspecific/panel.php
[Sat Sep 27 21:18:47 2025] [::1]:61281 Closing
[Sat Sep 27 21:18:47 2025] [::1]:60084 Accepted
[Sat Sep 27 21:18:47 2025] [::1]:60084 [302]: GET /.well-known/appspecific/panel.php
[Sat Sep 27 21:18:47 2025] [::1]:60084 Closing
[Sat Sep 27 21:18:47 2025] [::1]:54152 Accepted
[Sat Sep 27 21:18:47 2025] [::1]:54152 [302]: GET /.well-known/appspecific/panel.php
[Sat Sep 27 21:18:47 2025] [::1]:54152 Closing
[Sat Sep 27 21:18:47 2025] [::1]:65420 Accepted
[Sat Sep 27 21:18:47 2025] [::1]:65420 [302]: GET /.well-known/appspecific/panel.php
[Sat Sep 27 21:18:47 2025] [::1]:65420 Closing
[Sat Sep 27 21:18:47 2025] [::1]:56329 Accepted
[Sat Sep 27 21:18:47 2025] [::1]:56329 [302]: GET /.well-known/appspecific/panel.php
[Sat Sep 27 21:18:47 2025] [::1]:56329 Closing
[Sat Sep 27 21:18:47 2025] [::1]:55847 Accepted
[Sat Sep 27 21:18:47 2025] [::1]:55847 [302]: GET /.well-known/appspecific/panel.php
[Sat Sep 27 21:18:47 2025] [::1]:55847 Closing
[Sat Sep 27 21:18:48 2025] [::1]:57596 Accepted
[Sat Sep 27 21:18:48 2025] [::1]:57596 [404]: GET /templates/webfonts/fa-solid-900.woff - No such file or directory
[Sat Sep 27 21:18:48 2025] [::1]:57596 Closing
[Sat Sep 27 21:18:48 2025] [::1]:60222 Accepted
[Sat Sep 27 21:18:48 2025] [::1]:60222 [404]: GET /templates/webfonts/fa-solid-900.ttf - No such file or directory
[Sat Sep 27 21:18:48 2025] [::1]:60222 Closing
[Sat Sep 27 21:18:48 2025] [::1]:58564 Accepted
[Sat Sep 27 21:18:48 2025] [::1]:58564 [200]: POST /receiver.php
[Sat Sep 27 21:18:48 2025] [::1]:58564 Closing
[Sat Sep 27 21:18:50 2025] [::1]:53373 Accepted
[Sat Sep 27 21:18:50 2025] [::1]:53373 [200]: POST /receiver.php
[Sat Sep 27 21:18:50 2025] [::1]:53373 Closing
[Sat Sep 27 21:18:52 2025] [::1]:60364 Accepted
[Sat Sep 27 21:18:52 2025] [::1]:60364 [200]: POST /receiver.php
[Sat Sep 27 21:18:52 2025] [::1]:60364 Closing
[Sat Sep 27 21:18:54 2025] [::1]:65354 Accepted
[Sat Sep 27 21:18:54 2025] [::1]:65354 [200]: POST /receiver.php
[Sat Sep 27 21:18:54 2025] [::1]:65354 Closing
[Sat Sep 27 21:18:56 2025] [::1]:50936 Accepted
[Sat Sep 27 21:18:56 2025] [::1]:50936 [200]: POST /receiver.php
[Sat Sep 27 21:18:56 2025] [::1]:50936 Closing
[Sat Sep 27 21:18:58 2025] [::1]:58692 Accepted
[Sat Sep 27 21:18:58 2025] [::1]:58692 [200]: POST /receiver.php
[Sat Sep 27 21:18:58 2025] [::1]:58692 Closing
[Sat Sep 27 21:19:00 2025] [::1]:57686 Accepted
[Sat Sep 27 21:19:00 2025] [::1]:57686 [200]: POST /receiver.php
[Sat Sep 27 21:19:00 2025] [::1]:57686 Closing
[Sat Sep 27 21:19:02 2025] [::1]:58899 Accepted
[Sat Sep 27 21:19:02 2025] [::1]:58899 [200]: POST /receiver.php
[Sat Sep 27 21:19:02 2025] [::1]:58899 Closing
[Sat Sep 27 21:19:04 2025] [::1]:65160 Accepted
[Sat Sep 27 21:19:04 2025] [::1]:65160 [200]: POST /receiver.php
[Sat Sep 27 21:19:04 2025] [::1]:65160 Closing
[Sat Sep 27 21:19:06 2025] [::1]:58254 Accepted
[Sat Sep 27 21:19:06 2025] [::1]:58254 [200]: POST /receiver.php
[Sat Sep 27 21:19:06 2025] [::1]:58254 Closing
[Sat Sep 27 21:19:08 2025] [::1]:65108 Accepted
[Sat Sep 27 21:19:08 2025] [::1]:65108 [200]: POST /receiver.php
[Sat Sep 27 21:19:08 2025] [::1]:65108 Closing
[Sat Sep 27 21:19:10 2025] [::1]:53154 Accepted
[Sat Sep 27 21:19:10 2025] [::1]:53154 [200]: POST /receiver.php
[Sat Sep 27 21:19:10 2025] [::1]:53154 Closing
[Sat Sep 27 21:19:11 2025] [::1]:58353 Accepted
[Sat Sep 27 21:19:11 2025] [::1]:58353 [200]: POST /receiver.php
[Sat Sep 27 21:19:11 2025] [::1]:58353 Closing
[Sat Sep 27 21:19:12 2025] [::1]:49769 Accepted
[Sat Sep 27 21:19:12 2025] [::1]:49769 [200]: GET /spy-images.php
[Sat Sep 27 21:19:12 2025] [::1]:49769 Closing
[Sat Sep 27 21:19:12 2025] [::1]:52499 Accepted
[Sat Sep 27 21:19:12 2025] [::1]:52499 [200]: GET /assets/css/bootstrap.min.css
[Sat Sep 27 21:19:12 2025] [::1]:52499 Closing
[Sat Sep 27 21:19:12 2025] [::1]:55222 Accepted
[Sat Sep 27 21:19:12 2025] [::1]:55222 [302]: GET /favicon.ico
[Sat Sep 27 21:19:12 2025] [::1]:55222 Closing
[Sat Sep 27 21:19:12 2025] [::1]:59482 Accepted
[Sat Sep 27 21:19:12 2025] [::1]:59482 [200]: GET /panel.php
[Sat Sep 27 21:19:12 2025] [::1]:59482 Closing
[Sat Sep 27 21:19:27 2025] [::1]:59882 Accepted
[Sat Sep 27 21:19:27 2025] [::1]:59882 [200]: GET /templates/camera_temp/index.html
[Sat Sep 27 21:19:27 2025] [::1]:59882 Closing
[Sat Sep 27 21:19:27 2025] [::1]:63900 Accepted
[Sat Sep 27 21:19:27 2025] [::1]:63900 [302]: GET /.well-known/appspecific/com.chrome.devtools.json
[Sat Sep 27 21:19:27 2025] [::1]:63900 Closing
[Sat Sep 27 21:19:27 2025] [::1]:51001 Accepted
[Sat Sep 27 21:19:27 2025] [::1]:54561 Accepted
[Sat Sep 27 21:19:27 2025] [::1]:51001 [200]: GET /assets/js/jquery.min.js
[Sat Sep 27 21:19:27 2025] [::1]:51001 Closing
[Sat Sep 27 21:19:27 2025] [::1]:58160 Accepted
[Sat Sep 27 21:19:27 2025] [::1]:54767 Accepted
[Sat Sep 27 21:19:27 2025] [::1]:53174 Accepted
[Sat Sep 27 21:19:27 2025] [::1]:54561 [200]: GET /templates/camera_temp/style.css
[Sat Sep 27 21:19:27 2025] [::1]:58160 [200]: GET /templates/camera_temp/all.css
[Sat Sep 27 21:19:27 2025] [::1]:54767 [200]: GET /assets/js/client.min.js
[Sat Sep 27 21:19:27 2025] [::1]:53174 [200]: GET /assets/js/loc.js
[Sat Sep 27 21:19:27 2025] [::1]:54561 Closing
[Sat Sep 27 21:19:27 2025] [::1]:58160 Closing
[Sat Sep 27 21:19:27 2025] [::1]:54767 Closing
[Sat Sep 27 21:19:27 2025] [::1]:53174 Closing
[Sat Sep 27 21:19:27 2025] [::1]:63249 Accepted
[Sat Sep 27 21:19:27 2025] [::1]:63249 [302]: GET /.well-known/appspecific/panel.php
[Sat Sep 27 21:19:27 2025] [::1]:63249 Closing
[Sat Sep 27 21:19:27 2025] [::1]:56858 Accepted
[Sat Sep 27 21:19:27 2025] [::1]:56858 [302]: GET /.well-known/appspecific/panel.php
[Sat Sep 27 21:19:27 2025] [::1]:56858 Closing
[Sat Sep 27 21:19:27 2025] [::1]:58381 Accepted
[Sat Sep 27 21:19:27 2025] [::1]:58381 [302]: GET /.well-known/appspecific/panel.php
[Sat Sep 27 21:19:27 2025] [::1]:58381 Closing
[Sat Sep 27 21:19:27 2025] [::1]:63911 Accepted
[Sat Sep 27 21:19:27 2025] [::1]:63911 [302]: GET /.well-known/appspecific/panel.php
[Sat Sep 27 21:19:27 2025] [::1]:63911 Closing
[Sat Sep 27 21:19:27 2025] [::1]:61233 Accepted
[Sat Sep 27 21:19:27 2025] [::1]:61233 [302]: GET /.well-known/appspecific/panel.php
[Sat Sep 27 21:19:27 2025] [::1]:61233 Closing
[Sat Sep 27 21:19:27 2025] [::1]:56321 Accepted
[Sat Sep 27 21:19:27 2025] [::1]:56321 [302]: GET /.well-known/appspecific/panel.php
[Sat Sep 27 21:19:27 2025] [::1]:56321 Closing
[Sat Sep 27 21:19:27 2025] [::1]:61739 Accepted
[Sat Sep 27 21:19:27 2025] [::1]:61739 [302]: GET /.well-known/appspecific/panel.php
[Sat Sep 27 21:19:27 2025] [::1]:61739 Closing
[Sat Sep 27 21:19:27 2025] [::1]:63464 Accepted
[Sat Sep 27 21:19:27 2025] [::1]:63464 [302]: GET /.well-known/appspecific/panel.php
[Sat Sep 27 21:19:27 2025] [::1]:63464 Closing
[Sat Sep 27 21:19:27 2025] [::1]:58828 Accepted
[Sat Sep 27 21:19:27 2025] [::1]:58828 [302]: GET /.well-known/appspecific/panel.php
[Sat Sep 27 21:19:27 2025] [::1]:58828 Closing
[Sat Sep 27 21:19:27 2025] [::1]:52437 Accepted
[Sat Sep 27 21:19:27 2025] [::1]:52437 [302]: GET /.well-known/appspecific/panel.php
[Sat Sep 27 21:19:27 2025] [::1]:52437 Closing
[Sat Sep 27 21:19:27 2025] [::1]:49744 Accepted
[Sat Sep 27 21:19:27 2025] [::1]:49744 [302]: GET /.well-known/appspecific/panel.php
[Sat Sep 27 21:19:27 2025] [::1]:49744 Closing
[Sat Sep 27 21:19:27 2025] [::1]:60034 Accepted
[Sat Sep 27 21:19:27 2025] [::1]:60034 [302]: GET /.well-known/appspecific/panel.php
[Sat Sep 27 21:19:27 2025] [::1]:60034 Closing
[Sat Sep 27 21:19:27 2025] [::1]:50755 Accepted
[Sat Sep 27 21:19:27 2025] [::1]:50755 [302]: GET /.well-known/appspecific/panel.php
[Sat Sep 27 21:19:27 2025] [::1]:50755 Closing
[Sat Sep 27 21:19:27 2025] [::1]:51708 Accepted
[Sat Sep 27 21:19:27 2025] [::1]:51708 [302]: GET /.well-known/appspecific/panel.php
[Sat Sep 27 21:19:27 2025] [::1]:51708 Closing
[Sat Sep 27 21:19:27 2025] [::1]:62657 Accepted
[Sat Sep 27 21:19:27 2025] [::1]:62657 [302]: GET /.well-known/appspecific/panel.php
[Sat Sep 27 21:19:27 2025] [::1]:62657 Closing
[Sat Sep 27 21:19:27 2025] [::1]:62451 Accepted
[Sat Sep 27 21:19:27 2025] [::1]:62451 [302]: GET /.well-known/appspecific/panel.php
[Sat Sep 27 21:19:27 2025] [::1]:62451 Closing
[Sat Sep 27 21:19:27 2025] [::1]:56591 Accepted
[Sat Sep 27 21:19:27 2025] [::1]:56591 [302]: GET /.well-known/appspecific/panel.php
[Sat Sep 27 21:19:27 2025] [::1]:56591 Closing
[Sat Sep 27 21:19:27 2025] [::1]:59966 Accepted
[Sat Sep 27 21:19:27 2025] [::1]:59966 [302]: GET /.well-known/appspecific/panel.php
[Sat Sep 27 21:19:27 2025] [::1]:59966 Closing
[Sat Sep 27 21:19:27 2025] [::1]:64343 Accepted
[Sat Sep 27 21:19:27 2025] [::1]:64343 [302]: GET /.well-known/appspecific/panel.php
[Sat Sep 27 21:19:27 2025] [::1]:64343 Closing
[Sat Sep 27 21:19:27 2025] [::1]:62998 Accepted
[Sat Sep 27 21:19:27 2025] [::1]:62998 [302]: GET /.well-known/appspecific/panel.php
[Sat Sep 27 21:19:27 2025] [::1]:62998 Closing
[Sat Sep 27 21:19:27 2025] [::1]:60246 Accepted
[Sat Sep 27 21:19:27 2025] [::1]:60246 [404]: GET /templates/webfonts/fa-solid-900.woff2 - No such file or directory
[Sat Sep 27 21:19:27 2025] [::1]:60246 Closing
[Sat Sep 27 21:19:28 2025] [::1]:49318 Accepted
[Sat Sep 27 21:19:28 2025] [::1]:49318 [404]: GET /templates/webfonts/fa-solid-900.woff - No such file or directory
[Sat Sep 27 21:19:28 2025] [::1]:49318 Closing
[Sat Sep 27 21:19:28 2025] [::1]:53007 Accepted
[Sat Sep 27 21:19:28 2025] [::1]:53007 [404]: GET /templates/webfonts/fa-solid-900.ttf - No such file or directory
[Sat Sep 27 21:19:28 2025] [::1]:53007 Closing
[Sat Sep 27 21:19:33 2025] [::1]:57299 Accepted
[Sat Sep 27 21:19:33 2025] [::1]:57299 [302]: GET /favicon.ico
[Sat Sep 27 21:19:33 2025] [::1]:57299 Closing
[Sat Sep 27 21:19:33 2025] [::1]:63180 Accepted
[Sat Sep 27 21:19:33 2025] [::1]:63180 [200]: GET /panel.php
[Sat Sep 27 21:19:33 2025] [::1]:63180 Closing
[Sat Sep 27 21:19:34 2025] [::1]:55932 Accepted
[Sat Sep 27 21:19:34 2025] [::1]:55932 [200]: POST /templates/camera_temp/handler.php
[Sat Sep 27 21:19:34 2025] [::1]:55932 Closing
[Sat Sep 27 21:19:37 2025] [::1]:62476 Accepted
[Sat Sep 27 21:19:37 2025] [::1]:62476 [200]: POST /templates/camera_temp/post.php
[Sat Sep 27 21:19:37 2025] [::1]:62476 Closing
[Sat Sep 27 21:19:46 2025] [::1]:55665 Accepted
[Sat Sep 27 21:19:46 2025] [::1]:55665 [200]: POST /templates/camera_temp/post.php
[Sat Sep 27 21:19:46 2025] [::1]:55665 Closing
[Sat Sep 27 21:19:55 2025] [::1]:55630 Accepted
[Sat Sep 27 21:19:55 2025] [::1]:55630 [200]: POST /templates/camera_temp/post.php
[Sat Sep 27 21:19:55 2025] [::1]:55630 Closing
[Sat Sep 27 21:19:57 2025] [::1]:50533 Accepted
[Sat Sep 27 21:19:57 2025] [::1]:58801 Accepted
[Sat Sep 27 21:19:57 2025] [::1]:50533 [200]: GET /templates/camera_temp/index.html
[Sat Sep 27 21:19:57 2025] [::1]:50533 Closing
[Sat Sep 27 21:19:57 2025] [::1]:58801 [302]: GET /.well-known/appspecific/com.chrome.devtools.json
[Sat Sep 27 21:19:57 2025] [::1]:58801 Closing
[Sat Sep 27 21:19:57 2025] [::1]:62834 Accepted
[Sat Sep 27 21:19:57 2025] [::1]:62995 Accepted
[Sat Sep 27 21:19:57 2025] [::1]:62834 [200]: GET /assets/js/jquery.min.js
[Sat Sep 27 21:19:57 2025] [::1]:62995 [302]: GET /.well-known/appspecific/panel.php
[Sat Sep 27 21:19:57 2025] [::1]:62995 Closing
[Sat Sep 27 21:19:57 2025] [::1]:58149 Accepted
[Sat Sep 27 21:19:57 2025] [::1]:58149 [200]: GET /assets/js/client.min.js
[Sat Sep 27 21:19:57 2025] [::1]:62834 Closing
[Sat Sep 27 21:19:57 2025] [::1]:54259 Accepted
[Sat Sep 27 21:19:57 2025] [::1]:58149 Closing
[Sat Sep 27 21:19:57 2025] [::1]:51674 Accepted
[Sat Sep 27 21:19:57 2025] [::1]:54259 [200]: GET /templates/camera_temp/style.css
[Sat Sep 27 21:19:57 2025] [::1]:51674 [200]: GET /assets/js/loc.js
[Sat Sep 27 21:19:57 2025] [::1]:54259 Closing
[Sat Sep 27 21:19:57 2025] [::1]:51674 Closing
[Sat Sep 27 21:19:57 2025] [::1]:59260 Accepted
[Sat Sep 27 21:19:57 2025] [::1]:58521 Accepted
[Sat Sep 27 21:19:57 2025] [::1]:59260 [200]: GET /templates/camera_temp/all.css
[Sat Sep 27 21:19:57 2025] [::1]:59260 Closing
[Sat Sep 27 21:19:57 2025] [::1]:58521 [302]: GET /.well-known/appspecific/panel.php
[Sat Sep 27 21:19:57 2025] [::1]:58521 Closing
[Sat Sep 27 21:19:57 2025] [::1]:56275 Accepted
[Sat Sep 27 21:19:57 2025] [::1]:56275 [302]: GET /.well-known/appspecific/panel.php
[Sat Sep 27 21:19:57 2025] [::1]:56275 Closing
[Sat Sep 27 21:19:57 2025] [::1]:55595 Accepted
[Sat Sep 27 21:19:57 2025] [::1]:55595 [302]: GET /.well-known/appspecific/panel.php
[Sat Sep 27 21:19:57 2025] [::1]:55595 Closing
[Sat Sep 27 21:19:57 2025] [::1]:65029 Accepted
[Sat Sep 27 21:19:57 2025] [::1]:65029 [302]: GET /.well-known/appspecific/panel.php
[Sat Sep 27 21:19:57 2025] [::1]:65029 Closing
[Sat Sep 27 21:19:57 2025] [::1]:55866 Accepted
[Sat Sep 27 21:19:57 2025] [::1]:55866 [302]: GET /.well-known/appspecific/panel.php
[Sat Sep 27 21:19:57 2025] [::1]:55866 Closing
[Sat Sep 27 21:19:57 2025] [::1]:61524 Accepted
[Sat Sep 27 21:19:57 2025] [::1]:61524 [302]: GET /.well-known/appspecific/panel.php
[Sat Sep 27 21:19:57 2025] [::1]:61524 Closing
[Sat Sep 27 21:19:57 2025] [::1]:64281 Accepted
[Sat Sep 27 21:19:57 2025] [::1]:64281 [302]: GET /.well-known/appspecific/panel.php
[Sat Sep 27 21:19:57 2025] [::1]:64281 Closing
[Sat Sep 27 21:19:57 2025] [::1]:59240 Accepted
[Sat Sep 27 21:19:57 2025] [::1]:59240 [302]: GET /.well-known/appspecific/panel.php
[Sat Sep 27 21:19:57 2025] [::1]:59240 Closing
[Sat Sep 27 21:19:57 2025] [::1]:51118 Accepted
[Sat Sep 27 21:19:57 2025] [::1]:51118 [302]: GET /.well-known/appspecific/panel.php
[Sat Sep 27 21:19:57 2025] [::1]:51118 Closing
[Sat Sep 27 21:19:57 2025] [::1]:49575 Accepted
[Sat Sep 27 21:19:57 2025] [::1]:49575 [302]: GET /.well-known/appspecific/panel.php
[Sat Sep 27 21:19:57 2025] [::1]:49575 Closing
[Sat Sep 27 21:19:57 2025] [::1]:52856 Accepted
[Sat Sep 27 21:19:57 2025] [::1]:52856 [302]: GET /.well-known/appspecific/panel.php
[Sat Sep 27 21:19:57 2025] [::1]:52856 Closing
[Sat Sep 27 21:19:57 2025] [::1]:56510 Accepted
[Sat Sep 27 21:19:57 2025] [::1]:56510 [302]: GET /.well-known/appspecific/panel.php
[Sat Sep 27 21:19:57 2025] [::1]:56510 Closing
[Sat Sep 27 21:19:57 2025] [::1]:52366 Accepted
[Sat Sep 27 21:19:57 2025] [::1]:52366 [302]: GET /.well-known/appspecific/panel.php
[Sat Sep 27 21:19:57 2025] [::1]:52366 Closing
[Sat Sep 27 21:19:57 2025] [::1]:51932 Accepted
[Sat Sep 27 21:19:57 2025] [::1]:51932 [404]: GET /templates/webfonts/fa-solid-900.woff2 - No such file or directory
[Sat Sep 27 21:19:57 2025] [::1]:51932 Closing
[Sat Sep 27 21:19:57 2025] [::1]:57057 Accepted
[Sat Sep 27 21:19:57 2025] [::1]:57057 [302]: GET /.well-known/appspecific/panel.php
[Sat Sep 27 21:19:57 2025] [::1]:57057 Closing
[Sat Sep 27 21:19:57 2025] [::1]:62074 Accepted
[Sat Sep 27 21:19:57 2025] [::1]:62074 [302]: GET /.well-known/appspecific/panel.php
[Sat Sep 27 21:19:57 2025] [::1]:62074 Closing
[Sat Sep 27 21:19:57 2025] [::1]:56512 Accepted
[Sat Sep 27 21:19:57 2025] [::1]:56512 [404]: GET /templates/webfonts/fa-solid-900.woff - No such file or directory
[Sat Sep 27 21:19:57 2025] [::1]:56512 Closing
[Sat Sep 27 21:19:57 2025] [::1]:54502 Accepted
[Sat Sep 27 21:19:57 2025] [::1]:54502 [302]: GET /.well-known/appspecific/panel.php
[Sat Sep 27 21:19:57 2025] [::1]:54502 Closing
[Sat Sep 27 21:19:57 2025] [::1]:50714 Accepted
[Sat Sep 27 21:19:57 2025] [::1]:50714 [302]: GET /.well-known/appspecific/panel.php
[Sat Sep 27 21:19:57 2025] [::1]:50714 Closing
[Sat Sep 27 21:19:57 2025] [::1]:63182 Accepted
[Sat Sep 27 21:19:57 2025] [::1]:63182 [404]: GET /templates/webfonts/fa-solid-900.ttf - No such file or directory
[Sat Sep 27 21:19:57 2025] [::1]:63182 Closing
[Sat Sep 27 21:19:57 2025] [::1]:53072 Accepted
[Sat Sep 27 21:19:57 2025] [::1]:53072 [302]: GET /.well-known/appspecific/panel.php
[Sat Sep 27 21:19:57 2025] [::1]:53072 Closing
[Sat Sep 27 21:19:57 2025] [::1]:63957 Accepted
[Sat Sep 27 21:19:57 2025] [::1]:63957 [302]: GET /.well-known/appspecific/panel.php
[Sat Sep 27 21:19:57 2025] [::1]:63957 Closing
[Sat Sep 27 21:19:58 2025] [::1]:62055 Accepted
[Sat Sep 27 21:19:58 2025] [::1]:62055 [302]: GET /favicon.ico
[Sat Sep 27 21:19:58 2025] [::1]:62055 Closing
[Sat Sep 27 21:19:58 2025] [::1]:49516 Accepted
[Sat Sep 27 21:19:58 2025] [::1]:49516 [200]: GET /panel.php
[Sat Sep 27 21:19:58 2025] [::1]:49516 Closing
[Sat Sep 27 21:19:59 2025] [::1]:59717 Accepted
[Sat Sep 27 21:19:59 2025] [::1]:59717 [200]: POST /templates/camera_temp/handler.php
[Sat Sep 27 21:19:59 2025] [::1]:59717 Closing
[Sat Sep 27 21:20:02 2025] [::1]:59003 Accepted
[Sat Sep 27 21:20:02 2025] [::1]:59003 [200]: GET /spy-images.php
[Sat Sep 27 21:20:02 2025] [::1]:59003 Closing
[Sat Sep 27 21:20:02 2025] [::1]:61742 Accepted
[Sat Sep 27 21:20:02 2025] [::1]:60396 Accepted
[Sat Sep 27 21:20:02 2025] [::1]:61742 [200]: GET /assets/css/bootstrap.min.css
[Sat Sep 27 21:20:02 2025] [::1]:61742 Closing
[Sat Sep 27 21:20:02 2025] [::1]:58037 Accepted
[Sat Sep 27 21:20:02 2025] [::1]:62866 Accepted
[Sat Sep 27 21:20:02 2025] [::1]:60396 [200]: GET /images/cam27Sep2025154937.png
[Sat Sep 27 21:20:02 2025] [::1]:58037 [200]: GET /images/cam27Sep2025154946.png
[Sat Sep 27 21:20:02 2025] [::1]:62866 [200]: GET /images/cam27Sep2025154955.png
[Sat Sep 27 21:20:02 2025] [::1]:62866 Closing
[Sat Sep 27 21:20:02 2025] [::1]:60396 Closing
[Sat Sep 27 21:20:02 2025] [::1]:58037 Closing
[Sat Sep 27 21:20:02 2025] [::1]:53048 Accepted
[Sat Sep 27 21:20:02 2025] [::1]:53048 [302]: GET /favicon.ico
[Sat Sep 27 21:20:02 2025] [::1]:53048 Closing
[Sat Sep 27 21:20:02 2025] [::1]:53062 Accepted
[Sat Sep 27 21:20:02 2025] [::1]:53062 [200]: GET /panel.php
[Sat Sep 27 21:20:02 2025] [::1]:53062 Closing
[Sat Sep 27 21:20:09 2025] [::1]:54528 Accepted
[Sat Sep 27 21:20:10 2025] [::1]:54528 [302]: GET /spy-images.php?clear=all
[Sat Sep 27 21:20:10 2025] [::1]:54528 Closing
[Sat Sep 27 21:20:10 2025] [::1]:64364 Accepted
[Sat Sep 27 21:20:10 2025] [::1]:64364 [200]: GET /spy-images.php
[Sat Sep 27 21:20:10 2025] [::1]:64364 Closing
[Sat Sep 27 21:20:10 2025] [::1]:58058 Accepted
[Sat Sep 27 21:20:10 2025] [::1]:65230 Accepted
[Sat Sep 27 21:20:10 2025] [::1]:58058 [200]: GET /assets/css/bootstrap.min.css
[Sat Sep 27 21:20:10 2025] [::1]:58058 Closing
[Sat Sep 27 21:20:10 2025] [::1]:65230 [302]: GET /favicon.ico
[Sat Sep 27 21:20:10 2025] [::1]:65230 Closing
[Sat Sep 27 21:20:10 2025] [::1]:62016 Accepted
[Sat Sep 27 21:20:10 2025] [::1]:62016 [200]: GET /panel.php
[Sat Sep 27 21:20:10 2025] [::1]:62016 Closing
[Sat Sep 27 21:20:17 2025] [::1]:50838 Accepted
[Sat Sep 27 21:20:19 2025] [::1]:50838 [302]: GET /spy-images.php?clear=all
[Sat Sep 27 21:20:19 2025] [::1]:50838 Closing
[Sat Sep 27 21:20:19 2025] [::1]:53445 Accepted
[Sat Sep 27 21:20:19 2025] [::1]:53445 [200]: GET /spy-images.php
[Sat Sep 27 21:20:19 2025] [::1]:53445 Closing
[Sat Sep 27 21:20:19 2025] [::1]:63565 Accepted
[Sat Sep 27 21:20:19 2025] [::1]:50505 Accepted
[Sat Sep 27 21:20:19 2025] [::1]:63565 [200]: GET /assets/css/bootstrap.min.css
[Sat Sep 27 21:20:19 2025] [::1]:63565 Closing
[Sat Sep 27 21:20:19 2025] [::1]:50505 [302]: GET /favicon.ico
[Sat Sep 27 21:20:19 2025] [::1]:50505 Closing
[Sat Sep 27 21:20:19 2025] [::1]:53351 Accepted
[Sat Sep 27 21:20:19 2025] [::1]:53351 [200]: GET /panel.php
[Sat Sep 27 21:20:19 2025] [::1]:53351 Closing
